user_id,platform_tiktok,platform_instagram,platform_youtube,platform_x_twitter,platform_facebook,platform_reddit,platform_diversity_score,content_format_preference,topic_climate,topic_migration,topic_economy,topic_crime,topic_equality,topic_conflict,topic_education,topic_healthcare,topic_diversity_score,repetition_interpretation,news_media_exposure,missed_news_frequency,perceived_feed_difference,agree_like_comment,agree_read_watch_full,agree_save_share,agree_scroll_past,agreeing_content_engagement,oppose_scroll_past,oppose_read_watch_full,oppose_open_comments,oppose_comment,oppose_rarely_encounter,opposing_content_engagement,video_gets_similar,video_continue_watching,video_search_more,video_scroll_past,rabbit_hole_tendency,feed_alignment_reaction,in_moment_algorithm_awareness,algorithm_mechanism_understanding,echo_chamber_reflection,algorithm_resistance_behavior,echo_chamber_score,algorithmic_influence_score,polarization_risk_score,content_diversity_score
1,0,0,3,0,1,2,61.7,3,1,0,0,0,1,0,0,0,66.7,4,4,4,4,0,1,0,0,22,0,1,1,0,0,70,1,0,1,0,2,5,3,5,2,4,8.0,3.8,18.1,76.8
2,3,2,1,0,0,0,40.0,3,0,0,1,0,1,0,0,0,66.7,4,2,1,3,0,1,0,1,0,0,0,1,0,1,0,0,0,0,1,0,1,2,2,4,1,42.7,8.5,50.9,28.6
3,2,1,0,3,0,0,60.0,1,1,1,0,0,1,0,0,0,100.0,2,2,3,3,1,0,1,0,64,0,0,1,0,0,28,0,1,0,0,46,5,3,1,4,2,59.0,45.5,61.6,53.5
4,3,0,2,0,0,1,65.0,3,0,1,0,0,0,0,0,0,33.3,4,3,3,4,0,1,1,0,56,0,1,0,0,0,42,0,0,0,1,0,1,4,5,5,3,32.1,11.9,42.9,51.0
5,0,3,0,0,1,2,61.7,4,0,0,0,0,1,0,1,1,100.0,4,4,3,1,1,0,0,0,30,1,1,0,0,0,14,0,1,1,0,18,2,3,1,5,2,31.4,19.6,34.6,64.8
6,2,0,1,3,0,0,63.3,3,0,1,0,0,0,0,0,0,33.3,5,1,4,4,1,1,0,0,52,1,0,0,1,0,0,0,1,0,0,46,3,2,4,2,2,74.6,43.4,91.4,15.8
7,3,2,0,0,0,1,63.3,3,0,0,1,0,1,0,0,0,66.7,2,2,3,1,0,1,0,0,22,1,0,0,0,0,0,0,1,0,1,18,2,4,5,2,2,60.2,17.1,57.5,28.9
8,0,1,3,0,2,0,48.3,3,0,1,0,1,0,1,0,0,100.0,5,4,3,3,1,1,0,0,52,0,0,1,0,0,28,1,0,0,0,30,1,3,5,1,2,44.5,32.5,52.8,50.3
9,3,0,1,0,2,0,55.0,3,0,0,0,1,0,0,1,0,66.7,5,4,4,3,0,0,0,1,0,1,1,0,0,0,14,0,0,1,0,0,1,3,5,5,2,19.8,0.0,45.3,54.6
10,3,0,0,0,1,2,71.7,3,0,0,0,0,1,1,1,0,100.0,2,1,3,2,0,1,0,0,22,1,0,1,0,0,0,0,0,1,0,0,2,2,5,2,1,58.9,23.1,69.2,33.6
11,3,2,1,0,0,0,40.0,3,1,0,0,0,1,0,1,0,100.0,4,4,2,2,0,0,0,1,0,0,1,0,0,0,42,1,0,1,0,2,1,4,5,5,2,12.9,0.0,16.0,66.2
12,2,1,0,0,0,3,63.3,3,0,0,1,0,0,1,0,1,100.0,5,3,3,2,1,0,1,0,64,0,0,1,0,0,28,1,1,0,0,76,3,3,2,2,3,63.0,50.7,62.0,47.3
13,3,1,0,0,2,0,43.3,3,0,1,0,1,0,0,0,0,66.7,4,1,2,2,1,0,1,0,64,0,1,0,0,0,42,1,0,0,0,30,3,3,5,4,1,56.2,40.7,48.9,39.9
14,1,3,2,0,0,0,40.0,3,1,0,0,0,0,0,0,0,33.3,5,3,1,4,1,0,0,0,30,0,0,1,0,0,28,1,0,1,0,2,3,2,5,2,3,39.6,11.5,48.1,38.1
15,3,2,0,0,1,0,43.3,3,0,1,0,0,0,1,0,0,66.7,2,2,3,2,0,1,0,0,22,0,1,0,0,0,42,0,0,1,0,0,3,1,5,2,2,43.8,23.0,47.1,43.8
16,3,1,0,0,0,2,63.3,4,0,0,0,0,1,0,1,0,66.7,4,4,3,4,0,1,0,0,22,0,1,0,0,0,42,0,0,0,1,0,1,3,1,5,3,14.1,11.9,27.5,72.1
17,1,0,2,0,3,0,55.0,5,0,0,1,0,0,1,1,0,100.0,4,4,2,3,0,1,0,0,22,1,0,0,0,1,0,1,0,0,0,30,3,1,5,2,1,60.8,39.5,67.3,47.7
18,3,1,0,0,2,0,43.3,3,1,1,0,0,0,1,0,0,100.0,4,4,3,4,0,1,0,0,22,0,0,1,0,0,28,0,1,1,0,18,5,2,4,5,2,33.1,18.5,46.6,72.4
19,0,3,1,0,2,0,48.3,5,0,0,0,0,0,1,0,0,33.3,5,4,3,2,0,1,0,1,0,0,1,0,0,1,0,0,0,1,0,0,3,4,4,1,4,29.6,0.0,46.3,41.2
20,3,2,1,0,0,0,40.0,3,0,0,1,0,0,0,0,1,66.7,1,2,1,2,0,1,0,0,22,1,0,0,0,0,0,1,1,0,0,76,5,3,4,2,1,89.2,60.6,80.0,24.2
21,1,2,3,0,0,0,40.0,3,0,0,1,0,0,1,0,0,66.7,2,2,3,4,0,1,0,0,22,0,0,0,0,1,0,1,1,0,0,76,1,3,5,2,1,87.2,55.2,93.4,16.5
22,1,0,0,0,2,3,71.7,2,0,0,0,1,0,0,1,0,66.7,2,2,1,1,0,1,0,0,22,1,0,0,0,0,0,0,0,1,0,0,2,1,5,2,2,60.0,20.9,58.1,29.6
23,1,2,3,0,0,0,40.0,3,0,0,0,0,1,0,0,1,66.7,4,4,3,1,0,1,1,0,56,0,0,1,0,0,28,0,1,1,0,18,5,3,5,2,1,54.0,27.6,51.3,50.0
24,1,2,3,0,0,0,40.0,3,0,0,0,0,0,1,1,1,100.0,4,3,3,3,0,1,0,1,0,1,0,0,0,0,0,0,0,1,1,0,5,2,4,2,1,47.8,20.5,65.2,45.6
25,0,0,3,2,1,0,55.0,3,0,1,1,0,1,0,0,0,100.0,1,2,3,4,1,0,1,0,64,1,0,0,0,0,0,1,0,0,0,30,2,3,2,2,2,70.1,42.3,76.7,35.0
26,2,0,3,0,1,0,55.0,3,0,1,1,1,0,0,0,0,100.0,1,3,2,4,0,1,0,0,22,1,0,0,0,0,0,1,0,1,0,2,2,3,1,2,1,58.1,23.6,66.5,39.0
27,3,0,2,0,0,1,65.0,5,0,0,0,0,0,1,0,0,33.3,2,2,1,4,0,1,0,0,22,0,0,1,0,0,28,0,0,1,1,0,5,3,4,4,1,47.1,21.4,49.3,40.7
28,1,3,2,0,0,0,40.0,5,1,0,0,0,0,0,0,0,33.3,4,4,2,1,1,1,0,0,52,0,1,1,0,0,70,1,0,0,0,30,5,4,2,5,2,28.3,33.4,17.8,65.1
29,0,3,2,0,1,0,48.3,4,0,0,0,0,1,0,0,0,33.3,5,2,1,4,1,0,0,0,30,0,1,0,0,0,42,0,0,1,0,0,3,4,4,5,2,18.6,8.1,34.3,46.6
30,0,3,2,0,1,0,48.3,5,1,1,0,0,0,0,0,0,66.7,5,2,3,4,0,1,0,0,22,0,1,0,0,0,42,1,0,0,0,30,5,2,2,5,3,28.2,28.0,39.4,57.1
31,2,3,1,0,0,0,40.0,3,1,0,0,1,1,0,0,0,100.0,2,3,2,4,1,1,0,0,52,0,0,1,0,0,28,1,1,0,0,76,3,3,4,4,3,64.8,62.3,59.5,56.2
32,3,1,2,0,0,0,40.0,3,0,0,0,1,0,0,0,0,33.3,5,2,2,2,0,1,1,0,56,0,0,1,0,1,0,1,1,0,0,76,3,1,4,5,1,85.9,67.5,80.6,22.9
33,1,3,0,0,0,2,63.3,2,1,1,0,0,0,0,0,1,100.0,2,2,3,3,0,1,0,1,0,0,0,1,0,1,0,0,1,1,0,18,5,1,4,5,1,51.1,27.2,63.3,50.7
34,2,0,1,0,0,3,65.0,3,1,0,0,0,0,1,0,0,66.7,4,3,1,4,0,0,1,1,10,0,1,0,0,0,42,1,0,0,0,30,1,2,4,4,2,37.8,25.0,41.7,55.3
35,3,0,2,0,1,0,55.0,1,0,0,0,0,0,0,0,1,33.3,1,4,3,4,1,1,0,0,52,0,1,0,0,0,42,0,1,1,0,18,3,3,4,2,3,48.1,24.9,53.9,46.3
36,0,1,0,0,2,3,61.7,1,1,0,0,0,0,1,0,1,100.0,2,1,1,3,0,1,0,1,0,0,0,1,0,0,28,1,0,0,0,30,3,1,1,2,2,55.3,29.7,52.4,42.7
37,2,0,3,0,0,1,65.0,2,1,0,0,0,0,0,0,0,33.3,5,4,1,4,0,1,0,0,22,0,0,1,0,0,28,0,1,1,0,18,2,3,2,5,2,29.5,12.5,38.3,54.8
38,1,2,3,0,0,0,40.0,3,0,0,1,0,0,1,0,0,66.7,5,3,2,4,0,1,0,0,22,0,0,1,1,0,48,1,0,0,0,30,5,4,4,2,2,32.2,17.0,36.4,53.2
39,1,3,0,0,2,0,43.3,3,1,1,0,0,0,1,0,0,100.0,2,2,3,4,1,0,0,1,6,1,0,0,0,0,0,1,0,0,0,30,5,2,2,2,4,50.3,21.8,60.1,42.9
40,3,0,1,2,0,0,63.3,4,1,0,0,0,0,0,0,1,66.7,2,3,3,2,1,1,0,0,52,0,0,0,1,0,20,1,0,0,1,2,1,4,4,1,1,58.1,20.2,58.9,31.1
41,0,0,2,0,1,3,61.7,2,1,0,0,0,0,0,0,0,33.3,4,4,2,1,0,1,1,0,56,1,0,1,0,0,0,1,0,1,0,2,1,4,5,4,4,31.9,4.9,33.8,46.8
42,3,0,2,0,1,0,55.0,3,0,0,1,1,0,0,0,1,100.0,2,1,2,4,0,1,0,1,0,1,0,1,0,0,0,1,1,0,0,76,3,1,5,2,1,86.0,57.7,88.6,25.0
43,3,2,0,0,0,1,63.3,2,0,0,0,1,0,0,0,0,33.3,4,4,3,2,0,1,0,0,22,1,0,0,0,0,0,1,1,0,0,76,5,1,4,4,1,80.2,60.4,76.6,43.1
44,1,0,3,0,2,0,55.0,3,0,0,1,0,0,0,0,0,33.3,1,2,3,1,0,1,0,0,22,1,0,1,0,0,0,1,0,0,0,30,3,2,2,4,1,66.9,38.3,68.3,30.7
45,1,0,3,2,0,0,63.3,2,0,0,1,0,0,1,0,1,100.0,5,4,1,4,0,1,1,0,56,1,0,0,0,0,0,0,0,1,0,0,2,4,4,5,1,35.2,11.3,43.9,62.0
46,0,1,0,2,3,0,53.3,1,0,0,0,1,0,1,0,1,100.0,2,4,4,4,1,0,1,0,64,1,0,0,0,1,0,1,0,1,0,2,2,3,2,2,1,58.0,27.2,74.1,50.4
47,0,1,0,0,2,3,61.7,3,0,0,1,1,0,0,0,0,66.7,2,4,3,3,0,1,0,1,0,1,1,0,0,0,14,0,1,0,0,46,3,2,4,1,1,66.9,39.3,72.2,39.4
48,2,3,0,0,0,1,63.3,1,0,1,0,0,1,0,0,0,66.7,4,1,4,2,1,0,1,0,64,1,0,0,0,0,0,1,1,0,0,76,3,2,2,1,2,87.8,64.0,88.6,18.9
49,1,2,3,0,0,0,40.0,4,0,0,0,0,0,0,1,0,33.3,5,2,3,4,1,0,1,0,64,0,0,1,0,0,28,1,1,0,0,76,5,2,2,4,1,73.1,69.0,79.6,36.2
50,3,0,0,1,2,0,63.3,1,0,0,0,0,0,1,0,0,33.3,5,3,1,4,0,1,1,0,56,0,1,0,1,0,62,0,0,1,0,0,1,2,4,5,2,20.3,16.2,31.6,55.7
51,0,0,3,1,0,2,61.7,5,0,0,1,0,0,1,0,0,66.7,5,4,1,3,0,1,0,1,0,0,1,0,0,0,42,0,1,1,0,18,5,3,4,4,1,25.7,14.9,29.7,66.7
52,3,2,0,0,0,1,63.3,3,0,1,1,1,0,0,0,0,100.0,4,2,3,4,1,0,0,0,30,1,0,0,1,0,0,1,0,0,0,30,2,2,4,2,2,57.8,27.5,67.9,37.2
53,0,2,1,0,3,0,48.3,3,1,1,0,1,0,0,0,0,100.0,4,2,4,3,0,1,0,1,0,1,0,0,0,0,0,0,0,0,1,0,5,2,4,1,2,41.2,5.1,62.5,36.2
54,1,0,3,0,2,0,55.0,1,0,0,0,0,0,1,0,0,33.3,5,4,3,4,0,1,0,0,22,1,1,0,0,0,14,1,1,0,0,76,1,3,5,5,2,55.9,41.0,64.8,40.0
55,0,1,0,0,2,3,61.7,5,0,1,0,0,0,0,0,0,33.3,4,4,1,3,0,1,0,0,22,1,1,0,0,0,14,0,0,1,1,0,5,4,1,4,1,31.7,3.6,42.0,48.8
56,1,0,3,0,2,0,55.0,4,0,1,0,0,0,0,0,0,33.3,2,2,1,1,0,1,0,1,0,0,1,0,0,0,42,0,0,1,0,0,5,4,5,4,2,34.8,5.0,28.7,48.1
57,0,3,2,1,0,0,63.3,5,0,1,0,0,0,0,0,0,33.3,4,4,3,4,0,1,0,0,22,0,1,1,0,0,70,0,1,1,0,18,5,3,2,1,3,24.7,11.7,27.8,58.5
58,0,3,0,1,0,2,70.0,5,0,0,0,1,0,1,0,0,66.7,4,1,1,3,0,1,0,0,22,0,1,0,0,0,42,0,0,1,0,0,1,4,4,5,1,32.5,7.4,36.2,43.4
59,2,3,1,0,0,0,40.0,3,0,0,1,0,1,0,0,1,100.0,5,4,3,3,1,1,0,0,52,0,0,0,0,1,0,1,1,0,0,76,3,3,5,4,3,59.6,48.8,60.9,50.9
60,3,1,0,0,2,0,43.3,3,1,0,0,1,0,0,0,1,100.0,4,3,4,3,0,1,0,1,0,1,0,0,0,0,0,1,1,0,0,76,2,2,1,2,3,63.4,40.0,72.6,40.4
61,3,0,2,0,0,1,65.0,2,0,0,1,1,0,0,1,0,100.0,1,1,3,2,0,1,0,0,22,1,0,1,0,0,0,1,0,0,0,30,5,3,1,1,1,75.1,31.9,67.8,26.9
62,3,2,1,0,0,0,40.0,3,0,0,0,0,1,0,0,0,33.3,5,2,4,4,0,1,1,0,56,0,0,1,0,1,0,1,1,0,0,76,3,3,5,5,4,57.7,41.4,71.7,31.9
63,2,3,0,0,0,1,63.3,1,0,1,1,0,0,1,0,0,100.0,4,3,2,3,1,0,0,0,30,1,0,0,0,0,0,1,0,0,0,30,1,4,5,2,3,45.1,16.2,54.8,47.2
64,0,3,0,1,2,0,53.3,1,0,0,0,0,0,0,0,1,33.3,2,2,2,3,0,1,0,0,22,1,1,0,0,0,14,1,1,0,0,76,1,4,1,2,1,81.8,46.9,76.4,15.4
65,1,3,0,2,0,0,60.0,3,0,1,0,0,0,1,0,0,66.7,4,4,3,3,0,1,1,0,56,1,0,1,0,0,0,1,0,0,0,30,2,2,2,5,4,44.6,28.6,54.9,57.4
66,1,3,0,0,2,0,43.3,1,0,0,0,1,0,0,1,0,66.7,1,3,4,2,0,1,0,0,22,1,0,0,0,0,0,1,0,0,0,30,5,1,5,1,4,64.2,25.2,66.1,38.5
67,2,3,0,0,1,0,43.3,5,0,0,0,1,0,0,0,0,33.3,2,3,3,2,0,1,0,1,0,0,0,1,1,0,48,1,0,1,0,2,2,2,5,2,2,34.9,16.0,42.8,43.1
68,0,1,2,0,3,0,48.3,3,0,1,0,1,0,1,0,0,100.0,4,3,3,4,0,1,0,0,22,0,0,1,0,0,28,1,0,0,0,30,5,2,5,4,1,43.7,31.8,55.2,60.8
69,1,3,0,0,2,0,43.3,3,0,0,0,0,1,1,1,0,100.0,5,2,3,4,0,1,1,0,56,0,1,0,0,0,42,0,0,1,0,0,5,3,2,4,3,21.2,9.5,29.9,66.5
70,2,0,1,3,0,0,63.3,1,0,0,0,1,1,0,0,0,66.7,4,3,3,4,0,1,1,0,56,1,0,0,0,0,0,1,0,0,0,30,2,2,2,1,2,67.0,39.8,73.7,32.6
71,0,3,0,1,0,2,70.0,2,0,0,0,1,0,0,0,1,66.7,5,1,1,3,0,1,0,0,22,0,1,0,0,0,42,0,0,0,1,0,5,3,4,4,4,18.9,0.0,20.9,56.9
72,3,0,1,0,2,0,55.0,2,0,0,0,0,1,0,0,0,33.3,1,4,2,2,0,1,0,1,0,1,0,0,0,1,0,0,1,0,0,46,3,2,1,2,1,75.3,42.1,69.9,30.6
73,0,2,3,1,0,0,63.3,4,1,0,0,1,0,0,0,1,100.0,5,1,2,1,1,1,0,0,52,1,0,1,0,0,0,1,1,0,0,76,2,3,1,2,1,78.8,59.2,77.1,22.7
74,3,2,0,0,0,1,63.3,2,1,0,0,0,0,0,0,0,33.3,5,3,1,4,0,1,0,0,22,0,1,0,0,0,42,1,1,0,0,76,5,4,5,5,3,40.8,28.6,36.9,52.2
75,1,3,2,0,0,0,40.0,2,1,1,0,1,0,0,0,0,100.0,4,2,3,2,0,1,0,0,22,1,0,0,0,0,0,1,0,0,0,30,5,3,1,1,2,59.2,21.6,67.1,27.7
76,2,0,3,1,0,0,63.3,1,0,1,0,0,0,0,0,0,33.3,2,2,3,4,0,1,0,0,22,1,0,0,1,0,0,1,0,0,0,30,3,3,4,2,2,65.8,26.0,77.4,20.2
77,2,3,1,0,0,0,40.0,5,0,1,0,0,0,0,0,0,33.3,4,2,3,1,1,1,0,0,52,1,0,1,0,0,0,1,0,0,0,30,1,1,5,2,3,73.9,39.7,71.8,18.3
78,3,1,2,0,0,0,40.0,3,0,1,0,1,1,0,0,0,100.0,4,4,2,4,1,1,0,0,52,1,0,0,1,0,0,1,0,0,0,30,2,1,5,4,2,57.2,40.2,65.8,54.1
79,3,1,2,0,0,0,40.0,4,1,1,0,0,0,0,0,0,66.7,1,2,4,4,0,1,0,0,22,1,0,0,0,0,0,1,0,0,1,2,5,3,5,5,4,37.3,14.5,51.8,52.0
80,3,1,0,2,0,0,60.0,1,1,1,0,0,1,0,0,0,100.0,5,2,3,3,0,1,0,0,22,1,0,0,0,0,0,1,0,0,0,30,1,1,2,4,2,50.6,24.6,65.2,43.2
81,1,3,2,0,0,0,40.0,3,0,0,1,0,0,0,0,0,33.3,2,4,3,3,1,1,0,0,52,0,1,0,0,0,42,0,1,0,0,46,2,1,5,1,1,75.2,63.2,72.8,30.6
82,2,3,0,1,0,0,60.0,2,0,0,0,1,0,0,0,0,33.3,4,2,3,3,1,0,0,0,30,0,0,1,1,0,48,1,0,0,1,2,3,3,5,4,3,25.9,10.6,36.9,43.1
83,2,0,1,0,0,3,65.0,4,0,0,0,1,0,1,1,0,100.0,4,4,3,3,0,1,0,0,22,1,0,1,0,0,0,0,0,0,1,0,1,3,4,5,4,17.6,3.1,31.1,73.1
84,0,1,0,0,3,2,61.7,1,1,1,1,0,0,0,0,0,100.0,2,4,4,4,0,1,0,0,22,1,0,0,1,0,0,1,1,0,0,76,3,3,5,1,3,78.7,46.8,81.0,42.7
85,2,1,0,3,0,0,60.0,1,0,0,0,0,0,0,1,0,33.3,2,4,4,3,1,1,0,0,52,1,0,0,0,0,0,1,0,0,1,2,5,1,5,2,1,72.6,37.0,84.5,38.5
86,3,1,0,0,2,0,43.3,1,1,1,0,1,0,0,0,0,100.0,4,2,2,1,0,1,1,0,56,0,0,1,0,0,28,1,0,0,0,30,2,4,5,5,1,44.4,29.9,42.4,48.2
87,2,3,0,0,1,0,43.3,3,0,0,1,0,0,0,0,0,33.3,1,2,2,4,1,0,0,1,6,1,1,0,0,0,14,0,1,0,0,46,5,2,2,4,1,70.9,50.7,76.7,27.2
88,2,1,0,3,0,0,60.0,3,1,0,0,1,1,0,0,0,100.0,5,2,3,4,1,0,0,0,30,1,0,1,0,0,0,1,1,0,0,76,3,2,2,1,3,69.3,44.0,79.7,36.3
89,1,2,3,0,0,0,40.0,3,0,0,0,1,0,1,0,0,66.7,1,2,1,2,0,1,0,0,22,0,0,0,1,1,0,1,0,0,0,30,3,2,2,1,1,76.3,36.3,70.8,21.8
90,2,0,0,0,3,1,71.7,3,0,1,0,1,0,0,0,1,100.0,2,4,3,2,0,1,0,0,22,1,0,1,0,0,0,0,1,0,0,46,3,3,4,2,3,60.9,34.4,59.2,56.5
91,0,2,1,0,0,3,65.0,5,0,1,0,0,0,0,0,1,66.7,4,2,3,2,0,0,1,0,34,0,1,0,0,0,42,0,0,1,1,0,5,1,5,5,4,19.4,15.9,24.6,66.8
92,2,0,1,0,3,0,55.0,1,0,0,1,0,0,0,0,1,66.7,1,2,2,2,0,0,1,1,10,0,1,0,0,0,42,1,0,0,0,30,5,4,1,4,1,44.7,25.0,41.9,51.8
93,2,0,1,3,0,0,63.3,3,0,1,0,0,0,0,0,0,33.3,1,3,3,3,1,0,0,1,6,1,0,0,0,0,0,1,0,1,0,2,5,2,1,1,1,64.3,25.3,75.9,25.4
94,3,2,0,1,0,0,60.0,3,0,0,1,0,0,0,0,0,33.3,4,4,2,4,1,1,0,0,52,1,0,0,0,1,0,1,1,0,0,76,2,3,1,2,2,75.5,54.9,77.6,31.8
95,3,0,0,2,1,0,63.3,3,0,0,0,1,0,1,0,1,100.0,4,4,4,2,1,1,0,0,52,0,0,1,0,0,28,1,1,0,0,76,3,3,5,2,1,78.4,61.8,68.6,51.3
96,0,0,1,0,3,2,61.7,3,0,0,0,1,0,1,0,0,66.7,2,3,4,3,0,0,1,1,10,1,1,0,0,0,14,0,0,0,1,0,2,2,4,1,1,52.5,18.5,66.2,33.7
97,2,3,1,0,0,0,40.0,4,0,0,0,1,0,0,0,1,66.7,5,3,1,4,0,1,0,0,22,0,1,1,0,0,70,0,0,0,1,0,3,4,2,4,4,2.1,0.0,3.3,74.1
98,1,2,0,0,0,3,63.3,3,0,1,0,0,0,0,0,1,66.7,2,2,1,3,0,0,1,0,34,0,0,0,0,1,0,0,0,1,1,0,1,3,5,4,2,50.5,18.6,60.5,36.6
99,3,2,0,0,1,0,43.3,4,1,0,1,0,0,0,0,0,66.7,5,3,3,2,1,0,1,0,64,1,0,0,0,0,0,1,0,0,0,30,5,1,2,2,1,73.8,43.4,80.1,33.4
100,3,1,0,2,0,0,60.0,2,0,0,0,1,0,0,0,0,33.3,2,2,3,2,1,0,0,0,30,1,0,0,0,0,0,1,1,0,0,76,3,2,4,4,1,83.5,66.0,82.7,25.9
101,0,0,1,0,3,2,61.7,1,0,0,0,1,1,0,0,0,66.7,5,2,4,4,0,1,0,0,22,0,0,0,0,1,0,1,1,0,0,76,1,4,1,2,2,64.8,33.6,76.8,22.1
102,1,2,3,0,0,0,40.0,4,1,1,0,0,0,1,0,0,100.0,4,3,3,4,1,0,0,0,30,1,0,1,0,0,0,1,0,1,0,2,3,2,5,2,1,60.8,24.2,71.1,40.5
103,2,0,1,3,0,0,63.3,3,0,0,1,1,0,0,1,0,100.0,2,3,4,4,0,0,1,0,34,0,0,1,0,0,28,0,1,1,0,18,5,2,4,2,2,53.0,33.9,61.9,59.0
104,0,2,3,1,0,0,63.3,4,1,1,0,0,0,0,1,0,100.0,5,4,3,3,1,1,0,0,52,0,1,0,0,0,42,1,0,0,0,30,3,2,4,4,3,35.5,30.8,34.7,73.6
105,3,0,0,2,1,0,63.3,3,1,0,0,1,0,0,0,0,66.7,2,1,2,3,0,1,0,1,0,0,1,0,0,0,42,1,0,0,0,30,3,2,1,1,2,52.1,23.4,53.1,34.4
106,0,0,3,1,2,0,55.0,5,0,0,0,0,0,1,0,0,33.3,2,4,1,4,0,1,0,0,22,0,0,1,0,0,28,1,0,0,1,2,5,3,2,2,2,43.9,16.3,44.7,49.3
107,3,0,2,0,0,1,65.0,3,1,0,0,0,0,0,0,0,33.3,2,1,3,4,0,1,0,0,22,0,0,0,1,1,0,0,1,0,1,18,5,4,2,2,3,53.4,15.3,64.9,23.9
108,2,1,3,0,0,0,40.0,2,1,0,1,0,1,0,0,0,100.0,4,3,3,4,1,0,0,0,30,1,0,1,0,0,0,1,1,0,0,76,3,4,5,1,1,78.0,44.6,74.8,31.9
109,0,0,1,0,2,3,61.7,4,0,1,0,0,0,0,0,1,66.7,5,2,1,4,0,0,1,1,10,0,1,0,0,0,42,0,0,1,0,0,1,4,1,2,3,22.7,0.0,29.0,40.6
110,2,0,3,0,1,0,55.0,3,0,0,0,0,1,0,0,0,33.3,5,1,3,4,0,1,0,1,0,1,0,0,0,0,0,0,0,0,1,0,5,1,5,2,3,40.0,1.4,67.1,23.0
111,1,2,3,0,0,0,40.0,3,0,0,0,1,0,0,1,1,100.0,2,4,3,3,0,1,0,1,0,0,0,0,0,1,0,0,0,0,1,0,3,2,1,1,2,49.4,10.7,59.5,45.2
112,0,3,0,0,2,1,61.7,2,0,1,0,0,0,0,0,0,33.3,2,2,3,4,0,0,1,0,34,1,0,0,0,1,0,0,1,1,0,18,3,2,2,2,4,56.5,23.1,69.1,30.2
113,1,0,2,3,0,0,63.3,3,1,0,0,0,0,0,0,1,66.7,2,1,4,2,1,0,1,0,64,1,0,0,0,0,0,0,1,1,0,18,3,2,4,2,1,75.0,44.7,82.6,24.5
114,3,1,2,0,0,0,40.0,2,1,1,0,1,0,0,0,0,100.0,2,1,3,1,0,1,0,1,0,1,0,0,0,0,0,1,0,0,0,30,3,2,4,4,2,54.6,27.6,64.5,31.0
115,2,3,1,0,0,0,40.0,3,0,0,1,1,1,0,0,0,100.0,4,1,4,2,0,1,0,0,22,0,0,1,0,0,28,1,0,0,0,30,3,1,1,1,1,59.8,37.4,69.6,31.6
116,0,1,3,0,0,2,65.0,4,0,0,0,1,1,0,0,0,66.7,1,4,4,4,0,1,0,0,22,1,1,0,0,0,14,0,0,1,0,0,3,3,4,4,1,45.1,26.6,60.9,55.7
117,2,0,3,1,0,0,63.3,4,1,0,0,0,1,0,0,0,66.7,4,4,3,2,0,0,0,1,0,0,1,1,0,0,70,0,0,1,0,0,1,1,4,1,1,29.0,18.0,33.2,59.0
118,1,3,0,0,2,0,43.3,1,0,0,0,0,0,0,0,1,33.3,1,4,1,4,0,1,0,0,22,0,0,0,0,1,0,1,0,1,0,2,2,4,4,4,4,37.4,1.3,42.3,46.9
119,1,0,3,2,0,0,63.3,3,1,0,0,0,0,1,0,0,66.7,4,1,2,4,1,0,1,0,64,1,0,1,0,0,0,1,0,1,0,2,3,3,5,1,1,66.4,27.3,79.1,19.4
120,0,0,2,3,1,0,55.0,4,1,0,0,0,0,0,0,0,33.3,4,3,1,4,0,1,0,1,0,1,1,0,0,0,14,1,0,0,0,30,3,4,1,4,3,35.9,7.8,45.5,39.4
121,1,3,2,0,0,0,40.0,3,0,1,0,0,1,0,0,1,100.0,2,4,2,3,1,0,0,1,6,1,0,0,0,1,0,0,0,1,1,0,5,2,2,2,1,54.9,18.6,59.4,49.6
122,0,1,2,0,3,0,48.3,1,1,0,1,0,0,0,0,1,100.0,4,4,3,4,0,1,0,1,0,0,1,0,0,0,42,0,0,0,1,0,1,3,1,5,4,7.9,0.0,19.5,78.1
123,1,3,0,0,2,0,43.3,3,0,0,1,0,0,0,0,0,33.3,1,1,3,2,0,1,0,1,0,0,1,0,0,0,42,1,1,0,0,76,2,1,4,5,1,72.2,62.2,67.7,29.1
124,0,2,0,0,3,1,61.7,3,0,0,0,0,0,0,0,1,33.3,5,4,3,4,0,1,1,0,56,1,0,0,0,0,0,0,0,1,0,0,5,3,4,4,2,41.6,13.0,60.8,47.1
125,3,1,0,0,2,0,43.3,3,0,0,1,1,0,0,0,0,66.7,4,2,2,3,0,1,0,0,22,1,0,0,0,1,0,0,1,0,0,46,3,1,2,2,1,76.0,45.0,81.6,19.8
126,3,0,2,0,1,0,55.0,3,0,1,0,1,0,0,0,1,100.0,2,4,1,4,0,1,0,0,22,1,0,0,1,0,0,1,0,1,0,2,3,3,2,4,3,38.1,7.7,39.9,62.9
127,2,3,1,0,0,0,40.0,3,0,0,0,0,1,0,0,0,33.3,4,2,4,3,0,0,0,1,0,1,0,1,0,0,0,1,0,0,0,30,3,3,4,2,1,59.9,19.7,83.8,14.9
128,0,2,0,3,1,0,53.3,3,0,1,0,0,0,0,0,0,33.3,4,2,1,3,1,1,0,0,52,0,0,1,0,0,28,0,1,1,0,18,3,3,4,5,2,43.3,24.0,43.0,39.9
129,2,1,0,0,0,3,63.3,2,0,0,1,1,0,0,0,1,100.0,4,4,3,1,0,1,0,0,22,0,1,0,0,0,42,0,0,1,0,0,5,4,1,4,2,18.0,2.2,19.5,75.3
130,0,1,2,0,0,3,65.0,5,1,0,0,0,1,0,0,0,66.7,1,4,1,4,0,1,0,1,0,0,1,0,0,0,42,0,0,1,0,0,5,3,4,2,3,29.7,10.8,27.5,62.9
131,0,1,3,0,0,2,65.0,2,0,0,0,0,0,1,1,0,66.7,5,3,2,3,1,0,1,0,64,0,1,0,0,0,42,0,1,0,0,46,1,4,1,5,1,54.1,38.8,47.5,52.5
132,1,0,2,0,3,0,55.0,3,0,0,0,0,0,1,0,1,66.7,2,1,3,1,1,0,0,1,6,0,0,1,0,0,28,1,0,0,1,2,3,2,5,2,1,49.3,20.8,60.6,26.9
133,2,0,3,0,0,1,65.0,5,1,0,0,0,0,0,0,1,66.7,4,2,4,2,1,1,0,0,52,1,0,1,0,0,0,1,1,0,0,76,5,2,5,5,1,78.0,64.6,84.7,40.2
134,0,0,1,0,3,2,61.7,3,0,0,1,0,0,0,0,0,33.3,5,4,1,4,0,1,0,0,22,0,0,1,0,0,28,0,1,0,1,18,5,3,4,1,2,42.9,15.5,46.3,47.4
135,1,3,0,2,0,0,60.0,2,0,0,0,1,0,0,0,0,33.3,1,3,4,4,1,1,0,0,52,0,0,1,0,0,28,1,1,0,0,76,1,2,4,2,4,72.0,54.5,78.5,32.4
136,2,3,1,0,0,0,40.0,1,1,0,0,0,0,0,0,0,33.3,5,3,1,3,0,1,0,0,22,1,0,0,0,1,0,1,0,0,0,30,3,1,1,2,3,51.4,25.7,64.0,33.1
137,0,1,3,0,0,2,65.0,5,1,0,0,0,0,0,0,0,33.3,2,3,4,2,1,0,0,1,6,0,1,0,0,1,0,0,1,0,0,46,5,4,4,5,2,57.1,25.9,58.6,39.0
138,0,3,2,0,1,0,48.3,2,0,0,0,0,0,1,0,0,33.3,5,2,3,4,0,1,0,0,22,0,1,0,1,0,62,0,0,1,0,0,2,4,4,2,2,23.6,0.0,35.9,41.1
139,3,1,0,0,0,2,63.3,1,1,0,0,0,0,0,0,0,33.3,1,2,3,2,1,0,0,1,6,1,1,0,0,0,14,1,0,0,0,30,3,2,2,2,2,61.7,29.3,65.0,22.0
140,0,1,2,0,0,3,65.0,4,0,0,0,0,1,1,0,0,66.7,4,4,3,4,1,0,0,0,30,0,0,1,0,0,28,0,1,1,0,18,5,3,4,5,2,31.0,16.3,41.8,65.6
141,2,1,3,0,0,0,40.0,4,0,0,0,0,0,1,0,0,33.3,2,2,4,2,0,1,0,0,22,1,0,0,1,0,0,1,0,0,0,30,3,2,1,2,1,77.9,36.2,85.4,16.2
142,2,3,1,0,0,0,40.0,1,0,0,0,0,1,1,0,1,100.0,4,2,4,3,0,0,1,0,34,0,0,1,0,0,28,1,1,0,0,76,2,2,4,1,1,79.6,56.4,77.8,30.0
143,0,3,0,2,1,0,53.3,1,0,1,1,0,0,1,0,0,100.0,2,4,1,4,1,1,0,0,52,0,0,1,0,0,28,0,1,0,0,46,1,4,4,5,3,48.8,32.8,35.9,69.2
144,3,1,2,0,0,0,40.0,3,0,1,0,0,1,0,0,0,66.7,2,2,4,4,1,0,1,0,64,1,0,0,0,0,0,0,1,0,0,46,3,3,4,4,1,77.8,53.6,86.6,31.1
145,3,0,2,1,0,0,63.3,2,0,1,1,0,0,0,0,0,66.7,2,1,2,3,0,1,0,0,22,1,0,0,0,0,0,0,1,0,0,46,5,4,5,1,1,75.1,41.5,79.8,18.8
146,0,3,2,0,0,1,65.0,3,1,1,0,0,0,1,0,0,100.0,2,4,3,3,1,0,0,0,30,1,0,0,0,0,0,1,0,0,0,30,3,1,5,1,1,72.1,45.9,76.0,40.7
147,2,1,3,0,0,0,40.0,2,0,0,0,0,0,1,0,0,33.3,4,3,4,3,0,1,0,0,22,1,0,0,0,0,0,0,0,1,0,0,5,4,4,4,2,37.5,0.0,58.3,39.3
148,0,0,2,3,0,1,61.7,1,0,0,0,0,0,1,0,1,66.7,4,3,4,4,0,1,0,1,0,0,1,0,0,0,42,0,1,0,0,46,1,3,4,4,3,28.7,19.4,42.6,58.7
149,1,3,0,0,0,2,63.3,3,0,0,0,0,0,1,0,0,33.3,4,4,3,3,0,1,1,0,56,1,0,0,0,0,0,1,0,0,1,2,3,4,4,1,2,52.8,10.3,58.3,34.8
150,0,2,1,3,0,0,63.3,2,0,1,0,0,0,1,0,1,100.0,2,2,3,3,0,1,0,1,0,0,0,0,0,1,0,0,1,0,1,18,2,2,4,2,1,64.5,23.3,74.0,31.2
151,1,3,2,0,0,0,40.0,4,0,1,0,0,0,1,1,0,100.0,1,4,4,4,1,0,0,1,6,0,0,1,0,0,28,1,0,1,0,2,2,3,1,4,3,25.9,13.1,37.4,68.9
152,3,1,0,0,0,2,63.3,3,0,0,1,1,0,1,0,0,100.0,1,3,4,4,0,1,0,0,22,1,0,0,1,0,0,1,0,0,1,2,3,2,1,2,2,55.5,22.7,69.6,49.2
153,1,2,0,0,0,3,63.3,4,0,0,1,0,0,0,1,0,66.7,4,4,1,3,0,1,0,0,22,0,1,0,0,0,42,1,0,0,0,30,5,3,2,4,2,31.5,25.7,28.0,68.0
154,0,2,3,0,1,0,48.3,3,0,0,1,0,0,0,0,1,66.7,4,2,1,3,0,0,0,1,0,0,1,1,0,0,70,0,0,1,0,0,5,3,4,4,2,11.7,3.0,15.7,64.6
155,2,1,3,0,0,0,40.0,5,0,0,0,1,0,0,0,0,33.3,2,3,1,3,0,1,0,0,22,1,0,0,0,0,0,1,0,0,1,2,2,2,1,5,4,38.0,11.6,44.9,42.1
156,1,3,2,0,0,0,40.0,1,0,0,0,0,1,0,0,0,33.3,1,3,2,3,1,0,0,1,6,1,0,1,0,0,0,0,0,0,1,0,5,2,2,2,3,46.0,7.5,56.4,36.2
157,3,1,0,2,0,0,60.0,1,1,0,0,0,0,0,0,0,33.3,2,4,3,1,0,1,0,0,22,0,0,0,0,1,0,0,0,0,1,0,5,1,5,2,1,60.1,23.9,64.1,36.6
158,3,0,2,1,0,0,63.3,3,0,0,0,1,0,1,0,1,100.0,4,3,3,3,0,1,1,0,56,0,0,1,0,0,28,0,1,0,1,18,2,3,4,1,2,43.6,22.7,51.6,51.1
159,3,0,1,0,0,2,65.0,1,0,1,1,1,0,0,0,0,100.0,5,2,1,4,0,1,0,0,22,0,1,0,0,0,42,0,1,0,0,46,5,4,5,4,4,21.1,14.9,14.0,67.6
160,3,1,2,0,0,0,40.0,3,0,0,0,1,0,0,0,0,33.3,2,2,4,4,1,1,0,0,52,0,0,1,0,0,28,1,1,0,0,76,5,3,5,4,2,69.2,60.0,81.4,31.5
161,2,0,1,0,0,3,65.0,4,1,0,1,0,0,0,0,0,66.7,5,2,3,3,1,1,0,0,52,0,0,1,0,0,28,0,0,1,0,0,1,4,5,5,1,32.0,18.4,41.9,44.6
162,0,3,0,2,1,0,53.3,3,0,0,0,0,0,1,0,1,66.7,2,4,3,2,0,0,0,1,0,0,0,0,1,0,20,0,1,1,0,18,2,2,1,1,1,51.5,22.4,56.1,43.5
163,2,0,1,0,3,0,55.0,3,0,0,0,0,1,0,0,1,66.7,4,3,3,3,0,1,0,0,22,1,0,1,0,0,0,0,0,1,1,0,5,2,5,2,2,45.9,16.8,57.4,45.0
164,0,3,0,1,2,0,53.3,2,1,0,0,0,0,1,0,0,66.7,5,3,1,4,0,1,0,1,0,1,1,0,0,0,14,1,0,0,0,30,1,3,2,5,1,37.2,15.3,51.7,44.1
165,3,2,0,1,0,0,60.0,1,0,0,0,0,0,1,0,0,33.3,2,3,1,3,1,0,0,1,6,0,0,0,0,1,0,1,0,0,0,30,2,3,4,2,1,67.1,24.7,65.8,22.4
166,2,1,3,0,0,0,40.0,3,0,0,1,0,0,1,0,1,100.0,1,4,2,2,0,1,0,0,22,1,0,0,0,0,0,1,0,0,1,2,1,2,4,5,1,51.8,30.4,55.5,50.6
167,0,1,3,2,0,0,63.3,3,1,0,0,0,0,1,0,1,100.0,2,2,4,3,1,1,0,0,52,1,0,0,0,0,0,1,0,1,0,2,2,3,4,2,1,65.6,32.0,75.9,39.2
168,2,0,3,0,0,1,65.0,2,0,1,0,1,1,0,0,0,100.0,4,3,4,2,0,1,0,0,22,1,0,0,0,0,0,1,0,0,0,30,3,2,5,1,1,62.8,30.8,70.9,39.7
169,3,0,1,0,2,0,55.0,3,0,0,1,0,0,1,0,0,66.7,2,2,1,3,0,1,0,0,22,1,0,0,0,1,0,1,1,0,0,76,3,3,2,1,1,89.0,56.3,84.9,18.0
170,0,0,1,0,2,3,61.7,1,0,1,0,0,1,0,0,0,66.7,5,3,2,1,0,1,0,0,22,0,1,0,0,0,42,1,0,0,0,30,5,4,5,4,4,15.5,3.3,13.7,66.9
171,0,3,1,2,0,0,63.3,3,0,0,0,1,0,0,0,0,33.3,4,4,2,4,1,1,0,0,52,1,0,0,1,0,0,1,1,0,0,76,3,2,4,5,4,62.5,57.8,59.2,49.4
172,0,0,0,1,3,2,55.0,2,0,1,0,0,0,1,0,0,66.7,5,4,2,4,0,1,0,0,22,1,0,1,0,0,0,0,0,1,0,0,5,4,2,5,3,23.4,0.0,34.6,61.5
173,2,0,1,0,0,3,65.0,4,0,1,0,0,0,1,0,0,66.7,5,3,4,4,0,1,1,0,56,0,1,1,0,0,70,0,0,1,0,0,5,4,5,4,3,7.0,8.3,20.2,78.3
174,1,3,0,2,0,0,60.0,2,1,0,0,0,0,1,0,0,66.7,2,1,4,3,1,1,0,0,52,1,0,0,0,1,0,1,1,0,0,76,2,2,5,1,2,95.3,65.3,98.9,11.8
175,3,0,0,0,2,1,71.7,1,0,0,1,1,0,0,0,0,66.7,4,4,4,4,0,1,0,1,0,0,0,1,0,0,28,1,1,0,0,76,3,3,5,1,3,48.9,34.1,61.5,50.3
176,1,3,2,0,0,0,40.0,1,0,0,1,1,0,0,0,0,66.7,2,2,1,4,0,0,1,0,34,1,0,0,0,1,0,1,0,0,0,30,3,2,5,2,3,63.4,37.3,67.1,28.6
177,0,2,3,1,0,0,63.3,2,0,0,0,0,0,1,0,0,33.3,2,4,3,2,0,1,0,0,22,0,0,0,0,1,0,0,0,1,0,0,1,2,5,1,1,64.1,23.6,75.2,26.3
178,3,2,0,0,0,1,63.3,5,0,0,0,1,0,1,0,0,66.7,5,3,1,4,1,1,0,0,52,0,1,0,0,0,42,0,0,1,0,0,5,4,2,5,1,26.0,14.7,26.2,59.7
179,3,0,2,0,1,0,55.0,3,0,0,1,1,0,0,0,1,100.0,4,3,3,4,0,1,0,0,22,0,0,1,1,0,48,1,0,0,1,2,3,3,4,2,3,21.5,6.6,28.6,66.3
180,0,2,1,0,3,0,48.3,2,0,0,0,0,1,0,0,0,33.3,5,3,3,2,0,1,0,0,22,1,0,1,0,0,0,1,0,0,1,2,3,1,5,1,1,58.5,15.4,67.8,21.2
181,0,3,1,0,0,2,65.0,1,0,1,0,0,0,1,1,0,100.0,5,3,4,4,0,1,0,1,0,0,1,0,0,0,42,1,0,0,0,30,5,4,4,5,4,7.9,0.0,28.3,74.7
182,1,3,2,0,0,0,40.0,5,0,1,0,0,1,0,0,0,66.7,4,1,4,2,0,0,0,1,0,1,0,1,0,0,0,1,0,0,0,30,5,2,1,5,1,51.9,30.9,68.9,33.2
183,3,1,0,0,2,0,43.3,3,0,0,1,0,0,1,0,0,66.7,2,3,2,3,1,1,0,0,52,1,0,0,0,0,0,1,0,0,0,30,3,3,2,1,2,71.3,36.6,66.9,34.3
184,3,1,0,0,0,2,63.3,5,0,0,1,1,0,0,0,0,66.7,4,3,1,3,0,1,0,1,0,0,1,1,0,0,70,0,0,1,1,0,2,3,5,5,3,2.5,0.0,6.2,73.9
185,2,1,0,0,3,0,43.3,3,0,1,0,0,0,0,0,0,33.3,2,2,1,4,1,1,0,0,52,1,0,0,0,1,0,1,0,0,1,2,3,2,4,1,1,74.1,28.8,74.1,17.1
186,0,3,1,0,0,2,65.0,3,0,0,1,0,0,0,0,0,33.3,2,2,4,3,1,0,1,0,64,0,0,1,1,0,48,0,0,0,1,0,1,2,1,2,2,53.2,28.5,63.5,33.7
187,2,3,0,1,0,0,60.0,3,1,0,0,0,0,1,0,0,66.7,4,3,1,3,0,1,1,0,56,0,1,1,0,0,70,1,0,1,0,2,5,2,4,4,1,31.6,32.0,25.1,67.8
188,2,0,3,0,0,1,65.0,1,0,0,0,0,1,0,1,0,66.7,5,4,2,4,0,1,1,0,56,0,0,1,0,0,28,1,0,1,0,2,5,4,1,2,3,32.3,2.1,42.2,54.9
189,3,2,0,1,0,0,60.0,2,0,0,0,1,0,0,0,0,33.3,5,1,4,1,0,1,0,0,22,1,0,0,0,0,0,1,1,0,0,76,3,2,1,5,1,71.3,48.2,78.2,17.1
190,1,2,0,3,0,0,60.0,2,0,0,0,0,0,1,1,0,66.7,1,3,4,4,1,0,0,1,6,1,0,0,0,0,0,1,1,0,0,76,2,1,5,1,1,94.6,58.2,100.0,23.3
191,2,3,0,1,0,0,60.0,2,0,0,0,1,0,1,0,0,66.7,5,3,1,4,1,0,0,0,30,0,0,1,1,0,48,1,1,0,0,76,2,2,5,2,4,49.0,37.0,39.9,51.5
192,1,3,2,0,0,0,40.0,3,0,0,0,0,0,0,0,1,33.3,2,3,3,2,1,1,0,0,52,0,0,1,0,0,28,0,1,0,0,46,1,1,5,4,3,65.6,51.1,65.8,36.1
193,3,1,0,0,2,0,43.3,1,0,1,1,0,0,0,0,1,100.0,1,2,2,4,1,1,0,0,52,1,0,1,0,0,0,1,0,0,0,30,5,2,1,2,1,78.6,48.5,76.3,36.3
194,2,0,0,3,0,1,73.3,3,0,0,0,1,0,1,0,1,100.0,5,3,1,3,0,1,1,0,56,0,1,0,0,0,42,0,0,1,0,0,5,4,4,5,3,16.9,6.0,17.3,79.0
195,3,1,0,0,2,0,43.3,2,1,1,0,1,0,0,0,0,100.0,2,2,3,2,0,1,0,1,0,0,1,0,0,0,42,0,0,0,1,0,5,1,4,1,1,43.0,20.5,49.9,51.5
196,0,1,0,2,3,0,53.3,3,0,0,1,1,0,1,0,0,100.0,4,4,3,3,0,1,0,1,0,0,0,0,0,1,0,1,1,0,0,76,2,2,2,2,1,72.5,51.5,70.7,40.8
197,1,2,0,3,0,0,60.0,3,0,0,0,0,1,0,0,0,33.3,2,3,3,4,0,0,1,0,34,1,0,1,0,0,0,1,1,0,0,76,2,2,2,2,1,90.5,62.6,89.6,18.3
198,0,1,0,2,3,0,53.3,4,0,0,0,1,0,0,1,1,100.0,4,4,1,2,0,1,0,1,0,0,1,0,0,0,42,0,0,1,0,0,5,4,2,5,2,7.5,0.0,11.9,76.6
199,2,0,3,0,1,0,55.0,3,0,1,0,0,0,0,0,0,33.3,2,4,3,1,0,0,1,1,10,1,0,0,0,0,0,1,0,0,0,30,1,1,1,1,2,73.1,36.9,76.3,26.1
200,1,2,3,0,0,0,40.0,3,0,0,1,0,0,0,0,0,33.3,4,2,2,4,0,1,0,0,22,0,1,0,0,0,42,0,1,1,0,18,5,4,5,1,3,37.2,8.8,43.3,36.8
201,0,0,1,0,2,3,61.7,2,0,0,0,0,0,0,0,1,33.3,5,4,4,2,0,1,0,0,22,1,1,0,0,0,14,0,1,0,1,18,2,2,2,4,2,39.6,22.5,51.8,47.6
202,0,0,3,1,0,2,61.7,4,0,0,1,0,0,0,0,0,33.3,5,2,3,3,1,0,0,0,30,1,1,0,0,0,14,1,1,0,0,76,5,2,4,4,2,66.2,50.7,72.3,31.6
203,3,0,0,1,2,0,63.3,1,0,0,0,0,0,1,0,0,33.3,1,2,4,4,1,0,1,0,64,1,0,0,0,1,0,1,1,0,0,76,3,1,5,2,2,100.0,72.2,100.0,20.8
204,3,1,2,0,0,0,40.0,3,1,1,0,0,1,0,0,0,100.0,5,2,4,1,0,1,0,0,22,1,0,0,0,0,0,0,1,0,0,46,1,4,4,2,2,52.9,19.0,57.3,31.9
205,2,0,0,0,3,1,71.7,3,0,0,0,0,1,0,1,1,100.0,4,3,1,4,0,1,0,0,22,0,0,0,1,0,20,1,0,1,0,2,5,4,5,5,2,22.7,2.6,26.9,70.2
206,1,0,2,0,0,3,65.0,3,0,0,0,0,0,0,1,0,33.3,4,3,4,4,0,1,0,1,0,1,0,0,0,0,0,1,0,1,0,2,3,4,4,5,4,22.9,0.0,48.7,46.0
207,1,2,0,3,0,0,60.0,2,0,0,1,1,0,0,0,0,66.7,2,2,3,1,1,0,1,0,64,1,0,1,0,0,0,1,1,0,0,76,5,3,5,4,1,87.4,69.8,80.3,34.7
208,1,2,3,0,0,0,40.0,1,1,0,0,1,0,0,0,0,66.7,1,1,3,2,0,1,1,0,56,1,0,0,0,0,0,1,0,0,0,30,5,1,4,2,4,70.2,34.4,70.8,29.3
209,1,3,2,0,0,0,40.0,3,1,1,0,0,0,0,0,0,66.7,4,2,3,3,0,0,1,1,10,0,0,1,1,0,48,1,0,0,0,30,3,1,2,2,1,49.8,27.2,52.8,36.7
210,1,3,0,2,0,0,60.0,4,1,0,0,1,0,0,0,0,66.7,5,3,3,3,0,1,0,0,22,0,0,1,0,0,28,1,0,0,0,30,2,3,2,4,3,32.0,15.7,47.5,55.9
211,3,1,0,0,0,2,63.3,3,1,0,0,0,0,0,0,0,33.3,4,2,3,4,1,0,0,1,6,0,0,1,0,0,28,0,1,1,0,18,2,2,4,1,2,49.5,17.9,59.0,23.9
212,0,0,2,0,1,3,61.7,5,1,1,0,0,0,0,0,1,100.0,4,3,1,4,0,1,0,1,0,0,1,0,0,0,42,0,0,1,1,0,2,4,2,2,3,20.5,0.0,23.8,57.1
213,1,2,3,0,0,0,40.0,3,0,0,0,0,0,1,0,0,33.3,4,2,3,1,0,1,1,0,56,1,0,1,0,0,0,1,1,0,0,76,3,1,5,1,1,95.9,67.1,93.8,8.8
214,2,3,0,0,1,0,43.3,2,1,0,1,0,0,0,0,1,100.0,2,2,3,3,0,1,0,1,0,0,0,1,0,0,28,1,1,0,0,76,5,3,5,4,2,60.3,47.2,53.0,53.4
215,3,0,2,0,1,0,55.0,2,0,0,0,0,1,1,1,0,100.0,4,2,3,4,1,1,0,0,52,0,1,0,0,1,0,0,1,0,0,46,1,3,5,2,4,52.6,28.4,60.7,38.4
216,2,3,1,0,0,0,40.0,3,0,0,1,1,0,1,0,0,100.0,4,2,1,3,1,0,0,0,30,0,0,1,0,0,28,1,1,0,0,76,3,4,5,4,4,43.0,36.5,39.9,55.0
217,2,0,3,0,1,0,55.0,3,0,0,0,1,0,0,0,0,33.3,4,1,3,3,0,0,1,1,10,0,1,0,0,1,0,0,1,1,0,18,5,4,4,2,2,45.6,10.1,60.4,20.3
218,0,0,2,3,0,1,61.7,4,0,1,1,0,0,1,0,0,100.0,5,3,1,3,0,0,1,0,34,0,1,0,1,0,62,0,0,1,0,0,2,2,5,4,3,13.2,9.9,16.7,70.8
219,3,0,2,1,0,0,63.3,3,0,0,1,0,0,0,0,0,33.3,2,4,3,3,1,0,1,0,64,0,0,0,1,0,20,1,1,0,0,76,2,2,4,2,4,76.4,58.5,65.2,41.9
220,0,1,2,3,0,0,63.3,3,0,0,0,0,0,0,0,1,33.3,4,3,1,3,0,1,1,0,56,0,1,0,0,0,42,0,1,1,0,18,2,3,1,5,2,36.4,25.4,31.2,56.1
221,3,2,0,0,0,1,63.3,3,1,0,0,1,1,0,0,0,100.0,2,2,1,3,0,1,0,0,22,0,0,1,0,0,28,0,1,1,0,18,5,2,5,4,2,45.6,31.7,42.3,57.2
222,3,1,0,0,0,2,63.3,3,0,0,0,0,1,0,1,1,100.0,2,4,4,3,0,1,1,0,56,1,0,0,0,0,0,0,1,0,1,18,3,1,2,1,3,65.9,34.1,66.7,48.0
223,3,2,0,0,1,0,43.3,3,0,0,1,1,0,0,1,0,100.0,2,3,3,2,0,1,0,1,0,1,0,0,0,0,0,0,0,0,1,0,2,1,4,2,2,50.1,15.5,59.9,40.5
224,0,3,1,0,0,2,65.0,3,1,0,1,0,1,0,0,0,100.0,4,4,3,4,1,1,0,0,52,0,1,1,0,0,70,0,0,1,0,0,1,4,5,2,3,9.8,5.5,14.8,79.7
225,0,0,1,0,2,3,61.7,3,0,0,0,1,0,0,0,0,33.3,2,2,4,4,1,0,1,0,64,1,1,0,0,0,14,1,0,1,0,2,3,3,5,2,2,60.2,28.1,74.1,25.3
226,0,2,3,0,0,1,65.0,4,0,0,0,0,0,0,1,0,33.3,2,2,1,2,0,1,0,0,22,0,1,0,1,0,62,1,0,0,1,2,5,3,5,5,2,24.8,20.7,21.8,58.0
227,0,2,0,0,1,3,61.7,4,1,0,0,1,0,0,0,1,100.0,5,3,3,4,0,1,0,1,0,0,0,0,1,0,20,0,0,1,0,0,3,3,1,1,3,20.8,0.0,42.7,55.4
228,3,1,0,2,0,0,60.0,5,0,0,0,1,0,0,1,1,100.0,2,2,3,4,0,1,0,0,22,1,0,0,0,1,0,1,1,0,0,76,5,3,2,1,1,86.7,57.0,90.0,33.7
229,1,2,0,0,0,3,63.3,4,0,0,0,1,0,0,1,1,100.0,5,4,2,3,1,0,0,0,30,0,0,1,1,0,48,0,0,1,0,0,3,4,1,5,1,17.8,0.1,21.1,77.0
230,3,0,2,0,1,0,55.0,4,1,0,0,0,0,1,0,0,66.7,4,3,1,4,0,1,0,1,0,1,0,1,0,0,0,0,0,1,1,0,1,2,5,5,4,21.3,0.0,40.3,49.0
231,3,0,0,0,1,2,71.7,2,0,0,0,0,1,1,0,0,66.7,2,4,1,4,1,0,0,0,30,1,0,0,0,0,0,1,1,0,0,76,5,3,4,1,1,84.1,58.0,76.6,39.6
232,0,0,3,2,1,0,55.0,3,0,0,0,0,1,0,0,0,33.3,4,4,3,1,1,0,0,1,6,1,1,0,0,0,14,1,0,0,0,30,3,2,1,4,3,37.6,16.9,41.7,48.7
233,2,3,1,0,0,0,40.0,3,0,0,0,0,0,1,0,1,66.7,4,1,2,1,0,1,0,0,22,1,0,0,0,0,0,1,0,1,0,2,1,2,2,1,2,57.4,14.3,62.0,10.5
234,1,0,2,3,0,0,63.3,3,1,0,1,1,0,0,0,0,100.0,4,3,4,1,1,1,0,0,52,1,0,1,0,0,0,0,0,0,1,0,2,2,4,5,2,44.5,18.8,53.3,54.0
235,3,2,0,1,0,0,60.0,3,0,0,0,0,1,0,0,1,66.7,2,3,3,4,1,1,0,0,52,0,0,0,0,1,0,1,0,0,0,30,5,4,2,4,2,49.4,29.2,59.9,50.5
236,1,0,0,3,2,0,63.3,4,0,1,0,0,0,1,0,0,66.7,2,4,2,3,0,1,1,0,56,0,1,0,0,1,0,1,0,0,0,30,2,3,2,1,4,60.5,33.2,60.0,46.7
237,2,0,3,0,0,1,65.0,4,0,1,0,1,0,0,0,0,66.7,4,3,1,3,0,1,0,0,22,0,0,1,0,0,28,0,1,1,0,18,3,4,1,2,2,38.6,12.4,38.8,44.5
238,2,1,3,0,0,0,40.0,3,1,0,0,0,0,0,0,0,33.3,2,3,3,2,1,0,0,0,30,1,1,0,0,0,14,1,1,0,0,76,3,3,4,2,3,70.0,47.3,68.9,31.6
239,3,2,0,0,0,1,63.3,3,0,0,1,0,0,1,0,0,66.7,2,3,3,2,0,1,0,0,22,1,0,0,0,1,0,1,0,0,0,30,3,3,4,2,1,67.2,35.2,72.0,33.3
240,2,0,0,0,1,3,71.7,4,0,0,1,1,0,0,0,0,66.7,1,4,1,1,0,1,0,1,0,1,0,0,0,1,0,0,0,1,0,0,5,3,2,4,3,36.2,10.3,33.9,64.6
241,0,1,2,0,0,3,65.0,3,0,0,1,0,0,0,0,0,33.3,5,3,2,1,1,1,0,0,52,1,0,0,0,1,0,0,1,0,1,18,5,3,1,5,1,49.7,25.7,52.8,41.7
242,1,3,0,0,0,2,63.3,1,0,1,1,1,0,0,0,0,100.0,5,3,1,3,1,1,0,0,52,0,0,1,0,0,28,1,1,0,0,76,2,4,2,5,2,51.4,43.8,46.5,56.7
243,1,0,0,3,2,0,63.3,2,0,1,0,1,0,0,1,0,100.0,5,2,3,3,0,1,0,0,22,1,0,0,1,0,0,1,0,0,0,30,2,3,5,4,1,48.9,26.9,61.1,42.7
244,0,2,3,1,0,0,63.3,3,0,0,0,1,0,1,0,0,66.7,2,2,1,3,0,1,0,1,0,1,0,0,0,1,0,1,0,0,1,2,2,2,4,4,1,48.1,17.0,53.7,35.1
245,3,1,2,0,0,0,40.0,3,0,0,0,0,0,0,1,0,33.3,4,3,3,4,1,0,0,1,6,0,0,0,0,1,0,0,0,1,0,0,3,4,2,5,2,24.9,0.0,50.2,38.1
246,1,3,2,0,0,0,40.0,5,0,0,0,1,0,0,0,0,33.3,2,2,1,2,0,1,0,0,22,0,0,0,1,1,0,1,0,0,1,2,3,2,5,2,1,61.8,27.4,68.8,18.2
247,0,0,2,0,1,3,61.7,3,1,0,0,0,0,1,0,0,66.7,4,3,4,2,0,1,0,0,22,0,1,1,0,0,70,0,0,1,0,0,5,4,4,4,3,9.7,0.0,12.8,72.9
248,2,3,0,0,1,0,43.3,2,1,0,0,0,0,0,1,1,100.0,2,3,3,3,0,0,1,1,10,0,1,0,0,1,0,0,1,0,1,18,3,2,1,2,2,55.2,23.6,68.1,43.3
249,1,2,3,0,0,0,40.0,2,0,1,0,1,0,0,1,0,100.0,5,4,2,3,0,1,0,0,22,0,1,1,0,0,70,0,0,1,1,0,5,4,2,4,4,0.0,0.0,0.1,86.3
250,3,2,1,0,0,0,40.0,2,0,1,0,0,1,1,0,0,100.0,4,2,1,2,0,0,1,0,34,0,1,0,0,0,42,1,0,0,0,30,3,3,4,5,1,43.0,29.7,40.4,51.7
251,1,3,2,0,0,0,40.0,3,0,0,1,0,0,0,0,1,66.7,4,3,3,3,1,1,0,0,52,1,1,0,0,0,14,0,1,0,0,46,3,4,5,4,2,55.6,29.9,59.8,42.7
252,3,0,1,2,0,0,63.3,3,0,1,0,0,0,0,0,1,66.7,4,2,2,3,1,0,0,0,30,1,0,1,0,0,0,1,0,0,0,30,2,1,5,1,1,79.5,39.0,83.4,17.5
253,3,1,0,2,0,0,60.0,1,0,0,0,1,0,0,0,0,33.3,2,4,2,4,1,1,0,0,52,0,0,1,0,0,28,1,0,0,0,30,3,3,4,2,1,65.3,38.7,61.2,38.8
254,2,3,0,0,0,1,63.3,1,0,0,0,0,0,1,1,1,100.0,5,3,3,3,0,1,1,0,56,0,0,1,0,0,28,1,0,1,0,2,2,3,1,5,3,22.2,10.3,28.3,67.4
255,2,0,3,0,0,1,65.0,2,0,1,0,0,0,1,1,0,100.0,2,4,2,4,0,1,0,0,22,1,0,0,0,0,0,0,1,1,0,18,1,2,4,4,1,54.0,30.4,63.5,54.1
256,1,3,2,0,0,0,40.0,3,0,0,0,0,1,1,0,0,66.7,2,3,3,3,1,1,0,0,52,0,1,1,0,0,70,1,1,0,0,76,3,2,4,4,4,48.4,53.8,43.1,64.4
257,3,2,0,0,0,1,63.3,2,0,1,1,1,0,0,0,0,100.0,2,1,2,4,1,1,0,0,52,1,0,0,1,0,0,1,0,0,0,30,2,1,1,2,1,80.4,51.4,82.7,27.6
258,3,2,1,0,0,0,40.0,2,1,0,0,0,0,0,0,0,33.3,5,2,3,4,0,1,0,0,22,1,0,0,0,1,0,0,0,1,0,0,5,2,5,2,1,49.3,8.5,68.6,19.9
259,0,0,3,0,2,1,61.7,1,0,0,1,0,1,0,0,0,66.7,4,2,1,4,0,1,0,0,22,0,0,1,0,0,28,1,1,0,0,76,3,4,5,2,3,52.1,36.8,52.3,35.7
260,0,2,0,3,0,1,70.0,4,1,0,0,1,0,0,0,0,66.7,1,3,3,4,0,1,0,1,0,0,1,0,0,0,42,0,0,1,1,0,3,3,4,4,3,24.7,9.7,36.8,61.8
261,1,3,0,2,0,0,60.0,3,0,0,1,0,0,0,0,0,33.3,4,1,3,4,1,1,0,0,52,0,0,0,0,1,0,1,1,0,0,76,3,4,5,1,3,79.4,47.9,87.5,10.4
262,2,3,1,0,0,0,40.0,2,0,1,1,0,0,1,0,0,100.0,2,3,2,4,1,0,0,0,30,1,0,0,0,0,0,0,0,1,1,0,2,1,4,1,1,68.7,28.9,78.8,28.6
263,3,0,2,1,0,0,63.3,4,0,1,0,0,0,0,1,0,66.7,4,3,3,3,0,0,1,0,34,0,1,0,0,0,42,1,1,0,0,76,3,3,5,5,1,57.3,55.1,57.4,48.3
264,3,1,2,0,0,0,40.0,3,1,0,0,1,0,0,0,0,66.7,4,3,1,4,0,1,0,0,22,1,0,0,0,0,0,1,0,0,0,30,3,2,4,4,2,54.2,24.8,57.9,37.8
265,1,2,0,3,0,0,60.0,5,0,0,1,0,0,0,0,0,33.3,2,1,3,4,1,1,0,0,52,1,0,0,0,0,0,1,1,0,0,76,2,1,4,1,3,92.7,69.5,93.6,11.4
266,0,1,0,2,0,3,70.0,5,1,0,0,0,1,0,0,0,66.7,5,3,3,3,0,1,1,0,56,0,1,0,0,0,42,0,0,1,1,0,3,3,5,5,4,14.6,10.2,20.9,74.2
267,1,3,0,0,0,2,63.3,5,0,0,1,0,1,1,0,0,100.0,2,3,4,3,1,1,0,0,52,1,0,0,0,0,0,1,1,0,0,76,3,3,4,5,1,84.7,67.1,90.9,47.4
268,0,3,0,1,0,2,70.0,4,0,0,0,1,0,1,0,1,100.0,2,2,2,3,0,1,0,0,22,1,0,0,0,0,0,1,0,1,0,2,3,1,5,1,3,52.4,24.0,60.9,43.7
269,2,1,0,3,0,0,60.0,3,0,0,1,0,0,0,0,1,66.7,4,2,3,3,0,1,0,0,22,1,0,1,0,0,0,1,1,0,0,76,5,2,4,1,1,85.4,56.4,91.7,23.9
270,1,2,0,0,0,3,63.3,3,0,0,1,0,0,1,0,0,66.7,4,3,3,4,1,0,0,0,30,0,0,1,0,0,28,0,1,1,0,18,5,2,2,5,1,43.4,29.1,52.4,56.9
271,0,2,0,3,0,1,70.0,5,1,0,0,0,0,0,0,0,33.3,2,2,4,3,0,1,1,0,56,0,1,1,0,0,70,1,1,0,0,76,1,3,5,2,4,55.9,55.8,50.1,47.5
272,1,2,0,3,0,0,60.0,5,0,0,0,0,0,0,1,0,33.3,5,2,3,3,0,1,0,0,22,1,0,0,1,0,0,1,1,0,0,76,3,1,4,5,1,75.5,56.3,84.2,24.2
273,2,0,3,1,0,0,63.3,3,0,0,0,0,1,1,1,0,100.0,1,2,4,3,0,1,1,0,56,0,1,0,0,0,42,1,1,0,0,76,1,2,5,4,2,70.0,67.3,64.3,50.3
274,0,0,3,0,2,1,61.7,4,1,0,1,0,0,1,0,0,100.0,4,4,3,1,1,1,0,0,52,0,0,1,0,0,28,0,0,1,0,0,1,1,5,4,1,40.6,26.7,48.2,60.9
275,3,2,0,0,0,1,63.3,5,0,0,0,0,1,1,0,0,66.7,4,3,3,4,0,1,0,0,22,1,0,0,0,0,0,1,1,0,0,76,1,3,5,1,2,81.3,49.4,83.3,22.9
276,3,0,2,0,0,1,65.0,3,1,1,0,1,0,0,0,0,100.0,2,4,3,4,1,0,0,0,30,1,0,1,0,0,0,1,0,1,0,2,2,4,5,4,2,38.1,10.9,53.7,63.2
277,2,3,1,0,0,0,40.0,3,0,1,1,1,0,0,0,0,100.0,1,4,3,4,1,1,0,0,52,1,0,0,0,0,0,1,1,0,0,76,3,2,5,1,1,95.0,71.9,91.9,38.1
278,3,1,0,0,0,2,63.3,5,0,0,0,1,0,1,0,0,66.7,4,2,4,4,0,0,1,1,10,0,1,0,1,0,62,1,1,0,0,76,5,2,1,2,1,54.5,56.0,63.8,48.1
279,3,0,2,0,1,0,55.0,3,0,0,0,0,0,0,0,1,33.3,2,2,4,2,1,0,0,0,30,1,0,0,0,0,0,1,0,0,0,30,1,3,2,2,3,67.5,27.9,75.4,20.1
280,1,2,3,0,0,0,40.0,5,0,1,0,1,0,0,0,1,100.0,2,1,3,3,0,1,0,0,22,1,0,0,0,1,0,1,1,0,0,76,3,2,4,5,1,80.0,61.8,79.8,34.6
281,2,0,1,0,0,3,65.0,4,1,0,0,0,0,0,0,0,33.3,4,3,4,4,0,1,1,0,56,1,0,0,0,0,0,1,0,0,1,2,2,1,4,2,1,61.5,33.7,82.5,27.4
282,1,0,3,0,2,0,55.0,4,0,0,0,0,1,1,0,0,66.7,2,4,3,3,1,1,0,0,52,0,1,0,0,0,42,0,0,1,0,0,5,4,2,4,4,22.0,8.5,24.1,76.2
283,3,2,1,0,0,0,40.0,3,0,0,0,1,0,0,0,0,33.3,2,2,4,1,1,0,0,1,6,1,0,0,0,0,0,1,1,0,0,76,2,1,5,1,1,92.5,64.3,95.9,8.5
284,0,0,1,0,2,3,61.7,1,0,1,0,0,1,1,0,0,100.0,4,4,1,4,0,1,0,0,22,0,0,0,1,0,20,0,0,1,1,0,5,1,5,5,2,28.3,19.6,35.0,74.1
285,0,1,2,0,3,0,48.3,5,0,0,1,1,0,0,0,0,66.7,5,3,3,2,1,0,0,1,6,1,0,0,0,0,0,0,0,1,1,0,1,1,2,5,1,39.4,18.2,62.4,41.9
286,2,1,3,0,0,0,40.0,3,0,0,0,1,1,0,0,1,100.0,4,3,2,4,1,0,0,0,30,0,0,1,1,0,48,1,0,0,0,30,5,4,1,2,2,35.3,15.9,36.2,57.8
287,1,3,0,0,2,0,43.3,1,0,0,0,1,0,1,0,0,66.7,2,3,1,4,0,1,0,0,22,0,0,1,0,0,28,1,0,0,0,30,3,1,2,2,2,58.9,38.0,59.0,39.0
288,3,0,2,0,0,1,65.0,3,0,1,1,0,0,1,0,0,100.0,2,1,1,4,1,0,1,0,64,0,1,0,0,0,42,1,0,1,0,2,2,2,5,1,2,63.6,29.4,59.3,38.1
289,0,0,3,1,0,2,61.7,5,0,0,1,0,0,0,0,1,66.7,4,4,1,1,0,1,0,1,0,0,1,0,0,0,42,0,0,1,1,0,2,1,4,2,4,19.6,6.6,11.7,62.4
290,1,0,0,2,0,3,73.3,1,0,1,0,1,0,0,1,0,100.0,4,2,3,4,1,1,0,0,52,1,0,1,0,0,0,1,0,1,0,2,3,4,5,2,1,54.5,15.6,66.7,41.0
291,1,3,2,0,0,0,40.0,5,0,1,0,0,1,0,0,0,66.7,4,2,3,2,0,1,0,0,22,1,0,1,0,0,0,0,1,0,1,18,2,2,5,2,3,52.3,22.0,67.5,26.5
292,3,2,0,0,0,1,63.3,4,0,1,1,0,0,0,0,0,66.7,4,2,1,3,0,1,0,0,22,0,1,1,0,0,70,0,0,1,0,0,5,4,4,2,2,27.2,3.7,21.6,56.2
293,2,0,3,1,0,0,63.3,4,0,1,0,0,0,0,0,1,66.7,5,3,1,3,0,1,0,0,22,1,1,0,0,0,14,0,0,0,1,0,5,4,1,5,2,19.3,7.0,23.4,60.2
294,1,3,2,0,0,0,40.0,3,0,0,0,1,1,0,1,0,100.0,2,3,4,3,0,1,0,0,22,1,0,0,0,1,0,1,0,1,0,2,2,4,5,2,3,41.1,6.5,55.9,42.4
295,2,3,1,0,0,0,40.0,3,0,1,1,0,0,0,0,0,66.7,1,1,2,2,0,1,0,0,22,1,0,1,0,0,0,0,1,1,0,18,1,1,5,2,1,69.8,39.7,78.1,14.1
296,3,1,2,0,0,0,40.0,2,0,0,0,1,1,1,0,0,100.0,5,4,4,4,1,1,0,0,52,1,0,0,0,0,0,1,0,0,1,2,2,4,4,4,2,38.0,13.2,56.5,56.4
297,0,2,1,0,3,0,48.3,3,0,0,0,1,0,0,0,0,33.3,2,3,2,3,0,1,0,0,22,1,0,0,0,0,0,1,0,0,1,2,1,2,2,2,3,51.5,15.0,62.9,29.6
298,3,2,0,1,0,0,60.0,3,1,1,0,0,0,0,1,0,100.0,2,2,1,2,1,1,0,0,52,1,0,0,0,0,0,0,0,1,0,0,3,4,5,2,2,56.6,20.2,50.9,39.3
299,3,1,2,0,0,0,40.0,2,0,0,0,1,0,1,0,0,66.7,5,2,1,1,0,1,1,0,56,0,0,0,0,1,0,0,1,0,0,46,2,1,1,5,3,55.0,40.1,50.4,34.7
300,3,2,0,0,1,0,43.3,2,0,0,0,1,0,0,0,0,33.3,2,2,4,2,0,1,0,0,22,0,1,0,0,1,0,0,1,0,0,46,3,1,1,2,1,81.3,46.0,89.7,16.6
301,1,2,0,3,0,0,60.0,3,0,0,0,1,1,1,0,0,100.0,5,2,3,1,1,0,0,1,6,1,0,0,0,1,0,1,0,0,0,30,2,3,1,1,4,42.1,11.2,44.8,38.7
302,2,1,3,0,0,0,40.0,3,0,0,0,0,0,1,1,1,100.0,2,1,2,1,0,1,0,0,22,1,1,0,0,0,14,1,0,0,0,30,3,2,1,1,1,73.2,41.2,67.8,26.9
303,1,3,2,0,0,0,40.0,3,0,0,0,1,0,1,0,0,66.7,1,2,1,3,1,1,0,0,52,0,0,1,0,1,0,1,1,0,0,76,1,2,5,2,2,92.0,66.1,81.1,17.3
304,0,3,2,0,0,1,65.0,5,1,1,0,1,0,0,0,0,100.0,2,4,1,4,1,0,0,0,30,0,1,0,1,0,62,1,0,0,1,2,1,3,5,1,4,25.9,15.6,22.7,69.1
305,2,1,3,0,0,0,40.0,3,0,0,0,0,1,0,0,1,66.7,4,2,4,1,0,1,1,0,56,1,0,0,1,0,0,1,0,0,1,2,3,3,4,1,4,49.3,8.5,54.2,28.9
306,0,3,1,2,0,0,63.3,5,0,0,0,0,0,1,0,0,33.3,1,4,4,1,0,0,0,1,0,0,1,0,0,0,42,0,0,1,1,0,1,3,5,5,4,14.7,6.8,24.0,65.3
307,3,1,2,0,0,0,40.0,3,0,0,0,1,0,0,0,0,33.3,2,3,3,3,1,1,0,0,52,1,0,0,0,1,0,1,0,0,0,30,3,1,2,1,3,73.6,38.8,77.6,26.2
308,0,3,1,0,0,2,65.0,1,0,0,0,0,0,1,1,1,100.0,1,4,1,4,0,1,0,0,22,0,1,1,0,0,70,1,0,1,0,2,1,3,5,2,1,36.6,15.5,30.1,69.1
309,1,2,0,0,0,3,63.3,3,1,0,0,1,0,0,0,0,66.7,4,4,2,4,0,1,0,0,22,0,1,0,0,0,42,0,0,1,0,0,1,3,4,4,2,24.7,7.7,36.8,61.8
310,3,1,2,0,0,0,40.0,2,1,0,0,0,1,1,0,0,100.0,5,3,4,4,0,1,1,0,56,0,1,0,0,0,42,1,1,0,0,76,3,3,1,2,1,72.6,58.0,73.9,47.8
311,0,0,2,0,3,1,61.7,2,0,0,0,1,1,1,0,0,100.0,2,1,3,2,1,1,0,0,52,0,0,1,0,1,0,1,1,0,0,76,3,2,4,2,1,97.2,66.1,91.3,20.6
312,1,2,0,0,3,0,43.3,3,0,0,0,1,0,1,0,1,100.0,1,4,4,4,1,0,0,0,30,1,0,0,0,0,0,1,0,0,0,30,3,3,5,2,1,69.3,42.1,75.8,47.2
313,0,2,3,0,0,1,65.0,3,0,1,0,1,0,0,0,0,66.7,4,2,3,4,1,0,0,1,6,1,0,0,0,0,0,1,0,0,0,30,2,2,5,1,2,55.8,25.9,74.8,28.0
314,3,1,2,0,0,0,40.0,2,0,0,0,1,0,1,1,0,100.0,4,3,1,2,0,1,0,0,22,1,0,0,0,0,0,1,0,0,0,30,3,1,1,2,2,61.2,34.6,60.1,42.7
315,0,1,0,3,0,2,70.0,3,0,1,0,1,0,1,0,0,100.0,2,3,2,2,0,1,0,0,22,1,1,0,0,0,14,1,1,0,0,76,3,4,1,1,1,82.4,50.3,70.7,40.3
316,2,3,1,0,0,0,40.0,1,1,0,0,0,1,0,0,0,66.7,1,1,4,4,1,1,0,0,52,0,0,1,0,0,28,1,0,0,1,2,3,3,5,2,4,48.3,17.8,56.9,34.1
317,1,3,0,0,0,2,63.3,2,0,0,0,0,1,0,1,1,100.0,4,3,2,2,0,1,1,0,56,0,1,0,0,0,42,0,0,1,0,0,1,2,4,4,4,20.9,13.0,19.3,72.5
318,3,0,0,1,0,2,73.3,2,0,1,0,0,0,1,0,1,100.0,4,2,3,1,0,1,0,0,22,1,0,0,0,0,0,0,1,0,0,46,2,1,5,1,1,73.3,42.6,73.8,27.9
319,2,3,1,0,0,0,40.0,3,0,1,0,0,0,1,0,1,100.0,2,4,3,3,0,1,0,1,0,1,0,0,0,1,0,1,0,1,0,2,1,2,5,4,2,43.2,14.7,53.7,53.8
320,3,2,1,0,0,0,40.0,3,1,0,0,0,1,0,0,0,66.7,2,3,3,2,0,1,0,0,22,1,0,0,0,0,0,1,0,0,0,30,3,3,4,1,3,58.7,23.4,58.8,34.7
321,2,0,1,3,0,0,63.3,3,0,0,1,0,0,0,0,0,33.3,2,4,3,4,1,0,1,0,64,1,0,1,0,0,0,0,1,0,0,46,3,1,4,2,3,76.5,54.9,76.8,41.0
322,2,3,1,0,0,0,40.0,3,0,0,1,1,0,0,0,0,66.7,2,2,3,1,0,1,0,0,22,1,0,0,0,0,0,1,1,0,0,76,2,3,4,4,1,82.8,53.4,76.0,25.0
323,3,2,0,0,1,0,43.3,3,0,0,0,0,1,1,1,0,100.0,5,3,1,2,0,1,1,0,56,0,0,1,0,1,0,1,1,0,0,76,2,2,4,2,1,81.9,56.0,74.0,34.2
324,0,3,2,0,1,0,48.3,3,0,0,0,1,0,0,1,0,66.7,5,3,1,4,0,1,1,0,56,0,1,0,0,0,42,0,1,0,0,46,2,4,5,1,2,48.7,31.9,42.6,42.9
325,1,3,2,0,0,0,40.0,1,0,1,0,0,0,0,0,0,33.3,1,3,2,3,1,0,1,0,64,0,0,1,0,0,28,1,0,0,0,30,5,3,5,2,1,78.0,49.5,66.8,39.2
326,0,3,2,0,0,1,65.0,5,1,0,0,0,0,0,0,0,33.3,2,4,1,2,1,1,0,0,52,0,1,1,0,0,70,0,0,1,0,0,5,3,1,4,2,27.3,25.6,16.5,66.3
327,3,0,0,2,0,1,73.3,2,0,1,0,1,0,0,0,1,100.0,2,2,3,4,1,1,0,0,52,1,0,0,0,1,0,0,1,0,0,46,2,3,2,5,1,66.9,46.7,72.5,47.0
328,1,3,0,2,0,0,60.0,1,0,0,0,0,1,0,0,0,33.3,2,4,2,2,0,1,0,0,22,0,0,1,0,1,0,0,1,0,1,18,3,2,5,2,2,59.4,23.5,63.0,34.4
329,3,0,0,1,2,0,63.3,3,0,0,0,0,1,1,0,0,66.7,4,4,3,2,1,0,0,0,30,1,0,0,0,0,0,1,0,0,0,30,2,1,5,2,1,64.2,35.5,70.6,38.2
330,1,3,0,0,2,0,43.3,3,0,1,1,0,0,0,0,1,100.0,2,2,4,4,1,0,0,1,6,1,0,0,0,0,0,1,0,0,0,30,5,2,4,5,2,49.7,23.5,70.2,43.5
331,0,0,3,2,0,1,61.7,2,0,0,0,0,0,1,0,0,33.3,4,3,3,4,0,1,0,0,22,0,1,0,0,0,42,0,0,1,0,0,2,3,4,5,3,15.7,2.0,29.1,58.6
332,0,3,2,0,1,0,48.3,5,1,0,0,1,0,0,0,0,66.7,5,1,3,3,0,1,0,0,22,1,0,0,0,1,0,0,1,0,0,46,3,1,1,4,2,63.4,38.4,75.3,27.2
333,2,3,1,0,0,0,40.0,4,1,1,0,0,0,1,0,0,100.0,5,4,1,4,0,1,0,0,22,0,1,0,0,0,42,0,0,1,0,0,2,3,5,2,4,12.3,0.0,16.2,68.1
334,0,3,0,2,1,0,53.3,1,0,1,0,0,1,1,0,0,100.0,5,4,3,1,1,0,0,0,30,0,0,0,0,1,0,1,0,0,0,30,5,4,2,2,1,50.0,19.4,50.3,52.3
335,3,0,0,1,0,2,73.3,4,0,0,0,0,0,1,0,0,33.3,5,3,1,1,0,1,1,0,56,1,1,0,0,0,14,1,0,1,0,2,3,3,4,2,3,42.5,9.8,38.9,38.1
336,3,1,2,0,0,0,40.0,3,0,0,0,0,0,1,0,0,33.3,1,3,2,4,0,0,1,1,10,0,0,1,0,0,28,1,1,0,0,76,3,3,2,2,1,82.1,57.6,81.0,24.7
337,2,1,0,0,0,3,63.3,3,0,0,1,1,0,0,0,0,66.7,4,1,1,3,0,1,0,0,22,0,0,1,0,0,28,0,1,1,0,18,3,4,5,2,2,43.9,11.0,42.7,35.3
338,3,1,2,0,0,0,40.0,2,0,0,0,1,0,0,0,1,66.7,5,3,2,1,0,0,0,1,0,1,1,0,0,0,14,0,1,1,0,18,2,1,1,1,3,48.7,12.1,49.8,32.2
339,0,1,3,0,2,0,48.3,3,1,0,0,0,0,0,0,0,33.3,1,2,3,3,0,1,0,1,0,0,1,1,0,0,70,1,1,0,0,76,3,2,4,2,4,54.3,49.7,47.7,40.8
340,2,0,1,0,3,0,55.0,2,0,1,1,1,0,0,0,0,100.0,4,2,3,4,1,1,0,0,52,1,0,0,1,0,0,1,0,0,0,30,3,2,1,2,1,69.9,38.2,77.1,36.9
341,2,3,1,0,0,0,40.0,3,0,0,0,0,1,0,0,0,33.3,4,2,2,4,1,1,0,0,52,0,0,1,0,0,28,1,0,1,0,2,1,3,5,2,2,49.6,16.9,56.3,22.9
342,0,2,1,0,3,0,48.3,1,0,0,0,0,1,0,0,1,66.7,4,1,2,1,1,1,0,0,52,1,0,0,0,0,0,1,1,0,0,76,2,2,1,1,2,90.7,59.9,81.7,12.9
343,2,3,0,0,1,0,43.3,3,0,0,0,0,0,1,0,0,33.3,2,2,2,3,1,1,0,0,52,0,0,0,0,1,0,1,0,0,0,30,3,1,5,5,1,70.7,48.3,77.4,27.4
344,1,2,0,0,0,3,63.3,3,0,0,0,0,1,1,0,0,66.7,4,1,3,2,0,1,0,0,22,0,1,0,0,0,42,0,0,0,1,0,5,1,2,5,4,15.1,9.1,28.2,59.0
345,3,2,0,0,0,1,63.3,2,0,0,0,0,0,0,1,1,66.7,2,3,3,3,1,1,0,0,52,0,1,1,0,0,70,0,0,0,1,0,2,3,2,5,3,20.5,15.1,28.3,67.0
346,3,2,0,1,0,0,60.0,3,0,0,1,0,0,0,0,0,33.3,1,4,1,4,1,1,0,0,52,1,0,1,0,0,0,1,1,0,0,76,2,4,5,2,3,75.5,55.5,66.8,33.9
347,1,3,0,2,0,0,60.0,3,0,1,0,0,0,0,0,0,33.3,1,3,3,1,0,1,1,0,56,1,0,0,0,0,0,0,1,1,0,18,3,2,5,4,1,75.0,41.9,72.5,33.2
348,3,2,0,1,0,0,60.0,3,0,0,0,1,0,0,1,0,66.7,5,1,2,4,0,1,0,1,0,1,0,0,0,0,0,0,1,1,0,18,3,2,2,4,3,38.2,7.6,58.6,29.3
349,2,3,1,0,0,0,40.0,4,0,1,0,0,1,0,0,0,66.7,2,3,1,2,0,1,0,1,0,1,0,0,0,1,0,1,0,0,0,30,2,3,4,4,3,45.4,21.0,45.9,42.1
350,2,0,3,1,0,0,63.3,4,1,0,0,0,1,0,0,1,100.0,5,3,1,4,1,0,1,0,64,0,0,1,0,0,28,0,0,1,1,0,5,3,2,5,4,19.6,5.0,20.2,77.7
351,1,2,0,3,0,0,60.0,1,1,0,1,0,0,0,0,0,66.7,2,2,4,3,1,0,0,1,6,0,0,1,0,1,0,1,1,0,0,76,1,2,5,2,1,82.7,51.2,90.3,23.7
352,2,3,0,0,1,0,43.3,2,1,1,0,1,0,0,0,0,100.0,1,1,3,4,0,0,1,1,10,1,0,0,0,0,0,1,0,0,1,2,5,2,5,2,3,50.5,16.7,60.5,37.9
353,0,1,0,0,3,2,61.7,5,0,0,0,0,0,0,1,0,33.3,5,2,3,3,0,1,0,0,22,0,0,1,0,0,28,1,1,0,0,76,2,4,5,5,2,55.4,44.1,56.3,38.9
354,0,3,2,0,1,0,48.3,3,0,0,0,0,0,0,1,0,33.3,2,2,1,3,0,1,0,1,0,1,0,1,0,0,0,1,1,0,0,76,2,2,5,2,1,89.4,53.4,84.8,12.0
355,0,1,3,0,0,2,65.0,4,0,0,0,0,0,0,1,0,33.3,4,3,1,4,1,0,0,1,6,0,1,1,0,0,70,0,0,1,0,0,1,4,2,4,1,18.1,0.0,16.2,58.8
356,2,3,1,0,0,0,40.0,4,0,0,1,0,0,0,0,1,66.7,4,4,3,4,0,1,0,0,22,0,1,1,0,0,70,0,0,1,0,0,1,4,2,5,4,2.7,0.0,13.3,74.5
357,0,2,0,1,3,0,53.3,3,0,1,0,0,0,0,0,1,66.7,2,3,3,1,0,0,1,1,10,1,1,0,0,0,14,0,1,0,0,46,3,1,5,2,2,69.2,41.9,68.6,38.4
358,0,3,0,1,0,2,70.0,5,0,1,1,0,1,0,0,0,100.0,4,4,1,2,0,1,1,0,56,0,0,1,0,0,28,0,0,1,0,0,3,1,5,5,2,34.5,28.7,29.9,70.7
359,1,0,3,0,2,0,55.0,3,0,0,0,1,0,0,0,0,33.3,5,1,1,1,0,1,1,0,56,0,0,1,0,0,28,1,0,0,0,30,3,3,1,1,1,64.0,37.8,54.9,18.7
360,3,0,0,0,2,1,71.7,1,0,1,0,0,0,0,1,1,100.0,1,3,4,1,1,0,0,1,6,0,0,0,0,1,0,1,0,0,0,30,3,3,1,1,2,62.8,24.6,62.5,40.8
361,2,0,3,1,0,0,63.3,4,1,0,1,0,0,1,0,0,100.0,5,3,1,2,0,1,0,0,22,1,0,0,0,0,0,0,0,1,0,0,5,3,2,1,2,42.1,5.0,42.8,47.4
362,0,0,2,3,1,0,55.0,1,0,0,1,0,0,0,0,0,33.3,5,3,1,1,0,1,1,0,56,0,1,0,0,0,42,0,1,1,0,18,1,4,2,5,2,31.4,18.6,26.1,47.6
363,1,3,0,2,0,0,60.0,3,0,1,0,0,0,1,0,1,100.0,2,1,3,2,1,0,0,0,30,0,0,0,1,1,0,0,1,1,0,18,3,2,4,2,1,70.9,31.5,73.7,28.4
364,3,1,2,0,0,0,40.0,2,0,0,1,1,1,0,0,0,100.0,5,4,3,3,0,1,0,1,0,1,0,0,0,0,0,0,1,0,1,18,3,3,4,2,2,43.9,6.9,56.2,45.9
365,2,1,0,3,0,0,60.0,1,0,0,1,0,1,0,0,0,66.7,2,1,2,4,0,1,0,0,22,1,0,0,0,0,0,1,1,0,0,76,3,1,5,2,1,92.5,60.4,90.0,20.1
366,0,1,3,0,0,2,65.0,5,0,1,1,0,0,1,0,0,100.0,1,2,1,3,0,0,1,0,34,0,1,1,0,0,70,0,1,0,0,46,3,2,4,4,2,46.5,52.7,36.9,66.0
367,3,1,2,0,0,0,40.0,3,1,0,1,0,0,1,0,0,100.0,4,1,3,4,0,0,0,1,0,1,0,0,1,0,0,1,0,0,1,2,3,2,4,2,1,53.2,14.4,72.7,28.7
368,3,2,1,0,0,0,40.0,1,0,0,0,1,0,0,0,0,33.3,2,3,4,1,0,0,1,1,10,1,0,0,1,0,0,1,0,0,0,30,1,4,2,1,2,67.4,16.3,71.7,13.8
369,3,0,1,0,0,2,65.0,2,0,0,0,0,0,0,1,0,33.3,2,4,4,3,1,0,0,1,6,1,0,0,0,0,0,0,0,0,1,0,3,1,5,2,2,53.3,18.4,67.4,42.2
370,3,1,0,0,2,0,43.3,3,0,0,0,0,0,1,1,1,100.0,4,2,2,1,0,1,0,1,0,1,1,0,0,0,14,1,0,0,0,30,2,2,5,2,1,58.1,22.3,59.8,37.5
371,0,0,1,2,3,0,55.0,5,0,0,1,0,0,1,0,0,66.7,4,3,1,2,0,1,0,0,22,0,0,1,1,0,48,0,0,1,0,0,5,4,5,4,2,20.7,3.0,13.3,64.8
372,1,2,0,0,3,0,43.3,3,1,0,0,0,1,0,0,0,66.7,5,1,1,4,0,1,0,1,0,1,1,0,0,0,14,1,1,0,0,76,5,3,4,4,2,59.1,39.8,61.8,29.4
373,2,3,1,0,0,0,40.0,3,0,1,0,0,0,0,0,0,33.3,4,3,2,2,0,1,0,1,0,1,0,0,0,0,0,1,0,0,1,2,3,2,5,2,1,54.8,10.8,57.6,25.0
374,3,0,2,0,0,1,65.0,2,1,0,0,0,0,0,0,0,33.3,2,1,4,2,0,0,0,1,0,0,1,0,1,0,62,1,0,0,0,30,2,2,5,2,1,51.6,32.5,64.9,29.7
375,3,2,1,0,0,0,40.0,1,0,1,0,1,0,0,0,1,100.0,4,4,2,4,1,1,0,0,52,1,0,1,0,0,0,1,1,0,0,76,1,1,5,1,4,79.3,56.1,75.6,40.9
376,0,1,2,0,3,0,48.3,3,0,0,0,0,0,0,0,1,33.3,2,3,4,4,0,1,1,0,56,0,0,0,1,1,0,0,1,0,0,46,5,3,4,2,1,85.9,48.5,95.8,23.6
377,2,1,3,0,0,0,40.0,3,0,0,0,0,0,1,0,0,33.3,2,4,3,2,0,1,1,0,56,1,0,0,0,0,0,1,0,0,1,2,2,3,1,4,2,53.8,26.4,62.2,34.8
378,0,3,2,1,0,0,63.3,3,1,0,0,1,0,1,0,0,100.0,2,1,4,1,1,0,1,0,64,0,1,1,0,0,70,1,1,0,0,76,3,3,2,1,3,64.5,59.9,49.4,50.8
379,2,3,1,0,0,0,40.0,3,0,0,0,0,1,0,0,0,33.3,2,3,3,4,0,1,0,1,0,1,0,1,0,0,0,1,1,0,0,76,3,2,1,1,2,82.3,48.6,87.8,14.7
380,3,2,0,0,0,1,63.3,4,0,0,0,1,0,0,1,0,66.7,5,4,4,1,0,1,0,0,22,0,1,0,0,0,42,0,0,1,0,0,2,4,5,4,2,16.2,4.2,21.5,62.2
381,1,2,0,0,3,0,43.3,4,1,0,0,0,1,1,0,0,100.0,4,4,1,4,1,1,0,0,52,1,1,0,0,0,14,1,0,1,0,2,5,4,5,5,3,25.1,12.2,30.6,75.0
382,0,1,0,2,3,0,53.3,2,1,0,0,0,0,0,0,0,33.3,4,3,2,3,0,1,0,0,22,0,0,1,0,0,28,0,0,1,0,0,5,1,4,2,2,44.5,11.8,52.6,40.6
383,2,3,0,0,0,1,63.3,4,1,0,0,1,0,0,0,0,66.7,4,4,3,4,0,0,1,1,10,0,1,0,0,0,42,0,0,1,0,0,5,3,5,4,4,8.7,4.0,19.0,78.2
384,2,3,1,0,0,0,40.0,1,1,0,0,0,0,1,0,0,66.7,2,2,3,4,1,1,0,0,52,1,0,0,0,1,0,0,1,1,0,18,2,2,1,2,2,65.9,33.7,73.5,31.2
385,0,0,1,3,0,2,61.7,5,0,0,1,0,0,1,0,0,66.7,2,3,1,4,0,0,1,0,34,1,1,0,0,0,14,1,0,0,0,30,2,4,4,4,1,60.0,39.4,56.1,41.5
386,1,3,0,0,2,0,43.3,1,0,0,1,0,0,0,0,0,33.3,2,4,1,2,1,1,0,0,52,1,1,0,0,0,14,1,1,0,0,76,5,4,5,4,1,75.7,60.2,65.8,37.9
387,0,2,3,0,0,1,65.0,4,0,1,0,0,0,0,0,0,33.3,2,3,2,1,1,1,0,0,52,0,0,1,0,0,28,1,0,0,0,30,5,2,5,2,1,68.4,44.6,59.7,38.4
388,3,2,1,0,0,0,40.0,4,0,0,0,1,1,0,0,1,100.0,4,3,3,3,1,1,0,0,52,0,0,1,0,1,0,0,1,1,0,18,2,2,5,4,2,48.5,27.0,57.9,44.7
389,1,2,3,0,0,0,40.0,3,0,0,0,0,1,0,1,1,100.0,4,2,3,2,0,1,0,1,0,1,1,0,0,0,14,1,0,0,1,2,5,3,1,1,4,21.8,0.0,37.2,53.8
390,0,2,3,1,0,0,63.3,4,0,1,0,0,0,1,0,0,66.7,5,3,3,4,0,1,0,1,0,1,0,1,0,0,0,0,0,1,0,0,5,3,4,5,2,28.0,0.0,49.8,53.7
391,0,0,2,3,0,1,61.7,2,0,0,0,0,1,0,0,0,33.3,5,4,2,4,1,0,0,0,30,0,1,0,0,0,42,0,1,1,0,18,5,4,2,2,1,37.7,12.3,44.7,49.5
392,3,1,2,0,0,0,40.0,3,0,0,0,0,0,0,0,1,33.3,2,2,1,1,1,0,0,0,30,1,0,0,0,0,0,1,1,0,0,76,3,1,5,2,2,96.0,67.2,79.7,16.5
393,2,0,0,3,0,1,73.3,1,0,1,0,0,0,0,0,0,33.3,4,2,3,2,0,1,1,0,56,1,0,0,0,1,0,1,0,0,0,30,2,3,4,2,1,71.1,32.0,74.1,20.2
394,0,3,2,0,0,1,65.0,2,0,0,0,0,0,1,0,0,33.3,1,1,2,4,1,0,0,0,30,0,1,0,0,0,42,0,0,0,1,0,3,2,5,5,4,27.2,14.6,38.3,51.2
395,3,2,1,0,0,0,40.0,3,1,0,0,1,1,0,0,0,100.0,4,4,3,2,0,1,0,0,22,1,1,0,0,0,14,1,0,0,0,30,3,4,5,1,1,53.9,24.2,51.4,44.9
396,3,0,1,2,0,0,63.3,2,0,0,1,1,0,1,0,0,100.0,2,2,3,1,0,1,1,0,56,0,1,0,0,1,0,0,1,0,1,18,3,2,1,1,2,71.6,38.9,71.5,36.6
397,0,3,1,0,0,2,65.0,3,0,1,0,1,1,0,0,0,100.0,2,4,4,3,0,0,0,1,0,1,0,0,0,0,0,1,0,0,0,30,5,2,4,5,2,40.1,28.7,54.9,69.4
398,2,1,3,0,0,0,40.0,3,0,1,0,0,0,0,0,0,33.3,4,2,3,3,0,0,0,1,0,1,0,0,0,0,0,1,0,0,1,2,3,2,1,2,2,46.1,6.1,65.7,19.9
399,2,3,0,0,1,0,43.3,5,0,1,0,0,0,0,0,0,33.3,2,3,3,1,0,1,0,0,22,1,0,0,0,0,0,1,0,0,1,2,3,2,5,2,1,63.6,26.0,67.7,23.4
400,0,3,0,0,2,1,61.7,3,1,0,1,0,1,0,0,0,100.0,5,3,2,3,0,1,0,0,22,1,0,0,0,0,0,0,0,1,1,0,5,2,1,2,1,45.4,14.1,56.0,46.3
401,3,1,2,0,0,0,40.0,2,0,0,1,0,0,1,0,1,100.0,2,3,1,4,1,1,0,0,52,0,1,0,0,0,42,1,1,0,0,76,1,3,5,2,4,62.1,45.6,49.5,55.3
402,2,1,3,0,0,0,40.0,5,0,1,0,0,0,0,0,0,33.3,1,3,4,3,0,1,0,1,0,0,1,0,0,0,42,0,0,1,0,0,3,3,2,5,4,15.1,6.9,26.0,61.4
403,2,3,0,0,0,1,63.3,5,0,0,0,1,1,0,0,0,66.7,5,2,1,1,0,1,0,0,22,0,1,1,0,0,70,0,1,1,0,18,5,4,5,5,3,10.3,4.3,1.4,66.8
404,2,1,0,3,0,0,60.0,2,0,1,0,1,0,0,0,1,100.0,4,1,3,4,0,1,0,0,22,0,0,0,1,0,20,0,1,0,0,46,2,4,4,4,1,52.5,31.7,67.2,36.0
405,0,0,3,2,1,0,55.0,3,1,1,0,0,1,0,0,0,100.0,2,3,4,4,0,1,0,0,22,1,0,0,0,0,0,1,0,0,1,2,3,2,2,2,2,52.2,13.9,60.9,49.1
406,2,0,0,0,1,3,71.7,2,1,0,1,0,0,0,0,0,66.7,5,3,1,4,0,0,1,1,10,0,1,0,0,0,42,0,1,0,0,46,5,4,4,4,4,12.2,7.7,14.6,69.5
407,1,3,2,0,0,0,40.0,3,0,0,0,1,0,0,0,0,33.3,2,1,2,2,0,1,0,0,22,0,1,0,0,0,42,1,0,0,1,2,5,2,2,4,3,35.2,19.9,34.9,46.2
408,3,0,2,0,0,1,65.0,3,0,0,0,0,1,0,0,0,33.3,5,3,1,4,0,1,0,1,0,0,1,0,1,0,62,0,0,1,0,0,5,4,4,5,3,4.0,0.0,10.4,69.5
409,0,1,2,3,0,0,63.3,2,0,1,0,0,0,0,0,0,33.3,2,1,2,4,1,1,0,0,52,1,0,1,0,0,0,1,1,0,0,76,3,3,1,2,2,91.3,54.9,95.5,10.4
410,3,2,1,0,0,0,40.0,1,1,0,0,0,1,1,0,0,100.0,1,3,3,2,1,1,0,0,52,0,1,0,0,1,0,1,1,0,0,76,5,3,1,1,2,92.2,60.5,85.4,35.3
411,1,3,0,0,2,0,43.3,2,1,0,0,0,0,0,0,0,33.3,4,3,3,3,0,1,0,0,22,1,0,0,0,1,0,1,0,1,0,2,2,3,4,4,3,36.7,6.7,55.4,37.5
412,0,2,1,3,0,0,63.3,3,0,0,0,0,0,0,0,1,33.3,4,3,4,2,0,0,1,1,10,1,0,0,0,0,0,1,0,0,0,30,1,1,1,2,3,53.7,25.8,68.5,25.3
413,0,3,2,0,1,0,48.3,4,1,0,0,1,1,0,0,0,100.0,4,3,4,3,0,1,0,1,0,1,0,0,0,0,0,0,0,1,0,0,1,3,5,5,3,22.8,0.0,42.5,51.4
414,2,0,1,3,0,0,63.3,4,0,0,0,0,1,1,0,0,66.7,2,2,4,3,0,1,0,0,22,1,0,1,0,0,0,1,0,0,0,30,3,2,4,4,2,60.9,30.9,74.2,43.2
415,1,0,2,0,0,3,65.0,2,1,0,0,0,0,0,1,0,66.7,2,2,2,4,1,1,0,0,52,1,0,0,0,1,0,1,0,0,1,2,2,2,2,1,3,58.1,22.5,64.3,31.4
416,3,0,1,0,0,2,65.0,4,0,0,0,0,1,0,0,0,33.3,4,4,1,4,0,0,0,1,0,0,0,1,0,0,28,1,0,1,0,2,5,3,5,2,4,17.6,0.0,28.5,58.3
417,0,2,3,0,0,1,65.0,3,0,0,0,0,1,0,0,1,66.7,4,4,2,4,0,1,0,0,22,0,1,0,0,0,42,0,0,1,0,0,5,4,5,4,4,10.0,0.0,18.3,78.1
418,1,2,0,0,0,3,63.3,4,0,0,0,0,1,0,0,0,33.3,1,3,1,2,1,1,0,0,52,1,0,0,0,1,0,1,1,0,0,76,3,3,1,2,2,90.9,68.5,71.1,26.5
419,3,2,1,0,0,0,40.0,3,0,1,1,0,0,1,0,0,100.0,2,2,3,4,0,1,0,0,22,1,0,1,0,0,0,0,1,0,0,46,1,3,4,2,1,75.3,39.0,82.9,24.5
420,0,0,3,0,2,1,61.7,4,0,0,0,0,0,0,1,0,33.3,5,3,3,3,0,1,0,1,0,0,1,0,0,0,42,1,0,0,0,30,5,4,1,5,3,17.8,3.3,27.2,54.5
421,3,0,0,2,1,0,63.3,2,0,0,1,0,0,0,0,0,33.3,2,2,3,3,0,0,1,1,10,1,0,0,1,0,0,0,1,0,0,46,3,3,1,2,1,75.6,37.2,82.3,16.3
422,0,2,1,0,3,0,48.3,5,1,0,0,1,1,0,0,0,100.0,5,2,1,4,0,1,0,0,22,0,1,0,0,0,42,0,0,0,1,0,5,3,5,4,4,8.8,0.0,16.5,70.2
423,0,0,3,2,0,1,61.7,3,0,0,1,0,0,0,0,0,33.3,2,2,4,1,0,1,0,0,22,1,0,0,0,0,0,1,0,0,0,30,1,3,1,2,1,68.8,35.0,78.3,18.0
424,2,0,1,3,0,0,63.3,1,0,1,0,1,0,0,1,0,100.0,4,2,1,4,0,1,1,0,56,0,1,0,0,0,42,0,1,0,1,18,5,2,4,1,2,51.4,32.1,45.0,51.8
425,0,0,3,2,0,1,61.7,3,0,0,0,0,0,1,1,0,66.7,4,2,2,4,0,0,0,1,0,0,1,0,0,0,42,0,1,0,0,46,3,4,4,5,3,28.6,18.7,32.2,57.9
426,2,0,1,0,3,0,55.0,3,1,0,0,0,0,0,1,0,66.7,2,2,3,4,0,1,1,0,56,0,1,0,1,0,62,0,0,1,0,0,1,4,4,5,4,14.9,11.5,25.0,63.3
427,0,3,0,1,0,2,70.0,1,1,0,1,0,1,0,0,0,100.0,2,3,1,4,1,1,0,0,52,0,1,0,0,0,42,0,1,1,0,18,3,4,2,1,4,34.5,17.0,24.9,61.6
428,0,3,1,0,2,0,48.3,1,0,0,0,1,0,0,0,0,33.3,2,4,1,1,0,1,0,1,0,1,0,0,0,0,0,1,1,0,0,76,2,1,1,4,2,75.8,52.2,70.1,34.5
429,1,3,0,2,0,0,60.0,2,0,0,0,1,0,1,0,0,66.7,4,3,4,4,0,1,0,1,0,1,0,0,0,0,0,1,1,0,0,76,3,2,4,2,1,77.5,40.9,86.9,26.3
430,0,2,3,1,0,0,63.3,2,0,0,0,1,0,0,0,1,66.7,2,2,3,4,0,1,0,0,22,1,0,0,0,1,0,0,0,0,1,0,3,4,4,4,4,28.9,1.8,45.2,45.4
431,3,0,0,1,0,2,73.3,5,1,1,0,0,0,0,0,0,66.7,5,3,1,4,0,1,0,0,22,1,0,1,0,0,0,1,0,1,0,2,2,3,2,4,3,29.4,3.8,43.4,49.4
432,3,1,2,0,0,0,40.0,3,0,0,1,0,0,0,0,0,33.3,5,2,2,2,0,1,0,0,22,0,1,1,0,0,70,1,1,0,0,76,5,1,2,1,3,52.2,50.4,42.6,42.7
433,2,1,0,3,0,0,60.0,3,0,0,0,1,0,1,1,0,100.0,5,3,3,3,0,0,0,1,0,1,0,1,0,0,0,1,0,0,0,30,5,2,4,5,2,37.4,22.4,53.3,57.8
434,1,0,2,0,0,3,65.0,5,0,0,0,1,0,0,1,1,100.0,5,4,2,1,0,1,0,0,22,1,0,1,0,0,0,1,0,0,1,2,3,2,2,2,1,42.3,15.6,46.2,51.5
435,1,0,2,0,0,3,65.0,5,0,1,1,0,0,0,0,0,66.7,5,3,1,1,0,1,0,0,22,0,1,0,0,0,42,1,0,1,0,2,2,4,1,5,4,4.3,0.0,0.0,67.5
436,1,3,0,0,2,0,43.3,3,0,1,1,0,0,0,0,0,66.7,4,1,2,1,1,0,0,0,30,1,0,0,0,0,0,1,0,0,1,2,3,2,2,4,3,39.4,9.3,47.0,30.4
437,2,0,0,1,0,3,73.3,5,1,0,0,0,0,0,0,1,66.7,4,4,1,4,0,1,1,0,56,0,1,1,0,0,70,0,0,1,0,0,5,4,5,4,2,15.6,14.1,12.9,79.9
438,2,0,0,0,1,3,71.7,1,1,1,0,0,0,0,1,0,100.0,4,2,4,3,0,1,0,0,22,1,0,1,0,0,0,0,1,0,0,46,3,2,1,4,3,47.8,29.4,58.7,52.2
439,3,2,0,1,0,0,60.0,5,0,1,0,0,0,1,0,0,66.7,4,3,1,4,0,1,0,1,0,0,1,1,0,0,70,1,1,0,0,76,3,3,5,5,3,33.9,35.6,26.5,65.6
440,2,0,3,1,0,0,63.3,3,1,1,0,1,0,0,0,0,100.0,2,4,3,4,0,1,0,1,0,1,0,0,0,0,0,0,1,1,0,18,1,2,2,2,2,53.9,22.4,64.8,48.5
441,0,3,0,0,2,1,61.7,4,0,0,1,0,1,1,0,0,100.0,5,4,1,4,0,1,0,0,22,0,0,1,0,0,28,0,0,1,0,0,5,3,4,4,4,11.2,0.0,19.4,77.8
442,2,1,0,3,0,0,60.0,3,0,0,1,0,0,0,0,0,33.3,5,2,4,1,0,0,0,1,0,1,0,0,0,0,0,1,0,0,0,30,2,2,4,1,1,64.9,25.8,75.4,9.7
443,1,0,2,0,0,3,65.0,2,0,1,1,0,0,0,0,0,66.7,1,2,1,1,0,1,0,1,0,1,1,0,0,0,14,0,0,1,0,0,1,3,4,5,4,23.5,6.0,27.4,53.4
444,2,1,0,3,0,0,60.0,4,1,1,0,0,0,1,0,0,100.0,2,3,1,2,0,0,1,0,34,0,0,0,0,1,0,1,1,0,0,76,2,2,1,4,3,67.8,59.1,61.2,48.0
445,3,2,1,0,0,0,40.0,1,1,1,1,0,0,0,0,0,100.0,4,2,1,2,0,1,0,0,22,0,0,1,0,0,28,1,1,0,0,76,1,3,4,2,1,68.9,46.7,56.4,32.5
446,2,0,0,0,3,1,71.7,2,0,1,0,0,0,0,0,0,33.3,2,3,2,4,1,0,1,0,64,1,0,1,0,0,0,1,1,0,0,76,3,2,4,1,1,100.0,75.3,97.9,20.5
447,2,3,0,0,0,1,63.3,2,0,0,1,1,0,0,0,0,66.7,1,2,3,4,1,0,0,0,30,1,0,0,0,0,0,1,1,0,0,76,3,3,5,2,2,88.5,58.7,88.5,24.4
448,3,2,1,0,0,0,40.0,2,0,1,0,0,0,1,0,0,66.7,5,4,3,3,0,0,1,0,34,1,0,1,0,0,0,0,1,1,0,18,5,4,2,5,1,42.6,17.5,53.8,51.8
449,0,0,3,1,0,2,61.7,3,0,0,0,0,0,1,0,0,33.3,4,4,3,4,0,1,0,0,22,0,1,1,0,0,70,1,0,1,0,2,1,3,4,4,1,27.2,15.7,35.6,57.4
450,0,1,3,0,0,2,65.0,2,0,0,0,0,0,1,0,0,33.3,5,4,1,3,0,1,1,0,56,0,1,1,0,0,70,1,1,0,0,76,5,3,4,5,4,30.8,44.3,17.9,74.3
451,0,0,3,0,2,1,61.7,2,0,0,1,0,1,0,0,0,66.7,5,4,1,4,1,1,0,0,52,0,1,0,0,0,42,0,0,1,0,0,5,4,4,5,3,9.6,1.8,14.6,77.0
452,0,3,1,0,2,0,48.3,5,0,1,0,0,0,0,0,1,66.7,5,1,3,4,0,0,0,1,0,0,1,1,0,0,70,0,0,1,0,0,5,4,4,4,3,4.6,0.0,22.7,55.9
453,2,1,3,0,0,0,40.0,2,0,1,0,0,0,0,0,0,33.3,2,3,3,3,1,0,0,0,30,1,1,0,0,0,14,1,0,0,0,30,3,3,2,1,3,59.2,22.9,65.7,31.3
454,3,0,0,1,2,0,63.3,2,0,0,0,0,0,1,0,1,66.7,4,4,1,4,0,1,0,0,22,0,1,1,0,0,70,1,0,1,0,2,5,4,4,5,4,0.0,0.0,1.0,82.1
455,2,0,0,1,3,0,63.3,4,0,0,0,1,0,0,0,0,33.3,4,2,3,3,0,1,0,0,22,0,0,1,0,0,28,1,1,0,0,76,3,3,2,5,1,61.4,44.6,68.4,32.6
456,2,0,0,1,3,0,63.3,3,0,1,0,0,0,1,0,0,66.7,2,2,3,4,1,1,0,0,52,1,0,0,1,0,0,1,0,0,0,30,3,3,5,2,2,71.8,36.7,83.1,27.0
457,2,1,3,0,0,0,40.0,1,0,0,1,1,0,0,0,0,66.7,4,4,3,3,0,1,0,0,22,0,0,0,1,0,20,1,1,0,0,76,3,4,1,2,2,63.5,40.9,60.8,43.4
458,0,1,3,0,0,2,65.0,3,1,1,0,0,0,1,0,0,100.0,4,3,3,4,0,1,0,0,22,0,0,1,0,0,28,1,0,0,0,30,5,1,4,1,1,63.8,34.5,71.3,49.1
459,2,1,3,0,0,0,40.0,4,0,0,0,0,1,0,0,1,66.7,1,2,1,2,0,1,1,0,56,1,0,0,0,0,0,0,0,0,1,0,1,2,4,1,2,72.3,32.9,70.9,23.2
460,3,0,2,1,0,0,63.3,3,0,0,0,1,0,0,0,0,33.3,2,2,2,4,1,1,0,0,52,1,0,0,0,0,0,1,0,0,1,2,2,1,4,2,2,65.4,33.8,78.6,17.5
461,2,0,1,3,0,0,63.3,3,0,0,0,0,1,0,0,0,33.3,2,3,1,1,1,1,0,0,52,1,1,0,0,0,14,0,1,0,1,18,3,1,1,2,1,68.3,43.5,65.3,26.5
462,0,1,0,2,0,3,70.0,3,1,0,0,0,0,1,0,0,66.7,5,3,1,4,0,0,1,0,34,0,1,1,0,0,70,1,0,0,1,2,5,1,5,5,3,16.5,14.2,20.2,72.7
463,2,3,0,0,0,1,63.3,2,0,1,0,1,1,0,0,0,100.0,2,2,1,3,1,0,0,1,6,1,0,1,0,0,0,1,0,1,0,2,3,3,5,4,2,41.4,7.6,49.9,40.4
464,0,3,0,2,1,0,53.3,3,1,0,0,0,1,0,0,0,66.7,5,3,3,1,0,1,0,0,22,0,0,1,0,0,28,1,0,1,0,2,5,4,4,2,1,33.3,4.7,33.5,49.4
465,3,0,2,1,0,0,63.3,3,0,0,1,0,1,0,0,0,66.7,5,2,3,3,0,0,1,1,10,1,0,1,0,0,0,0,0,1,0,0,5,2,5,2,4,29.1,0.0,47.7,40.7
466,0,0,3,0,1,2,61.7,3,0,0,1,0,1,1,0,0,100.0,2,2,2,4,0,0,0,1,0,1,0,0,0,0,0,1,0,0,0,30,2,2,1,5,4,44.0,25.0,52.5,51.0
467,3,2,0,0,1,0,43.3,3,1,0,0,1,0,0,0,1,100.0,2,2,2,3,0,1,0,0,22,1,0,0,0,1,0,1,0,1,0,2,1,3,1,1,1,59.9,24.6,63.3,29.7
468,1,2,0,0,3,0,43.3,1,1,0,0,0,0,0,0,1,66.7,2,2,2,2,1,0,0,0,30,1,0,0,0,0,0,1,1,0,0,76,1,3,1,4,1,81.6,51.2,73.8,27.5
469,0,1,0,2,0,3,70.0,5,0,0,0,0,1,0,0,0,33.3,2,4,1,4,0,1,0,0,22,0,1,0,0,0,42,1,0,1,0,2,1,3,5,5,2,31.6,21.0,36.9,57.1
470,1,0,0,2,0,3,73.3,5,0,1,1,0,0,0,1,0,100.0,5,1,4,4,0,1,0,0,22,1,0,1,0,0,0,0,1,0,0,46,5,3,2,5,1,51.4,37.1,69.2,44.4
471,1,2,3,0,0,0,40.0,3,1,0,1,0,1,0,0,0,100.0,2,3,3,3,0,1,0,1,0,1,0,0,0,0,0,1,0,0,0,30,2,1,2,2,2,61.2,31.8,70.5,36.6
472,1,2,0,3,0,0,60.0,3,1,0,0,1,0,1,0,0,100.0,1,1,1,3,0,1,0,0,22,1,0,0,0,0,0,1,1,0,0,76,3,1,4,1,1,99.7,68.1,87.7,22.6
473,3,0,1,0,0,2,65.0,1,0,0,0,0,0,0,0,1,33.3,2,2,3,4,1,1,0,0,52,0,0,1,1,0,48,1,1,0,0,76,3,3,5,5,1,70.3,65.4,69.5,37.5
474,0,3,0,0,2,1,61.7,4,0,1,0,0,0,1,0,1,100.0,4,3,1,3,0,1,0,0,22,1,0,1,0,0,0,0,0,1,0,0,1,2,4,4,1,41.2,18.1,49.0,47.0
475,0,3,1,0,0,2,65.0,1,0,0,0,0,0,1,0,1,66.7,2,1,3,2,0,1,0,0,22,0,0,1,0,1,0,1,0,0,0,30,3,2,2,4,3,57.1,26.0,61.5,37.1
476,3,1,0,0,2,0,43.3,3,0,0,1,1,0,1,0,0,100.0,2,2,3,4,1,0,1,0,64,1,0,0,0,1,0,1,0,0,1,2,2,3,1,2,2,60.0,25.9,63.7,39.9
477,3,2,1,0,0,0,40.0,1,0,1,0,0,1,0,1,0,100.0,4,3,1,4,0,1,0,1,0,0,0,1,0,0,28,1,1,0,0,76,3,1,5,5,1,61.2,53.1,56.5,57.7
478,2,3,0,0,1,0,43.3,3,1,0,0,1,0,1,0,0,100.0,4,4,3,2,0,1,0,1,0,0,0,0,0,1,0,1,0,0,1,2,1,2,4,1,1,51.9,12.3,61.5,40.5
479,0,0,3,2,1,0,55.0,1,0,0,0,1,0,0,0,0,33.3,2,1,1,4,1,1,0,0,52,1,0,0,0,1,0,1,0,0,0,30,2,4,1,5,1,67.2,32.8,72.1,14.0
480,1,0,3,0,0,2,65.0,3,0,0,0,0,0,0,1,0,33.3,2,3,1,2,0,1,0,1,0,0,1,0,0,0,42,0,0,1,0,0,5,3,5,4,1,33.5,11.9,33.7,49.8
481,3,2,0,0,1,0,43.3,1,0,1,1,1,0,0,0,0,100.0,5,4,3,4,1,0,0,0,30,1,0,0,0,0,0,1,1,0,0,76,3,4,2,4,2,57.0,41.9,62.1,51.4
482,0,3,0,0,1,2,61.7,3,0,1,0,1,0,0,0,0,66.7,1,1,3,3,0,0,0,1,0,1,1,0,0,0,14,0,0,1,0,0,2,3,4,2,2,46.8,13.2,62.2,27.8
483,2,3,0,0,0,1,63.3,3,1,0,0,1,0,0,0,0,66.7,2,4,2,1,1,1,0,0,52,0,0,1,0,0,28,0,1,1,0,18,5,4,2,4,3,39.1,27.7,32.4,63.1
484,1,3,0,0,2,0,43.3,3,0,0,0,0,1,0,0,1,66.7,2,4,3,2,1,1,0,0,52,0,0,1,0,0,28,1,1,0,0,76,1,2,5,2,2,74.5,66.3,66.5,41.6
485,2,0,0,1,0,3,73.3,5,0,1,0,1,0,0,0,0,66.7,1,1,1,4,0,1,0,0,22,1,0,0,0,0,0,0,0,1,0,0,3,4,1,4,2,48.6,14.9,52.4,32.4
486,2,3,1,0,0,0,40.0,2,0,0,1,0,0,0,0,1,66.7,5,3,3,1,0,1,0,0,22,1,1,0,0,0,14,1,0,0,0,30,3,3,2,1,2,54.0,19.9,55.5,33.7
487,3,1,0,0,0,2,63.3,3,0,1,0,0,0,0,0,1,66.7,4,3,1,4,0,1,1,0,56,1,0,1,0,0,0,1,0,0,1,2,2,4,4,5,3,34.4,10.1,37.6,50.3
488,0,0,3,2,0,1,61.7,1,0,1,1,1,0,0,0,0,100.0,4,1,2,2,1,0,0,0,30,1,0,0,0,0,0,0,1,0,0,46,2,2,1,2,2,63.8,38.5,68.1,28.0
489,0,3,2,0,0,1,65.0,3,0,0,0,1,0,0,0,0,33.3,4,2,3,4,0,1,0,0,22,1,0,0,0,0,0,0,1,0,0,46,3,2,4,1,2,68.5,34.0,77.6,21.0
490,0,3,2,0,0,1,65.0,3,0,0,0,1,0,0,0,0,33.3,4,2,3,3,1,0,0,1,6,0,1,0,0,0,42,1,0,0,1,2,1,4,4,2,3,27.9,0.0,36.5,37.7
491,3,2,1,0,0,0,40.0,3,1,0,0,1,1,0,0,0,100.0,2,4,2,3,0,1,0,0,22,1,0,1,0,0,0,0,1,1,0,18,3,2,1,2,2,59.5,27.4,60.8,50.3
492,3,2,0,0,1,0,43.3,3,0,0,0,1,0,0,0,0,33.3,2,2,3,3,1,1,0,0,52,1,0,0,0,1,0,1,0,0,0,30,1,2,5,2,2,77.2,45.7,81.9,13.7
493,1,3,0,0,2,0,43.3,2,0,1,0,0,0,0,0,1,66.7,4,3,3,3,0,1,1,0,56,0,0,1,0,0,28,1,0,1,0,2,1,2,4,4,1,46.2,25.4,57.0,46.9
494,0,0,3,2,1,0,55.0,5,1,0,1,0,0,1,0,0,100.0,4,2,1,3,0,0,1,1,10,1,1,0,0,0,14,0,0,1,0,0,2,3,4,4,3,22.2,1.7,28.8,51.5
495,0,2,3,1,0,0,63.3,3,0,0,0,0,0,0,0,1,33.3,4,3,1,2,0,1,0,0,22,0,1,1,0,0,70,0,0,1,0,0,1,2,4,4,3,16.7,3.3,15.5,55.3
496,0,3,0,1,2,0,53.3,2,1,0,0,0,0,0,0,0,33.3,4,3,2,3,0,0,0,1,0,1,0,1,0,0,0,0,1,1,0,18,1,4,1,5,2,41.1,5.3,53.3,34.4
497,1,3,0,0,0,2,63.3,5,0,0,0,1,0,0,1,0,66.7,4,3,3,3,0,1,0,0,22,0,1,0,0,0,42,1,0,0,1,2,5,2,5,4,3,20.3,11.3,28.9,64.1
498,1,2,3,0,0,0,40.0,3,0,0,1,0,0,0,0,0,33.3,4,2,2,3,0,1,1,0,56,1,0,0,0,1,0,1,0,0,0,30,3,2,4,2,1,80.1,39.4,80.9,13.9
499,3,2,0,0,0,1,63.3,2,0,0,0,0,0,0,0,1,33.3,2,1,3,4,0,0,1,0,34,1,0,0,0,0,0,1,1,0,0,76,2,1,4,2,1,97.8,69.1,100.0,5.2
500,0,3,2,0,0,1,65.0,5,0,0,0,0,0,0,1,0,33.3,1,1,1,4,0,1,0,0,22,0,1,0,0,0,42,0,0,1,0,0,3,4,1,4,4,24.2,9.3,32.0,43.0
501,3,0,1,0,2,0,55.0,2,0,0,1,0,0,0,0,0,33.3,5,2,1,2,1,0,0,1,6,0,1,0,0,0,42,0,0,1,0,0,3,4,2,4,4,11.3,0.0,12.4,52.0
502,3,2,1,0,0,0,40.0,2,0,1,0,0,1,0,0,1,100.0,2,2,4,4,1,0,1,0,64,1,0,0,0,1,0,1,0,0,1,2,3,4,1,2,1,65.3,29.0,80.0,36.7
503,3,2,0,1,0,0,60.0,3,0,0,0,0,0,0,1,0,33.3,5,3,2,3,0,1,0,0,22,1,0,0,0,1,0,0,1,1,0,18,3,3,1,2,1,52.6,20.6,62.7,31.4
504,3,2,1,0,0,0,40.0,3,0,0,0,1,0,0,0,0,33.3,2,3,1,4,0,1,0,0,22,0,0,0,1,1,0,1,0,0,0,30,2,4,2,1,4,52.4,14.0,55.4,23.6
505,1,0,0,0,2,3,71.7,4,1,0,0,0,1,1,0,0,100.0,4,3,4,3,0,0,0,1,0,0,1,1,0,0,70,0,0,1,1,0,5,4,1,5,1,6.3,5.3,23.9,80.7
506,2,3,1,0,0,0,40.0,4,1,0,0,0,0,0,0,0,33.3,2,1,4,1,0,0,1,0,34,0,0,1,0,0,28,0,1,1,0,18,5,3,5,1,3,52.8,22.1,58.3,20.1
507,1,0,0,0,3,2,71.7,3,1,0,0,0,1,0,1,0,100.0,5,2,1,1,1,1,0,0,52,0,0,1,0,1,0,0,0,1,0,0,5,4,4,5,3,31.1,4.7,29.6,56.5
508,1,0,2,3,0,0,63.3,1,1,0,1,0,0,0,0,0,66.7,4,1,3,3,0,1,0,0,22,1,0,0,0,0,0,1,0,0,1,2,5,1,1,5,1,49.7,18.5,67.4,35.7
509,1,0,3,2,0,0,63.3,4,0,0,1,0,0,1,0,0,66.7,1,1,2,3,0,1,1,0,56,0,0,0,1,1,0,1,0,0,0,30,3,1,2,2,2,83.5,55.2,83.4,19.8
510,3,0,0,0,2,1,71.7,1,1,0,0,0,0,1,0,1,100.0,5,4,4,2,0,1,1,0,56,1,1,0,0,0,14,0,0,0,1,0,5,3,5,4,2,32.8,15.8,38.9,73.2
511,0,1,0,0,2,3,61.7,3,1,0,0,1,0,0,1,0,100.0,4,3,3,3,0,0,1,1,10,1,0,0,0,0,0,0,1,0,0,46,3,4,4,1,3,52.1,23.6,55.9,41.8
512,0,3,1,0,2,0,48.3,3,0,0,1,0,0,0,0,0,33.3,2,4,4,4,1,1,0,0,52,0,1,1,0,0,70,1,0,0,1,2,3,3,5,2,2,37.6,23.5,44.6,54.5
513,0,0,3,0,2,1,61.7,3,0,0,0,0,0,1,0,0,33.3,5,1,3,3,1,0,0,1,6,1,1,0,0,0,14,0,0,1,1,0,5,3,4,4,3,27.5,0.0,44.8,33.4
514,3,0,2,0,1,0,55.0,4,1,0,0,1,0,0,1,0,100.0,2,2,3,1,0,1,1,0,56,1,1,0,0,0,14,1,0,0,1,2,3,2,4,2,2,55.8,31.8,51.3,45.9
515,2,0,1,3,0,0,63.3,3,1,1,0,0,0,0,0,1,100.0,4,3,4,4,0,1,1,0,56,0,0,1,0,0,28,1,1,0,0,76,5,2,5,1,3,62.8,57.9,64.5,53.7
516,2,0,0,3,1,0,63.3,3,0,0,0,0,1,0,0,0,33.3,5,3,1,4,0,0,1,1,10,0,1,0,1,0,62,0,0,1,0,0,1,2,4,4,2,21.1,5.1,29.0,52.0
517,3,0,0,2,0,1,73.3,2,0,0,1,0,0,0,0,0,33.3,2,3,2,4,0,0,0,1,0,0,1,1,0,0,70,1,0,0,0,30,1,2,5,2,2,40.7,21.7,44.1,50.3
518,0,1,0,3,2,0,53.3,4,0,0,1,0,0,0,0,0,33.3,5,2,1,4,1,0,0,0,30,1,1,0,0,0,14,0,0,1,0,0,2,4,4,5,1,36.2,8.8,49.0,35.4
519,3,0,1,2,0,0,63.3,3,0,0,0,0,1,1,0,0,66.7,1,3,2,4,0,0,0,1,0,1,0,0,0,0,0,0,1,1,0,18,2,3,2,1,1,63.6,24.9,72.5,31.6
520,2,0,3,0,0,1,65.0,4,1,1,0,1,0,0,0,0,100.0,2,4,3,2,0,1,0,0,22,0,1,0,1,0,62,1,0,1,0,2,2,2,4,4,2,25.6,22.3,22.0,75.3
521,2,0,0,1,3,0,63.3,4,0,0,0,1,0,0,0,1,66.7,4,3,1,3,1,0,1,0,64,0,0,0,1,1,0,0,1,1,0,18,1,3,4,2,2,59.1,27.6,57.6,35.3
522,2,1,3,0,0,0,40.0,1,0,0,0,1,0,0,0,0,33.3,4,3,4,4,0,0,1,0,34,1,0,0,1,0,0,1,0,0,0,30,1,3,5,2,2,57.5,20.4,78.3,19.6
523,1,0,2,0,0,3,65.0,4,0,1,0,0,1,0,0,1,100.0,2,4,4,3,1,0,0,0,30,0,1,1,0,0,70,1,0,1,0,2,3,3,1,4,2,21.8,19.7,26.8,81.5
524,3,2,1,0,0,0,40.0,2,0,0,0,1,0,0,0,0,33.3,1,2,3,4,0,0,1,0,34,1,0,0,0,0,0,1,0,0,1,2,2,2,4,2,1,72.0,29.7,82.9,15.3
525,2,3,0,0,0,1,63.3,3,0,0,1,0,0,0,1,0,66.7,4,4,3,3,1,0,0,0,30,0,1,1,0,0,70,0,1,1,0,18,3,4,2,4,3,17.7,16.0,20.4,76.7
526,1,0,2,0,3,0,55.0,3,0,0,0,1,0,0,0,0,33.3,2,2,1,1,0,1,0,1,0,0,0,1,0,0,28,0,0,1,0,0,5,2,4,5,1,40.2,18.8,37.4,43.3
527,0,0,1,0,3,2,61.7,5,0,1,0,0,0,0,0,0,33.3,1,3,1,3,1,1,0,0,52,1,0,1,0,0,0,0,1,0,1,18,1,3,4,2,2,71.2,37.0,67.7,25.7
528,0,0,3,1,2,0,55.0,2,0,0,1,0,0,0,0,0,33.3,1,4,1,1,1,0,0,1,6,0,1,0,0,0,42,1,0,1,0,2,5,3,2,5,4,16.4,5.8,9.5,70.6
529,3,0,1,0,2,0,55.0,2,0,0,0,0,0,1,0,0,33.3,2,2,3,4,1,1,0,0,52,1,0,0,1,0,0,1,1,0,0,76,1,3,2,1,1,97.8,60.4,97.6,9.3
530,2,0,3,1,0,0,63.3,3,0,1,0,0,1,0,0,0,66.7,4,3,1,2,1,1,0,0,52,0,0,1,0,0,28,1,1,0,0,76,3,3,5,2,1,73.2,54.0,58.8,42.4
531,1,2,0,0,0,3,63.3,4,0,0,0,0,1,0,0,1,66.7,5,2,2,4,0,1,0,0,22,0,1,0,0,0,42,0,0,0,1,0,5,2,4,4,4,12.8,5.4,27.0,61.9
532,2,1,0,0,0,3,63.3,2,1,0,1,0,0,1,0,0,100.0,1,2,3,3,0,1,0,0,22,1,0,1,0,0,0,0,1,1,0,18,2,2,4,2,1,66.3,32.7,79.7,32.1
533,3,0,0,1,0,2,73.3,3,1,0,1,0,0,0,0,0,66.7,5,3,2,3,0,0,0,1,0,1,1,0,0,0,14,0,0,1,1,0,3,2,5,2,2,36.6,3.9,46.9,46.7
534,1,3,2,0,0,0,40.0,1,1,0,0,1,1,0,0,0,100.0,2,4,2,4,0,1,0,1,0,1,0,1,0,0,0,0,1,1,0,18,3,3,4,1,1,57.2,12.6,63.5,43.8
535,0,2,1,3,0,0,63.3,3,0,0,0,0,1,0,0,0,33.3,5,3,3,3,1,0,1,0,64,0,0,1,0,0,28,1,1,0,0,76,3,3,5,2,3,70.3,53.2,68.9,36.0
536,2,1,3,0,0,0,40.0,5,0,1,0,0,0,1,1,0,100.0,4,4,1,3,0,1,0,1,0,0,1,0,0,0,42,0,0,1,0,0,5,4,5,2,2,24.0,0.0,20.3,66.7
537,3,0,1,2,0,0,63.3,3,1,0,0,1,0,1,0,0,100.0,5,3,3,3,0,1,0,0,22,1,0,0,0,0,0,0,0,1,0,0,5,3,1,2,4,27.8,0.0,38.1,61.3
538,2,0,3,1,0,0,63.3,1,0,0,0,0,0,0,1,0,33.3,4,2,4,3,1,0,1,0,64,1,0,0,0,0,0,1,0,0,0,30,3,3,5,1,1,78.8,35.0,90.6,11.6
539,2,3,0,0,1,0,43.3,1,0,0,1,0,0,0,0,0,33.3,4,4,1,3,1,1,0,0,52,1,1,0,0,0,14,0,0,1,0,0,2,2,1,1,2,60.9,19.4,56.6,34.1
540,0,1,0,2,3,0,53.3,3,0,0,0,1,1,1,0,0,100.0,4,3,3,3,0,1,1,0,56,0,0,1,0,0,28,1,0,0,0,30,3,4,5,4,1,49.3,28.2,50.3,55.0
541,0,3,1,0,0,2,65.0,3,0,1,0,1,0,0,0,0,66.7,2,1,4,1,1,0,1,0,64,1,0,1,0,0,0,1,0,0,0,30,3,1,1,2,1,83.3,53.4,93.0,18.5
542,2,1,0,3,0,0,60.0,3,0,0,0,0,0,1,0,1,66.7,2,3,1,3,0,1,0,1,0,1,0,0,0,0,0,0,0,1,0,0,3,3,1,2,3,36.5,0.0,45.2,43.4
543,2,3,0,0,0,1,63.3,3,0,1,0,0,1,0,0,0,66.7,2,1,4,2,0,1,1,0,56,0,0,1,0,1,0,1,1,0,0,76,3,2,5,2,3,87.4,59.5,87.9,24.9
544,1,3,0,0,2,0,43.3,3,0,0,1,0,0,0,0,0,33.3,5,3,1,4,1,0,1,0,64,0,1,0,0,0,42,1,0,1,0,2,2,3,5,5,4,16.2,8.3,24.3,59.8
545,3,2,1,0,0,0,40.0,3,1,0,0,0,0,0,1,1,100.0,1,4,3,2,0,1,0,0,22,1,0,0,0,0,0,1,0,0,0,30,1,2,5,1,1,74.2,37.2,75.4,34.5
546,3,0,0,1,0,2,73.3,4,1,0,1,0,1,0,0,0,100.0,5,4,1,4,1,0,0,1,6,0,1,0,0,0,42,1,0,1,0,2,5,2,5,5,1,16.3,9.8,27.1,81.8
547,0,2,0,1,3,0,53.3,3,0,0,0,1,0,0,0,0,33.3,2,2,2,4,1,0,1,0,64,1,0,0,0,0,0,1,1,0,0,76,2,1,5,2,1,100.0,78.3,98.3,13.4
548,2,0,0,3,0,1,73.3,3,1,1,0,1,0,0,0,0,100.0,1,3,4,1,0,1,0,0,22,0,1,1,0,0,70,1,0,1,0,2,2,4,4,1,4,19.8,7.8,13.0,74.9
549,1,0,0,0,2,3,71.7,3,0,0,0,0,1,0,0,0,33.3,5,3,3,3,0,0,0,1,0,0,1,0,0,0,42,0,0,1,0,0,5,1,5,4,2,21.9,0.1,36.7,55.4
550,1,0,3,0,0,2,65.0,4,0,1,0,0,1,0,0,0,66.7,4,3,3,4,0,1,0,1,0,0,1,1,0,0,70,1,0,0,0,30,5,3,5,5,3,10.2,16.4,20.0,75.8
551,2,0,3,1,0,0,63.3,3,0,0,0,0,0,1,0,0,33.3,5,2,1,4,0,1,1,0,56,1,0,0,0,0,0,0,1,1,0,18,3,2,2,4,2,59.1,29.4,64.9,30.3
552,1,3,0,2,0,0,60.0,4,1,0,1,0,0,0,1,0,100.0,1,3,3,3,0,1,1,0,56,1,1,0,0,0,14,1,1,0,0,76,3,2,4,2,4,73.2,61.2,66.7,50.2
553,0,2,3,1,0,0,63.3,3,0,1,0,0,1,1,0,0,100.0,4,2,3,3,0,1,0,0,22,1,0,0,1,0,0,1,0,0,0,30,1,1,2,1,2,63.8,35.0,71.6,31.6
554,3,1,2,0,0,0,40.0,1,0,0,0,1,0,1,0,1,100.0,4,1,1,3,1,1,0,0,52,1,0,0,1,0,0,1,0,0,0,30,3,2,2,4,2,53.4,33.8,60.6,36.8
555,1,2,0,3,0,0,60.0,2,0,0,0,0,0,1,0,0,33.3,2,2,3,4,1,0,1,0,64,1,0,0,1,0,0,0,1,0,0,46,2,1,1,2,1,92.1,63.9,93.3,14.7
556,2,0,3,1,0,0,63.3,3,1,0,1,1,0,0,0,0,100.0,2,4,2,3,0,1,0,0,22,1,0,0,0,0,0,1,0,0,0,30,2,2,5,5,1,52.3,36.1,57.8,54.8
557,3,2,0,1,0,0,60.0,4,0,0,1,1,0,0,0,0,66.7,4,3,4,1,0,0,1,1,10,1,1,0,0,0,14,0,0,1,0,0,2,2,4,2,1,44.1,15.5,55.2,37.8
558,1,3,2,0,0,0,40.0,3,1,0,0,1,0,1,0,0,100.0,4,3,4,4,0,1,0,0,22,0,0,1,0,1,0,0,1,1,0,18,5,3,4,5,1,41.7,23.9,64.2,51.6
559,2,0,0,3,1,0,63.3,2,0,1,0,0,0,0,1,0,66.7,4,4,2,4,0,1,0,1,0,0,0,0,0,1,0,0,1,0,0,46,2,3,5,2,1,60.8,25.1,65.9,40.7
560,3,2,1,0,0,0,40.0,3,0,1,0,0,0,0,0,1,66.7,5,3,2,2,1,0,0,1,6,1,1,0,0,0,14,0,1,0,1,18,1,2,2,4,2,37.7,14.8,48.8,42.0
561,3,0,2,0,0,1,65.0,5,1,0,1,0,0,1,0,0,100.0,5,4,1,2,1,0,1,0,64,1,0,0,0,1,0,1,1,0,0,76,1,3,2,4,4,55.8,53.0,44.7,57.8
562,0,3,2,0,1,0,48.3,5,1,1,0,0,1,0,0,0,100.0,5,2,3,3,0,0,1,0,34,0,0,1,0,0,28,0,0,1,0,0,5,2,2,1,2,42.9,15.2,52.4,48.4
563,2,0,3,0,0,1,65.0,5,0,1,0,0,0,1,0,0,66.7,4,3,3,4,0,0,1,0,34,0,1,0,0,0,42,1,0,1,0,2,5,4,4,5,3,19.8,12.8,31.9,62.3
564,1,2,3,0,0,0,40.0,3,1,0,0,0,0,0,0,0,33.3,4,2,1,1,0,1,0,1,0,1,0,0,0,0,0,0,0,0,1,0,3,1,2,1,1,58.0,17.7,62.3,17.0
565,3,2,0,1,0,0,60.0,3,0,1,0,1,0,0,0,0,66.7,4,3,2,3,1,0,1,0,64,0,1,0,0,0,42,0,1,0,0,46,5,4,5,2,3,48.5,34.0,39.0,54.6
566,3,0,1,0,0,2,65.0,5,0,1,0,1,1,0,0,0,100.0,4,4,2,4,0,1,0,0,22,0,0,1,0,0,28,1,1,0,0,76,1,4,4,4,4,36.8,32.9,37.8,64.3
567,3,0,0,1,0,2,73.3,3,0,0,0,0,0,1,0,0,33.3,1,1,4,3,0,1,1,0,56,1,0,1,0,0,0,1,1,0,0,76,2,1,2,1,1,100.0,76.5,100.0,2.8
568,0,1,3,0,0,2,65.0,2,0,1,0,0,0,0,1,0,66.7,2,2,3,4,1,0,1,0,64,1,0,0,0,0,0,1,1,0,0,76,2,1,4,2,2,96.5,75.9,98.8,22.8
569,3,1,0,0,0,2,63.3,3,1,0,0,1,0,0,0,0,66.7,4,2,4,2,1,1,0,0,52,1,0,0,1,0,0,1,1,0,0,76,5,2,5,2,2,78.2,58.9,79.7,27.1
570,0,1,0,0,3,2,61.7,5,1,0,1,0,0,0,0,0,66.7,5,4,1,4,0,1,0,0,22,1,1,0,0,0,14,0,1,1,0,18,3,2,2,1,3,40.5,19.6,43.4,49.7
571,3,0,2,0,0,1,65.0,3,0,0,0,0,0,1,0,0,33.3,4,3,4,1,0,1,0,0,22,1,0,0,0,0,0,0,0,1,1,0,1,3,4,2,2,46.0,3.2,60.1,31.6
572,3,2,0,0,1,0,43.3,3,0,0,0,0,1,0,0,0,33.3,4,1,4,4,1,1,0,0,52,1,0,0,0,0,0,0,1,0,0,46,3,3,5,2,1,79.3,44.2,90.6,10.6
573,1,0,0,2,3,0,63.3,1,1,0,0,0,0,1,0,0,66.7,4,2,1,3,0,0,0,1,0,0,0,1,1,0,48,0,0,1,0,0,2,2,2,5,4,12.0,0.0,12.3,58.6
574,1,0,0,3,0,2,73.3,4,1,0,0,0,0,0,0,0,33.3,2,4,2,4,0,1,0,1,0,0,1,0,1,0,62,0,1,0,0,46,5,4,2,5,4,20.1,19.6,18.5,74.0
575,3,2,1,0,0,0,40.0,3,0,0,1,0,0,0,0,1,66.7,2,2,3,4,0,1,0,0,22,0,0,1,0,0,28,0,1,0,0,46,3,3,4,4,4,47.9,27.0,54.4,47.4
576,3,2,0,1,0,0,60.0,3,0,1,0,1,0,1,0,0,100.0,4,4,3,2,0,1,0,0,22,1,0,0,0,0,0,1,0,1,0,2,3,4,5,2,4,28.4,0.0,31.0,61.6
577,0,2,0,3,0,1,70.0,3,0,0,0,1,0,0,0,0,33.3,2,3,3,4,1,1,0,0,52,1,0,1,0,0,0,1,0,0,1,2,3,4,4,5,2,47.3,16.0,60.8,42.0
578,1,2,0,0,3,0,43.3,3,0,0,1,0,1,1,0,0,100.0,2,4,1,4,0,0,1,0,34,1,0,0,0,1,0,1,0,1,0,2,3,3,4,4,1,48.5,14.9,56.5,52.9
579,0,0,3,0,2,1,61.7,2,0,0,1,1,0,1,0,0,100.0,2,3,3,4,0,0,0,1,0,1,1,0,0,0,14,0,0,1,0,0,5,1,4,5,2,34.5,13.5,51.9,62.8
580,2,0,3,1,0,0,63.3,3,0,1,0,1,0,0,0,0,66.7,4,4,1,2,1,1,0,0,52,1,0,0,0,0,0,1,0,0,0,30,3,3,1,2,1,64.3,36.8,59.0,40.1
581,3,0,1,0,2,0,55.0,3,0,0,0,1,0,0,0,0,33.3,5,2,4,3,0,1,0,0,22,0,1,0,0,0,42,0,0,1,0,0,5,4,5,4,3,15.1,0.0,31.3,51.8
582,2,3,0,1,0,0,60.0,3,0,0,0,1,1,1,0,0,100.0,1,3,3,2,1,1,0,0,52,1,0,0,0,1,0,1,1,0,0,76,3,4,5,5,1,80.0,61.4,72.1,47.4
583,2,1,3,0,0,0,40.0,3,1,0,0,0,0,0,0,0,33.3,2,4,1,3,0,1,1,0,56,1,0,0,0,0,0,1,0,0,0,30,3,2,1,2,2,72.7,43.5,69.3,34.4
584,0,3,1,0,0,2,65.0,3,1,0,0,0,0,0,0,0,33.3,5,4,4,4,0,1,0,1,0,1,0,1,0,0,0,1,0,0,1,2,3,3,2,5,2,21.9,0.0,49.0,44.7
585,2,3,0,1,0,0,60.0,3,0,0,0,0,0,1,0,0,33.3,2,2,1,2,1,1,0,0,52,1,0,0,0,0,0,1,1,0,0,76,2,3,5,2,3,87.0,59.4,75.2,16.2
586,0,0,1,2,0,3,61.7,4,1,1,0,1,0,0,0,0,100.0,4,4,1,4,0,1,0,1,0,0,1,0,0,1,0,0,1,0,0,46,1,3,2,4,2,44.7,31.1,52.7,55.7
587,2,3,0,0,1,0,43.3,2,0,0,0,0,1,0,0,0,33.3,2,2,4,2,1,1,0,0,52,1,0,0,0,0,0,1,1,0,0,76,3,1,2,2,2,98.9,68.3,98.4,10.2
588,1,0,3,0,2,0,55.0,3,0,0,0,0,0,0,1,0,33.3,2,3,1,2,0,1,1,0,56,0,0,1,1,0,48,1,1,0,0,76,2,3,5,5,1,72.0,62.3,54.3,40.7
589,3,0,2,0,0,1,65.0,4,0,0,1,0,0,0,0,0,33.3,5,4,3,1,0,1,0,0,22,0,1,0,0,0,42,0,0,1,0,0,1,1,2,1,2,39.3,12.2,43.1,42.8
590,0,0,0,2,3,1,55.0,4,1,0,1,1,0,0,0,0,100.0,4,4,1,3,0,1,0,0,22,1,1,0,0,0,14,0,0,1,0,0,1,4,4,2,4,26.6,0.0,23.7,56.5
591,0,0,1,0,3,2,61.7,3,1,0,0,0,1,1,0,0,100.0,5,1,1,3,0,1,0,0,22,0,1,0,0,0,42,1,0,1,0,2,5,2,1,2,3,28.2,4.1,36.0,52.7
592,1,2,0,0,0,3,63.3,2,0,0,0,1,0,0,1,0,66.7,4,1,2,2,1,0,1,0,64,1,0,1,0,0,0,1,0,0,1,2,3,4,4,4,2,49.3,14.3,49.5,34.5
593,2,1,3,0,0,0,40.0,2,0,1,0,0,0,0,0,0,33.3,5,3,3,3,0,1,0,1,0,0,1,1,0,0,70,1,1,0,0,76,5,3,1,5,4,24.6,27.8,23.7,63.8
594,3,2,0,0,0,1,63.3,1,0,0,0,0,0,1,0,0,33.3,5,4,2,3,0,1,0,0,22,0,0,1,0,1,0,1,1,0,0,76,3,4,5,1,1,75.1,40.9,72.9,27.8
595,0,1,3,0,2,0,48.3,4,1,0,0,1,0,0,0,0,66.7,4,2,4,3,0,1,0,0,22,0,0,0,0,1,0,1,0,0,0,30,2,3,1,1,1,72.6,25.4,81.5,20.2
596,3,2,1,0,0,0,40.0,4,0,0,1,0,0,0,0,1,66.7,5,1,1,2,0,0,1,0,34,1,1,0,0,0,14,1,0,1,0,2,3,3,5,5,2,29.2,9.1,39.2,41.6
597,0,2,3,0,0,1,65.0,4,1,0,0,0,0,0,0,0,33.3,5,3,3,1,0,0,1,0,34,0,1,1,0,0,70,0,0,1,1,0,2,4,5,5,3,8.4,0.8,8.2,63.6
598,2,3,0,1,0,0,60.0,2,1,0,0,0,0,0,1,0,66.7,2,3,3,1,0,1,0,0,22,0,1,0,0,0,42,0,1,0,0,46,1,3,4,2,3,50.8,31.9,45.0,47.4
599,3,0,2,1,0,0,63.3,2,0,1,0,1,0,1,0,0,100.0,4,4,3,3,0,0,1,0,34,0,1,0,0,1,0,1,1,0,0,76,1,3,4,2,1,75.3,53.8,73.8,42.1
600,2,0,0,3,0,1,73.3,2,1,0,0,0,0,1,0,0,66.7,5,4,1,4,0,1,0,0,22,1,0,1,0,0,0,1,1,0,0,76,2,2,2,5,1,66.7,49.2,66.9,49.5
601,2,1,0,0,0,3,63.3,5,0,0,0,0,1,0,0,0,33.3,2,3,2,3,0,1,0,0,22,1,0,1,0,0,0,0,0,1,0,0,1,3,4,1,4,43.4,11.0,53.5,30.4
602,1,0,0,3,0,2,73.3,3,1,0,0,1,1,0,0,0,100.0,4,3,3,1,1,0,0,0,30,0,0,1,0,0,28,1,0,1,0,2,3,2,5,2,4,27.4,5.2,23.9,62.5
603,2,0,0,3,0,1,73.3,4,1,0,1,0,0,1,0,0,100.0,2,3,1,4,0,1,0,0,22,0,1,0,0,0,42,0,0,1,0,0,1,3,5,5,4,16.4,4.3,15.1,72.4
604,3,1,2,0,0,0,40.0,4,0,0,0,1,1,0,0,0,66.7,4,3,3,3,0,1,0,0,22,0,0,0,0,1,0,1,1,0,0,76,2,1,4,4,3,64.0,53.0,68.1,39.4
605,0,3,0,0,2,1,61.7,2,1,0,0,1,0,1,0,0,100.0,5,3,2,3,1,1,0,0,52,1,1,0,0,0,14,1,1,0,0,76,2,2,4,2,4,62.4,46.8,55.6,47.7
606,0,2,3,0,0,1,65.0,4,0,0,0,0,0,1,0,0,33.3,5,3,2,4,0,1,0,1,0,0,0,1,0,0,28,0,1,0,0,46,1,4,1,5,1,41.3,21.2,50.8,38.5
607,0,0,2,3,0,1,61.7,5,1,0,0,1,1,0,0,0,100.0,4,3,1,4,0,1,1,0,56,0,0,0,0,1,0,1,0,0,0,30,2,4,1,5,4,39.1,23.4,41.6,59.1
608,3,1,0,2,0,0,60.0,3,1,0,0,1,0,1,0,0,100.0,4,1,2,2,1,0,0,1,6,0,1,0,0,1,0,1,0,0,1,2,3,1,1,1,3,48.7,3.4,56.6,31.7
609,3,0,1,2,0,0,63.3,1,0,0,0,1,1,0,0,0,66.7,2,1,3,3,0,0,0,1,0,0,0,1,0,0,28,1,0,1,0,2,3,1,5,5,2,37.8,15.1,58.3,41.9
610,0,2,0,3,0,1,70.0,3,1,0,0,1,1,0,0,0,100.0,5,3,4,3,0,1,0,0,22,0,1,0,0,0,42,1,0,1,0,2,5,3,4,5,3,12.2,3.9,25.0,79.6
611,3,2,0,0,1,0,43.3,3,1,0,0,0,0,1,1,0,100.0,1,3,1,4,1,0,0,0,30,1,0,0,0,0,0,1,0,1,0,2,5,3,4,5,1,49.4,26.2,52.3,54.1
612,2,3,1,0,0,0,40.0,3,0,1,1,1,0,0,0,0,100.0,2,2,4,2,0,1,0,1,0,1,0,0,0,0,0,1,0,0,1,2,3,1,1,4,1,49.2,22.8,69.9,42.1
613,2,0,1,0,3,0,55.0,4,0,0,0,0,0,1,0,0,33.3,4,2,2,3,1,1,0,0,52,0,1,1,0,0,70,0,0,1,0,0,5,3,4,5,2,27.0,19.6,35.0,54.9
614,2,0,3,1,0,0,63.3,2,0,0,1,0,0,0,0,0,33.3,4,4,3,2,0,1,1,0,56,1,0,1,0,0,0,1,1,0,0,76,2,3,4,2,1,84.3,54.8,82.1,23.1
615,2,0,1,3,0,0,63.3,3,0,0,0,1,0,1,0,0,66.7,2,2,3,4,0,1,0,0,22,1,0,0,0,0,0,1,1,0,0,76,5,2,1,5,2,74.7,59.5,77.5,42.6
616,3,1,2,0,0,0,40.0,2,0,0,1,0,0,0,0,0,33.3,1,2,4,3,1,0,0,1,6,1,0,1,0,0,0,0,1,0,1,18,2,3,1,2,3,55.8,15.7,71.4,24.8
617,1,0,3,0,2,0,55.0,4,0,1,0,0,0,1,1,0,100.0,5,2,2,3,0,0,0,1,0,1,0,1,0,0,0,1,0,0,0,30,3,1,4,2,1,58.0,31.1,67.0,33.0
618,3,1,0,2,0,0,60.0,1,0,0,0,1,1,0,1,0,100.0,4,1,3,1,0,1,0,1,0,1,0,0,0,0,0,0,1,1,0,18,3,4,5,2,1,49.8,5.9,60.4,28.0
619,3,1,0,0,0,2,63.3,3,0,0,0,1,0,0,0,1,66.7,4,2,2,4,0,1,0,0,22,0,0,1,0,0,28,1,1,0,0,76,3,2,5,1,2,70.1,47.9,72.3,31.5
620,1,0,2,0,0,3,65.0,1,0,0,0,0,0,0,0,1,33.3,2,3,3,2,1,0,1,0,64,0,0,0,1,1,0,1,0,0,0,30,2,2,2,4,4,54.2,33.4,61.1,36.6
621,3,2,0,0,1,0,43.3,3,0,0,0,1,0,0,0,1,66.7,2,3,2,4,1,0,0,0,30,1,0,0,0,1,0,1,0,0,0,30,3,1,1,1,1,77.9,41.9,83.1,24.7
622,3,0,0,2,1,0,63.3,2,0,0,0,0,0,0,0,1,33.3,2,2,1,1,0,1,0,0,22,1,0,0,0,0,0,0,1,0,0,46,3,2,5,2,3,65.8,35.6,58.2,25.2
623,1,0,2,0,3,0,55.0,4,0,0,1,1,0,1,0,0,100.0,2,2,3,3,1,1,0,0,52,0,0,0,0,1,0,1,1,0,0,76,5,3,2,2,3,78.2,57.3,72.3,40.4
624,0,0,2,3,0,1,61.7,5,0,0,0,0,0,0,1,1,66.7,5,4,1,4,0,1,1,0,56,1,1,0,0,0,14,0,0,1,0,0,1,4,2,4,4,26.6,5.4,30.6,60.8
625,1,3,2,0,0,0,40.0,3,1,0,1,0,0,0,0,1,100.0,4,4,2,2,1,0,1,0,64,0,0,0,1,1,0,1,1,0,0,76,5,2,5,2,2,79.8,62.4,69.0,46.0
626,0,3,1,2,0,0,63.3,3,0,0,0,1,0,0,0,0,33.3,4,2,3,3,0,1,0,0,22,1,0,0,0,1,0,1,0,0,0,30,2,3,5,2,1,62.7,23.9,76.1,14.1
627,3,0,0,1,2,0,63.3,3,0,0,0,1,0,0,0,0,33.3,2,1,4,4,0,1,1,0,56,0,0,1,0,1,0,0,1,0,1,18,3,4,5,2,3,60.7,23.9,75.9,20.9
628,3,1,2,0,0,0,40.0,3,1,0,0,1,0,0,0,1,100.0,4,3,4,1,1,1,0,0,52,0,1,1,0,0,70,1,0,0,1,2,2,1,1,1,3,29.0,20.4,31.7,61.1
629,1,0,0,0,2,3,71.7,3,1,1,0,0,0,0,0,0,66.7,1,2,3,3,1,0,0,1,6,1,0,0,0,1,0,1,0,0,1,2,5,3,5,2,4,39.1,0.0,51.1,40.0
630,0,3,0,1,0,2,70.0,4,1,0,0,0,0,0,0,0,33.3,5,3,4,2,0,0,1,0,34,0,1,0,1,0,62,0,0,1,0,0,5,4,5,4,2,16.2,1.1,23.1,64.1
631,2,0,3,0,1,0,55.0,2,1,0,0,1,0,0,0,1,100.0,4,3,3,4,1,1,0,0,52,0,0,1,0,0,28,1,1,0,0,76,2,3,5,2,2,69.3,48.9,64.1,44.0
632,1,2,0,0,0,3,63.3,3,0,0,1,0,1,0,1,0,100.0,1,3,3,3,1,1,0,0,52,1,0,0,0,0,0,0,0,0,1,0,3,3,4,2,2,61.2,24.7,62.9,43.7
633,3,1,2,0,0,0,40.0,1,0,0,0,1,0,0,0,0,33.3,5,2,2,3,1,1,0,0,52,0,0,1,0,0,28,0,1,0,0,46,3,4,5,5,1,53.3,30.2,52.7,31.9
634,1,3,0,0,2,0,43.3,2,0,0,0,1,0,1,1,0,100.0,1,2,2,4,0,1,0,0,22,1,0,0,0,0,0,0,0,0,1,0,3,3,5,5,1,47.7,18.6,62.6,41.3
635,3,0,0,2,1,0,63.3,3,0,0,0,1,0,0,0,1,66.7,4,2,4,2,1,0,1,0,64,0,1,1,0,0,70,1,0,0,0,30,1,3,2,1,4,35.4,25.3,33.5,48.4
636,0,0,3,1,0,2,61.7,4,1,0,0,1,0,0,0,1,100.0,4,4,1,4,0,1,0,1,0,0,1,1,0,0,70,0,1,1,0,18,5,4,2,5,1,11.0,7.5,11.0,84.6
637,0,0,3,2,1,0,55.0,5,0,0,1,0,1,0,0,0,66.7,4,2,1,4,0,0,0,1,0,0,1,0,0,0,42,0,0,1,0,0,5,4,5,5,2,10.4,0.0,21.4,57.6
638,0,1,2,0,0,3,65.0,3,0,0,0,0,1,0,1,0,66.7,5,4,1,3,0,1,0,0,22,1,0,0,0,0,0,1,0,1,0,2,5,4,5,5,3,19.9,0.0,28.9,63.6
639,1,3,0,0,0,2,63.3,5,0,0,0,0,0,1,0,0,33.3,5,3,1,4,0,1,0,0,22,0,1,0,0,0,42,0,0,1,1,0,5,3,5,4,3,20.1,0.2,22.5,50.8
640,0,1,3,0,0,2,65.0,2,0,0,0,1,0,0,0,1,66.7,2,3,2,3,1,0,0,0,30,1,0,1,0,0,0,1,1,0,0,76,5,3,4,4,1,83.1,59.1,73.6,37.2
641,2,3,1,0,0,0,40.0,3,0,0,0,1,0,1,1,0,100.0,4,1,1,4,1,0,0,0,30,0,0,1,1,0,48,1,0,0,0,30,3,3,4,4,2,35.9,21.6,39.7,49.7
642,2,1,3,0,0,0,40.0,1,1,1,0,0,0,0,0,1,100.0,4,4,1,4,0,1,0,0,22,0,0,1,0,0,28,0,1,0,1,18,2,2,4,5,2,33.8,21.2,38.3,66.5
643,1,3,2,0,0,0,40.0,2,0,1,0,0,0,0,1,0,66.7,5,3,2,2,1,0,0,0,30,1,0,0,0,0,0,1,0,0,0,30,3,3,2,1,1,65.7,28.2,61.5,25.1
644,3,2,0,0,1,0,43.3,3,0,0,1,0,0,0,0,0,33.3,1,2,4,1,1,0,0,0,30,1,0,0,1,0,0,1,1,0,0,76,5,2,5,2,1,93.9,61.9,92.7,16.1
645,3,2,0,1,0,0,60.0,3,0,0,0,1,0,1,0,0,66.7,2,1,3,4,1,1,0,0,52,0,0,0,0,1,0,1,0,1,0,2,3,3,5,4,1,59.1,33.9,73.4,28.8
646,2,0,3,1,0,0,63.3,2,0,0,0,1,0,0,0,0,33.3,5,4,2,4,1,0,0,0,30,1,0,0,0,1,0,1,0,1,0,2,2,3,5,2,1,54.7,13.0,59.8,31.7
647,0,2,3,1,0,0,63.3,2,0,1,0,0,0,0,0,1,66.7,4,3,3,1,1,0,0,0,30,0,1,0,0,0,42,0,1,0,0,46,2,1,5,1,2,59.8,39.5,53.3,46.4
648,0,0,1,3,0,2,61.7,5,1,0,0,0,0,1,0,0,66.7,5,3,1,3,0,1,0,0,22,0,1,0,0,0,42,0,1,0,0,46,5,4,5,4,2,39.8,24.9,33.1,59.3
649,2,0,1,3,0,0,63.3,3,1,1,0,1,0,0,0,0,100.0,1,2,3,2,0,1,0,0,22,1,1,0,0,0,14,1,0,0,0,30,5,1,1,2,1,75.3,42.2,69.7,41.3
650,3,2,0,1,0,0,60.0,2,0,0,0,1,1,0,0,0,66.7,4,2,1,1,1,0,0,1,6,0,0,0,1,1,0,0,1,1,0,18,5,2,4,2,3,45.0,15.2,49.6,35.2
651,1,0,0,3,2,0,63.3,2,0,0,1,0,1,0,0,0,66.7,4,3,4,4,0,1,0,0,22,1,0,0,0,0,0,0,0,1,0,0,1,4,2,4,4,24.4,0.0,44.6,49.7
652,1,0,3,2,0,0,63.3,1,0,1,0,0,0,0,1,0,66.7,2,3,4,2,1,1,0,0,52,0,0,1,0,0,28,1,0,0,0,30,1,3,4,4,2,53.4,36.1,55.6,48.9
653,3,1,0,0,2,0,43.3,3,0,0,0,1,0,1,0,1,100.0,1,3,3,3,0,0,0,1,0,0,0,0,0,1,0,0,0,0,1,0,2,2,1,1,1,59.9,15.7,68.5,36.1
654,1,3,0,0,2,0,43.3,2,0,0,1,1,0,0,1,0,100.0,4,1,1,3,1,1,0,0,52,1,0,0,1,0,0,1,0,1,0,2,3,4,4,2,2,52.2,10.8,53.6,30.4
655,3,2,1,0,0,0,40.0,1,0,1,0,1,0,1,0,0,100.0,4,1,4,3,0,1,1,0,56,0,0,1,0,0,28,0,1,0,1,18,2,4,5,5,4,26.5,14.1,39.8,53.3
656,2,0,0,1,0,3,73.3,3,0,0,1,0,0,0,0,1,66.7,2,4,4,4,0,0,0,1,0,1,0,0,0,0,0,1,0,0,0,30,1,3,4,2,1,60.2,28.7,70.8,40.7
657,2,0,3,0,0,1,65.0,3,0,0,1,1,0,0,1,0,100.0,4,4,2,3,0,1,0,1,0,1,0,0,0,1,0,1,0,0,1,2,3,2,1,5,1,39.9,10.4,52.3,56.4
658,0,3,2,0,1,0,48.3,3,1,0,0,0,0,0,0,0,33.3,5,4,3,3,1,0,0,0,30,1,0,0,0,0,0,0,0,0,1,0,5,1,1,2,1,51.5,23.7,66.8,36.0
659,0,3,0,1,2,0,53.3,3,0,1,0,0,0,0,0,0,33.3,1,2,3,4,1,1,0,0,52,1,0,0,0,1,0,0,1,0,1,18,3,2,2,1,1,81.0,42.9,91.7,15.8
660,2,3,0,0,1,0,43.3,1,0,1,0,0,0,1,0,1,100.0,1,1,4,1,0,1,1,0,56,0,1,0,0,1,0,0,1,0,0,46,1,2,5,5,1,87.6,59.1,85.4,26.6
661,2,3,0,0,1,0,43.3,5,0,1,0,1,0,1,0,0,100.0,1,3,3,3,1,0,0,0,30,0,0,0,0,1,0,1,0,0,1,2,1,2,5,2,1,62.7,30.3,72.5,35.0
662,0,2,1,0,0,3,65.0,2,0,0,1,0,0,1,0,0,66.7,4,3,4,4,0,1,0,1,0,0,1,1,0,0,70,0,0,1,1,0,5,2,4,2,3,14.3,1.0,25.2,63.6
663,3,0,0,2,0,1,73.3,5,1,1,0,0,0,0,0,1,100.0,5,4,4,4,0,1,0,1,0,0,1,0,0,1,0,1,0,0,0,30,2,2,4,1,4,37.3,12.1,55.3,55.4
664,2,3,1,0,0,0,40.0,3,0,0,0,1,0,0,0,0,33.3,4,1,3,4,1,0,0,0,30,0,0,1,0,0,28,1,1,0,0,76,1,4,4,2,3,61.5,40.1,72.1,18.9
665,1,0,0,3,2,0,63.3,1,0,0,1,1,0,0,0,0,66.7,5,2,3,2,0,0,0,1,0,1,1,0,0,0,14,1,0,1,0,2,2,3,1,4,2,27.7,0.0,43.6,42.2
666,1,0,0,3,2,0,63.3,4,0,0,1,1,0,0,0,1,100.0,1,4,3,2,1,1,0,0,52,0,1,1,0,0,70,1,0,0,1,2,2,3,1,4,3,23.2,28.1,16.5,81.7
667,2,0,3,1,0,0,63.3,3,1,1,0,1,0,0,0,0,100.0,2,2,2,4,1,1,0,0,52,1,1,0,0,0,14,0,0,1,0,0,2,3,4,2,1,60.7,25.8,65.6,34.0
668,2,0,1,3,0,0,63.3,5,0,0,0,0,0,0,1,0,33.3,4,3,3,1,1,1,0,0,52,0,1,0,0,0,42,0,0,1,0,0,5,3,4,4,3,28.9,14.2,33.4,56.1
669,2,1,0,3,0,0,60.0,3,0,0,0,0,1,0,0,0,33.3,5,4,1,3,0,1,0,1,0,0,1,0,0,0,42,0,0,1,0,0,2,3,5,5,2,9.6,0.0,21.1,58.9
670,1,0,0,0,2,3,71.7,2,1,1,0,1,0,0,0,0,100.0,2,4,3,4,0,0,1,1,10,1,0,1,0,0,0,0,0,1,0,0,2,2,5,1,3,43.8,9.6,59.3,47.0
671,0,2,3,0,0,1,65.0,3,1,0,0,0,0,0,0,1,66.7,2,2,4,4,0,1,0,0,22,0,0,1,0,0,28,0,1,1,0,18,5,4,4,2,3,42.0,16.4,54.3,45.0
672,2,3,0,0,0,1,63.3,1,1,0,0,0,0,0,0,0,33.3,2,3,2,2,0,1,0,0,22,1,0,0,0,0,0,1,0,0,1,2,5,2,1,4,3,39.9,18.5,56.0,43.1
673,2,1,0,0,3,0,43.3,3,0,1,0,0,0,1,0,0,66.7,4,4,1,4,0,1,1,0,56,0,1,0,0,0,42,0,0,1,0,0,1,4,5,5,1,32.5,13.5,32.4,60.3
674,1,2,0,0,0,3,63.3,3,1,0,1,0,0,0,0,0,66.7,2,2,2,2,1,0,0,1,6,1,0,0,0,0,0,1,0,0,0,30,3,2,4,4,1,61.5,38.4,67.1,35.3
675,0,1,2,0,3,0,48.3,4,0,0,0,1,0,1,0,1,100.0,5,4,1,3,0,1,0,0,22,1,0,0,0,0,0,0,1,0,1,18,1,4,2,2,4,39.8,2.3,36.9,52.3
676,3,0,2,0,0,1,65.0,3,0,0,0,0,0,0,0,1,33.3,2,2,2,2,0,0,0,1,0,1,0,0,0,1,0,0,1,0,0,46,5,1,1,1,1,78.1,43.3,84.4,18.8
677,1,3,0,2,0,0,60.0,2,0,0,0,1,0,0,0,0,33.3,4,3,4,3,1,0,0,0,30,0,1,0,0,1,0,1,0,0,0,30,1,2,4,2,1,69.8,33.5,86.3,18.4
678,2,1,0,3,0,0,60.0,4,1,0,0,0,0,0,0,0,33.3,5,3,1,4,0,1,0,0,22,0,0,1,0,1,0,1,0,1,0,2,5,4,4,5,4,19.7,0.0,35.1,44.9
679,0,2,3,0,0,1,65.0,2,0,0,1,0,1,1,0,0,100.0,5,4,2,4,0,1,0,0,22,0,1,0,0,1,0,1,1,0,0,76,5,2,4,1,3,63.5,38.0,64.4,49.4
680,0,1,2,0,0,3,65.0,3,1,1,0,0,0,0,0,0,66.7,2,4,2,4,0,1,0,0,22,0,1,0,0,0,42,0,0,1,0,0,2,2,2,5,4,19.6,12.5,30.3,74.6
681,2,3,0,0,1,0,43.3,1,0,0,0,0,0,0,0,1,33.3,4,3,2,1,0,1,0,1,0,1,0,0,0,0,0,1,0,0,1,2,1,3,1,2,1,44.7,1.3,48.5,22.7
682,0,0,3,1,0,2,61.7,3,0,1,1,0,1,0,0,0,100.0,4,3,1,4,1,0,0,1,6,1,0,1,0,0,0,0,1,0,1,18,1,4,2,5,1,40.8,10.4,45.9,50.0
683,2,3,1,0,0,0,40.0,3,0,0,0,0,0,1,0,0,33.3,4,4,4,3,0,0,1,0,34,0,1,0,0,0,42,1,1,0,0,76,1,1,5,5,2,56.3,61.0,64.3,44.8
684,3,1,0,0,2,0,43.3,3,0,1,1,0,0,0,0,0,66.7,2,3,4,4,1,1,0,0,52,1,0,1,0,0,0,1,0,0,0,30,2,2,5,2,1,73.8,43.6,89.9,29.9
685,1,2,3,0,0,0,40.0,2,0,0,0,1,0,0,0,0,33.3,1,1,3,2,0,0,1,0,34,1,0,1,0,0,0,1,1,0,0,76,5,2,1,5,1,83.4,62.8,84.1,19.7
686,0,0,3,0,2,1,61.7,1,0,0,0,1,1,0,0,0,66.7,5,1,4,3,0,0,0,1,0,1,0,0,0,0,0,1,0,0,0,30,3,2,4,2,2,47.2,13.9,69.9,21.3
687,0,1,2,0,0,3,65.0,4,0,0,0,0,1,0,1,0,66.7,4,3,1,4,0,1,0,0,22,0,0,1,0,0,28,0,0,1,0,0,2,1,2,5,1,38.4,25.4,51.9,49.4
688,0,0,3,2,1,0,55.0,5,1,0,0,0,0,0,0,0,33.3,4,4,1,2,1,1,0,0,52,0,1,0,0,0,42,1,0,1,0,2,2,2,1,5,3,25.1,23.4,23.9,60.8
689,0,0,3,2,0,1,61.7,5,0,0,0,1,0,0,0,1,66.7,5,3,3,3,0,1,0,1,0,0,1,0,0,0,42,0,0,1,0,0,5,2,5,5,3,8.2,3.1,21.4,72.0
690,1,3,0,0,2,0,43.3,3,1,1,0,0,0,1,0,0,100.0,4,4,3,4,1,0,0,0,30,1,0,1,0,0,0,0,1,0,0,46,5,2,5,2,1,67.7,46.9,72.1,48.9
691,0,1,2,0,0,3,65.0,5,0,0,0,0,1,0,1,1,100.0,5,3,4,4,0,1,0,0,22,1,1,0,0,0,14,1,0,1,0,2,2,4,4,5,4,11.3,0.0,35.5,67.2
692,3,1,2,0,0,0,40.0,1,0,1,0,1,0,1,0,0,100.0,4,2,1,2,1,0,1,0,64,1,1,0,0,0,14,1,0,1,0,2,3,1,5,4,2,53.8,32.7,51.8,51.7
693,3,2,1,0,0,0,40.0,3,0,0,1,0,0,1,1,0,100.0,4,3,4,1,1,0,1,0,64,0,0,0,0,1,0,1,1,0,0,76,3,3,5,4,2,74.5,53.7,71.5,40.3
694,3,1,2,0,0,0,40.0,1,0,0,0,0,0,1,0,0,33.3,2,2,1,4,1,1,0,0,52,0,0,1,1,0,48,1,0,0,0,30,2,4,4,4,4,42.4,22.7,33.0,45.4
695,1,3,2,0,0,0,40.0,1,0,0,0,1,0,0,0,0,33.3,1,3,3,2,1,0,0,1,6,1,0,0,0,0,0,1,0,0,0,30,2,1,1,2,4,59.8,26.8,67.4,33.7
696,0,3,0,1,2,0,53.3,4,1,0,0,0,0,1,0,1,100.0,5,3,1,3,0,1,0,0,22,0,1,0,0,0,42,0,0,1,0,0,1,4,5,5,3,6.6,0.0,12.6,68.1
697,2,0,3,1,0,0,63.3,4,0,0,0,1,0,1,0,1,100.0,4,4,1,3,0,1,1,0,56,0,0,0,1,1,0,1,0,1,0,2,3,4,2,5,3,28.4,8.5,35.4,67.7
698,1,2,3,0,0,0,40.0,5,0,1,0,0,0,0,1,0,66.7,4,2,3,1,0,1,0,0,22,1,0,1,0,0,0,1,0,0,0,30,2,3,4,1,4,47.7,18.2,54.2,29.2
699,0,0,1,3,0,2,61.7,4,0,1,0,0,0,1,0,0,66.7,2,2,3,1,0,1,0,0,22,0,1,0,0,0,42,0,0,1,1,0,1,3,4,4,2,33.7,18.1,34.9,44.4
700,0,3,1,0,0,2,65.0,4,0,1,0,0,0,0,0,0,33.3,5,3,3,4,0,1,0,0,22,0,1,0,0,0,42,1,0,0,1,2,3,4,1,4,2,25.6,1.1,39.2,46.0
701,2,3,1,0,0,0,40.0,4,0,0,0,1,1,0,1,0,100.0,4,3,3,3,0,1,0,0,22,1,0,0,0,0,0,1,0,1,0,2,2,2,2,1,2,49.4,14.6,66.2,40.7
702,2,3,0,0,0,1,63.3,5,1,0,0,0,0,1,0,0,66.7,2,4,4,3,0,1,1,0,56,0,0,1,0,0,28,1,1,0,0,76,3,2,4,1,2,75.4,64.4,71.4,47.2
703,2,3,0,0,1,0,43.3,2,0,1,1,1,0,0,0,0,100.0,2,3,2,3,1,1,0,0,52,1,0,0,0,0,0,0,1,1,0,18,3,1,4,5,2,59.9,40.0,65.1,51.6
704,1,2,3,0,0,0,40.0,2,0,0,0,0,1,0,0,0,33.3,2,4,3,3,0,1,0,1,0,1,0,0,0,0,0,0,0,0,1,0,3,2,5,1,2,49.8,15.2,62.7,31.3
705,0,0,0,3,2,1,55.0,5,0,0,1,0,0,1,0,0,66.7,5,2,2,3,1,0,0,1,6,0,0,1,0,0,28,0,0,1,1,0,5,3,2,5,3,18.7,0.0,35.8,59.6
706,0,3,2,0,0,1,65.0,2,1,0,0,1,0,0,0,1,100.0,4,4,4,3,0,1,0,0,22,0,1,0,0,1,0,1,1,0,0,76,5,3,5,5,1,64.2,54.7,69.5,57.9
707,0,2,0,0,3,1,61.7,5,1,1,0,0,0,0,1,0,100.0,4,4,1,4,1,1,0,0,52,0,1,0,0,1,0,1,0,0,1,2,5,3,5,5,4,23.7,12.4,34.5,75.6
708,2,0,3,0,0,1,65.0,3,0,0,0,0,1,1,0,0,66.7,1,3,3,4,1,0,0,1,6,0,1,1,0,0,70,1,1,0,0,76,3,3,5,4,2,50.1,49.7,44.7,59.8
709,0,2,3,0,1,0,48.3,1,1,1,0,1,0,0,0,0,100.0,2,1,3,1,1,0,0,1,6,1,0,0,0,0,0,1,0,0,0,30,1,3,2,2,1,66.6,25.6,71.7,20.5
710,1,2,0,0,0,3,63.3,3,0,1,0,0,0,1,1,0,100.0,2,2,4,2,1,0,1,0,64,0,1,0,1,0,62,1,0,0,1,2,3,3,5,5,2,31.5,24.6,34.6,68.8
711,2,3,0,0,1,0,43.3,5,1,0,0,0,1,0,0,0,66.7,1,3,3,3,0,0,1,1,10,0,1,0,0,1,0,1,0,0,1,2,1,1,5,2,1,62.4,30.8,77.3,28.1
712,0,0,2,1,3,0,55.0,2,0,1,0,0,0,1,0,0,66.7,5,4,1,3,1,0,0,1,6,0,1,1,0,0,70,1,0,0,1,2,5,3,2,4,1,13.0,1.0,10.3,75.5
713,3,2,0,0,1,0,43.3,3,0,0,1,0,0,0,0,0,33.3,5,2,1,2,0,1,0,1,0,1,0,0,0,0,0,1,0,1,0,2,1,4,4,2,3,34.4,0.0,41.1,22.5
714,0,1,0,2,3,0,53.3,4,1,0,1,0,0,0,0,0,66.7,5,3,1,4,0,1,0,0,22,0,1,0,0,0,42,1,1,0,0,76,1,4,5,4,2,45.8,43.9,45.6,47.6
715,3,2,1,0,0,0,40.0,3,0,0,0,1,0,1,1,0,100.0,2,3,3,4,1,0,0,1,6,1,0,1,0,0,0,1,0,0,1,2,1,2,4,2,1,56.2,18.9,73.4,35.8
716,1,0,3,0,0,2,65.0,1,0,0,0,0,1,0,0,0,33.3,4,4,1,3,0,1,0,1,0,0,1,0,0,0,42,1,0,1,0,2,3,3,5,1,4,25.8,0.0,23.3,49.5
717,2,0,3,0,0,1,65.0,3,0,1,0,0,0,0,0,0,33.3,2,2,4,1,0,1,0,0,22,1,0,1,0,0,0,1,0,1,0,2,3,2,2,2,1,65.6,21.3,76.2,19.7
718,2,3,1,0,0,0,40.0,4,1,1,0,1,0,0,0,0,100.0,5,4,1,4,1,0,0,0,30,0,1,0,0,0,42,0,1,0,0,46,3,4,4,5,2,27.4,26.9,31.3,65.4
719,1,3,2,0,0,0,40.0,3,0,0,0,0,0,1,0,1,66.7,5,2,1,3,1,0,1,0,64,1,0,1,0,0,0,1,0,0,0,30,3,3,4,4,2,52.7,26.9,55.0,35.8
720,2,0,1,0,0,3,65.0,5,0,0,0,0,1,0,0,0,33.3,4,3,3,4,0,1,0,0,22,0,1,1,0,0,70,0,0,1,0,0,1,3,4,5,4,6.2,6.5,21.9,63.3
721,2,0,3,0,0,1,65.0,2,0,0,0,1,1,0,1,0,100.0,5,4,1,3,0,0,1,0,34,1,1,0,0,0,14,0,1,1,0,18,5,2,5,2,2,40.7,18.2,43.5,63.1
722,2,3,1,0,0,0,40.0,5,1,1,0,0,0,0,0,0,66.7,2,3,4,2,0,1,0,0,22,1,0,0,0,0,0,0,0,0,1,0,3,1,5,5,1,58.8,26.8,76.0,42.0
723,1,2,3,0,0,0,40.0,3,1,0,0,1,0,0,0,0,66.7,1,4,4,2,1,1,0,0,52,1,0,0,0,0,0,0,1,0,0,46,2,3,5,2,1,80.9,52.5,76.7,36.5
724,3,2,0,1,0,0,60.0,3,0,0,0,1,0,1,1,0,100.0,4,2,3,4,1,0,1,0,64,0,1,0,1,0,62,1,1,0,0,76,2,3,5,4,4,46.3,54.6,40.7,63.4
725,2,3,0,0,1,0,43.3,3,1,1,0,0,0,0,0,1,100.0,5,3,4,3,0,1,1,0,56,1,0,1,0,0,0,0,0,1,0,0,2,1,2,4,2,49.6,27.5,66.6,48.5
726,2,1,3,0,0,0,40.0,5,0,1,0,0,0,0,0,0,33.3,4,3,2,3,0,1,0,1,0,0,1,0,0,1,0,0,1,0,1,18,5,4,4,5,2,35.9,9.3,46.2,38.8
727,1,2,0,0,3,0,43.3,4,0,0,1,0,0,0,1,1,100.0,5,4,1,4,0,1,0,0,22,0,0,1,0,0,28,1,0,1,0,2,1,1,5,5,2,27.1,18.0,35.4,67.2
728,0,1,0,2,0,3,70.0,4,1,1,0,0,0,0,0,0,66.7,5,4,2,4,0,1,0,0,22,1,0,0,0,0,0,0,0,1,0,0,5,3,4,4,4,17.9,0.0,26.2,70.7
729,0,0,3,2,0,1,61.7,5,0,1,0,0,0,0,0,0,33.3,1,3,3,4,0,1,0,0,22,0,1,0,0,0,42,1,0,1,0,2,5,2,4,4,4,32.3,16.2,42.2,57.7
730,2,0,0,0,3,1,71.7,2,1,0,0,1,0,0,0,1,100.0,1,2,3,4,0,1,0,1,0,1,0,0,0,1,0,1,1,0,0,76,2,3,2,2,1,80.2,52.0,83.1,35.8
731,3,1,0,0,2,0,43.3,3,1,1,0,1,0,0,0,0,100.0,1,2,2,3,0,1,0,1,0,0,1,0,1,0,62,0,1,0,0,46,2,4,5,2,1,47.8,31.5,42.9,47.0
732,0,1,0,2,0,3,70.0,3,0,0,0,1,0,1,0,1,100.0,1,4,3,4,0,1,0,0,22,0,1,0,0,0,42,0,1,1,0,18,1,4,1,4,4,21.7,11.6,28.4,74.0
733,0,3,1,2,0,0,63.3,3,0,0,0,0,0,1,1,0,66.7,4,1,4,1,0,0,0,1,0,1,0,0,0,0,0,1,0,0,0,30,2,2,1,1,1,64.3,27.1,74.5,11.9
734,0,3,2,0,1,0,48.3,4,1,0,0,0,0,1,0,1,100.0,2,3,2,2,1,0,1,0,64,0,1,1,0,0,70,1,0,0,0,30,2,3,5,5,1,45.0,46.6,35.0,67.3
735,1,3,2,0,0,0,40.0,3,1,0,0,0,0,1,0,0,66.7,1,1,1,3,0,1,0,0,22,1,0,0,0,1,0,1,1,0,0,76,3,4,5,4,3,68.7,49.1,65.2,26.1
736,0,1,3,2,0,0,63.3,3,0,0,0,1,0,0,0,1,66.7,2,1,4,3,0,1,0,0,22,1,0,0,0,1,0,0,0,0,1,0,2,2,5,2,2,55.5,18.6,76.1,27.4
737,3,2,0,1,0,0,60.0,3,0,1,0,0,0,0,0,0,33.3,5,1,4,4,1,0,0,0,30,1,0,0,0,0,0,1,0,0,0,30,5,1,2,1,2,69.2,32.0,83.7,18.7
738,3,1,0,2,0,0,60.0,2,0,0,1,0,0,1,0,0,66.7,2,4,3,4,0,1,0,0,22,1,0,1,0,0,0,1,1,0,0,76,2,2,5,4,1,76.3,59.0,81.3,41.8
739,2,0,3,0,1,0,55.0,1,0,1,1,0,0,0,0,0,66.7,2,2,1,2,0,1,0,1,0,1,0,0,0,0,0,0,0,0,1,0,5,3,1,1,4,38.1,0.0,43.2,37.8
740,0,3,2,0,1,0,48.3,4,0,0,0,0,1,0,0,0,33.3,5,3,3,3,0,1,1,0,56,0,0,1,0,0,28,0,0,1,0,0,5,4,5,5,4,16.4,2.4,23.3,58.0
741,0,3,1,2,0,0,63.3,3,0,1,0,0,1,1,0,0,100.0,4,3,2,4,1,1,0,0,52,0,0,1,0,0,28,0,1,0,0,46,2,3,5,2,1,59.4,46.3,61.3,42.0
742,3,0,2,0,0,1,65.0,4,0,0,0,0,0,1,0,0,33.3,2,2,3,3,1,1,0,0,52,1,1,0,0,0,14,1,1,0,0,76,3,1,2,4,2,84.5,73.6,84.1,29.5
743,1,3,0,0,2,0,43.3,4,0,1,0,1,0,0,0,0,66.7,4,3,3,2,1,0,0,0,30,1,0,1,0,0,0,0,1,0,0,46,1,2,5,4,2,56.5,39.9,65.5,39.5
744,0,0,1,3,2,0,55.0,4,0,0,1,0,0,0,0,0,33.3,4,2,1,4,0,1,0,1,0,0,0,1,0,0,28,1,0,1,0,2,1,4,4,2,3,27.7,0.0,41.5,27.1
745,0,3,2,0,0,1,65.0,2,1,1,0,0,1,0,0,0,100.0,4,1,1,4,0,1,0,0,22,0,1,0,0,0,42,1,1,0,0,76,5,2,4,5,4,40.8,39.6,36.7,62.5
746,1,0,3,0,2,0,55.0,5,0,0,1,0,0,0,0,1,66.7,2,2,3,4,0,1,0,1,0,0,1,0,0,1,0,0,0,1,0,0,1,3,4,5,2,41.7,10.9,59.9,33.8
747,0,2,3,0,0,1,65.0,3,1,0,1,0,0,0,0,1,100.0,2,2,3,3,1,1,0,0,52,0,0,0,0,1,0,0,1,0,0,46,5,3,4,2,2,76.9,43.1,74.9,37.5
748,3,0,0,1,2,0,63.3,2,0,1,0,0,1,0,0,0,66.7,1,3,4,4,0,1,0,0,22,1,0,0,0,0,0,1,1,0,0,76,2,2,4,5,1,80.3,57.7,86.5,35.1
749,2,3,1,0,0,0,40.0,3,0,1,0,1,0,0,0,0,66.7,2,1,3,4,1,1,0,0,52,0,0,0,1,1,0,1,1,0,0,76,1,1,5,2,4,79.1,63.1,85.4,20.4
750,0,1,2,0,3,0,48.3,5,0,0,0,0,0,1,0,0,33.3,4,3,1,3,0,1,0,1,0,1,1,0,0,0,14,0,0,1,0,0,1,4,4,1,4,24.0,0.0,35.6,30.7
751,0,1,2,0,0,3,65.0,4,0,1,0,0,0,0,0,0,33.3,5,3,1,1,0,0,1,1,10,0,0,1,0,0,28,1,0,0,1,2,5,4,2,5,1,22.4,0.5,28.3,46.9
752,2,3,1,0,0,0,40.0,2,0,0,0,1,0,0,0,1,66.7,4,1,4,4,0,1,0,0,22,0,0,0,0,1,0,1,1,0,0,76,5,2,5,5,1,72.3,55.3,87.7,24.2
753,3,0,2,1,0,0,63.3,5,0,1,0,1,0,0,1,0,100.0,1,2,3,3,1,1,0,0,52,1,0,0,0,1,0,1,1,0,0,76,2,3,4,1,4,83.0,58.3,70.2,34.5
754,2,3,1,0,0,0,40.0,1,0,0,0,1,0,0,0,0,33.3,5,2,1,3,0,0,0,1,0,1,1,0,0,0,14,0,1,0,0,46,5,4,1,2,4,38.9,3.1,44.3,31.0
755,3,2,1,0,0,0,40.0,4,0,0,0,0,0,1,0,0,33.3,2,3,2,1,0,1,0,1,0,0,0,0,0,1,0,0,0,0,1,0,2,2,5,1,2,58.7,14.6,64.7,20.1
756,3,2,0,0,1,0,43.3,5,0,1,0,0,1,0,0,1,100.0,2,3,3,3,0,1,0,1,0,1,0,0,0,0,0,1,0,0,1,2,2,3,2,2,2,46.5,15.7,60.9,39.1
757,0,0,2,1,0,3,61.7,3,1,1,0,0,0,1,0,0,100.0,2,4,3,1,0,1,0,0,22,1,1,0,0,0,14,0,0,1,1,0,1,2,5,4,2,35.6,14.6,43.1,64.7
758,3,1,2,0,0,0,40.0,3,0,0,0,1,0,1,0,0,66.7,2,1,1,4,0,1,1,0,56,1,0,0,0,0,0,0,0,0,1,0,2,1,5,2,1,77.0,33.3,77.9,12.9
759,1,0,2,0,0,3,65.0,3,1,0,0,1,0,0,0,0,66.7,4,2,3,3,0,1,0,0,22,0,1,0,0,0,42,0,1,1,0,18,1,2,4,2,4,35.4,15.0,44.4,48.0
760,3,1,0,0,0,2,63.3,5,1,1,0,0,0,1,0,0,100.0,2,1,3,2,1,0,1,0,64,1,1,0,0,0,14,0,0,1,0,0,1,4,4,1,4,45.9,14.3,43.3,35.8
761,1,2,3,0,0,0,40.0,2,0,0,1,0,1,0,1,0,100.0,5,4,1,2,0,1,0,0,22,0,1,1,0,0,70,1,0,1,0,2,1,3,5,4,4,0.0,0.0,0.0,82.5
762,2,1,3,0,0,0,40.0,2,1,0,0,0,0,0,0,0,33.3,4,1,3,4,1,0,0,0,30,0,0,1,0,1,0,0,1,0,0,46,2,1,5,2,2,79.0,41.7,90.6,8.8
763,0,3,1,2,0,0,63.3,4,0,0,1,1,0,0,0,1,100.0,2,4,2,1,1,1,0,0,52,1,0,1,0,0,0,1,1,0,0,76,3,4,5,2,2,75.4,57.9,60.2,49.1
764,0,0,3,0,1,2,61.7,2,0,0,0,0,0,0,1,0,33.3,5,4,1,2,0,1,0,0,22,0,1,0,0,0,42,0,0,1,0,0,1,3,4,5,2,21.8,2.6,23.9,57.3
765,3,1,0,0,2,0,43.3,3,0,1,1,0,1,0,0,0,100.0,4,1,3,4,0,1,0,1,0,0,0,1,0,0,28,1,1,0,0,76,3,3,5,4,1,59.1,44.1,63.1,36.1
766,0,0,3,1,0,2,61.7,3,0,0,0,0,1,0,0,0,33.3,4,4,1,1,0,0,0,1,0,1,0,1,0,0,0,0,1,1,0,18,5,2,4,4,2,43.7,12.2,48.9,41.7
767,2,3,0,1,0,0,60.0,1,0,1,0,1,0,0,0,0,66.7,5,3,2,3,1,1,0,0,52,1,0,0,0,0,0,0,1,1,0,18,5,2,5,2,2,55.0,26.0,56.0,43.3
768,2,1,0,0,0,3,63.3,3,1,0,0,0,0,0,0,0,33.3,4,1,3,4,1,1,0,0,52,1,0,0,1,0,0,1,1,0,0,76,1,3,5,4,1,86.4,58.7,95.9,10.1
769,0,2,3,0,1,0,48.3,1,0,0,0,0,0,0,0,1,33.3,1,1,3,1,1,0,0,1,6,0,0,0,0,1,0,1,1,0,0,76,3,4,1,5,1,79.6,46.9,81.5,19.1
770,1,2,3,0,0,0,40.0,1,0,1,0,1,0,0,0,0,66.7,5,3,3,4,0,0,1,0,34,0,1,1,0,0,70,0,0,1,0,0,3,3,4,2,2,19.5,0.6,30.3,54.3
771,3,1,2,0,0,0,40.0,2,0,0,0,0,0,1,0,0,33.3,4,2,4,4,0,1,0,0,22,1,1,0,0,0,14,1,1,0,0,76,3,3,5,4,1,68.4,45.5,79.8,23.8
772,3,2,0,0,0,1,63.3,3,0,1,1,0,0,0,0,0,66.7,4,2,3,4,1,1,0,0,52,0,0,1,0,0,28,1,1,0,0,76,3,4,1,2,2,67.3,46.1,66.8,35.6
773,1,2,3,0,0,0,40.0,3,0,1,0,0,1,0,0,0,66.7,4,2,4,3,0,1,1,0,56,0,0,1,1,0,48,0,1,1,0,18,2,4,5,4,1,45.3,25.0,57.6,40.9
774,2,0,0,1,0,3,73.3,5,1,0,0,1,0,1,0,0,100.0,5,3,1,3,1,0,0,0,30,1,1,0,0,0,14,1,0,1,0,2,1,3,1,4,1,38.0,18.6,44.9,49.6
775,1,0,0,0,2,3,71.7,3,0,0,0,0,0,1,0,1,66.7,4,1,3,2,1,0,1,0,64,1,0,0,0,0,0,0,0,1,1,0,3,3,1,1,1,60.6,19.8,70.7,19.4
776,3,1,2,0,0,0,40.0,3,1,0,0,0,0,1,1,0,100.0,4,4,1,4,0,1,0,0,22,0,0,1,0,0,28,1,1,0,0,76,5,4,4,5,1,52.4,48.3,45.3,67.0
777,1,0,0,0,2,3,71.7,2,0,0,0,1,0,0,0,0,33.3,5,4,2,3,0,1,0,0,22,0,0,0,1,0,20,1,0,1,0,2,5,4,5,4,4,14.7,0.0,25.2,60.3
778,0,1,3,0,0,2,65.0,2,0,0,0,1,0,0,0,1,66.7,5,4,2,4,0,1,0,1,0,0,1,0,0,0,42,1,0,1,0,2,1,3,1,4,3,6.9,0.0,20.9,63.8
779,1,3,0,0,0,2,63.3,1,0,0,0,0,0,1,0,0,33.3,2,3,1,3,0,1,1,0,56,0,1,0,0,0,42,0,1,0,0,46,1,4,2,5,4,42.8,32.6,29.8,52.8
780,2,1,3,0,0,0,40.0,5,0,0,0,1,0,1,0,1,100.0,2,2,2,2,1,0,0,1,6,1,0,1,0,0,0,1,0,0,1,2,2,1,1,2,3,49.2,14.6,54.2,32.6
781,2,0,3,0,0,1,65.0,5,0,0,0,0,1,1,0,0,66.7,5,4,4,2,0,1,0,1,0,0,1,0,0,0,42,1,0,1,0,2,2,3,2,5,3,1.4,0.0,20.1,74.2
782,0,3,0,1,0,2,70.0,2,0,0,0,0,0,0,1,0,33.3,4,4,4,1,1,1,0,0,52,0,1,0,0,0,42,0,0,1,0,0,5,2,1,4,2,33.4,22.3,39.8,66.6
783,0,0,3,2,0,1,61.7,2,1,0,1,0,0,0,0,0,66.7,5,4,1,4,0,1,0,0,22,0,1,1,0,0,70,0,0,1,1,0,5,4,4,1,1,28.4,7.8,22.8,60.6
784,3,0,2,1,0,0,63.3,5,0,0,0,0,0,1,0,0,33.3,2,4,3,1,0,0,1,1,10,0,0,0,0,1,0,1,1,0,0,76,3,3,4,1,1,92.5,55.4,78.2,27.3
785,1,0,2,0,0,3,65.0,5,0,0,1,0,0,0,0,0,33.3,5,4,1,3,0,1,0,1,0,1,0,1,0,0,0,1,0,1,0,2,5,1,2,4,3,31.8,5.7,42.8,48.0
786,3,1,2,0,0,0,40.0,1,1,0,1,0,0,0,0,0,66.7,4,2,3,3,0,1,0,0,22,0,0,0,1,1,0,1,0,1,0,2,1,3,4,1,4,39.7,0.0,50.2,29.4
787,0,1,3,0,0,2,65.0,2,0,0,0,0,1,0,0,0,33.3,4,3,1,2,1,0,0,0,30,0,1,0,0,0,42,1,0,1,0,2,5,2,4,4,4,19.5,6.5,22.7,62.9
788,0,3,2,0,1,0,48.3,1,0,1,0,1,0,0,1,0,100.0,2,2,3,2,1,0,0,1,6,1,0,0,0,0,0,1,0,0,1,2,2,3,1,2,1,54.6,9.8,57.9,37.6
789,0,2,0,0,3,1,61.7,2,0,1,0,0,0,0,1,1,100.0,2,3,2,3,0,1,0,0,22,1,0,0,0,0,0,1,1,0,0,76,5,4,5,2,1,74.2,46.2,70.6,41.1
790,0,2,0,0,1,3,61.7,5,0,0,0,0,1,0,0,0,33.3,2,3,2,4,0,1,0,0,22,0,0,1,0,0,28,0,1,0,0,46,1,3,1,5,4,43.4,29.4,48.4,44.8
791,0,3,2,0,1,0,48.3,3,0,0,1,1,0,0,0,0,66.7,2,3,3,2,0,1,1,0,56,1,0,0,0,0,0,1,0,1,0,2,1,4,4,1,1,60.9,19.4,61.3,27.5
792,3,1,0,0,2,0,43.3,4,0,1,1,0,0,1,0,0,100.0,5,4,1,4,1,0,0,0,30,0,1,0,0,0,42,0,1,1,0,18,5,3,4,5,1,24.4,15.9,29.5,70.8
793,3,0,1,0,0,2,65.0,5,1,0,0,1,0,0,0,0,66.7,5,3,1,3,1,0,1,0,64,0,1,0,0,0,42,0,0,1,1,0,3,3,1,5,2,30.1,19.1,28.0,70.3
794,3,0,0,2,0,1,73.3,4,0,1,0,0,0,0,0,0,33.3,1,4,4,2,1,0,0,1,6,1,0,0,0,0,0,0,1,0,0,46,3,3,1,2,3,62.4,32.4,66.2,35.0
795,3,1,2,0,0,0,40.0,2,1,1,0,0,0,0,0,0,66.7,4,4,4,4,1,1,0,0,52,0,0,0,1,0,20,0,0,1,0,0,3,4,2,1,3,35.1,7.9,53.3,46.9
796,1,2,3,0,0,0,40.0,1,0,1,0,1,0,1,0,0,100.0,2,1,3,4,0,1,0,1,0,1,0,0,0,0,0,1,0,0,0,30,1,3,4,1,3,56.2,17.4,68.5,30.4
797,0,3,2,0,1,0,48.3,3,0,0,1,0,0,0,1,0,66.7,1,2,4,3,1,0,0,1,6,1,0,1,0,0,0,0,1,1,0,18,2,3,4,5,2,54.8,19.0,68.0,35.8
798,2,0,3,0,1,0,55.0,2,0,1,0,0,0,1,0,0,66.7,4,4,4,3,1,0,0,1,6,0,0,1,0,0,28,0,0,1,0,0,3,4,5,4,4,16.9,0.0,31.0,64.3
799,0,2,1,0,3,0,48.3,2,0,1,0,1,0,0,0,0,66.7,5,4,4,3,0,1,0,0,22,1,0,0,0,0,0,0,1,0,1,18,2,3,1,2,1,48.7,18.5,65.4,38.5
800,2,3,0,0,1,0,43.3,4,0,1,0,1,0,0,0,1,100.0,1,4,2,2,1,1,0,0,52,0,0,1,0,1,0,0,0,0,1,0,3,2,2,2,2,61.4,30.8,56.4,49.1
801,2,3,1,0,0,0,40.0,3,0,1,0,1,0,0,0,0,66.7,2,2,4,3,1,1,0,0,52,0,0,1,0,0,28,1,0,0,0,30,3,2,2,4,4,45.0,32.0,51.2,49.1
802,1,3,0,0,0,2,63.3,3,0,1,1,0,0,0,0,0,66.7,5,3,4,2,0,1,0,0,22,0,1,0,0,0,42,1,0,1,0,2,1,4,5,4,3,16.1,0.0,33.3,57.2
803,0,2,0,0,1,3,61.7,5,1,0,0,0,0,0,0,0,33.3,1,4,3,1,0,0,0,1,0,1,0,1,0,0,0,0,0,1,1,0,2,3,5,5,2,39.0,12.1,46.0,43.7
804,1,0,3,0,0,2,65.0,4,0,1,0,0,0,1,0,1,100.0,2,3,1,2,0,1,0,0,22,1,0,1,0,0,0,1,0,0,0,30,1,3,5,5,1,55.9,32.9,55.5,46.5
805,0,1,2,3,0,0,63.3,3,0,0,0,0,0,1,0,0,33.3,5,4,1,4,0,1,0,0,22,1,0,0,0,0,0,1,0,0,0,30,5,3,1,4,1,51.1,22.3,55.7,43.8
806,2,3,0,1,0,0,60.0,3,0,1,0,1,0,1,0,0,100.0,2,3,3,4,1,1,0,0,52,0,0,1,1,0,48,1,1,0,0,76,3,3,5,2,3,61.5,51.8,57.1,57.4
807,2,1,3,0,0,0,40.0,3,0,0,0,1,0,0,1,0,66.7,4,3,3,3,0,1,0,1,0,1,1,0,0,0,14,0,1,0,0,46,2,1,5,5,1,54.4,34.7,69.5,45.4
808,1,3,2,0,0,0,40.0,3,1,1,0,0,0,0,0,1,100.0,5,2,3,4,0,0,1,0,34,0,1,0,1,0,62,0,1,0,0,46,3,3,1,2,1,44.2,37.1,52.8,47.6
809,0,2,3,1,0,0,63.3,5,0,0,0,1,0,1,0,0,66.7,2,3,4,4,0,1,0,0,22,0,1,0,0,0,42,1,0,1,0,2,1,1,4,4,1,44.9,30.9,58.7,58.8
810,3,0,1,2,0,0,63.3,5,0,0,0,0,0,0,0,1,33.3,2,3,1,4,0,1,1,0,56,1,0,0,0,1,0,1,0,0,0,30,3,2,5,2,2,74.1,50.6,74.6,27.0
811,1,2,3,0,0,0,40.0,5,1,1,0,0,0,0,0,0,66.7,4,4,3,4,0,1,0,0,22,1,0,0,0,0,0,1,1,0,0,76,1,3,1,2,3,69.2,47.2,72.1,41.0
812,1,2,0,3,0,0,60.0,3,0,0,0,1,0,1,0,0,66.7,4,3,4,4,0,1,0,0,22,0,0,1,0,0,28,1,1,0,0,76,3,3,4,5,1,59.7,51.9,66.2,53.3
813,3,0,2,0,0,1,65.0,3,1,1,1,0,0,0,0,0,100.0,4,3,3,4,0,1,0,0,22,1,1,0,0,0,14,1,1,0,0,76,3,3,5,2,4,51.2,36.4,62.0,48.3
814,3,2,0,0,0,1,63.3,3,0,0,0,0,0,1,0,0,33.3,5,3,3,2,1,1,0,0,52,1,0,1,0,0,0,0,0,1,0,0,5,3,4,4,1,45.9,20.3,56.9,41.4
815,0,3,1,0,0,2,65.0,5,1,0,0,1,0,0,0,0,66.7,4,1,1,1,0,1,0,0,22,0,1,1,0,0,70,0,1,0,0,46,5,3,4,4,4,24.3,25.7,14.0,58.0
816,0,0,1,2,3,0,55.0,1,0,0,0,0,1,0,0,0,33.3,4,2,1,2,1,0,0,1,6,1,1,0,0,0,14,0,0,1,0,0,3,2,5,1,1,53.3,13.3,61.6,24.8
817,0,0,2,1,0,3,61.7,2,1,1,0,0,0,0,1,0,100.0,4,1,3,1,0,1,0,1,0,0,1,0,0,0,42,0,0,1,1,0,3,1,1,2,4,19.1,0.0,29.1,58.1
818,1,2,3,0,0,0,40.0,3,0,0,0,0,1,0,1,0,66.7,1,2,1,2,1,0,0,1,6,1,0,0,0,0,0,1,0,1,0,2,1,3,1,4,4,33.6,2.6,38.6,39.8
819,0,3,1,0,0,2,65.0,2,0,1,0,0,0,0,0,0,33.3,5,4,3,4,0,1,0,1,0,0,1,1,0,0,70,0,1,1,0,18,5,2,4,1,4,18.1,0.9,28.0,65.1
820,3,1,0,0,2,0,43.3,2,0,0,1,0,0,0,0,0,33.3,2,4,1,4,1,1,0,0,52,1,0,1,0,0,0,1,0,0,1,2,1,4,5,5,3,45.4,11.6,48.7,39.4
821,0,2,1,0,0,3,65.0,4,0,1,0,0,0,0,1,0,66.7,2,2,3,3,0,1,0,1,0,0,1,1,0,0,70,0,0,1,0,0,5,3,4,2,3,16.1,4.7,19.8,60.2
822,0,1,3,2,0,0,63.3,3,0,0,0,0,0,0,1,0,33.3,2,2,3,2,0,1,1,0,56,1,0,1,0,0,0,1,1,0,0,76,3,3,2,1,3,86.2,52.8,79.9,18.4
823,0,3,2,0,1,0,48.3,3,1,0,0,1,0,1,0,0,100.0,2,3,3,2,0,1,0,0,22,1,0,0,0,0,0,1,0,0,0,30,1,2,4,2,2,68.1,33.0,63.4,38.0
824,0,1,3,0,2,0,48.3,4,0,0,0,0,1,1,0,0,66.7,5,4,3,2,0,1,0,0,22,1,1,0,0,0,14,1,0,1,0,2,5,4,4,4,4,16.6,0.0,24.9,66.8
825,1,0,2,3,0,0,63.3,2,0,1,1,1,0,0,0,0,100.0,1,1,4,4,0,1,0,0,22,1,1,0,0,0,14,1,0,0,0,30,2,4,2,1,1,68.3,24.9,78.9,27.3
826,1,2,3,0,0,0,40.0,3,0,0,1,0,0,0,0,0,33.3,4,2,1,3,1,0,1,0,64,0,0,0,1,0,20,1,0,1,0,2,3,3,4,2,2,49.3,28.0,54.8,27.0
827,2,1,3,0,0,0,40.0,2,1,0,0,0,0,0,1,0,66.7,5,2,4,4,0,1,0,1,0,0,1,0,0,0,42,1,0,0,0,30,5,2,4,4,4,21.7,8.6,38.6,56.4
828,2,3,1,0,0,0,40.0,3,1,0,0,0,0,0,0,0,33.3,5,2,3,4,1,1,0,0,52,0,0,1,1,0,48,1,0,0,0,30,1,3,5,1,3,48.4,22.1,52.5,32.6
829,1,0,3,0,2,0,55.0,4,0,0,0,0,0,0,1,0,33.3,4,4,3,3,1,1,0,0,52,0,1,1,0,0,70,0,0,1,0,0,5,1,5,4,3,21.5,25.0,25.8,69.2
830,2,1,0,0,0,3,63.3,2,1,0,1,1,0,0,0,0,100.0,2,2,4,2,0,0,0,1,0,1,0,1,0,0,0,1,1,0,0,76,5,1,5,2,2,78.0,55.3,84.2,37.8
831,3,0,2,1,0,0,63.3,4,0,0,0,0,0,0,1,1,66.7,5,3,1,3,1,1,0,0,52,0,1,0,0,0,42,1,0,0,1,2,2,2,5,4,3,27.6,14.7,30.4,58.1
832,2,3,1,0,0,0,40.0,5,1,1,0,0,0,0,1,0,100.0,2,3,1,4,0,1,0,0,22,1,0,0,0,0,0,0,0,0,1,0,2,4,2,5,1,38.5,19.5,49.7,48.3
833,1,2,3,0,0,0,40.0,4,0,0,1,0,0,0,0,0,33.3,5,2,3,3,1,0,0,0,30,0,0,1,0,0,28,0,1,1,0,18,3,1,4,1,3,47.3,22.0,64.4,22.5
834,3,2,0,0,0,1,63.3,5,0,1,0,1,1,0,0,0,100.0,2,2,1,4,0,1,1,0,56,0,0,1,0,0,28,1,0,1,0,2,1,2,5,2,1,59.6,33.6,63.6,41.8
835,2,0,0,0,3,1,71.7,3,0,1,0,1,0,1,0,0,100.0,5,2,3,2,0,0,0,1,0,0,1,0,0,0,42,1,0,0,1,2,5,3,2,4,1,19.9,4.9,30.1,59.5
836,2,0,1,3,0,0,63.3,1,0,0,0,1,0,0,0,1,66.7,4,1,4,3,0,1,0,0,22,1,1,0,0,0,14,1,0,0,1,2,3,2,2,5,2,37.8,16.9,54.8,35.2
837,0,3,0,1,0,2,70.0,3,0,0,0,0,0,0,1,0,33.3,4,3,1,3,0,1,0,1,0,0,1,1,0,0,70,1,0,1,0,2,3,3,4,4,2,11.4,1.7,15.4,65.4
838,0,2,1,0,0,3,65.0,3,0,1,0,0,0,0,0,1,66.7,4,2,3,4,1,1,0,0,52,0,0,1,0,0,28,0,1,0,1,18,5,2,1,2,2,54.7,34.5,60.3,43.5
839,1,3,2,0,0,0,40.0,1,0,0,0,1,0,0,0,0,33.3,4,4,4,4,0,1,0,0,22,0,0,0,0,1,0,1,0,1,0,2,2,3,5,2,3,46.7,7.2,66.0,32.4
840,0,0,3,2,1,0,55.0,5,0,0,0,1,1,0,0,0,66.7,5,4,1,3,0,1,0,1,0,1,1,0,0,0,14,0,1,1,0,18,5,2,5,4,1,37.3,15.9,43.8,54.9
841,1,0,2,0,3,0,55.0,3,0,0,0,0,0,0,1,0,33.3,2,3,4,4,0,1,0,0,22,1,0,0,0,0,0,1,0,0,0,30,3,2,5,2,2,67.1,35.2,80.6,31.0
842,1,2,0,0,0,3,63.3,4,0,1,0,0,0,0,1,0,66.7,5,2,2,4,0,1,0,0,22,0,1,0,0,1,0,0,0,1,0,0,5,4,2,5,4,21.5,0.0,35.9,50.9
843,2,3,1,0,0,0,40.0,3,1,0,0,0,0,0,0,0,33.3,4,4,4,1,0,1,0,0,22,1,0,0,0,1,0,0,1,0,1,18,5,2,5,4,3,43.5,20.4,55.2,50.2
844,3,0,0,1,0,2,73.3,2,1,0,0,0,0,0,1,0,66.7,2,1,3,3,1,1,0,0,52,1,0,0,1,0,0,1,0,0,0,30,3,1,4,1,2,79.6,50.3,86.4,23.2
845,0,2,3,0,0,1,65.0,3,1,0,0,1,0,1,0,0,100.0,2,2,4,4,0,1,0,1,0,1,0,0,0,0,0,1,1,0,0,76,2,2,1,5,2,66.2,53.6,76.5,44.3
846,3,0,2,1,0,0,63.3,5,0,0,0,0,0,0,0,1,33.3,1,3,2,4,1,0,0,0,30,0,1,1,0,0,70,0,1,1,0,18,5,4,4,4,3,22.5,19.6,23.2,64.8
847,0,0,2,0,1,3,61.7,3,0,0,1,1,0,1,0,0,100.0,5,4,3,4,0,1,0,0,22,0,1,1,0,0,70,0,1,0,0,46,3,4,2,5,4,7.1,14.5,9.6,91.8
848,3,2,1,0,0,0,40.0,3,0,0,1,0,1,1,0,0,100.0,2,2,1,3,0,1,0,1,0,1,0,0,0,1,0,1,0,0,0,30,1,1,4,5,2,45.3,32.0,53.3,44.0
849,3,1,2,0,0,0,40.0,4,0,1,1,0,0,1,0,0,100.0,4,3,2,4,1,0,0,0,30,0,0,1,1,0,48,0,1,0,0,46,3,2,2,4,4,30.6,29.6,29.4,68.9
850,0,3,2,0,1,0,48.3,5,1,1,1,0,0,0,0,0,100.0,5,2,3,4,1,0,0,0,30,0,0,0,0,1,0,1,0,0,0,30,1,3,4,5,2,51.0,21.7,65.2,40.3
851,1,3,2,0,0,0,40.0,2,1,0,1,1,0,0,0,0,100.0,2,3,3,4,1,1,0,0,52,1,0,0,0,0,0,1,0,0,0,30,5,1,2,1,1,82.0,50.0,89.8,38.5
852,1,2,0,3,0,0,60.0,5,0,0,0,1,1,0,0,0,66.7,4,3,2,4,1,1,0,0,52,0,0,1,0,0,28,1,0,0,1,2,1,1,5,4,3,36.1,25.6,45.2,55.2
853,0,0,3,1,0,2,61.7,3,1,0,0,0,0,0,0,0,33.3,4,4,4,3,0,0,0,1,0,0,1,0,0,0,42,0,0,1,1,0,1,3,4,4,4,8.8,0.0,24.0,62.3
854,3,2,1,0,0,0,40.0,2,0,0,1,1,0,0,0,0,66.7,4,1,4,1,0,1,1,0,56,0,1,0,0,1,0,1,1,0,0,76,3,2,5,2,2,82.5,55.6,84.7,20.1
855,0,1,2,0,3,0,48.3,3,0,1,0,0,0,0,0,1,66.7,5,2,3,2,0,1,0,1,0,0,0,1,0,0,28,1,0,0,0,30,5,4,2,4,2,34.0,10.7,39.6,44.9
856,0,2,3,0,1,0,48.3,4,0,0,0,1,0,0,0,0,33.3,1,3,4,4,1,1,0,0,52,1,0,0,0,0,0,1,0,0,0,30,2,1,1,5,1,80.2,51.6,89.6,34.0
857,0,3,1,2,0,0,63.3,3,1,0,0,0,0,1,0,1,100.0,5,4,3,4,1,0,1,0,64,0,1,1,0,0,70,1,0,0,0,30,1,3,4,5,2,28.9,34.2,28.8,80.1
858,2,3,0,0,0,1,63.3,5,0,1,0,0,0,1,1,0,100.0,4,3,4,3,0,1,0,0,22,0,1,1,0,0,70,1,0,0,1,2,5,4,5,5,2,3.9,6.9,13.5,85.1
859,3,2,0,0,1,0,43.3,3,0,1,0,0,1,1,0,0,100.0,4,3,3,2,0,1,0,0,22,1,0,1,0,0,0,1,0,1,0,2,3,3,5,4,3,29.6,4.6,46.1,54.1
860,2,1,0,0,3,0,43.3,3,0,0,1,1,0,0,0,1,100.0,2,1,2,1,1,1,0,0,52,1,0,0,0,0,0,1,0,0,0,30,3,1,1,4,3,69.7,43.9,58.8,38.1
861,0,2,0,1,0,3,70.0,3,1,0,1,0,1,0,0,0,100.0,4,3,1,4,1,0,0,0,30,0,1,0,0,0,42,0,0,1,0,0,1,2,5,5,3,16.0,11.1,26.3,69.6
862,1,2,3,0,0,0,40.0,4,0,0,0,1,0,0,0,0,33.3,5,3,1,3,0,1,0,0,22,1,0,1,0,0,0,1,0,1,0,2,5,4,2,5,3,26.0,0.0,32.1,45.8
863,3,0,2,1,0,0,63.3,3,1,1,0,1,0,0,0,0,100.0,2,3,3,3,1,1,0,0,52,0,0,0,0,1,0,1,0,0,0,30,5,1,1,1,1,85.2,52.3,91.9,37.6
864,0,0,2,1,0,3,61.7,2,0,0,0,1,0,1,0,1,100.0,5,2,1,3,0,1,0,0,22,0,1,0,0,0,42,0,1,1,0,18,1,3,5,5,4,16.4,3.7,16.3,66.5
865,2,0,1,3,0,0,63.3,1,0,1,1,0,0,1,0,0,100.0,4,2,1,4,0,1,0,0,22,0,0,1,0,0,28,1,0,0,0,30,5,4,1,2,2,40.9,12.3,41.2,48.2
866,1,0,2,0,0,3,65.0,4,0,0,1,0,0,0,0,0,33.3,2,3,3,4,1,1,0,0,52,0,0,1,1,0,48,1,1,0,0,76,2,3,2,2,2,70.2,59.1,63.7,43.3
867,2,1,0,0,3,0,43.3,4,0,0,0,0,0,0,1,0,33.3,1,2,1,2,1,1,0,0,52,1,0,0,0,0,0,1,0,0,0,30,1,1,1,2,1,89.0,58.1,88.8,9.5
868,0,0,0,3,1,2,55.0,4,0,0,0,1,0,0,0,1,66.7,4,2,3,3,0,1,0,0,22,0,0,1,0,1,0,1,1,0,0,76,3,1,2,2,1,86.3,54.6,91.4,20.6
869,3,0,0,1,2,0,63.3,3,0,0,0,0,0,0,1,1,66.7,1,2,4,2,0,1,1,0,56,1,0,0,0,0,0,0,1,1,0,18,2,2,5,1,1,81.3,43.3,84.5,21.2
870,0,3,0,2,1,0,53.3,2,0,0,0,0,1,0,0,0,33.3,4,2,3,3,0,1,0,0,22,0,0,1,0,0,28,1,0,1,0,2,5,3,1,5,3,22.3,1.9,37.7,48.0
871,2,3,1,0,0,0,40.0,5,0,0,1,1,0,0,0,0,66.7,2,3,4,4,0,1,0,0,22,0,0,0,0,1,0,1,0,0,0,30,3,2,5,4,2,59.7,36.2,74.0,45.1
872,2,3,0,1,0,0,60.0,3,0,1,1,1,0,0,0,0,100.0,5,3,3,4,0,1,0,1,0,0,0,0,1,0,20,1,1,0,0,76,3,4,2,4,2,49.4,32.0,59.1,51.3
873,3,2,1,0,0,0,40.0,3,0,0,1,1,0,0,0,0,66.7,5,4,2,4,0,1,0,0,22,0,0,1,0,1,0,1,0,0,0,30,1,3,2,5,2,41.4,15.8,54.4,49.9
874,3,2,0,0,1,0,43.3,3,1,0,0,0,0,0,0,1,66.7,4,3,3,3,0,1,0,1,0,1,0,1,0,0,0,1,0,0,1,2,5,3,5,2,2,39.6,4.3,58.4,39.4
875,0,3,2,1,0,0,63.3,4,1,0,0,0,1,0,0,0,66.7,4,2,2,4,0,1,1,0,56,1,0,0,0,0,0,1,0,0,1,2,5,1,2,1,2,60.8,26.5,66.2,31.1
876,3,2,1,0,0,0,40.0,2,0,1,0,0,0,0,0,1,66.7,4,1,3,4,0,1,1,0,56,1,0,1,0,0,0,0,1,1,0,18,5,4,2,2,4,52.4,16.2,60.5,34.6
877,1,3,0,2,0,0,60.0,3,0,1,0,1,0,1,0,0,100.0,4,2,4,3,0,1,0,1,0,0,1,0,0,0,42,1,1,0,0,76,2,3,4,2,2,57.1,40.2,58.6,46.6
878,2,3,1,0,0,0,40.0,5,0,0,1,1,0,0,0,0,66.7,2,4,1,3,0,1,1,0,56,0,0,0,0,1,0,1,0,0,0,30,2,2,5,1,2,75.6,47.8,64.2,37.4
879,3,0,0,1,0,2,73.3,3,0,1,0,1,0,0,0,0,66.7,2,2,4,1,1,0,0,1,6,1,0,0,0,1,0,0,0,1,1,0,3,4,1,1,3,40.2,0.0,49.8,36.7
880,0,1,2,0,3,0,48.3,3,0,0,1,0,0,0,0,0,33.3,5,3,2,3,0,1,0,1,0,0,1,1,0,0,70,0,0,1,1,0,1,4,5,1,4,8.9,0.0,13.0,43.6
881,3,1,2,0,0,0,40.0,3,0,0,0,0,1,1,0,0,66.7,2,3,4,4,0,1,1,0,56,0,1,1,0,0,70,1,1,0,0,76,3,3,1,2,3,61.6,60.8,53.3,53.5
882,2,0,3,0,1,0,55.0,2,1,0,0,0,0,0,1,1,100.0,4,1,4,4,0,1,0,0,22,1,0,0,0,0,0,1,0,0,0,30,2,2,1,4,2,50.8,26.9,73.5,36.5
883,2,0,3,0,0,1,65.0,3,0,0,1,0,1,0,0,0,66.7,5,3,3,4,0,0,0,1,0,0,0,1,0,0,28,0,0,1,0,0,1,3,4,4,3,15.7,0.0,37.7,51.7
884,0,2,0,3,0,1,70.0,5,1,0,0,1,1,0,0,0,100.0,5,3,2,3,0,1,0,0,22,0,0,1,0,0,28,0,0,1,0,0,2,3,4,4,4,13.5,0.0,21.1,62.7
885,0,1,3,2,0,0,63.3,4,0,0,0,0,1,0,0,0,33.3,2,3,3,3,1,0,1,0,64,1,0,0,0,0,0,0,0,0,1,0,3,2,4,1,2,67.1,29.4,73.1,26.2
886,0,3,0,2,0,1,70.0,3,0,1,0,0,1,0,0,0,66.7,5,4,3,3,0,1,0,1,0,1,1,0,0,0,14,0,0,1,0,0,3,4,2,4,3,13.8,0.0,28.5,61.9
887,3,2,0,0,1,0,43.3,3,1,0,0,0,0,0,0,0,33.3,5,3,3,4,0,1,0,0,22,0,1,0,0,0,42,1,1,0,0,76,1,4,5,5,2,45.4,35.5,55.5,43.6
888,1,0,2,0,3,0,55.0,2,0,0,1,0,0,0,0,0,33.3,4,2,3,4,0,1,1,0,56,0,1,0,0,0,42,1,1,0,0,76,3,3,5,4,1,69.0,58.4,67.8,35.2
889,3,2,1,0,0,0,40.0,5,0,0,0,0,0,1,0,0,33.3,4,2,3,3,1,1,0,0,52,0,1,0,0,1,0,1,1,0,0,76,5,2,5,2,3,78.8,62.7,80.7,17.0
890,0,3,0,2,0,1,70.0,1,0,0,0,1,0,0,1,0,66.7,4,4,4,3,1,1,0,0,52,0,1,0,0,0,42,1,1,0,0,76,5,4,5,2,2,60.0,41.6,51.5,60.5
891,0,3,1,2,0,0,63.3,3,0,1,0,1,0,1,0,0,100.0,4,3,4,2,1,1,0,0,52,1,0,0,1,0,0,0,1,0,0,46,2,3,2,5,3,48.4,33.6,57.8,50.0
892,2,0,1,0,3,0,55.0,1,0,0,0,1,0,0,0,0,33.3,5,1,1,1,0,1,0,0,22,0,1,0,0,0,42,1,1,0,0,76,1,1,5,4,1,67.6,51.5,57.3,21.6
893,0,0,2,0,1,3,61.7,5,1,0,0,0,0,1,0,0,66.7,5,4,2,3,1,1,0,0,52,1,0,1,0,0,0,1,0,0,1,2,5,2,4,4,1,47.4,24.2,60.9,51.6
894,0,0,0,1,2,3,55.0,3,1,0,0,0,0,1,0,0,66.7,5,4,3,2,0,1,0,0,22,1,1,0,0,0,14,1,1,0,0,76,5,4,4,4,2,52.8,34.4,52.6,56.0
895,0,3,0,0,2,1,61.7,4,1,0,1,0,0,0,0,1,100.0,4,3,2,4,1,1,0,0,52,0,1,0,0,0,42,1,0,0,0,30,2,3,1,5,1,47.6,35.7,47.2,60.6
896,3,1,0,0,0,2,63.3,4,0,0,0,1,0,0,0,0,33.3,1,3,4,4,1,1,0,0,52,1,1,0,0,0,14,1,0,0,0,30,5,4,4,2,4,58.6,29.7,64.5,42.3
897,0,2,1,0,0,3,65.0,2,0,1,0,0,0,0,0,0,33.3,5,4,1,4,1,0,1,0,64,0,1,1,0,0,70,1,0,1,0,2,5,3,4,5,2,23.2,15.9,13.6,76.5
898,0,2,1,0,0,3,65.0,4,0,0,1,0,0,1,0,0,66.7,2,3,4,2,1,1,0,0,52,0,1,1,0,0,70,1,0,0,0,30,2,3,5,2,1,52.3,44.3,48.4,53.0
899,3,2,1,0,0,0,40.0,3,0,0,0,1,0,0,0,0,33.3,2,2,3,2,1,1,0,0,52,0,1,1,0,0,70,1,1,0,0,76,3,1,5,4,1,70.9,74.8,61.8,46.8
900,0,3,1,0,0,2,65.0,3,0,1,0,0,0,1,0,0,66.7,2,3,1,4,1,1,0,0,52,0,1,0,0,0,42,1,1,0,0,76,5,1,2,2,2,77.1,70.3,66.4,52.9
901,0,1,0,2,0,3,70.0,4,0,0,0,0,0,0,1,0,33.3,5,4,1,4,0,1,0,0,22,0,1,1,0,0,70,0,0,1,0,0,2,4,1,4,1,15.7,3.6,18.9,64.0
902,2,3,1,0,0,0,40.0,3,0,1,0,0,0,1,0,0,66.7,2,1,4,3,1,0,1,0,64,0,0,1,0,0,28,1,1,0,0,76,1,3,5,2,1,95.7,67.4,84.7,21.7
903,0,1,2,3,0,0,63.3,1,0,1,0,0,0,0,1,0,66.7,1,4,3,4,1,1,0,0,52,1,0,0,0,0,0,1,0,1,0,2,3,3,5,2,1,65.2,25.6,71.9,44.8
904,2,0,1,0,0,3,65.0,2,1,0,0,1,0,0,0,0,66.7,2,3,4,1,0,1,1,0,56,1,0,0,0,0,0,0,0,0,1,0,3,2,4,4,2,55.1,29.8,68.5,45.6
905,1,0,3,0,0,2,65.0,3,0,0,0,1,0,0,0,0,33.3,5,3,3,4,1,1,0,0,52,1,0,0,0,0,0,1,0,0,1,2,3,2,4,5,1,49.4,26.2,66.6,38.8
906,2,3,0,0,1,0,43.3,5,0,0,0,1,0,0,0,0,33.3,4,2,4,1,0,0,0,1,0,1,0,0,0,0,0,0,0,1,1,0,5,1,5,2,1,55.1,16.7,67.9,18.8
907,3,1,2,0,0,0,40.0,3,1,0,0,1,0,1,0,0,100.0,4,2,4,1,1,0,0,0,30,1,1,0,0,0,14,0,1,1,0,18,5,2,5,1,1,56.0,31.8,68.2,31.2
908,2,0,1,0,0,3,65.0,3,0,1,0,0,0,1,1,0,100.0,1,1,3,4,0,1,0,0,22,1,0,0,0,0,0,0,1,1,0,18,5,3,2,2,3,57.1,19.3,66.6,42.0
909,3,0,2,0,1,0,55.0,3,1,1,0,1,0,0,0,0,100.0,2,3,1,3,0,1,1,0,56,0,0,1,1,0,48,1,1,0,0,76,2,1,2,4,1,76.2,74.9,57.9,58.2
910,3,0,2,0,0,1,65.0,5,1,0,0,0,0,0,0,0,33.3,5,3,3,3,0,0,0,1,0,0,1,0,0,0,42,1,0,1,0,2,2,4,4,5,3,5.5,0.0,22.9,53.3
911,1,2,0,3,0,0,60.0,4,1,0,0,1,0,0,0,0,66.7,4,1,4,3,1,1,0,0,52,0,0,1,0,0,28,1,1,0,0,76,3,3,5,2,1,79.0,58.5,78.5,23.7
912,0,0,0,1,3,2,55.0,5,1,0,1,0,1,0,0,0,100.0,4,1,1,4,0,1,0,0,22,0,1,1,0,0,70,1,0,1,0,2,5,3,4,5,3,9.2,4.4,8.2,68.3
913,1,3,2,0,0,0,40.0,3,0,1,0,1,0,0,0,0,66.7,4,1,2,3,0,1,0,0,22,1,0,0,0,0,0,1,1,0,0,76,2,2,1,2,2,75.9,52.5,81.3,16.8
914,1,2,3,0,0,0,40.0,1,1,0,0,1,0,1,0,0,100.0,2,3,4,3,0,1,0,0,22,1,0,0,0,0,0,0,0,1,0,0,2,3,1,1,1,55.9,16.6,70.0,33.9
915,0,3,0,2,0,1,70.0,4,0,1,1,0,1,0,0,0,100.0,4,2,3,2,1,0,1,0,64,1,0,0,0,0,0,1,0,1,0,2,1,4,4,2,1,58.9,23.0,68.2,29.7
916,0,0,3,2,0,1,61.7,4,1,0,0,0,0,0,1,0,66.7,5,4,3,4,1,1,0,0,52,0,1,0,0,0,42,0,0,1,0,0,2,4,5,4,2,21.3,8.8,31.5,60.0
917,3,1,2,0,0,0,40.0,3,1,0,0,0,0,0,1,0,66.7,1,2,3,3,0,1,1,0,56,0,0,1,0,1,0,1,0,0,0,30,5,3,5,5,1,70.6,47.1,74.1,41.1
918,0,1,3,0,2,0,48.3,1,1,0,1,1,0,0,0,0,100.0,2,1,4,2,0,1,0,0,22,0,1,1,0,0,70,0,0,0,1,0,2,2,1,1,1,40.9,19.1,47.2,43.1
919,0,0,1,0,2,3,61.7,2,1,0,0,0,0,0,0,1,66.7,5,3,3,3,0,1,0,0,22,1,0,1,0,0,0,0,0,1,0,0,5,3,1,5,1,36.2,11.2,55.9,46.8
920,2,0,0,3,0,1,73.3,3,1,1,0,0,1,0,0,0,100.0,5,3,1,4,0,1,0,1,0,1,1,0,0,0,14,0,0,1,0,0,5,3,5,2,4,17.4,0.0,30.4,64.1
921,0,2,1,0,3,0,48.3,3,0,1,0,1,0,1,0,0,100.0,2,1,3,3,1,0,1,0,64,1,0,0,0,0,0,0,1,0,0,46,3,3,1,1,2,84.4,49.8,81.0,20.6
922,0,2,3,0,0,1,65.0,5,0,0,0,0,0,1,0,1,66.7,1,2,2,1,0,1,0,1,0,1,0,0,1,0,0,0,1,0,1,18,2,2,1,1,1,70.2,33.1,66.7,19.2
923,3,0,1,0,0,2,65.0,2,1,0,0,1,1,0,0,0,100.0,2,3,4,3,0,1,0,0,22,0,1,0,0,1,0,1,0,0,0,30,2,1,4,2,1,69.6,45.3,83.3,38.4
924,3,2,0,0,0,1,63.3,3,0,0,0,1,1,1,0,0,100.0,1,4,1,3,1,1,0,0,52,0,0,1,1,0,48,0,1,1,0,18,2,3,4,4,3,38.3,32.5,27.4,72.5
925,0,3,1,0,2,0,48.3,4,0,0,1,1,0,0,0,0,66.7,1,3,4,4,0,1,0,0,22,1,0,1,0,0,0,0,0,1,1,0,1,3,2,1,3,51.2,12.2,68.2,31.9
926,2,3,0,1,0,0,60.0,3,1,0,0,0,0,0,0,0,33.3,1,4,3,4,1,0,0,0,30,0,0,1,0,0,28,0,0,1,0,0,5,4,5,4,2,36.3,13.7,45.1,57.7
927,0,1,2,0,0,3,65.0,3,0,0,0,0,0,1,0,1,66.7,5,3,1,4,0,1,0,1,0,0,1,1,0,0,70,1,0,0,0,30,5,4,4,5,3,3.9,1.7,5.8,76.6
928,3,0,2,1,0,0,63.3,4,1,0,0,1,0,0,0,1,100.0,2,2,3,4,1,1,0,0,52,1,0,1,0,0,0,1,0,1,0,2,3,3,5,2,1,64.0,25.0,73.4,41.4
929,0,0,3,0,1,2,61.7,2,1,1,0,0,0,0,0,0,66.7,5,2,2,3,0,1,0,0,22,0,1,1,0,0,70,0,0,1,1,0,5,3,2,4,1,17.7,11.3,22.3,59.5
930,0,1,0,2,3,0,53.3,3,0,0,0,1,1,0,0,0,66.7,4,2,3,3,1,1,0,0,52,1,0,1,0,0,0,1,1,0,0,76,2,4,5,2,1,83.1,52.9,80.2,22.0
931,1,3,2,0,0,0,40.0,2,1,1,0,1,0,0,0,0,100.0,4,3,2,4,0,0,1,0,34,1,0,0,0,0,0,0,1,1,0,18,3,1,5,2,1,67.2,36.5,77.0,38.2
932,0,1,2,0,3,0,48.3,4,0,0,0,1,1,0,1,0,100.0,5,4,1,3,0,1,0,0,22,0,1,0,0,0,42,0,0,1,0,0,3,2,2,4,4,10.5,3.3,10.7,77.3
933,3,1,0,0,2,0,43.3,4,0,0,0,0,0,1,0,1,66.7,4,3,3,3,0,1,1,0,56,0,0,1,0,0,28,1,0,0,0,30,1,4,4,2,1,59.9,34.6,58.1,33.7
934,3,2,1,0,0,0,40.0,1,0,1,0,0,0,0,0,0,33.3,2,3,3,1,0,0,0,1,0,1,0,0,0,0,0,1,0,0,1,2,2,3,1,1,1,59.4,11.5,65.5,18.1
935,1,2,0,0,0,3,63.3,2,0,0,0,1,0,0,0,1,66.7,4,3,1,1,0,1,0,0,22,0,0,1,0,0,28,0,0,0,1,0,5,2,1,1,1,47.1,18.8,36.6,45.8
936,3,0,0,0,2,1,71.7,3,1,1,0,0,0,0,0,0,66.7,4,3,1,1,0,1,0,0,22,0,0,0,1,0,20,0,0,1,1,0,2,4,4,2,3,27.4,0.4,25.3,52.5
937,3,2,0,0,1,0,43.3,2,0,0,0,1,0,1,0,0,66.7,2,2,2,4,0,0,1,1,10,1,0,0,0,1,0,0,1,1,0,18,3,4,1,4,1,55.3,18.6,62.0,36.0
938,3,2,0,1,0,0,60.0,3,0,0,1,0,0,0,0,0,33.3,4,3,3,4,1,0,1,0,64,0,0,1,0,0,28,0,1,0,0,46,3,3,5,4,1,59.6,45.3,68.3,40.5
939,3,0,2,0,0,1,65.0,3,1,0,0,0,0,0,0,0,33.3,5,4,1,1,0,1,0,0,22,0,1,0,0,0,42,1,0,1,0,2,5,3,5,4,3,19.5,9.0,18.1,64.4
940,0,0,3,1,0,2,61.7,1,1,0,1,1,0,0,0,0,100.0,2,1,1,2,0,1,0,0,22,1,1,0,0,0,14,1,0,0,1,2,1,2,4,2,1,59.6,18.9,59.0,25.2
941,3,0,1,0,0,2,65.0,4,0,0,0,0,1,0,1,0,66.7,5,2,3,4,0,1,0,1,0,0,1,0,0,0,42,0,0,1,0,0,5,3,5,5,4,0.0,0.0,18.8,63.2
942,2,1,0,0,0,3,63.3,2,1,0,0,1,1,0,0,0,100.0,5,4,2,3,0,1,0,1,0,1,0,0,0,0,0,1,0,1,0,2,5,4,5,4,3,18.0,0.0,35.0,67.6
943,1,0,0,2,0,3,73.3,4,1,0,0,0,0,0,1,1,100.0,4,2,3,3,1,1,0,0,52,0,0,1,0,0,28,1,1,0,0,76,1,2,1,4,1,73.2,64.5,71.9,43.7
944,3,1,0,0,2,0,43.3,1,1,0,1,0,0,0,0,1,100.0,4,2,1,3,0,1,0,0,22,1,0,1,0,0,0,0,1,0,1,18,1,2,5,5,2,41.0,24.1,50.2,44.0
945,2,1,3,0,0,0,40.0,3,1,1,0,0,0,0,0,1,100.0,2,2,4,3,0,1,1,0,56,0,0,1,0,0,28,1,1,0,0,76,1,3,4,2,1,80.8,63.3,78.9,30.8
946,0,3,1,0,2,0,48.3,1,1,0,0,1,0,0,0,0,66.7,2,1,1,1,0,1,0,0,22,1,0,0,0,1,0,0,0,1,0,0,5,2,1,4,2,48.7,17.6,52.4,32.1
947,1,0,3,0,0,2,65.0,3,0,0,0,0,1,0,0,0,33.3,4,4,1,2,1,0,1,0,64,0,1,1,0,0,70,0,0,1,0,0,5,3,2,1,3,27.9,14.0,18.7,63.3
948,1,3,0,0,2,0,43.3,2,0,1,0,1,1,0,0,0,100.0,2,2,2,3,1,1,0,0,52,1,0,0,0,1,0,1,0,0,0,30,3,2,4,2,1,75.4,48.1,75.7,31.4
949,0,0,3,0,2,1,61.7,4,0,0,0,0,0,1,0,0,33.3,2,4,3,4,1,1,0,0,52,1,0,0,0,0,0,1,0,0,0,30,2,3,1,4,1,73.3,45.3,82.8,36.3
950,0,0,3,1,0,2,61.7,4,1,0,0,1,0,0,0,1,100.0,2,4,1,3,0,1,1,0,56,0,1,1,0,0,70,1,0,0,0,30,5,4,2,4,2,34.8,35.1,19.1,86.0
951,2,0,3,0,1,0,55.0,3,0,1,0,0,0,0,1,1,100.0,2,3,3,4,0,1,0,0,22,1,1,0,0,0,14,1,0,0,1,2,3,1,1,4,1,51.5,30.9,69.6,54.2
952,3,1,0,2,0,0,60.0,2,0,1,1,1,0,0,0,0,100.0,2,2,3,1,0,1,0,1,0,1,0,0,0,1,0,1,1,0,0,76,3,2,5,1,2,83.7,47.1,79.7,29.0
953,3,1,0,2,0,0,60.0,4,0,0,1,0,0,0,0,1,66.7,5,2,2,1,1,1,0,0,52,0,0,0,1,1,0,0,1,0,1,18,1,4,4,2,1,59.7,25.2,57.5,25.4
954,2,3,0,1,0,0,60.0,3,0,0,1,0,0,1,1,0,100.0,4,3,3,4,1,0,1,0,64,0,1,1,0,0,70,1,0,1,0,2,3,3,4,4,3,16.5,15.8,26.8,79.8
955,1,2,0,0,3,0,43.3,3,0,0,0,1,0,0,0,0,33.3,1,4,4,3,0,0,1,0,34,1,1,0,0,0,14,1,0,0,0,30,2,3,1,2,1,74.4,37.6,81.4,26.7
956,0,2,0,1,0,3,70.0,4,0,0,1,0,0,0,0,0,33.3,5,3,1,4,0,1,0,1,0,0,1,1,0,0,70,0,1,0,0,46,2,3,4,4,4,12.1,20.2,15.3,60.1
957,2,0,3,0,1,0,55.0,3,0,0,0,1,0,0,0,0,33.3,4,3,4,3,0,1,0,1,0,0,1,0,0,0,42,0,1,1,0,18,1,3,4,5,3,15.7,4.1,32.8,50.3
958,0,2,1,3,0,0,63.3,2,0,1,0,0,0,1,1,0,100.0,1,2,2,3,0,1,0,1,0,1,0,1,0,0,0,0,0,1,0,0,5,3,1,4,2,41.8,13.9,49.8,49.8
959,2,3,0,0,1,0,43.3,4,1,1,0,0,0,1,0,0,100.0,4,3,3,1,0,1,0,1,0,0,0,1,0,0,28,1,1,0,0,76,3,2,4,1,2,60.0,46.9,54.1,43.2
960,3,1,2,0,0,0,40.0,3,0,0,0,1,1,0,0,0,66.7,2,4,3,3,1,1,0,0,52,1,0,0,0,0,0,1,1,0,0,76,5,3,4,5,1,79.3,67.0,81.0,45.2
961,0,1,3,0,2,0,48.3,3,1,0,0,0,0,0,0,0,33.3,5,3,2,3,1,0,1,0,64,0,0,1,0,0,28,1,0,0,1,2,2,3,5,4,4,34.3,11.7,36.7,44.0
962,0,3,2,1,0,0,63.3,2,0,0,0,1,1,0,0,0,66.7,1,1,3,4,0,1,0,0,22,1,0,0,1,0,0,1,1,0,0,76,5,2,1,1,2,84.6,59.1,85.2,21.7
963,1,0,2,3,0,0,63.3,4,0,0,0,0,0,0,1,0,33.3,1,2,4,2,0,1,0,0,22,0,0,1,0,0,28,1,1,0,0,76,1,2,4,1,1,84.3,62.9,82.5,16.8
964,3,2,1,0,0,0,40.0,3,0,0,0,0,1,1,0,1,100.0,2,3,3,4,1,1,0,0,52,0,1,1,0,0,70,1,1,0,0,76,3,3,2,1,1,69.5,63.8,61.0,53.0
965,3,2,0,1,0,0,60.0,4,0,0,0,0,1,0,0,0,33.3,4,2,1,4,1,1,0,0,52,0,1,0,1,0,62,0,1,1,0,18,3,2,5,4,2,38.2,35.7,38.5,48.3
966,3,0,0,0,2,1,71.7,2,0,0,0,1,0,0,0,0,33.3,5,2,1,4,1,1,0,0,52,0,1,0,0,0,42,0,0,1,0,0,5,2,1,1,2,45.6,19.0,48.7,38.7
967,0,0,3,0,1,2,61.7,2,1,0,0,0,0,0,0,1,66.7,5,3,2,1,0,1,0,0,22,1,1,0,0,0,14,0,1,1,0,18,2,4,5,5,4,20.5,3.4,24.1,56.0
968,1,2,3,0,0,0,40.0,2,1,0,0,0,0,1,1,0,100.0,2,3,1,3,1,0,0,0,30,0,1,0,0,0,42,0,0,1,0,0,1,3,4,5,1,31.0,22.3,30.5,61.7
969,0,1,2,0,3,0,48.3,3,1,0,0,1,1,0,0,0,100.0,1,1,3,3,0,1,0,0,22,0,0,1,0,0,28,0,1,0,1,18,3,2,4,2,4,47.2,21.1,51.6,43.3
970,0,2,3,0,1,0,48.3,5,0,0,0,0,0,0,1,0,33.3,4,4,4,2,0,0,1,0,34,1,0,1,0,0,0,0,0,1,0,0,3,2,4,1,2,57.9,19.5,69.2,33.9
971,0,3,2,0,1,0,48.3,3,1,0,0,0,0,0,1,1,100.0,4,3,2,3,1,1,0,0,52,0,1,0,0,0,42,0,0,1,0,0,5,3,2,2,2,37.6,13.8,32.4,59.8
972,0,0,1,0,3,2,61.7,3,0,0,0,0,0,1,0,0,33.3,4,2,4,4,0,1,1,0,56,0,0,1,0,0,28,1,1,0,0,76,3,3,5,4,2,75.9,55.7,82.0,29.8
973,2,1,3,0,0,0,40.0,1,0,0,0,1,0,1,0,1,100.0,4,2,4,4,0,1,0,1,0,1,1,0,0,0,14,0,1,0,1,18,1,1,1,2,2,51.1,20.1,71.6,34.1
974,1,3,0,0,2,0,43.3,2,1,0,0,0,0,1,1,0,100.0,2,2,1,4,1,1,0,0,52,1,0,0,0,0,0,1,0,0,0,30,3,3,4,2,1,76.2,43.1,72.6,32.6
975,1,3,2,0,0,0,40.0,1,1,0,0,1,0,0,1,0,100.0,5,3,3,2,0,1,1,0,56,0,0,1,0,0,28,1,1,0,0,76,1,3,5,2,4,54.9,42.8,50.9,45.9
976,0,2,1,0,0,3,65.0,1,1,0,0,0,0,1,1,0,100.0,5,3,1,4,0,1,0,0,22,1,0,0,0,0,0,1,0,1,0,2,5,3,4,4,3,26.7,0.9,32.8,57.9
977,2,0,1,0,0,3,65.0,1,0,0,1,1,0,0,0,0,66.7,2,3,1,3,0,0,1,0,34,1,0,0,1,0,0,0,1,0,0,46,2,4,5,1,2,70.0,32.9,65.7,28.4
978,2,0,0,0,3,1,71.7,5,0,1,0,0,0,0,1,0,66.7,4,2,1,4,1,0,0,1,6,1,0,1,0,0,0,1,0,1,0,2,5,3,2,4,3,25.9,2.5,38.0,52.0
979,2,3,0,0,0,1,63.3,3,1,0,0,0,0,0,0,0,33.3,5,2,4,3,1,0,1,0,64,1,0,0,0,1,0,1,0,0,1,2,2,2,1,4,1,61.4,29.9,78.1,31.3
980,3,2,0,0,0,1,63.3,3,0,0,0,0,0,1,0,0,33.3,5,4,3,3,0,1,1,0,56,0,0,0,1,0,20,1,1,0,0,76,3,1,4,2,1,78.4,64.1,82.3,32.3
981,0,3,1,0,2,0,48.3,3,0,0,1,1,0,0,0,0,66.7,2,2,3,2,0,1,0,0,22,1,0,0,1,0,0,1,0,0,0,30,5,2,4,2,3,62.0,26.7,63.4,35.9
982,0,0,1,2,3,0,55.0,2,0,1,0,0,0,0,0,0,33.3,5,2,3,2,0,0,0,1,0,0,0,1,0,0,28,1,0,1,0,2,5,4,5,5,1,23.2,1.9,37.0,42.5
983,3,1,0,0,0,2,63.3,2,0,0,0,1,1,0,0,0,66.7,5,2,2,4,0,1,1,0,56,0,1,1,0,0,70,1,1,0,0,76,1,3,4,4,3,49.8,47.2,38.3,52.8
984,1,0,3,2,0,0,63.3,3,0,1,0,0,1,1,0,0,100.0,5,2,1,1,0,1,0,1,0,0,1,0,0,0,42,1,0,0,0,30,1,3,2,4,3,20.9,7.3,15.2,60.4
985,2,0,3,1,0,0,63.3,3,0,0,0,0,1,0,0,0,33.3,4,1,1,1,1,0,0,0,30,1,0,0,0,0,0,1,0,0,0,30,1,3,5,5,1,67.2,31.9,63.2,14.9
986,0,0,1,3,2,0,55.0,3,0,1,0,0,0,0,0,0,33.3,5,4,3,2,0,1,0,0,22,0,1,1,0,0,70,0,0,1,0,0,1,4,4,4,3,4.1,0.0,11.9,67.0
987,0,0,2,1,0,3,61.7,3,1,1,0,0,0,1,0,0,100.0,2,3,3,4,0,0,0,1,0,1,0,0,0,0,0,1,0,0,0,30,1,3,5,5,4,36.5,13.1,46.3,60.8
988,3,2,0,1,0,0,60.0,1,0,0,1,0,0,0,0,0,33.3,2,3,4,1,1,0,1,0,64,1,0,0,0,0,0,1,0,0,1,2,3,4,4,2,2,63.2,20.3,63.8,29.9
989,3,1,0,0,0,2,63.3,5,0,0,1,0,1,1,0,0,100.0,4,4,1,1,0,1,0,1,0,0,0,1,0,1,0,0,0,1,0,0,1,3,2,4,3,25.7,2.1,30.4,63.8
990,1,0,2,0,3,0,55.0,3,0,0,0,1,0,0,0,0,33.3,2,1,2,4,0,0,1,0,34,0,0,0,1,1,0,1,0,0,0,30,3,3,5,1,2,74.2,32.2,85.4,9.1
991,3,0,1,0,2,0,55.0,3,0,1,1,1,0,0,0,0,100.0,2,2,2,1,0,1,0,0,22,1,0,0,0,0,0,0,1,0,1,18,3,2,1,2,1,67.7,31.5,64.4,36.0
992,0,0,2,3,0,1,61.7,5,0,0,0,1,0,0,1,0,66.7,5,4,1,1,0,1,0,1,0,0,1,1,0,0,70,1,0,1,0,2,5,2,5,4,4,0.0,0.0,0.0,81.3
993,1,0,0,0,3,2,71.7,3,0,0,0,1,0,1,0,0,66.7,4,4,1,2,0,1,1,0,56,0,0,1,0,0,28,0,0,1,0,0,2,2,5,4,3,37.2,20.8,33.3,62.2
994,3,0,1,2,0,0,63.3,1,1,0,1,0,0,0,0,1,100.0,2,4,3,4,0,0,0,1,0,1,1,0,0,0,14,0,0,1,1,0,1,1,1,2,1,50.2,18.8,68.3,49.0
995,2,3,1,0,0,0,40.0,3,0,0,1,0,1,0,0,1,100.0,2,2,2,3,0,1,0,0,22,1,0,0,0,0,0,1,0,1,0,2,3,2,5,4,3,39.9,10.9,50.4,46.0
996,1,2,0,0,0,3,63.3,1,0,0,0,1,1,1,0,0,100.0,5,1,3,1,1,0,0,0,30,1,0,0,0,1,0,1,1,0,0,76,3,2,5,2,3,67.3,42.9,69.3,30.4
997,1,2,0,3,0,0,60.0,2,1,1,0,0,0,0,0,0,66.7,5,4,2,4,0,1,1,0,56,0,1,0,0,0,42,0,0,1,0,0,2,4,2,4,4,17.1,0.0,22.1,69.9
998,0,1,2,3,0,0,63.3,5,0,1,0,1,0,0,1,0,100.0,5,4,4,4,1,0,0,0,30,0,1,0,0,0,42,0,0,1,0,0,2,3,4,5,4,5.3,1.4,20.0,82.0
999,0,0,2,3,1,0,55.0,1,1,0,1,0,1,0,0,0,100.0,5,4,1,2,1,1,0,0,52,0,1,0,0,0,42,0,0,1,1,0,5,4,1,5,4,6.3,0.4,5.4,83.5
1000,1,0,3,0,2,0,55.0,3,0,1,0,1,0,1,0,0,100.0,4,2,3,2,1,0,0,1,6,1,0,0,0,0,0,1,0,0,0,30,2,2,2,5,1,47.0,26.5,63.1,42.7
1001,3,2,1,0,0,0,40.0,3,1,0,0,0,0,0,0,0,33.3,4,3,4,4,1,1,0,0,52,0,0,0,0,1,0,1,0,0,0,30,3,4,4,4,1,61.3,32.5,80.1,27.7
1002,0,0,0,2,3,1,55.0,4,0,0,1,0,0,0,0,0,33.3,5,2,1,1,0,1,0,0,22,0,1,0,0,0,42,0,0,1,0,0,5,4,5,4,2,26.3,9.1,23.9,41.9
1003,3,0,2,1,0,0,63.3,3,0,1,0,1,0,0,0,0,66.7,4,3,4,3,0,0,1,0,34,0,0,0,0,1,0,1,0,0,0,30,2,3,2,5,1,55.4,32.4,68.1,45.6
1004,0,2,3,1,0,0,63.3,1,0,0,0,0,1,0,0,0,33.3,4,3,4,4,0,1,1,0,56,1,0,1,0,0,0,0,1,0,0,46,3,3,4,2,3,62.7,36.4,73.9,29.9
1005,3,0,0,1,0,2,73.3,3,0,0,0,0,1,0,0,0,33.3,4,4,4,4,1,1,0,0,52,0,0,1,0,0,28,0,0,1,0,0,5,4,4,1,3,38.6,8.8,48.1,53.7
1006,0,3,1,0,2,0,48.3,3,1,1,0,1,0,0,0,0,100.0,5,1,3,2,1,0,0,0,30,1,0,0,0,0,0,1,0,0,0,30,3,3,5,4,2,52.8,24.4,62.6,31.9
1007,0,0,2,1,3,0,55.0,3,0,0,0,0,0,1,0,1,66.7,4,4,1,2,0,1,0,0,22,1,0,1,0,0,0,0,0,0,1,0,2,4,5,4,2,34.4,2.4,37.8,51.6
1008,0,0,2,1,0,3,61.7,2,1,0,0,0,0,0,0,0,33.3,5,2,2,2,0,1,0,0,22,0,1,1,0,0,70,0,0,1,0,0,2,2,4,5,3,16.8,7.1,15.5,57.1
1009,3,2,0,1,0,0,60.0,3,1,0,1,0,0,0,0,0,66.7,1,2,4,4,0,1,0,0,22,1,0,0,1,0,0,1,1,0,0,76,3,2,1,1,1,95.1,64.9,100.0,21.4
1010,3,0,0,1,2,0,63.3,2,0,0,0,1,0,0,0,0,33.3,1,2,1,3,0,1,0,0,22,1,0,0,0,0,0,1,0,0,1,2,5,2,4,2,1,63.3,25.9,70.7,26.2
1011,2,1,3,0,0,0,40.0,4,0,0,1,0,0,0,0,0,33.3,4,1,4,4,1,1,0,0,52,0,0,1,0,0,28,1,0,0,0,30,1,2,1,1,2,68.7,35.0,76.3,14.4
1012,2,0,1,0,0,3,65.0,4,1,0,0,0,0,1,1,0,100.0,2,2,4,3,1,0,0,1,6,1,0,0,0,0,0,0,1,1,0,18,5,1,4,2,2,52.6,23.5,69.8,43.1
1013,1,0,2,0,0,3,65.0,2,0,0,1,1,1,0,0,0,100.0,5,2,1,4,0,1,0,0,22,0,0,1,0,0,28,1,0,0,0,30,5,3,4,4,2,32.7,17.8,34.3,55.4
1014,0,2,3,0,1,0,48.3,3,0,0,0,1,0,1,0,0,66.7,2,2,3,2,0,1,0,0,22,1,0,0,0,1,0,0,1,0,0,46,2,4,2,2,1,68.3,35.3,71.4,21.5
1015,0,0,3,2,0,1,61.7,3,0,0,1,0,0,0,0,0,33.3,2,1,4,1,0,1,0,0,22,0,1,0,0,1,0,1,1,0,0,76,3,2,4,2,3,84.4,53.6,80.9,15.6
1016,3,1,2,0,0,0,40.0,3,0,0,1,0,0,0,0,0,33.3,4,2,2,4,1,0,0,0,30,0,1,1,0,0,70,0,0,1,0,0,5,3,1,4,2,25.8,13.9,25.4,56.0
1017,0,2,1,0,3,0,48.3,3,0,0,0,1,0,0,0,0,33.3,2,3,3,2,0,1,0,0,22,1,0,0,0,0,0,1,0,0,0,30,3,2,4,1,2,74.7,35.2,73.2,21.2
1018,3,0,0,0,2,1,71.7,4,0,0,1,1,0,0,1,0,100.0,2,4,1,4,0,1,0,1,0,1,0,0,0,0,0,0,1,1,0,18,1,3,4,5,3,37.9,16.4,39.3,61.9
1019,2,3,0,0,0,1,63.3,1,0,0,0,0,1,0,0,0,33.3,2,4,4,3,0,1,1,0,56,1,0,0,0,0,0,0,1,0,0,46,2,4,4,2,1,81.9,48.5,82.9,28.4
1020,2,0,0,1,0,3,73.3,4,0,0,1,0,0,0,1,0,66.7,4,4,3,3,0,1,0,0,22,0,1,0,0,0,42,0,1,1,0,18,1,4,1,2,4,24.0,5.2,24.8,62.0
1021,0,2,0,0,3,1,61.7,3,0,0,1,0,1,1,0,0,100.0,4,2,1,4,0,0,1,0,34,0,1,1,0,0,70,0,1,1,0,18,1,3,2,5,1,29.9,24.2,31.1,61.1
1022,0,0,1,0,2,3,61.7,3,0,0,0,0,1,0,0,0,33.3,4,3,1,3,0,1,0,0,22,0,1,0,0,0,42,0,1,1,0,18,1,4,2,5,2,33.0,12.6,34.0,49.3
1023,2,0,0,1,0,3,73.3,3,1,1,0,0,1,0,0,0,100.0,5,3,1,4,0,1,0,1,0,0,1,0,0,0,42,1,0,0,0,30,3,4,4,2,1,32.8,9.7,32.7,56.7
1024,0,2,1,0,0,3,65.0,3,0,1,0,0,0,0,0,1,66.7,5,3,2,4,0,1,0,0,22,1,1,0,0,0,14,1,0,1,0,2,1,3,5,1,2,41.0,2.0,52.3,40.3
1025,1,0,0,2,3,0,63.3,3,1,0,0,0,0,0,0,0,33.3,5,1,4,3,0,1,1,0,56,0,1,0,0,0,42,1,1,0,0,76,1,2,1,1,3,72.8,52.3,78.2,17.6
1026,3,1,0,0,2,0,43.3,1,1,0,0,1,0,1,0,0,100.0,2,3,3,4,1,1,0,0,52,1,0,0,0,1,0,1,0,0,1,2,2,3,4,1,1,64.5,23.6,74.4,39.4
1027,0,0,3,0,2,1,61.7,3,0,1,0,1,0,1,0,0,100.0,4,3,1,4,0,1,0,0,22,0,1,1,0,0,70,0,0,1,0,0,5,4,5,5,1,10.4,7.9,14.3,76.3
1028,1,3,0,2,0,0,60.0,3,0,0,1,0,0,0,0,0,33.3,5,3,1,4,1,1,0,0,52,0,0,0,1,0,20,1,0,0,0,30,2,3,5,1,2,57.1,27.6,55.3,30.3
1029,0,3,1,0,0,2,65.0,4,0,0,1,0,1,0,1,0,100.0,5,2,2,4,0,0,0,1,0,0,1,0,0,0,42,0,0,1,0,0,5,4,5,1,2,22.0,0.0,33.4,54.5
1030,2,1,0,0,0,3,63.3,3,0,0,1,0,0,0,1,0,66.7,4,3,4,1,0,1,0,0,22,1,0,0,0,0,0,1,1,0,0,76,5,4,4,2,2,65.8,38.2,71.7,34.1
1031,1,0,3,0,2,0,55.0,1,0,1,0,0,0,0,0,1,66.7,2,2,3,4,1,1,0,0,52,1,0,0,0,0,0,1,1,0,0,76,5,1,5,2,1,96.3,71.5,96.6,23.0
1032,3,0,2,1,0,0,63.3,2,0,1,0,0,0,1,0,1,100.0,2,1,3,2,0,1,0,0,22,1,0,1,0,0,0,0,1,0,0,46,3,2,1,4,1,72.2,39.2,79.1,32.0
1033,0,3,2,0,1,0,48.3,2,1,0,0,0,1,0,0,0,66.7,2,2,4,4,0,1,0,0,22,0,1,1,0,0,70,1,0,1,0,2,5,4,5,5,4,6.1,0.0,14.1,72.4
1034,3,2,1,0,0,0,40.0,3,1,0,0,0,0,0,0,0,33.3,4,2,2,2,0,1,0,1,0,1,0,0,0,0,0,1,0,0,0,30,1,2,1,2,2,58.8,21.9,64.7,14.5
1035,0,3,0,1,0,2,70.0,1,0,0,0,1,1,0,0,0,66.7,2,1,3,3,0,0,0,1,0,1,0,0,0,1,0,1,0,0,1,2,5,1,4,2,1,62.7,19.3,80.2,28.3
1036,3,1,0,0,0,2,63.3,3,0,0,0,1,0,0,0,0,33.3,1,2,2,3,0,0,1,1,10,1,0,0,0,0,0,1,0,0,0,30,2,2,4,4,4,47.4,26.6,58.7,31.9
1037,0,3,1,0,0,2,65.0,2,0,1,1,0,0,0,0,1,100.0,2,3,1,4,0,1,0,0,22,0,1,1,0,0,70,0,1,1,0,18,5,2,4,5,2,25.4,26.0,20.5,81.9
1038,2,1,3,0,0,0,40.0,3,0,0,0,0,1,0,0,0,33.3,2,4,4,4,0,0,1,0,34,0,1,0,1,0,62,0,1,0,1,18,5,3,5,2,2,42.7,27.0,52.0,54.2
1039,1,2,3,0,0,0,40.0,3,0,1,0,0,0,1,0,0,66.7,2,3,3,1,1,1,0,0,52,0,0,1,0,0,28,0,1,0,0,46,3,4,4,4,3,53.1,36.5,43.4,51.5
1040,0,1,2,0,0,3,65.0,5,0,0,0,0,0,0,0,1,33.3,5,4,1,4,0,1,0,1,0,0,1,0,1,0,62,0,0,1,0,0,5,2,1,4,1,12.7,9.0,21.7,68.4
1041,0,3,2,0,1,0,48.3,4,0,0,0,0,1,0,0,0,33.3,5,4,1,1,0,0,0,1,0,1,0,1,0,0,0,1,0,1,0,2,1,4,2,4,3,24.2,0.0,30.6,39.6
1042,1,0,2,0,0,3,65.0,5,0,1,0,0,1,0,0,0,66.7,5,4,2,4,0,1,0,0,22,1,0,1,0,0,0,0,1,1,0,18,2,4,4,5,1,41.2,16.9,50.0,53.8
1043,2,1,3,0,0,0,40.0,3,0,1,0,1,0,0,1,0,100.0,2,4,4,4,0,1,0,0,22,1,0,0,0,0,0,1,0,0,0,30,1,1,4,2,1,66.3,41.5,82.0,44.4
1044,1,0,2,3,0,0,63.3,2,1,0,0,1,0,0,0,0,66.7,4,4,1,4,0,1,0,1,0,0,1,0,0,0,42,0,0,1,0,0,5,2,2,5,2,17.3,3.1,24.1,72.1
1045,0,0,3,0,2,1,61.7,3,0,1,0,0,0,0,0,0,33.3,4,3,3,4,1,1,0,0,52,1,0,1,0,0,0,0,0,0,1,0,5,4,4,5,2,38.8,13.6,58.1,45.5
1046,3,1,2,0,0,0,40.0,3,0,1,0,0,1,0,0,0,66.7,2,1,4,3,1,1,0,0,52,0,0,1,0,1,0,0,0,0,1,0,2,2,1,2,1,70.7,32.1,88.5,17.6
1047,0,3,0,0,1,2,61.7,3,0,0,1,1,0,1,0,0,100.0,4,3,1,4,1,0,0,0,30,0,0,1,0,1,0,1,0,1,0,2,2,3,4,5,2,38.5,7.5,45.6,54.8
1048,1,2,0,0,3,0,43.3,3,0,1,0,0,1,0,1,0,100.0,1,2,1,4,1,1,0,0,52,1,0,0,0,0,0,1,1,0,0,76,5,1,4,5,1,84.2,75.6,78.5,42.2
1049,2,1,0,0,3,0,43.3,2,0,0,0,0,1,0,0,0,33.3,4,3,3,2,0,1,0,1,0,0,0,1,0,0,28,1,0,0,0,30,1,3,5,5,1,37.0,16.4,49.4,41.6
1050,2,0,0,0,3,1,71.7,1,0,1,0,1,0,1,0,0,100.0,2,3,4,3,0,0,1,1,10,0,1,0,0,0,42,1,1,0,0,76,3,3,1,4,4,43.9,39.9,40.3,71.7
1051,0,2,3,1,0,0,63.3,3,0,1,0,0,0,0,0,0,33.3,2,2,3,1,0,0,0,1,0,1,0,0,0,0,0,1,1,0,0,76,1,3,1,2,1,88.4,46.6,83.1,7.4
1052,1,3,0,0,0,2,63.3,3,0,0,0,1,0,0,0,0,33.3,5,2,4,1,0,1,0,0,22,1,0,1,0,0,0,1,0,0,1,2,3,1,1,1,4,41.2,11.4,58.0,27.9
1053,0,1,3,0,0,2,65.0,2,0,0,0,0,0,1,1,0,66.7,4,4,2,4,0,1,0,0,22,0,1,0,0,0,42,1,0,1,0,2,5,4,4,5,3,9.6,0.0,15.2,77.2
1054,2,3,1,0,0,0,40.0,3,0,0,0,0,0,0,1,0,33.3,2,2,3,3,1,0,0,1,6,0,0,1,0,0,28,1,0,0,0,30,5,2,2,1,3,48.6,23.3,60.2,34.0
1055,3,0,0,0,2,1,71.7,4,1,1,0,0,0,1,0,0,100.0,5,3,1,3,0,1,0,0,22,0,1,0,0,0,42,0,0,1,1,0,5,1,4,1,1,37.2,17.8,39.9,57.9
1056,0,2,1,3,0,0,63.3,3,0,1,0,0,0,0,1,1,100.0,1,3,3,4,0,1,0,0,22,1,0,1,0,0,0,1,1,0,0,76,3,1,2,2,4,80.2,53.6,77.8,46.5
1057,1,0,3,0,2,0,55.0,5,0,0,0,0,0,0,1,0,33.3,4,2,2,3,0,1,0,0,22,1,0,0,1,0,0,1,0,0,1,2,2,2,2,2,2,54.8,13.4,61.0,14.3
1058,1,0,2,0,0,3,65.0,2,0,0,0,0,0,1,0,0,33.3,2,4,1,3,0,1,0,0,22,0,0,1,1,0,48,1,0,1,0,2,2,4,4,5,4,16.7,3.8,18.3,69.0
1059,2,0,0,0,1,3,71.7,2,0,0,0,1,0,0,0,0,33.3,5,4,1,4,0,1,0,1,0,0,1,1,0,0,70,1,0,1,0,2,3,3,2,1,3,16.2,0.0,16.7,60.9
1060,2,3,1,0,0,0,40.0,4,1,1,0,0,0,1,0,0,100.0,5,3,1,4,1,0,0,1,6,1,0,1,0,0,0,1,0,1,0,2,5,3,5,4,3,27.2,0.0,36.6,55.3
1061,3,0,2,0,1,0,55.0,2,1,0,0,0,0,1,1,0,100.0,2,3,3,2,0,1,1,0,56,1,0,1,0,0,0,1,1,0,0,76,5,1,4,1,1,99.1,72.7,92.6,37.7
1062,1,2,3,0,0,0,40.0,2,0,0,0,0,1,1,0,0,66.7,4,1,4,3,1,1,0,0,52,1,0,0,0,0,0,0,0,0,1,0,2,2,2,4,3,42.1,16.0,60.6,33.5
1063,1,0,2,0,0,3,65.0,5,0,1,0,0,1,0,0,0,66.7,4,3,1,3,0,0,0,1,0,1,1,0,0,0,14,1,0,1,0,2,5,4,5,4,3,23.3,0.0,25.9,60.1
1064,2,3,1,0,0,0,40.0,3,0,1,0,0,0,0,0,1,66.7,2,3,4,1,0,0,1,1,10,1,0,0,0,0,0,1,0,0,1,2,1,3,2,4,2,39.8,11.4,54.9,38.9
1065,3,2,0,0,0,1,63.3,2,0,0,0,1,0,0,0,0,33.3,5,2,1,4,0,1,0,0,22,0,1,0,0,1,0,1,0,0,1,2,2,2,4,5,2,40.2,4.9,56.4,31.0
1066,3,2,1,0,0,0,40.0,1,0,0,1,1,0,0,0,0,66.7,5,2,4,3,1,1,0,0,52,1,0,0,1,0,0,0,1,1,0,18,3,1,2,2,1,64.6,32.3,80.4,29.0
1067,3,2,0,0,1,0,43.3,3,0,0,1,0,1,0,0,0,66.7,4,1,4,3,1,0,0,0,30,0,0,0,0,1,0,0,1,1,0,18,1,3,4,1,3,51.8,17.6,67.6,18.3
1068,0,0,1,3,0,2,61.7,1,0,0,1,0,0,1,0,0,66.7,2,2,3,3,1,0,0,0,30,1,0,0,1,0,0,0,1,0,0,46,3,3,5,1,1,76.7,41.3,79.1,25.0
1069,3,1,0,0,2,0,43.3,3,0,0,1,0,0,0,0,0,33.3,4,3,3,1,1,1,0,0,52,1,0,0,1,0,0,1,1,0,0,76,5,1,5,4,1,83.3,73.5,80.3,31.5
1070,3,2,0,0,0,1,63.3,3,1,0,0,1,0,0,0,0,66.7,5,2,4,3,1,1,0,0,52,1,0,0,0,1,0,1,0,0,1,2,2,3,5,2,1,53.8,21.6,75.3,25.2
1071,0,0,0,3,2,1,55.0,2,0,0,1,0,1,0,0,0,66.7,5,4,3,3,0,1,1,0,56,1,0,1,0,0,0,1,0,0,1,2,2,3,2,5,1,42.2,18.4,56.1,47.8
1072,0,0,3,0,2,1,61.7,3,0,0,1,1,0,0,0,0,66.7,2,3,4,4,0,1,0,0,22,1,0,0,0,1,0,1,0,0,0,30,3,1,5,5,2,57.0,42.6,71.8,45.1
1073,3,1,2,0,0,0,40.0,1,0,1,0,0,0,0,0,0,33.3,4,4,3,4,1,1,0,0,52,0,0,1,1,0,48,1,0,1,0,2,5,2,5,2,1,49.7,26.7,60.2,49.1
1074,2,3,0,1,0,0,60.0,3,0,1,0,0,0,1,0,0,66.7,1,2,3,2,0,1,1,0,56,0,0,0,1,0,20,1,1,0,0,76,3,3,5,2,1,83.8,65.5,73.9,26.9
1075,1,2,3,0,0,0,40.0,3,0,0,1,1,0,0,0,1,100.0,5,3,1,2,1,0,0,1,6,0,0,1,0,1,0,0,1,0,0,46,3,4,2,4,3,37.5,15.7,36.9,49.2
1076,0,3,0,1,2,0,53.3,4,0,1,1,0,0,0,0,0,66.7,5,2,3,1,1,0,0,0,30,1,0,0,0,0,0,1,0,0,0,30,1,1,5,1,1,74.9,36.9,77.8,22.1
1077,3,2,1,0,0,0,40.0,4,0,0,0,0,1,0,0,0,33.3,2,3,3,1,0,0,0,1,0,1,0,1,0,0,0,1,0,1,0,2,2,1,2,1,1,64.8,21.4,70.7,17.5
1078,1,0,2,3,0,0,63.3,3,0,0,0,1,0,1,0,0,66.7,2,2,2,3,1,0,1,0,64,0,0,1,0,1,0,0,1,0,0,46,3,4,5,2,2,71.6,47.1,73.8,31.1
1079,1,0,0,3,0,2,73.3,1,0,0,0,0,0,0,0,1,33.3,5,3,2,4,0,1,0,0,22,0,1,1,0,0,70,0,0,1,0,0,5,4,5,4,2,10.0,0.0,19.2,63.8
1080,0,2,1,3,0,0,63.3,2,0,1,1,0,0,0,0,1,100.0,5,3,1,3,0,1,1,0,56,1,1,0,0,0,14,0,0,0,1,0,5,1,5,4,1,45.6,25.9,45.1,57.6
1081,0,2,0,3,1,0,53.3,5,0,0,1,0,0,0,0,0,33.3,5,3,2,1,0,0,0,1,0,1,0,0,0,0,0,1,0,1,0,2,1,3,4,2,2,44.2,3.8,50.0,26.9
1082,2,1,0,3,0,0,60.0,3,1,1,0,0,0,0,0,1,100.0,4,2,3,4,0,0,0,1,0,1,0,0,0,1,0,1,0,0,0,30,2,1,1,2,1,60.3,29.5,76.2,36.2
1083,2,3,1,0,0,0,40.0,3,1,1,0,0,0,1,0,0,100.0,2,1,3,4,0,1,1,0,56,1,0,0,0,1,0,1,0,0,0,30,2,3,5,5,2,60.2,39.0,72.6,39.3
1084,0,2,0,0,1,3,61.7,5,0,0,0,0,0,1,0,0,33.3,5,4,1,4,0,0,0,1,0,1,0,1,0,0,0,0,0,1,0,0,5,4,4,4,3,17.1,0.0,35.6,49.0
1085,1,0,3,0,2,0,55.0,3,1,0,0,0,0,1,0,1,100.0,4,1,3,3,1,0,0,1,6,1,1,0,0,0,14,1,0,0,1,2,3,2,5,2,1,46.4,16.8,61.3,37.1
1086,0,3,2,1,0,0,63.3,3,0,0,0,0,0,0,0,1,33.3,4,2,4,2,0,1,0,0,22,0,1,0,1,0,62,1,0,0,0,30,2,2,1,1,3,43.4,27.2,48.2,37.5
1087,1,2,0,3,0,0,60.0,4,1,0,0,0,0,1,0,0,66.7,5,4,1,1,1,1,0,0,52,1,0,1,0,0,0,1,0,1,0,2,5,4,4,5,4,17.3,0.5,21.7,63.7
1088,2,0,3,1,0,0,63.3,2,1,0,1,0,0,0,0,0,66.7,4,3,4,1,0,1,0,0,22,0,0,1,0,0,28,1,0,0,1,2,3,3,5,2,1,46.1,13.5,49.0,45.1
1089,1,2,3,0,0,0,40.0,5,1,0,0,0,0,0,0,0,33.3,1,2,4,4,0,1,0,0,22,0,0,0,0,1,0,0,1,1,0,18,5,3,5,2,4,55.3,22.1,68.1,30.2
1090,1,2,0,0,0,3,63.3,5,0,0,0,0,0,0,0,1,33.3,4,3,1,3,0,1,0,0,22,0,0,1,0,0,28,0,0,1,0,0,3,4,4,4,4,13.2,0.0,19.4,54.9
1091,1,2,3,0,0,0,40.0,1,0,1,0,0,0,0,0,0,33.3,1,1,3,4,1,0,0,0,30,1,0,0,0,1,0,1,1,0,0,76,1,1,2,2,1,100.0,66.7,100.0,0.0
1092,3,2,1,0,0,0,40.0,3,0,1,0,0,0,0,1,0,66.7,1,1,3,3,0,1,0,0,22,0,1,0,0,0,42,0,1,0,1,18,2,2,5,1,1,68.9,32.2,71.1,21.9
1093,2,0,1,0,0,3,65.0,5,0,0,0,0,0,1,1,0,66.7,2,1,4,4,1,0,1,0,64,0,0,1,1,0,48,0,1,0,0,46,2,4,4,4,1,64.7,50.5,66.7,39.5
1094,1,0,0,2,0,3,73.3,5,0,1,0,1,0,0,0,0,66.7,2,1,3,3,0,1,0,0,22,1,0,0,0,0,0,1,1,0,0,76,3,2,2,2,2,83.0,58.4,83.5,23.8
1095,2,0,1,0,3,0,55.0,4,0,1,1,0,1,0,0,0,100.0,4,3,2,1,0,0,0,1,0,1,1,0,0,0,14,1,1,0,0,76,3,4,2,4,1,57.9,42.8,52.9,47.4
1096,2,3,0,0,1,0,43.3,2,1,0,1,0,1,0,0,0,100.0,4,3,1,3,0,1,0,1,0,0,1,0,0,0,42,0,0,1,0,0,2,4,4,4,3,11.1,0.0,17.5,63.1
1097,0,2,0,1,0,3,70.0,4,1,1,0,0,0,1,0,0,100.0,5,3,2,4,0,1,0,0,22,1,1,0,0,0,14,0,1,0,0,46,1,2,4,4,1,55.9,37.9,61.2,50.9
1098,0,1,3,0,0,2,65.0,3,0,1,0,0,1,0,1,0,100.0,5,4,1,4,1,0,0,1,6,0,1,0,0,0,42,1,0,0,1,2,3,3,5,4,4,1.4,0.0,8.3,83.4
1099,1,2,3,0,0,0,40.0,1,0,0,1,1,0,1,0,0,100.0,4,3,4,3,1,0,1,0,64,1,0,1,0,0,0,0,1,0,0,46,2,2,4,2,2,67.1,45.4,76.4,41.0
1100,1,2,0,0,3,0,43.3,5,0,0,0,1,0,0,0,0,33.3,4,3,4,1,1,1,0,0,52,0,1,0,0,0,42,0,1,0,0,46,3,3,1,2,1,66.9,44.6,60.7,36.6
1101,3,2,0,0,0,1,63.3,3,0,0,0,0,0,1,0,0,33.3,1,3,2,1,0,1,0,0,22,1,1,0,0,0,14,0,0,1,1,0,3,1,2,1,1,69.0,28.3,62.3,27.6
1102,0,2,0,3,1,0,53.3,4,0,1,0,1,0,0,0,0,66.7,4,2,3,2,0,1,0,0,22,1,0,0,0,0,0,1,0,0,0,30,3,2,4,4,2,54.0,29.0,66.5,37.3
1103,0,1,3,0,2,0,48.3,1,0,0,1,0,0,0,0,0,33.3,2,2,4,4,1,0,0,1,6,0,0,0,0,1,0,0,1,0,1,18,3,3,5,2,1,60.3,14.8,79.9,16.9
1104,0,1,2,0,0,3,65.0,2,1,0,0,0,1,0,0,0,66.7,1,4,1,4,0,1,0,0,22,0,1,0,0,0,42,1,0,0,1,2,1,2,2,4,1,41.2,29.2,42.7,60.0
1105,2,3,1,0,0,0,40.0,4,0,1,0,1,1,0,0,0,100.0,4,3,3,4,0,1,0,1,0,0,1,0,0,0,42,0,0,0,1,0,5,3,4,5,2,15.7,2.0,33.4,68.9
1106,0,3,0,1,0,2,70.0,4,0,0,1,0,1,0,0,0,66.7,4,3,1,4,0,1,0,0,22,0,1,0,0,0,42,0,0,1,0,0,5,2,4,2,2,34.6,16.5,39.8,54.5
1107,3,2,1,0,0,0,40.0,3,0,0,1,0,0,1,0,1,100.0,5,3,3,4,0,1,1,0,56,0,1,0,0,1,0,1,0,0,0,30,2,3,5,1,1,68.9,31.4,78.4,32.8
1108,0,2,3,1,0,0,63.3,4,0,0,1,0,0,0,0,1,66.7,2,3,4,1,0,0,1,1,10,1,0,0,0,0,0,1,0,0,0,30,5,2,1,2,2,67.0,32.2,66.6,39.9
1109,1,2,3,0,0,0,40.0,4,0,0,1,0,0,1,0,0,66.7,2,3,3,3,1,1,0,0,52,0,1,0,0,0,42,0,0,1,0,0,2,4,4,2,2,44.8,19.5,49.3,44.4
1110,1,0,2,0,0,3,65.0,3,1,0,0,1,0,0,0,0,66.7,1,2,4,4,1,1,0,0,52,1,0,0,0,1,0,1,1,0,0,76,3,3,4,1,1,95.9,62.9,98.8,18.7
1111,1,2,3,0,0,0,40.0,3,1,0,0,0,0,0,0,0,33.3,2,2,3,3,1,1,0,0,52,1,0,0,0,0,0,1,1,0,0,76,2,3,4,4,4,71.4,50.4,69.9,26.3
1112,1,2,3,0,0,0,40.0,3,0,0,1,0,1,0,1,0,100.0,5,1,1,3,0,1,1,0,56,0,1,0,1,0,62,1,0,0,0,30,2,3,5,4,2,33.0,33.7,26.8,52.5
1113,2,0,0,1,0,3,73.3,5,1,0,0,0,0,1,0,0,66.7,5,1,1,4,0,1,1,0,56,0,1,0,0,0,42,1,0,1,0,2,1,2,4,4,2,36.6,29.2,42.6,42.2
1114,1,2,0,0,3,0,43.3,3,0,0,0,1,1,1,0,0,100.0,4,3,4,3,0,1,1,0,56,1,0,0,0,0,0,1,0,1,0,2,2,3,5,4,3,33.4,11.1,51.9,57.8
1115,1,3,0,2,0,0,60.0,3,0,0,1,0,0,1,1,0,100.0,5,1,3,2,0,1,0,0,22,0,1,0,0,1,0,0,1,0,0,46,1,1,4,4,1,64.4,39.9,76.4,30.9
1116,2,3,1,0,0,0,40.0,3,0,0,0,1,1,0,0,1,100.0,2,2,2,1,0,1,0,1,0,1,0,0,0,0,0,0,0,0,1,0,1,3,4,5,2,35.4,0.2,42.7,43.1
1117,2,3,1,0,0,0,40.0,2,0,0,0,1,0,1,0,0,66.7,1,2,3,3,0,1,0,1,0,1,0,1,0,0,0,1,1,0,0,76,5,2,4,1,1,91.5,55.3,90.5,14.5
1118,0,3,0,2,0,1,70.0,2,1,1,0,0,0,0,0,0,66.7,4,1,1,2,0,1,0,1,0,0,1,1,0,0,70,0,0,1,0,0,5,3,4,5,3,5.1,0.0,5.7,66.1
1119,3,1,0,0,0,2,63.3,3,0,0,0,0,0,0,1,0,33.3,4,1,3,4,0,1,1,0,56,1,0,1,0,0,0,1,0,0,0,30,3,1,1,4,3,61.3,37.5,76.8,25.4
1120,0,0,0,2,3,1,55.0,1,0,0,1,0,1,0,0,0,66.7,5,4,1,4,0,1,0,0,22,0,1,1,0,0,70,0,0,1,0,0,5,2,1,5,4,1.6,6.0,2.1,89.4
1121,3,0,1,0,2,0,55.0,5,1,0,1,0,1,0,0,0,100.0,5,2,4,3,0,0,1,0,34,1,0,0,0,0,0,0,0,1,0,0,2,4,4,5,3,31.3,5.4,47.6,48.7
1122,1,2,3,0,0,0,40.0,2,0,1,0,0,0,0,0,1,66.7,2,1,3,3,1,0,0,0,30,0,1,1,0,0,70,1,0,0,0,30,3,2,1,2,1,56.9,36.8,58.3,33.3
1123,3,0,2,0,0,1,65.0,4,0,1,0,1,0,0,1,0,100.0,4,2,4,3,0,1,1,0,56,1,0,0,0,0,0,1,0,0,1,2,3,2,2,2,1,58.1,27.9,69.4,44.0
1124,0,1,2,0,3,0,48.3,3,0,0,0,1,0,0,1,0,66.7,5,4,3,2,1,1,0,0,52,0,0,1,0,0,28,1,1,0,0,76,5,2,4,1,1,77.3,55.3,73.0,42.8
1125,0,0,2,0,3,1,61.7,3,0,1,0,0,0,0,0,0,33.3,5,4,3,4,0,1,0,1,0,0,1,0,0,0,42,0,1,1,0,18,5,2,2,5,2,23.6,11.6,39.5,59.6
1126,3,0,2,0,1,0,55.0,2,0,0,0,0,0,1,0,0,33.3,2,4,3,4,0,1,0,0,22,1,0,1,0,0,0,1,0,0,0,30,2,3,4,4,1,60.8,28.4,72.7,37.8
1127,3,2,1,0,0,0,40.0,5,0,0,0,0,0,1,0,0,33.3,4,1,1,2,0,1,0,0,22,0,1,1,0,0,70,0,0,1,0,0,5,3,4,5,3,9.1,4.1,7.5,53.8
1128,0,2,3,1,0,0,63.3,3,1,1,0,0,0,1,0,0,100.0,2,2,2,3,1,0,0,0,30,0,0,1,0,0,28,0,1,1,0,18,5,3,4,5,2,37.6,22.3,40.8,62.9
1129,0,3,2,0,0,1,65.0,4,0,0,0,0,0,1,0,0,33.3,2,4,1,3,0,1,0,1,0,1,0,0,1,0,0,1,0,0,0,30,1,3,5,1,2,59.5,20.8,63.4,28.5
1130,2,1,3,0,0,0,40.0,3,0,0,0,0,0,0,1,0,33.3,2,3,4,4,0,1,0,0,22,1,0,0,0,0,0,1,0,0,1,2,5,2,2,5,1,48.3,21.3,69.3,35.5
1131,3,0,0,1,2,0,63.3,1,1,0,0,0,0,0,0,0,33.3,1,3,3,4,0,1,0,0,22,0,0,0,0,1,0,1,0,0,0,30,3,3,4,4,1,65.5,38.1,77.6,33.5
1132,0,1,2,3,0,0,63.3,4,0,1,0,0,0,0,0,0,33.3,4,4,2,4,0,1,0,1,0,0,1,0,0,0,42,0,1,0,0,46,2,4,2,4,3,30.9,21.3,35.7,54.4
1133,0,0,3,1,2,0,55.0,3,0,1,1,1,0,0,0,0,100.0,2,1,4,2,0,1,0,0,22,1,0,0,0,1,0,0,1,0,1,18,2,2,5,5,4,42.7,20.3,60.4,42.3
1134,2,3,0,0,0,1,63.3,4,1,0,1,0,0,0,0,0,66.7,4,3,3,4,0,1,1,0,56,1,0,0,0,0,0,1,1,0,0,76,3,2,4,2,4,70.9,54.2,70.7,41.5
1135,0,2,0,3,0,1,70.0,5,0,1,0,1,0,0,0,0,66.7,1,3,3,4,0,1,1,0,56,1,0,0,0,0,0,1,0,1,0,2,5,3,2,1,3,57.4,25.0,66.2,48.4
1136,2,0,3,0,0,1,65.0,5,1,0,0,1,0,0,1,0,100.0,2,2,3,1,0,0,0,1,0,1,0,1,0,0,0,0,1,0,1,18,5,2,1,2,3,48.3,19.3,51.8,40.5
1137,0,2,0,3,1,0,53.3,2,1,1,0,0,1,0,0,0,100.0,4,4,3,2,1,1,0,0,52,0,0,0,1,0,20,1,1,0,0,76,1,1,2,2,1,78.3,65.4,75.1,47.3
1138,0,3,2,0,1,0,48.3,5,0,1,1,0,0,0,0,0,66.7,4,2,4,2,0,1,0,0,22,1,1,0,0,0,14,1,0,1,0,2,5,3,5,5,3,25.6,10.0,41.1,49.9
1139,3,2,1,0,0,0,40.0,1,0,1,1,0,0,1,0,0,100.0,4,2,3,2,0,1,0,1,0,1,0,1,0,0,0,0,0,0,1,0,2,1,1,5,1,40.7,16.3,56.3,40.0
1140,2,3,0,0,0,1,63.3,2,0,0,0,0,0,0,1,0,33.3,5,4,1,1,0,0,1,0,34,0,1,1,0,0,70,0,0,1,0,0,5,3,5,5,2,10.3,9.1,5.0,70.8
1141,3,1,0,2,0,0,60.0,1,1,1,1,0,0,0,0,0,100.0,1,2,3,4,1,0,1,0,64,0,0,0,0,1,0,1,0,0,0,30,3,3,2,4,1,73.1,45.9,77.1,45.5
1142,3,2,0,0,1,0,43.3,1,0,0,1,0,0,0,0,0,33.3,5,2,1,3,0,1,0,0,22,0,1,1,0,0,70,0,0,1,0,0,1,3,2,5,2,18.8,4.9,21.7,48.6
1143,0,1,3,0,0,2,65.0,2,1,0,0,0,1,0,1,0,100.0,4,3,1,3,0,1,1,0,56,0,1,1,0,0,70,1,0,1,0,2,3,4,4,4,4,9.6,9.3,2.6,78.4
1144,3,2,1,0,0,0,40.0,4,0,1,0,0,0,0,0,0,33.3,2,3,4,3,1,0,1,0,64,1,0,1,0,0,0,1,1,0,0,76,1,2,2,2,2,92.5,69.8,94.3,17.1
1145,0,1,0,3,2,0,53.3,3,1,0,0,1,0,0,0,0,66.7,5,4,2,4,0,1,1,0,56,0,1,0,0,0,42,0,1,1,0,18,2,4,1,5,3,27.5,14.3,32.0,66.3
1146,0,1,3,2,0,0,63.3,3,0,1,1,0,0,0,0,0,66.7,4,2,3,4,1,1,0,0,52,1,0,1,0,0,0,1,0,0,0,30,2,2,4,1,2,74.7,40.2,82.4,27.7
1147,0,1,3,0,2,0,48.3,1,0,0,0,0,0,1,0,0,33.3,4,4,3,4,0,1,1,0,56,1,0,1,0,0,0,1,1,0,0,76,3,2,4,2,3,75.5,50.8,80.8,34.9
1148,2,0,3,1,0,0,63.3,5,0,1,0,0,0,0,0,1,66.7,2,2,3,4,0,1,0,0,22,1,0,0,1,0,0,1,0,0,0,30,3,2,1,4,2,60.5,36.0,70.1,37.1
1149,2,3,1,0,0,0,40.0,4,1,0,1,0,0,0,0,0,66.7,4,3,1,4,0,0,1,1,10,1,0,0,1,0,0,0,0,1,0,0,5,4,5,1,3,34.9,0.0,41.8,40.9
1150,0,3,0,1,0,2,70.0,4,0,0,0,0,1,0,1,0,66.7,4,1,1,3,0,0,0,1,0,0,1,0,0,0,42,0,0,1,0,0,1,2,2,5,3,16.6,0.0,31.5,46.2
1151,2,3,0,1,0,0,60.0,3,0,0,0,1,0,0,0,0,33.3,4,2,1,2,1,0,0,0,30,1,0,0,0,0,0,0,0,1,0,0,2,2,2,1,4,49.8,6.1,47.4,28.3
1152,1,2,0,0,0,3,63.3,4,0,0,1,0,0,0,0,0,33.3,5,4,1,1,1,0,0,1,6,0,1,0,0,0,42,0,0,1,0,0,2,4,2,1,1,29.5,0.3,27.3,43.3
1153,3,0,2,1,0,0,63.3,3,0,1,0,0,0,0,1,1,100.0,4,2,2,4,1,1,0,0,52,0,1,0,0,1,0,1,0,1,0,2,2,1,5,1,1,68.1,28.9,76.8,29.1
1154,0,0,1,3,2,0,55.0,3,1,0,0,0,0,0,0,0,33.3,4,3,1,4,0,1,0,0,22,0,1,1,0,0,70,0,1,1,0,18,2,4,5,5,3,11.2,6.4,15.7,61.6
1155,0,1,3,2,0,0,63.3,3,0,0,0,1,0,1,1,0,100.0,4,2,1,4,1,0,1,0,64,0,0,0,1,1,0,1,0,0,0,30,3,4,5,1,4,56.1,21.4,51.0,37.7
1156,0,1,2,0,0,3,65.0,4,0,0,1,1,0,0,0,0,66.7,4,3,1,4,0,1,0,0,22,0,1,0,0,0,42,0,0,1,0,0,5,4,4,4,2,25.4,2.5,28.1,60.0
1157,0,3,0,2,1,0,53.3,4,0,0,1,1,0,0,0,0,66.7,5,4,1,3,1,1,0,0,52,0,1,1,0,0,70,0,0,1,0,0,1,3,5,4,4,5.8,8.6,3.4,76.3
1158,3,1,0,2,0,0,60.0,5,0,0,1,0,0,0,0,0,33.3,5,3,4,2,0,1,0,0,22,1,1,0,0,0,14,0,0,1,0,0,1,2,2,2,3,39.8,10.9,58.2,32.6
1159,3,1,2,0,0,0,40.0,2,0,1,0,1,0,0,0,0,66.7,4,1,3,2,0,1,0,1,0,1,0,0,0,1,0,1,0,0,0,30,5,1,5,1,2,63.3,26.6,71.1,20.7
1160,1,3,2,0,0,0,40.0,2,0,0,0,0,0,0,1,0,33.3,2,3,4,3,1,0,0,0,30,1,0,0,0,0,0,1,1,0,0,76,2,2,1,2,1,92.2,65.2,95.7,18.9
1161,2,0,1,0,0,3,65.0,4,0,1,0,0,0,1,0,0,66.7,4,2,4,3,1,1,0,0,52,0,0,1,0,0,28,1,1,0,0,76,5,3,1,4,4,53.2,48.6,56.3,49.9
1162,1,2,0,3,0,0,60.0,2,0,1,0,0,1,0,0,0,66.7,2,2,3,1,1,0,0,1,6,1,0,0,0,1,0,1,0,1,0,2,5,2,2,2,1,60.0,18.2,68.1,29.7
1163,3,2,0,0,0,1,63.3,1,0,0,0,0,0,0,0,1,33.3,2,3,2,3,0,1,1,0,56,1,0,0,0,0,0,0,0,1,1,0,1,2,1,4,3,52.5,22.5,59.5,39.3
1164,2,3,1,0,0,0,40.0,1,0,1,0,1,1,0,0,0,100.0,1,2,1,3,0,1,0,0,22,1,0,0,0,1,0,1,0,1,0,2,3,1,4,2,1,65.5,25.2,67.7,35.1
1165,1,2,3,0,0,0,40.0,3,0,1,0,0,0,0,1,0,66.7,2,2,3,3,0,1,0,1,0,1,0,0,0,1,0,1,0,0,1,2,1,3,2,1,1,57.7,11.7,68.5,19.5
1166,3,2,1,0,0,0,40.0,2,0,0,0,0,1,0,1,0,66.7,5,3,3,4,0,1,0,1,0,0,1,0,0,1,0,0,1,0,1,18,1,4,4,5,4,19.1,0.0,37.9,50.3
1167,3,1,2,0,0,0,40.0,4,0,0,0,1,0,1,0,0,66.7,4,2,1,3,0,1,0,0,22,1,0,0,0,1,0,1,0,0,0,30,2,3,5,5,1,52.5,30.0,58.4,38.1
1168,1,3,2,0,0,0,40.0,3,0,0,0,1,0,0,0,0,33.3,5,3,2,4,0,1,0,1,0,1,0,0,0,0,0,1,0,0,0,30,2,2,2,2,2,54.0,15.9,74.3,17.5
1169,1,0,3,0,2,0,55.0,2,0,1,0,1,0,1,0,0,100.0,1,3,3,4,0,1,0,1,0,0,1,0,0,0,42,0,1,1,0,18,3,3,1,1,2,43.1,16.7,48.2,47.9
1170,0,1,0,3,0,2,70.0,3,0,0,0,0,0,0,0,1,33.3,2,2,3,4,1,0,0,0,30,1,0,1,0,0,0,1,0,0,1,2,3,1,1,2,1,66.2,34.0,88.1,22.2
1171,2,0,3,0,1,0,55.0,3,1,0,0,0,0,0,1,0,66.7,5,3,3,4,0,1,0,1,0,0,1,1,0,0,70,1,0,0,0,30,1,3,5,4,4,8.6,7.6,14.6,64.8
1172,2,1,3,0,0,0,40.0,3,1,1,0,0,0,0,0,0,66.7,1,2,3,2,1,1,0,0,52,0,0,1,0,0,28,1,1,0,0,76,3,2,4,2,1,89.7,64.6,76.1,29.4
1173,3,0,2,0,1,0,55.0,2,0,1,0,0,0,0,0,0,33.3,4,4,2,2,1,0,0,0,30,1,0,0,0,0,0,1,0,0,0,30,3,1,2,4,3,48.1,28.8,53.8,42.5
1174,0,3,2,0,0,1,65.0,3,0,0,0,1,0,0,0,0,33.3,1,2,1,3,0,1,1,0,56,0,1,1,0,0,70,1,0,0,0,30,1,2,2,2,2,58.7,44.0,49.3,38.0
1175,2,3,1,0,0,0,40.0,1,0,0,0,0,0,0,0,1,33.3,2,4,1,3,0,1,1,0,56,1,0,1,0,0,0,1,0,1,0,2,5,1,5,5,1,63.6,35.8,64.7,41.7
1176,0,2,3,0,0,1,65.0,5,0,0,0,0,1,0,0,0,33.3,2,2,2,3,1,1,0,0,52,1,1,0,0,0,14,0,0,1,1,0,5,1,5,2,4,51.8,25.9,56.5,35.1
1177,1,3,0,0,2,0,43.3,2,0,1,0,0,1,1,0,0,100.0,4,2,2,4,0,1,0,0,22,1,0,0,0,0,0,1,0,0,0,30,2,3,5,2,1,59.5,26.6,68.4,31.9
1178,0,0,2,1,0,3,61.7,2,0,0,0,0,1,0,0,0,33.3,5,2,1,4,0,1,1,0,56,1,1,0,0,0,14,0,0,1,0,0,5,4,4,5,3,31.9,5.5,41.5,42.3
1179,2,3,1,0,0,0,40.0,2,0,0,1,0,0,1,0,1,100.0,4,2,3,3,1,1,0,0,52,0,0,1,0,0,28,1,1,0,0,76,3,2,2,2,2,71.1,63.2,68.8,39.8
1180,0,3,0,2,1,0,53.3,4,1,0,0,0,0,0,1,0,66.7,4,4,3,4,1,0,0,0,30,0,1,1,0,0,70,1,0,0,0,30,3,3,4,4,3,22.7,27.3,27.2,76.8
1181,0,2,0,0,3,1,61.7,3,0,0,0,0,0,0,0,1,33.3,4,2,3,3,0,1,0,0,22,0,0,1,0,0,28,1,0,0,0,30,1,3,5,2,1,57.0,26.8,67.7,17.3
1182,0,1,3,0,0,2,65.0,5,0,0,0,1,0,0,0,0,33.3,4,3,3,2,0,1,0,1,0,0,0,0,1,1,0,0,1,0,1,18,1,3,4,5,3,31.8,10.9,42.3,40.1
1183,0,3,2,1,0,0,63.3,3,0,0,0,1,0,0,0,0,33.3,2,3,1,2,0,1,1,0,56,0,1,0,0,1,0,1,1,0,0,76,3,3,1,4,2,85.1,64.7,67.1,32.6
1184,1,2,3,0,0,0,40.0,3,0,1,1,0,0,0,0,0,66.7,1,1,4,4,0,1,0,0,22,0,0,1,0,0,28,1,1,0,0,76,3,3,2,2,1,79.7,55.4,81.3,23.9
1185,0,2,3,0,0,1,65.0,2,1,0,0,1,0,0,1,0,100.0,4,3,1,3,0,1,0,1,0,1,0,1,0,0,0,0,0,1,0,0,1,4,2,5,3,26.5,0.0,31.8,53.7
1186,0,2,0,0,1,3,61.7,4,1,0,0,0,0,0,0,0,33.3,5,3,3,3,0,1,0,0,22,0,1,0,0,0,42,1,0,1,0,2,1,4,4,5,2,21.4,0.0,37.4,49.4
1187,3,2,0,0,1,0,43.3,2,0,0,1,0,0,0,1,0,66.7,4,4,3,4,0,1,0,1,0,1,0,0,0,0,0,1,0,1,0,2,3,3,4,2,2,38.6,0.0,52.7,44.4
1188,3,1,0,0,2,0,43.3,4,0,0,0,0,0,0,1,1,66.7,4,2,3,4,0,1,0,0,22,1,0,1,0,0,0,1,1,0,0,76,1,3,2,4,1,72.4,50.3,82.8,23.9
1189,3,2,0,0,1,0,43.3,3,0,0,1,0,1,1,0,0,100.0,2,1,1,2,0,1,0,0,22,1,0,0,0,0,0,1,0,0,0,30,3,1,5,1,3,69.6,31.0,66.1,28.8
1190,0,3,0,1,0,2,70.0,4,0,0,0,0,0,0,1,0,33.3,5,3,3,3,0,1,0,0,22,0,1,1,0,0,70,0,0,1,0,0,5,3,4,5,2,12.4,9.1,24.3,61.1
1191,0,0,1,0,3,2,61.7,3,1,1,0,1,0,0,0,0,100.0,1,4,2,4,0,1,0,0,22,1,0,0,0,1,0,0,0,0,1,0,3,2,1,4,3,38.4,15.7,44.6,62.3
1192,2,3,0,0,1,0,43.3,3,0,0,0,1,1,0,1,0,100.0,2,2,2,3,0,0,0,1,0,1,0,0,0,1,0,1,0,0,0,30,3,3,5,2,1,66.3,24.0,64.2,37.0
1193,3,2,0,0,0,1,63.3,3,0,0,0,1,0,0,0,0,33.3,4,3,2,3,0,1,1,0,56,0,0,1,0,1,0,0,1,1,0,18,1,3,5,5,3,46.5,24.5,52.7,39.8
1194,2,3,0,0,0,1,63.3,3,0,1,0,0,0,0,0,0,33.3,5,3,3,4,0,1,0,0,22,0,1,1,0,0,70,0,0,1,0,0,1,3,4,2,3,20.4,3.5,26.3,50.0
1195,0,0,1,3,0,2,61.7,3,0,1,1,0,0,0,1,0,100.0,5,1,1,3,0,1,0,0,22,0,1,0,0,0,42,0,1,0,0,46,5,4,5,5,2,35.4,23.3,32.2,57.9
1196,0,1,0,3,0,2,70.0,1,0,1,0,1,0,1,0,0,100.0,5,3,1,3,0,1,0,1,0,0,1,0,0,0,42,0,0,1,1,0,1,4,4,4,2,11.0,0.0,21.2,64.6
1197,3,2,0,0,0,1,63.3,3,0,0,0,0,0,0,0,1,33.3,4,3,3,2,1,1,0,0,52,1,0,1,0,0,0,1,0,0,1,2,3,3,4,5,4,30.7,4.5,39.9,47.0
1198,3,0,1,2,0,0,63.3,4,0,0,0,1,0,0,0,0,33.3,2,3,4,2,1,0,0,0,30,1,0,0,0,0,0,0,1,0,0,46,5,3,5,5,1,66.2,43.6,68.2,40.7
1199,3,0,2,1,0,0,63.3,4,0,0,0,1,0,0,0,0,33.3,4,2,3,4,0,1,1,0,56,1,0,0,0,0,0,0,1,1,0,18,3,4,1,4,2,51.4,17.9,65.3,31.6
1200,3,1,0,2,0,0,60.0,2,1,1,0,0,0,0,0,0,66.7,5,4,1,4,0,1,1,0,56,0,1,0,0,0,42,0,0,0,1,0,5,2,4,1,2,39.1,19.7,35.1,62.5
1201,0,3,1,2,0,0,63.3,4,0,0,0,0,1,0,0,1,66.7,4,4,1,4,0,1,0,0,22,0,1,0,0,0,42,1,0,1,0,2,2,3,5,5,3,16.6,5.7,20.4,68.2
1202,0,1,2,0,0,3,65.0,1,0,0,1,0,0,0,0,0,33.3,2,3,3,2,0,1,0,1,0,0,0,0,0,1,0,1,1,0,0,76,2,1,1,1,2,85.0,50.6,82.8,16.8
1203,2,3,1,0,0,0,40.0,3,1,0,0,1,0,0,0,0,66.7,5,2,3,4,0,1,1,0,56,0,1,0,0,1,0,1,0,1,0,2,3,4,5,1,3,47.3,3.6,65.6,29.4
1204,1,0,3,0,0,2,65.0,5,0,1,0,1,0,1,0,0,100.0,4,3,3,4,0,1,0,1,0,0,1,0,1,0,62,1,0,0,0,30,5,3,5,4,3,16.7,14.9,20.8,74.6
1205,2,0,0,0,3,1,71.7,1,0,0,0,0,0,1,0,1,66.7,4,3,4,4,0,1,0,1,0,1,0,0,0,0,0,1,0,1,0,2,3,2,4,1,1,55.7,8.6,80.7,32.0
1206,0,1,0,0,3,2,61.7,1,1,1,1,0,0,0,0,0,100.0,1,4,3,2,1,0,0,1,6,0,0,1,0,0,28,1,0,0,0,30,2,1,4,4,4,34.8,27.7,37.9,78.6
1207,1,0,0,2,0,3,73.3,1,0,0,0,0,0,0,1,0,33.3,4,4,3,3,0,1,0,0,22,0,0,1,1,0,48,1,0,1,0,2,1,4,2,4,2,22.2,3.3,30.2,54.6
1208,3,0,2,1,0,0,63.3,3,0,0,1,0,0,0,0,0,33.3,4,1,3,2,0,1,1,0,56,1,0,0,0,0,0,1,0,1,0,2,1,3,5,4,1,58.5,22.5,70.2,19.1
1209,0,2,3,0,0,1,65.0,1,1,1,0,0,0,0,0,0,66.7,2,2,1,2,0,1,1,0,56,1,1,0,0,0,14,0,0,1,0,0,5,4,5,5,3,37.7,11.0,33.4,54.1
1210,3,0,2,0,0,1,65.0,3,0,1,0,0,0,0,0,1,66.7,1,2,3,3,1,0,0,1,6,1,0,0,0,0,0,1,0,0,0,30,1,2,1,2,2,63.2,34.4,75.9,29.6
1211,3,1,2,0,0,0,40.0,5,0,0,1,1,0,1,0,0,100.0,2,2,2,2,0,0,1,0,34,0,1,0,0,1,0,1,0,0,0,30,1,1,2,1,1,79.4,46.2,78.8,22.0
1212,2,3,0,0,1,0,43.3,2,0,0,1,0,0,0,0,0,33.3,2,1,4,1,0,0,0,1,0,0,0,0,0,1,0,0,0,0,1,0,1,2,4,2,4,45.2,5.9,59.3,21.1
1213,3,0,2,0,0,1,65.0,3,0,0,0,0,0,0,1,0,33.3,4,4,4,3,0,1,1,0,56,1,0,0,0,1,0,0,1,0,0,46,1,3,5,2,1,76.3,41.9,80.5,26.6
1214,0,2,3,0,1,0,48.3,3,0,0,0,1,0,0,0,0,33.3,5,3,3,4,0,1,0,0,22,1,0,0,0,0,0,1,0,0,0,30,3,2,4,4,1,56.4,30.0,72.4,31.8
1215,3,2,0,0,0,1,63.3,3,0,0,1,1,0,0,1,0,100.0,5,3,3,3,1,0,0,0,30,0,1,0,0,0,42,0,1,0,0,46,3,1,4,2,2,49.1,35.5,49.4,56.3
1216,3,0,0,1,0,2,73.3,3,1,0,1,0,0,0,0,0,66.7,2,3,3,4,0,1,0,0,22,0,1,1,0,0,70,1,1,0,0,76,3,2,4,1,3,60.7,52.6,53.5,50.8
1217,0,0,2,3,0,1,61.7,5,0,0,0,1,0,0,0,1,66.7,5,2,2,3,0,1,0,1,0,0,1,0,0,0,42,0,0,0,1,0,5,3,2,4,2,19.0,0.0,26.3,54.4
1218,2,3,0,1,0,0,60.0,3,0,0,0,1,0,0,1,0,66.7,4,2,4,3,0,0,0,1,0,1,0,0,0,0,0,1,0,0,0,30,2,4,5,2,2,47.2,15.3,71.4,25.0
1219,2,1,3,0,0,0,40.0,4,0,0,1,0,0,0,0,1,66.7,2,3,3,3,0,1,1,0,56,0,1,1,0,0,70,1,0,0,0,30,3,4,5,1,2,52.2,32.4,43.4,49.2
1220,0,3,2,1,0,0,63.3,3,0,0,1,0,0,0,0,0,33.3,4,1,1,1,1,1,0,0,52,0,0,1,0,0,28,1,1,0,0,76,3,3,4,4,2,72.4,51.1,54.9,22.9
1221,2,3,0,1,0,0,60.0,2,0,0,1,0,0,0,1,0,66.7,4,4,1,4,1,0,1,0,64,0,0,0,0,1,0,1,1,0,0,76,2,3,4,4,4,61.2,50.9,57.9,51.8
1222,3,2,1,0,0,0,40.0,4,0,0,1,0,0,0,0,0,33.3,5,2,3,4,1,0,1,0,64,0,0,1,0,1,0,1,0,1,0,2,1,2,1,1,2,64.3,24.9,82.0,11.4
1223,0,0,1,3,0,2,61.7,4,1,0,0,0,1,0,0,0,66.7,5,4,4,4,0,1,0,0,22,0,1,0,0,0,42,0,0,1,0,0,5,3,4,1,2,30.1,2.5,43.7,64.1
1224,3,1,2,0,0,0,40.0,3,0,0,0,1,0,0,0,0,33.3,4,3,1,3,0,1,0,0,22,0,1,0,1,0,62,0,1,0,0,46,3,2,5,1,3,44.9,27.5,34.1,44.5
1225,3,2,1,0,0,0,40.0,3,1,1,0,0,0,0,1,0,100.0,1,2,2,3,0,1,0,0,22,0,0,1,0,1,0,1,1,0,0,76,2,3,4,1,2,86.4,61.8,75.0,22.8
1226,3,0,2,0,0,1,65.0,5,0,1,0,0,0,0,0,0,33.3,5,1,1,3,0,1,0,0,22,1,0,1,0,0,0,0,1,1,0,18,1,3,5,5,2,46.3,16.2,55.5,21.8
1227,0,0,3,1,2,0,55.0,1,0,0,1,0,0,0,0,0,33.3,1,3,1,4,0,1,0,0,22,1,0,0,0,0,0,1,0,0,0,30,3,2,1,2,2,68.6,36.3,70.6,25.8
1228,2,1,0,0,3,0,43.3,3,0,0,1,0,0,1,0,1,100.0,4,1,2,4,0,1,0,0,22,1,0,0,0,0,0,0,1,1,0,18,3,2,5,2,3,54.0,20.7,62.4,32.1
1229,1,0,2,0,3,0,55.0,3,0,0,0,0,0,0,1,0,33.3,5,2,4,1,1,0,1,0,64,0,0,0,1,0,20,1,1,0,0,76,3,1,2,1,2,81.6,59.2,80.9,23.0
1230,1,0,0,2,0,3,73.3,3,0,0,0,1,0,0,0,0,33.3,5,1,2,4,0,1,0,0,22,0,0,1,0,0,28,1,0,0,0,30,2,3,1,5,3,35.3,13.2,50.0,36.0
1231,0,1,0,3,0,2,70.0,4,0,1,0,1,0,0,0,0,66.7,2,4,3,1,0,1,0,0,22,0,1,1,0,0,70,0,0,0,1,0,5,3,1,5,1,22.3,20.5,14.6,74.8
1232,3,0,1,0,2,0,55.0,4,0,0,0,0,0,0,1,0,33.3,2,2,4,3,1,0,0,0,30,1,1,0,0,0,14,0,1,0,1,18,2,3,4,4,3,53.1,23.0,64.5,32.6
1233,3,2,0,1,0,0,60.0,3,0,1,0,0,0,0,0,0,33.3,2,4,3,4,1,0,1,0,64,0,1,1,0,0,70,0,1,0,0,46,3,3,5,5,3,37.6,40.4,39.5,67.3
1234,2,1,0,0,3,0,43.3,3,0,1,0,0,1,1,0,0,100.0,2,4,2,3,1,0,0,1,6,1,0,0,0,0,0,1,0,1,0,2,2,2,4,1,2,52.9,15.8,52.4,49.2
1235,0,3,1,0,0,2,65.0,1,0,0,0,0,0,1,0,0,33.3,4,3,3,4,1,0,1,0,64,0,1,1,0,0,70,1,0,1,0,2,2,1,2,1,2,44.8,26.5,49.3,47.0
1236,1,2,3,0,0,0,40.0,5,0,0,0,0,1,0,1,0,66.7,5,4,3,1,0,0,1,0,34,0,0,1,0,1,0,0,0,1,0,0,5,4,2,5,3,25.1,2.7,28.2,60.5
1237,3,0,1,0,0,2,65.0,5,0,0,1,0,1,0,0,0,66.7,2,3,3,3,0,0,1,0,34,0,1,1,0,0,70,0,1,1,0,18,1,3,4,2,4,29.5,17.2,28.7,59.7
1238,3,2,0,0,1,0,43.3,4,1,0,0,0,0,0,1,0,66.7,2,2,4,4,0,1,1,0,56,1,0,1,0,0,0,1,0,1,0,2,5,2,1,1,2,69.5,27.7,86.7,31.4
1239,0,2,1,0,0,3,65.0,5,0,1,0,1,0,0,1,0,100.0,4,4,1,3,0,1,1,0,56,0,0,0,1,0,20,0,0,1,0,0,5,3,2,5,3,27.9,19.4,24.9,76.2
1240,3,2,1,0,0,0,40.0,2,0,0,1,1,0,0,0,0,66.7,1,2,3,4,0,1,0,0,22,0,0,1,0,0,28,0,0,1,0,0,2,2,4,4,1,52.4,23.4,64.4,35.9
1241,1,2,0,0,0,3,63.3,5,0,0,0,0,0,0,0,1,33.3,5,4,3,4,1,0,0,0,30,0,1,0,0,0,42,0,0,0,1,0,1,4,4,2,4,14.5,1.8,29.9,59.8
1242,0,0,3,0,1,2,61.7,4,1,1,0,0,0,0,1,0,100.0,4,4,2,3,0,1,0,0,22,0,1,0,0,0,42,0,1,1,0,18,5,3,2,5,3,11.7,10.4,14.4,80.7
1243,1,0,2,3,0,0,63.3,5,0,0,0,0,0,0,0,1,33.3,4,4,2,4,0,1,1,0,56,0,1,0,0,0,42,0,0,1,1,0,1,3,2,5,2,28.0,18.6,28.8,56.2
1244,3,2,0,0,1,0,43.3,2,0,1,0,1,0,0,0,0,66.7,1,1,3,3,0,1,0,1,0,0,1,1,0,0,70,1,0,0,0,30,3,1,2,1,1,53.6,38.1,54.9,37.1
1245,1,3,2,0,0,0,40.0,1,0,0,0,1,0,0,0,0,33.3,1,2,2,3,0,1,1,0,56,1,0,0,0,0,0,1,0,1,0,2,3,3,5,1,2,72.2,24.7,77.5,12.8
1246,2,3,0,0,1,0,43.3,4,0,1,0,0,0,0,0,1,66.7,4,1,4,3,1,1,0,0,52,1,1,0,0,0,14,1,0,0,0,30,3,2,4,4,1,64.1,44.5,77.8,31.9
1247,0,0,3,2,1,0,55.0,5,0,0,0,1,1,1,0,0,100.0,5,3,1,4,0,1,0,1,0,0,0,1,0,0,28,1,0,1,0,2,3,4,4,5,2,16.2,1.6,27.9,67.9
1248,1,0,3,0,2,0,55.0,3,1,0,0,0,1,0,0,1,100.0,1,1,3,4,0,1,0,0,22,0,1,1,0,0,70,0,0,1,0,0,5,3,5,5,2,21.7,12.7,31.8,64.2
1249,0,2,3,0,1,0,48.3,3,0,0,1,1,0,0,0,0,66.7,2,1,3,3,1,0,0,0,30,1,0,0,0,1,0,1,0,0,0,30,2,4,2,2,2,65.7,25.1,73.3,18.9
1250,0,1,3,0,0,2,65.0,4,0,0,0,0,0,0,0,1,33.3,5,3,1,4,0,1,1,0,56,1,1,0,0,0,14,0,0,1,0,0,5,1,4,4,2,47.6,25.9,54.7,46.9
1251,3,2,0,0,0,1,63.3,3,0,0,1,0,0,1,0,0,66.7,4,3,3,3,1,1,0,0,52,0,0,1,0,1,0,1,1,0,0,76,3,1,1,4,2,75.8,63.6,81.0,38.6
1252,2,0,3,0,0,1,65.0,3,0,1,1,0,0,0,0,1,100.0,2,2,3,4,0,1,1,0,56,1,0,0,0,1,0,1,1,0,0,76,3,3,2,2,2,76.3,63.5,79.4,37.0
1253,3,1,2,0,0,0,40.0,1,0,0,0,0,0,1,0,1,66.7,4,3,4,4,0,0,1,0,34,0,0,1,0,0,28,0,0,1,0,0,1,4,5,5,3,21.5,0.0,41.9,51.6
1254,0,3,2,0,0,1,65.0,2,1,0,1,1,0,0,0,0,100.0,4,4,3,4,0,0,1,0,34,0,1,1,0,0,70,1,0,1,0,2,5,4,5,5,4,0.0,0.5,6.4,92.9
1255,0,3,2,0,0,1,65.0,4,0,1,0,0,0,1,0,1,100.0,2,3,1,3,0,1,0,0,22,0,1,0,0,0,42,0,0,1,1,0,1,2,1,2,3,33.0,16.8,32.9,58.5
1256,3,1,0,2,0,0,60.0,4,0,0,1,0,1,0,0,1,100.0,1,3,1,4,0,1,0,1,0,0,0,0,1,0,20,1,0,0,1,2,1,2,1,4,4,27.9,11.5,33.1,60.0
1257,3,1,2,0,0,0,40.0,2,0,1,0,1,0,1,0,0,100.0,4,1,4,3,0,1,0,0,22,0,1,0,0,1,0,1,0,0,0,30,3,2,5,2,1,65.3,29.5,84.2,24.8
1258,3,1,2,0,0,0,40.0,3,0,0,0,1,0,0,0,0,33.3,4,3,4,4,0,1,0,0,22,1,0,0,0,0,0,0,0,0,1,0,2,2,2,1,1,59.6,18.4,81.9,21.1
1259,0,2,0,1,0,3,70.0,4,0,0,0,0,0,1,0,0,33.3,4,2,4,3,0,1,0,0,22,0,1,0,0,1,0,1,0,0,1,2,3,4,1,4,4,27.4,0.0,47.4,35.4
1260,2,0,3,1,0,0,63.3,4,0,1,0,0,1,1,0,0,100.0,4,4,4,2,1,1,0,0,52,0,0,0,1,0,20,0,1,1,0,18,5,2,4,4,2,42.7,32.6,50.0,69.1
1261,2,0,1,0,0,3,65.0,4,1,1,1,0,0,0,0,0,100.0,5,4,1,3,0,1,0,0,22,0,1,0,0,0,42,1,0,1,0,2,1,4,4,2,2,19.8,1.2,23.4,60.4
1262,0,3,2,1,0,0,63.3,5,1,1,0,0,0,0,0,1,100.0,5,2,2,4,0,1,0,0,22,0,1,0,0,0,42,1,0,0,0,30,2,3,2,4,2,31.0,18.1,33.1,59.7
1263,3,2,1,0,0,0,40.0,3,0,1,0,0,0,0,0,0,33.3,2,3,3,3,1,1,0,0,52,0,0,0,1,0,20,1,1,0,0,76,2,2,4,4,2,81.1,61.3,75.1,37.3
1264,3,2,1,0,0,0,40.0,3,0,1,0,1,1,0,0,0,100.0,2,1,1,3,1,0,0,0,30,0,0,0,0,1,0,1,0,0,0,30,5,2,1,2,2,66.2,29.5,63.7,36.0
1265,3,1,0,0,2,0,43.3,5,0,0,0,1,0,0,1,0,66.7,2,2,3,4,0,0,0,1,0,0,1,1,0,0,70,1,0,0,0,30,2,1,4,5,1,37.2,36.2,45.7,49.3
1266,0,1,2,0,3,0,48.3,3,0,1,0,0,0,0,0,0,33.3,2,1,2,2,1,0,0,0,30,1,0,0,0,0,0,1,0,0,1,2,5,3,4,4,1,57.0,26.9,67.6,21.3
1267,0,1,3,0,2,0,48.3,3,1,0,0,0,0,0,0,0,33.3,2,3,3,4,1,0,0,1,6,0,1,0,0,0,42,1,0,1,0,2,3,3,5,1,1,48.9,14.9,59.8,29.2
1268,0,0,2,3,1,0,55.0,5,1,1,0,0,0,0,0,1,100.0,4,4,3,3,1,0,1,0,64,1,1,0,0,0,14,1,0,1,0,2,5,4,4,2,4,33.0,8.0,36.6,68.1
1269,0,3,1,0,0,2,65.0,4,0,0,0,0,1,1,0,0,66.7,4,2,1,3,0,1,0,0,22,0,1,0,0,0,42,0,0,1,0,0,3,4,2,5,2,21.9,3.1,27.7,54.9
1270,0,0,2,0,1,3,61.7,3,1,0,0,0,0,0,0,0,33.3,5,4,2,3,0,1,0,1,0,0,0,1,0,0,28,0,0,1,0,0,5,3,5,4,3,18.0,0.0,29.0,58.9
1271,0,3,2,1,0,0,63.3,1,0,0,0,1,0,1,0,1,100.0,4,2,1,1,1,1,0,0,52,1,0,0,0,1,0,1,0,0,0,30,2,1,4,1,2,66.9,37.4,62.4,31.1
1272,3,0,1,0,0,2,65.0,4,1,0,1,0,0,0,1,0,100.0,5,4,2,3,0,0,0,1,0,0,1,1,0,0,70,0,0,1,0,0,5,4,4,1,4,2.1,0.0,0.0,81.2
1273,0,2,3,0,1,0,48.3,1,0,1,0,0,0,0,0,0,33.3,1,1,3,3,0,0,1,0,34,0,0,0,0,1,0,1,0,0,1,2,5,2,1,5,1,59.3,26.9,71.7,25.5
1274,2,1,0,0,3,0,43.3,2,0,0,0,1,0,0,1,1,100.0,2,2,4,1,0,1,0,0,22,1,0,0,0,0,0,1,1,0,0,76,3,2,2,1,2,89.4,55.7,80.8,26.6
1275,2,3,1,0,0,0,40.0,3,1,0,0,0,0,0,0,1,66.7,2,3,3,3,0,1,0,1,0,1,0,0,0,0,0,1,0,0,0,30,3,4,5,1,1,64.2,24.2,74.5,28.8
1276,0,3,2,0,0,1,65.0,2,0,1,0,0,0,1,1,0,100.0,5,3,1,4,0,1,0,0,22,0,1,0,0,0,42,1,0,1,0,2,3,3,5,5,2,15.7,7.5,21.8,65.9
1277,1,2,0,0,0,3,63.3,3,1,0,1,0,0,0,0,0,66.7,4,3,4,1,1,1,0,0,52,1,1,0,0,0,14,1,0,0,1,2,3,2,4,1,1,62.1,27.2,66.1,33.3
1278,1,3,0,0,2,0,43.3,3,1,0,0,0,1,1,0,0,100.0,1,3,3,2,1,0,0,1,6,1,0,1,0,0,0,1,1,0,0,76,2,4,5,2,4,62.1,37.3,58.3,46.4
1279,0,0,0,3,1,2,55.0,5,0,0,0,0,0,0,0,1,33.3,5,4,2,4,1,0,1,0,64,1,0,0,0,0,0,1,0,1,0,2,1,3,4,1,3,47.6,14.5,56.4,35.0
1280,2,1,0,0,0,3,63.3,2,0,1,0,0,0,0,1,0,66.7,4,3,1,4,1,1,0,0,52,0,1,1,0,0,70,1,0,1,0,2,5,4,4,5,2,12.4,10.0,16.4,70.9
1281,2,1,3,0,0,0,40.0,3,0,1,0,1,0,0,1,0,100.0,4,2,2,1,0,0,1,0,34,1,0,0,0,0,0,0,0,0,1,0,5,2,1,1,4,38.5,9.4,36.6,47.3
1282,2,3,1,0,0,0,40.0,3,1,0,0,0,1,0,0,0,66.7,2,2,3,3,1,1,0,0,52,0,1,1,0,0,70,0,1,0,0,46,2,3,5,2,4,41.2,34.6,41.1,49.3
1283,1,2,3,0,0,0,40.0,5,0,0,0,1,0,1,1,0,100.0,5,2,3,4,1,0,1,0,64,0,1,1,0,0,70,0,0,1,0,0,3,4,2,2,3,13.4,10.6,27.2,61.5
1284,0,0,3,0,2,1,61.7,3,0,1,1,0,0,1,0,0,100.0,2,1,3,2,0,1,1,0,56,1,0,0,0,0,0,0,0,0,1,0,2,2,4,2,2,65.3,28.8,69.7,28.4
1285,0,3,0,1,2,0,53.3,4,1,0,1,0,0,0,0,0,66.7,5,4,1,3,0,1,0,1,0,0,1,1,0,0,70,0,0,1,0,0,1,4,2,5,2,1.4,0.0,4.5,68.9
1286,0,1,3,0,2,0,48.3,3,1,0,0,0,0,0,0,0,33.3,5,4,4,3,0,0,0,1,0,0,0,1,0,0,28,1,0,1,0,2,1,4,4,1,3,22.1,0.0,36.5,41.7
1287,0,0,1,0,2,3,61.7,5,0,0,0,0,0,0,0,1,33.3,5,3,1,4,1,0,0,0,30,1,0,0,0,0,0,1,0,1,0,2,3,2,4,4,2,44.3,16.2,57.8,39.8
1288,0,1,3,0,0,2,65.0,5,0,1,0,0,1,0,1,0,100.0,5,4,1,1,1,0,1,0,64,0,0,1,0,0,28,1,0,1,0,2,5,1,2,5,2,29.4,30.8,28.2,73.2
1289,1,3,2,0,0,0,40.0,2,1,0,0,0,0,0,0,1,66.7,4,3,3,3,1,1,0,0,52,0,1,0,0,0,42,0,0,1,0,0,5,1,4,2,3,34.9,24.7,48.1,52.1
1290,2,0,0,1,3,0,63.3,1,1,1,0,0,0,0,0,0,66.7,5,3,1,1,0,1,0,0,22,0,0,1,1,0,48,1,0,1,0,2,1,4,4,5,1,26.1,0.0,20.2,53.3
1291,2,0,3,0,0,1,65.0,5,0,0,1,0,1,1,0,0,100.0,5,2,1,3,0,1,0,0,22,0,1,0,0,0,42,0,0,1,1,0,1,3,2,5,4,15.6,5.7,18.9,61.4
1292,2,1,3,0,0,0,40.0,5,0,0,0,1,1,0,1,0,100.0,2,3,4,4,0,1,1,0,56,0,0,1,0,0,28,1,0,1,0,2,1,3,5,5,1,48.3,29.1,59.6,57.2
1293,3,1,0,2,0,0,60.0,3,0,0,0,1,0,0,0,0,33.3,2,2,3,2,1,1,0,0,52,0,1,1,0,0,70,0,0,1,1,0,3,3,4,2,3,34.9,17.8,34.0,43.0
1294,1,0,3,0,2,0,55.0,5,0,0,0,0,0,1,1,0,66.7,5,4,3,3,0,1,0,0,22,0,1,0,0,0,42,0,0,1,0,0,1,2,1,2,2,28.7,7.7,38.6,55.8
1295,3,0,2,0,0,1,65.0,1,0,0,1,1,1,0,0,0,100.0,4,4,4,4,0,1,0,0,22,0,1,0,0,0,42,1,0,1,0,2,3,3,1,4,4,12.2,0.0,21.7,80.9
1296,2,3,0,0,1,0,43.3,3,1,1,0,0,0,1,0,0,100.0,4,1,2,3,0,1,1,0,56,1,0,1,0,0,0,1,0,0,0,30,3,1,4,2,4,61.5,38.5,64.3,36.0
1297,0,0,1,0,3,2,61.7,5,0,0,0,1,0,0,1,1,100.0,2,2,2,4,0,1,1,0,56,0,1,1,0,0,70,0,0,1,0,0,5,3,1,5,1,30.7,32.4,29.3,71.2
1298,0,3,2,0,0,1,65.0,3,0,0,0,1,1,0,0,0,66.7,5,2,4,4,0,1,0,0,22,0,1,0,0,0,42,1,0,0,0,30,3,1,5,5,3,27.6,32.9,48.8,59.9
1299,0,0,0,1,3,2,55.0,2,0,0,1,0,0,0,0,0,33.3,4,2,3,1,1,0,0,0,30,1,0,0,0,0,0,1,1,0,0,76,3,3,2,4,3,66.8,43.0,66.7,24.1
1300,0,0,2,0,1,3,61.7,4,1,0,0,0,0,1,0,0,66.7,4,4,3,4,0,0,1,1,10,0,1,0,0,0,42,1,1,0,0,76,5,4,5,4,1,49.8,42.5,49.9,62.7
1301,3,0,2,0,0,1,65.0,5,0,0,0,1,0,1,1,0,100.0,4,3,4,3,0,0,1,0,34,1,1,0,0,0,14,0,1,0,0,46,5,4,2,5,3,34.8,22.9,43.6,65.0
1302,2,3,1,0,0,0,40.0,1,0,0,0,1,0,1,0,0,66.7,1,2,4,2,1,1,0,0,52,1,0,0,0,0,0,1,0,0,0,30,2,3,1,1,2,80.9,38.3,83.3,24.0
1303,1,0,2,0,3,0,55.0,4,0,0,0,0,0,1,1,0,66.7,5,3,1,3,0,1,0,0,22,0,1,0,0,0,42,0,0,1,0,0,1,3,4,4,4,13.0,0.0,18.0,62.4
1304,3,0,2,0,1,0,55.0,4,1,1,0,0,1,0,0,0,100.0,4,4,3,4,1,0,1,0,64,0,1,0,0,0,42,1,0,1,0,2,5,4,5,5,3,16.7,12.6,21.5,87.7
1305,3,2,1,0,0,0,40.0,3,1,0,0,1,0,1,0,0,100.0,2,4,2,3,1,0,0,0,30,0,0,1,1,0,48,1,1,0,0,76,3,4,4,5,1,56.1,52.6,44.3,66.0
1306,1,2,0,0,3,0,43.3,4,0,1,0,0,0,0,0,0,33.3,2,3,3,4,1,1,0,0,52,1,0,0,0,0,0,1,0,0,0,30,3,2,1,2,3,68.9,38.1,76.9,28.5
1307,1,2,3,0,0,0,40.0,3,1,1,0,0,0,0,0,1,100.0,5,3,1,4,0,1,0,1,0,0,1,0,0,0,42,0,0,1,0,0,5,4,4,4,4,1.1,0.0,6.9,72.5
1308,3,1,2,0,0,0,40.0,5,1,0,1,1,0,0,0,0,100.0,5,4,1,4,0,0,0,1,0,0,1,0,0,0,42,1,0,0,0,30,1,3,4,4,3,19.3,13.2,21.2,69.5
1309,0,0,1,2,0,3,61.7,2,0,0,0,0,1,1,1,0,100.0,4,1,4,2,0,1,0,0,22,1,0,0,0,0,0,0,1,1,0,18,3,3,5,1,1,61.4,19.8,72.9,27.5
1310,1,2,3,0,0,0,40.0,1,0,0,1,0,1,0,0,1,100.0,2,2,4,1,0,1,1,0,56,1,0,0,0,1,0,1,0,1,0,2,3,3,5,2,1,65.8,25.4,70.1,34.6
1311,1,2,3,0,0,0,40.0,3,1,0,0,0,0,1,0,0,66.7,2,4,2,4,0,1,0,1,0,1,1,0,0,0,14,1,0,1,0,2,2,3,5,2,2,50.3,6.8,55.6,45.5
1312,2,0,0,0,1,3,71.7,5,1,0,0,1,0,0,0,0,66.7,4,3,1,3,0,1,0,1,0,0,1,0,0,0,42,0,0,1,0,0,5,3,4,4,3,13.8,0.3,16.7,65.4
1313,0,2,1,3,0,0,63.3,3,0,1,0,0,1,0,0,0,66.7,2,2,1,2,0,1,1,0,56,0,0,1,0,0,28,0,1,0,0,46,3,1,5,5,1,70.2,63.3,63.1,48.6
1314,0,2,1,0,0,3,65.0,3,1,0,0,0,1,0,0,0,66.7,5,3,4,2,0,0,0,1,0,0,1,0,0,1,0,0,0,1,0,0,5,4,4,4,3,18.5,0.0,38.3,56.8
1315,2,0,0,0,1,3,71.7,3,0,0,1,0,0,1,0,1,100.0,4,4,3,4,0,1,0,1,0,0,1,1,0,0,70,1,0,1,0,2,5,4,5,1,2,9.6,0.0,13.6,80.6
1316,2,3,0,0,1,0,43.3,4,0,0,1,1,0,0,0,0,66.7,5,3,3,1,0,0,0,1,0,1,0,0,0,0,0,0,0,0,1,0,1,3,1,2,4,29.1,0.0,40.8,39.2
1317,2,1,0,0,3,0,43.3,4,0,1,1,0,0,0,0,1,100.0,1,1,3,3,1,0,0,0,30,0,0,0,0,1,0,1,0,0,0,30,3,2,5,2,2,69.4,38.6,77.7,29.3
1318,3,1,0,0,0,2,63.3,5,0,0,1,0,0,0,0,0,33.3,5,3,4,4,0,1,0,0,22,1,0,0,0,0,0,1,0,1,0,2,1,4,4,4,2,36.8,5.9,60.2,35.3
1319,2,0,0,0,1,3,71.7,3,0,0,1,1,0,0,0,0,66.7,1,4,3,3,0,1,0,0,22,1,0,0,0,1,0,0,1,1,0,18,1,3,2,2,1,65.9,28.0,68.8,36.8
1320,3,0,2,1,0,0,63.3,4,1,0,0,0,0,0,0,0,33.3,5,4,1,3,0,1,1,0,56,0,1,0,0,0,42,0,0,1,1,0,3,3,4,5,3,23.0,13.3,22.6,63.1
1321,2,0,3,1,0,0,63.3,4,0,1,0,1,0,1,0,0,100.0,4,3,3,2,1,0,1,0,64,0,1,1,0,0,70,1,1,0,0,76,5,1,4,4,1,58.1,71.3,46.7,73.2
1322,0,3,0,0,2,1,61.7,3,0,0,0,0,1,0,0,0,33.3,5,2,2,1,0,1,0,0,22,1,0,0,0,0,0,1,1,0,0,76,3,2,4,1,3,69.7,42.7,66.7,17.2
1323,0,0,1,3,0,2,61.7,2,0,0,0,0,0,1,1,1,100.0,5,4,2,4,0,1,0,0,22,1,1,0,0,0,14,1,1,0,0,76,5,4,2,5,3,38.2,29.1,36.1,68.7
1324,1,3,0,2,0,0,60.0,2,1,0,0,1,0,0,0,1,100.0,4,3,2,2,1,0,0,0,30,0,1,0,0,0,42,0,1,0,1,18,3,3,2,2,4,23.1,11.3,24.0,62.5
1325,2,0,1,3,0,0,63.3,3,0,1,0,0,0,0,0,0,33.3,4,3,4,4,0,1,0,0,22,0,0,0,0,1,0,1,1,0,0,76,3,3,4,4,2,68.3,41.5,74.5,30.6
1326,1,2,3,0,0,0,40.0,2,0,1,0,0,0,0,0,0,33.3,2,2,4,1,0,1,1,0,56,0,0,0,1,1,0,1,0,1,0,2,3,4,5,4,2,52.8,19.8,56.8,29.9
1327,1,0,0,3,2,0,63.3,1,0,0,0,0,0,1,0,0,33.3,5,4,1,3,0,1,0,0,22,0,1,0,0,0,42,0,0,1,0,0,2,3,5,2,4,17.3,0.0,23.9,54.9
1328,3,0,0,0,1,2,71.7,1,0,0,0,1,0,1,0,0,66.7,2,1,3,4,0,1,1,0,56,0,1,1,0,0,70,0,0,1,0,0,3,2,5,5,4,16.9,18.3,22.0,67.7
1329,0,1,0,2,0,3,70.0,5,1,1,0,1,0,0,0,0,100.0,5,3,3,3,0,1,0,0,22,1,0,0,0,0,0,0,0,1,1,0,5,3,5,4,2,31.2,4.6,51.1,52.5
1330,2,0,1,0,0,3,65.0,3,1,0,0,0,0,1,0,0,66.7,1,2,4,2,0,1,0,1,0,1,0,0,0,0,0,1,0,1,0,2,2,3,4,4,3,40.5,15.1,55.1,39.1
1331,3,0,2,1,0,0,63.3,2,0,0,0,0,1,1,0,0,66.7,4,2,4,1,1,0,0,1,6,0,0,1,0,1,0,0,1,1,0,18,5,4,4,5,3,31.6,2.9,40.6,53.3
1332,0,2,3,0,1,0,48.3,3,0,1,1,0,0,0,0,0,66.7,2,2,3,1,1,1,0,0,52,1,0,1,0,0,0,1,0,0,0,30,3,2,5,2,1,78.6,49.9,79.5,24.8
1333,0,3,1,0,2,0,48.3,3,0,0,1,0,0,0,0,0,33.3,2,2,2,1,0,1,0,1,0,0,0,0,0,1,0,1,1,0,0,76,5,3,5,4,2,67.8,42.1,64.6,29.3
1334,2,1,3,0,0,0,40.0,1,0,0,0,1,0,0,0,0,33.3,4,3,1,3,0,1,0,1,0,1,0,0,0,0,0,1,0,0,1,2,5,1,4,1,1,59.6,17.4,66.9,27.3
1335,1,0,3,2,0,0,63.3,1,0,0,0,1,1,0,1,0,100.0,2,4,4,2,0,1,0,1,0,0,1,0,0,1,0,1,1,0,0,76,1,3,1,4,2,67.1,39.2,64.3,51.7
1336,0,0,0,3,1,2,55.0,4,0,1,0,0,0,1,0,0,66.7,5,4,2,4,0,1,0,1,0,0,0,1,0,0,28,0,1,1,0,18,2,4,1,5,3,13.0,3.1,27.3,61.9
1337,2,0,3,0,0,1,65.0,5,0,0,1,1,0,0,1,0,100.0,5,4,1,3,0,0,1,0,34,1,0,1,0,0,0,1,0,1,0,2,2,2,5,5,2,35.3,15.9,39.8,63.3
1338,1,3,0,0,2,0,43.3,3,0,0,0,0,1,0,0,0,33.3,1,3,3,3,1,1,0,0,52,0,0,1,0,0,28,1,0,0,0,30,2,1,5,1,1,78.7,52.9,77.0,26.4
1339,0,0,2,1,0,3,61.7,3,0,1,0,0,0,0,0,0,33.3,4,4,3,1,0,0,1,0,34,1,1,0,0,0,14,1,0,1,0,2,5,2,5,4,4,25.9,12.1,30.6,60.2
1340,3,2,0,1,0,0,60.0,2,0,0,0,0,0,0,0,1,33.3,4,1,2,3,0,1,0,0,22,1,0,0,0,0,0,1,0,0,0,30,2,1,5,2,2,68.2,30.4,77.7,13.4
1341,1,2,3,0,0,0,40.0,2,0,0,0,1,0,0,0,0,33.3,1,4,2,4,1,1,0,0,52,0,0,1,0,0,28,0,0,1,0,0,1,3,5,4,3,42.5,18.6,41.0,49.9
1342,3,0,0,0,1,2,71.7,3,0,1,0,0,0,0,0,0,33.3,2,3,4,3,0,0,0,1,0,1,0,0,0,0,0,0,1,0,1,18,1,4,2,4,2,44.2,7.8,58.2,37.6
1343,3,0,1,0,2,0,55.0,3,0,0,0,1,0,0,0,0,33.3,4,2,3,2,0,1,1,0,56,1,0,0,0,0,0,1,1,0,0,76,1,3,2,5,1,78.7,56.9,80.1,22.5
1344,3,1,0,0,2,0,43.3,1,0,0,0,0,0,0,1,0,33.3,1,3,2,4,1,0,0,1,6,0,1,0,0,1,0,1,0,0,0,30,5,4,5,4,2,50.8,21.2,58.1,40.0
1345,2,0,3,0,0,1,65.0,2,0,1,0,1,1,0,0,0,100.0,5,3,4,3,1,1,0,0,52,0,1,0,0,0,42,1,1,0,0,76,5,2,5,5,3,51.3,50.0,49.5,74.7
1346,2,1,3,0,0,0,40.0,3,1,0,0,0,0,0,1,0,66.7,2,3,1,3,1,1,0,0,52,0,0,1,0,0,28,1,1,0,0,76,2,3,5,4,2,69.1,59.7,51.4,45.2
1347,2,0,0,1,0,3,73.3,3,0,0,0,1,0,1,1,0,100.0,2,3,3,4,1,1,0,0,52,0,0,1,0,0,28,0,1,1,0,18,2,3,4,4,2,47.7,33.7,51.8,58.4
1348,0,0,1,0,2,3,61.7,4,0,0,0,1,0,0,0,0,33.3,5,4,1,4,0,1,0,0,22,1,1,0,0,0,14,1,0,1,0,2,2,1,4,2,2,40.9,18.9,52.9,42.0
1349,0,2,1,0,3,0,48.3,2,0,1,0,0,1,0,0,0,66.7,4,2,2,1,0,1,0,0,22,1,0,0,0,0,0,1,1,0,0,76,3,2,5,2,1,81.8,55.3,73.6,19.8
1350,0,0,0,1,3,2,55.0,2,1,1,0,0,0,0,0,0,66.7,4,4,1,3,1,1,0,0,52,0,1,0,0,0,42,1,0,1,0,2,1,2,4,5,4,22.0,14.5,25.0,65.8
1351,0,2,1,0,0,3,65.0,4,0,0,0,1,0,0,0,0,33.3,5,3,1,2,0,0,0,1,0,1,1,0,0,0,14,1,0,1,0,2,5,4,2,4,4,9.6,0.0,13.4,53.8
1352,2,3,1,0,0,0,40.0,3,1,0,0,0,0,0,0,0,33.3,2,2,3,3,0,1,0,1,0,1,0,0,0,0,0,1,0,0,1,2,1,2,5,5,1,48.5,14.9,68.4,22.3
1353,0,3,2,0,1,0,48.3,3,0,0,0,1,0,0,0,0,33.3,1,3,3,3,1,0,0,1,6,1,0,0,0,1,0,1,0,0,1,2,2,2,1,5,1,56.3,22.2,66.4,38.4
1354,1,0,3,0,0,2,65.0,5,0,1,1,1,0,0,0,0,100.0,5,3,1,4,1,1,0,0,52,0,1,0,0,0,42,0,0,1,0,0,2,2,5,4,3,21.2,17.7,28.9,71.7
1355,0,1,2,0,0,3,65.0,3,0,0,0,0,1,1,0,0,66.7,2,2,4,3,1,0,1,0,64,1,0,0,0,1,0,1,0,0,0,30,1,3,5,4,2,70.8,42.3,77.5,32.0
1356,0,3,2,0,1,0,48.3,4,0,0,1,0,0,0,0,0,33.3,2,2,2,3,0,1,1,0,56,1,0,0,0,0,0,0,1,0,0,46,2,3,1,2,4,72.5,40.2,72.2,20.7
1357,3,1,2,0,0,0,40.0,1,0,1,0,1,0,0,0,0,66.7,5,2,4,2,1,0,1,0,64,0,0,0,0,1,0,1,0,0,0,30,2,2,1,5,2,60.3,30.8,68.6,34.8
1358,1,0,2,3,0,0,63.3,2,0,0,0,0,0,0,0,1,33.3,2,3,4,2,0,1,0,0,22,1,0,0,1,0,0,1,1,0,0,76,5,1,4,4,1,81.4,65.2,93.4,31.3
1359,1,3,0,0,2,0,43.3,3,0,0,0,1,0,0,0,1,66.7,4,3,2,1,0,1,0,0,22,0,0,1,1,0,48,0,1,0,0,46,3,1,5,4,1,51.6,44.0,44.7,48.4
1360,2,3,1,0,0,0,40.0,4,1,1,1,0,0,0,0,0,100.0,5,4,1,4,1,0,0,0,30,0,1,0,0,0,42,0,0,1,1,0,1,2,2,5,2,21.2,14.8,19.3,72.3
1361,3,2,0,0,1,0,43.3,3,0,0,0,0,1,1,0,0,66.7,5,4,1,3,0,1,0,0,22,1,1,0,0,0,14,0,0,1,0,0,1,4,4,1,3,31.2,0.0,39.6,41.0
1362,0,2,0,3,1,0,53.3,1,0,1,0,1,0,0,0,1,100.0,5,4,3,4,1,0,0,0,30,1,0,0,0,0,0,1,0,0,1,2,2,2,4,2,1,48.2,16.5,62.0,47.2
1363,3,2,1,0,0,0,40.0,2,1,0,0,0,0,0,0,0,33.3,2,2,3,3,0,1,1,0,56,1,0,0,0,0,0,1,0,0,0,30,3,1,1,2,1,84.9,53.4,95.8,14.7
1364,2,3,1,0,0,0,40.0,4,1,0,0,1,0,0,0,1,100.0,5,3,1,4,0,1,1,0,56,0,1,0,0,0,42,0,0,1,1,0,5,3,1,2,4,20.4,6.9,24.2,61.3
1365,0,2,1,3,0,0,63.3,1,0,0,0,0,1,0,0,0,33.3,2,3,2,4,0,1,0,0,22,0,1,0,0,1,0,1,1,0,0,76,3,1,1,2,1,96.5,66.5,95.8,18.0
1366,2,0,1,0,0,3,65.0,5,0,0,1,1,0,1,0,0,100.0,5,4,1,3,1,0,0,1,6,0,1,0,0,0,42,0,0,1,0,0,3,3,2,5,2,9.4,0.0,13.2,81.6
1367,3,1,2,0,0,0,40.0,3,0,1,0,0,0,1,0,0,66.7,4,4,3,4,1,0,0,0,30,0,0,1,0,0,28,1,0,0,1,2,3,1,2,1,1,53.7,23.0,62.8,47.6
1368,0,0,0,2,1,3,55.0,3,0,0,0,0,1,0,0,0,33.3,4,2,4,2,0,1,0,0,22,1,0,1,0,0,0,1,0,1,0,2,2,4,4,4,2,42.3,0.6,61.9,27.3
1369,2,3,0,0,1,0,43.3,3,0,1,0,0,0,0,0,0,33.3,4,4,1,3,0,1,0,0,22,0,1,0,0,0,42,0,1,1,0,18,1,3,5,4,3,24.3,13.0,26.1,57.2
1370,3,1,2,0,0,0,40.0,1,1,0,0,0,0,0,0,0,33.3,4,2,3,3,0,1,0,0,22,0,0,0,0,1,0,1,0,0,0,30,1,3,2,2,2,59.8,20.3,74.6,18.3
1371,2,1,3,0,0,0,40.0,2,1,0,0,0,0,0,1,0,66.7,5,3,2,1,1,0,0,1,6,0,0,0,0,1,0,0,1,0,0,46,1,3,5,5,1,50.9,26.6,56.8,35.4
1372,0,2,3,1,0,0,63.3,3,1,0,0,0,0,0,0,1,66.7,4,1,2,1,1,0,0,1,6,0,0,1,0,0,28,0,1,1,0,18,1,1,4,1,2,50.2,23.8,56.4,26.1
1373,0,0,1,3,0,2,61.7,4,0,0,0,1,0,0,0,0,33.3,4,4,3,4,0,1,1,0,56,0,0,0,1,0,20,0,0,1,0,0,3,3,5,4,2,36.1,21.2,50.5,54.4
1374,1,0,3,0,0,2,65.0,4,0,0,0,0,0,0,1,0,33.3,1,3,1,4,0,1,0,0,22,0,1,0,1,0,62,0,0,1,0,0,1,4,5,1,4,27.3,5.0,20.2,53.5
1375,3,2,1,0,0,0,40.0,2,0,1,0,0,0,0,0,0,33.3,1,2,4,3,1,0,0,0,30,1,0,0,0,1,0,1,0,0,0,30,2,3,5,2,1,75.0,36.2,87.4,13.1
1376,0,2,1,0,0,3,65.0,3,1,0,0,0,0,0,0,0,33.3,4,1,3,4,0,1,0,0,22,0,1,0,0,0,42,0,0,1,0,0,5,3,4,4,1,34.7,14.0,49.9,38.3
1377,3,2,1,0,0,0,40.0,3,1,0,1,1,0,0,0,0,100.0,4,1,2,3,1,1,0,0,52,0,0,1,0,1,0,1,0,0,1,2,5,1,4,1,1,63.5,28.2,71.0,27.9
1378,0,2,3,1,0,0,63.3,3,0,0,0,1,0,0,0,0,33.3,2,4,3,2,1,0,0,1,6,0,0,0,1,0,20,0,1,0,1,18,2,3,1,2,1,51.3,17.6,55.9,39.0
1379,3,2,0,0,1,0,43.3,2,1,0,0,1,0,0,1,0,100.0,2,2,1,1,1,0,0,0,30,0,0,0,0,1,0,1,0,0,0,30,5,2,2,5,1,64.1,39.2,59.3,43.3
1380,2,1,0,0,0,3,63.3,2,0,0,0,0,1,0,1,0,66.7,5,3,3,4,0,1,1,0,56,0,1,1,0,0,70,0,0,1,0,0,2,4,5,4,4,6.4,6.0,12.2,75.2
1381,2,0,3,1,0,0,63.3,3,0,0,0,1,0,1,0,0,66.7,2,3,2,1,1,0,1,0,64,0,0,1,1,0,48,0,1,0,1,18,3,2,5,4,1,51.5,41.2,40.7,52.7
1382,0,0,1,0,2,3,61.7,2,0,0,0,1,0,0,0,0,33.3,4,2,3,1,0,1,0,0,22,0,0,1,0,0,28,0,0,1,0,0,5,3,5,5,4,18.9,1.1,26.8,55.8
1383,2,1,0,0,0,3,63.3,3,0,0,0,0,0,1,0,0,33.3,4,2,3,4,0,1,0,0,22,0,0,1,1,0,48,0,0,1,0,0,1,3,4,4,2,24.5,4.3,37.8,43.9
1384,1,3,2,0,0,0,40.0,3,0,1,0,0,0,0,0,0,33.3,4,3,3,3,0,1,0,0,22,0,0,0,1,1,0,0,1,0,1,18,5,2,4,2,2,52.4,22.7,68.7,33.8
1385,0,1,0,0,2,3,61.7,5,0,1,0,0,0,0,0,0,33.3,5,4,1,3,0,0,0,1,0,0,1,1,0,0,70,0,0,1,0,0,5,4,5,5,4,0.0,0.0,3.0,76.8
1386,3,1,2,0,0,0,40.0,4,0,0,0,1,0,0,0,0,33.3,4,3,4,3,1,0,0,0,30,1,0,0,0,0,0,1,1,0,0,76,2,1,5,2,3,73.5,50.9,81.9,23.9
1387,0,0,3,0,1,2,61.7,4,0,1,0,0,0,0,0,0,33.3,1,4,1,3,0,1,0,0,22,1,0,0,0,0,0,0,0,0,1,0,2,3,1,1,2,50.3,19.8,56.0,38.1
1388,3,2,0,0,1,0,43.3,3,0,1,0,0,0,1,0,0,66.7,2,3,3,2,1,1,0,0,52,0,0,1,1,0,48,1,1,0,0,76,3,3,5,2,4,59.1,52.5,44.3,53.6
1389,1,3,0,0,2,0,43.3,3,0,1,1,0,0,1,0,0,100.0,2,2,4,4,0,1,0,1,0,1,0,0,1,0,0,0,1,0,0,46,2,2,4,2,1,72.8,37.9,85.8,31.6
1390,0,2,3,1,0,0,63.3,5,0,0,0,1,1,0,0,0,66.7,4,3,1,4,1,1,0,0,52,0,1,1,0,0,70,1,0,1,0,2,5,4,2,5,2,20.0,21.9,16.9,69.9
1391,3,1,0,2,0,0,60.0,3,0,1,0,1,0,0,0,0,66.7,2,4,2,3,0,1,0,1,0,0,1,0,0,0,42,1,0,0,0,30,1,2,2,1,2,50.1,30.6,46.5,50.2
1392,0,0,1,0,3,2,61.7,1,0,0,1,1,1,0,0,0,100.0,4,3,3,3,0,1,0,1,0,0,1,0,0,0,42,0,0,1,1,0,3,3,4,5,1,18.8,0.3,30.8,67.9
1393,3,0,1,2,0,0,63.3,3,0,0,1,0,0,1,0,0,66.7,5,4,1,4,1,0,0,0,30,0,1,0,0,0,42,0,0,1,0,0,5,3,4,4,2,18.7,6.4,30.0,62.4
1394,0,0,1,0,2,3,61.7,1,0,0,0,1,0,0,0,0,33.3,1,4,4,4,1,0,0,0,30,0,1,0,0,0,42,1,1,0,0,76,3,3,2,2,2,71.2,55.1,69.1,48.3
1395,0,1,0,0,3,2,61.7,2,0,0,0,0,0,1,1,0,66.7,4,4,1,3,0,1,0,0,22,1,0,0,0,0,0,0,1,1,0,18,5,4,5,5,4,26.2,6.3,29.9,61.9
1396,0,3,1,2,0,0,63.3,4,0,1,0,1,0,0,0,1,100.0,2,2,3,4,0,1,0,0,22,0,1,0,0,1,0,0,1,0,0,46,1,3,5,5,1,63.2,38.8,69.8,44.6
1397,1,0,0,0,2,3,71.7,4,0,0,0,0,0,0,0,1,33.3,2,2,1,1,0,1,0,0,22,1,0,0,0,0,0,1,0,0,1,2,3,1,2,1,1,71.9,30.8,67.4,16.9
1398,0,0,0,3,1,2,55.0,5,1,1,0,0,0,0,1,0,100.0,5,3,1,3,0,1,1,0,56,0,0,1,1,0,48,0,0,1,1,0,1,3,4,5,3,14.6,15.1,15.2,75.7
1399,0,0,0,2,1,3,55.0,2,0,0,0,1,0,0,0,0,33.3,5,2,1,3,0,1,1,0,56,1,0,1,0,0,0,0,0,1,0,0,3,4,5,4,3,38.0,0.4,43.3,33.2
1400,2,0,3,0,0,1,65.0,4,0,0,1,0,0,0,1,0,66.7,4,4,1,3,0,0,1,1,10,0,1,1,0,0,70,0,0,1,0,0,3,4,4,5,2,12.6,2.0,8.7,73.7
1401,0,1,2,0,0,3,65.0,4,0,0,1,0,0,0,0,1,66.7,2,4,3,3,0,1,0,0,22,0,1,1,0,0,70,1,0,1,0,2,5,4,4,5,3,8.3,6.6,10.0,85.9
1402,2,3,1,0,0,0,40.0,4,0,0,0,0,0,1,0,0,33.3,2,3,3,3,1,0,0,1,6,1,0,0,0,0,0,1,0,0,0,30,2,1,2,4,2,63.1,34.9,75.9,29.4
1403,1,0,3,2,0,0,63.3,2,0,0,1,0,0,0,1,0,66.7,4,4,4,4,1,1,0,0,52,1,0,0,1,0,0,0,1,1,0,18,2,2,5,5,3,41.2,26.3,57.7,56.9
1404,1,0,3,0,0,2,65.0,1,0,0,0,0,0,0,1,0,33.3,5,4,2,4,0,1,0,0,22,0,0,1,0,0,28,0,0,1,0,0,1,4,4,4,1,28.5,0.4,42.8,49.3
1405,0,3,1,2,0,0,63.3,3,0,1,0,0,1,0,1,0,100.0,5,2,2,3,0,1,1,0,56,1,0,0,0,1,0,1,0,0,0,30,2,2,4,2,1,64.4,35.9,66.6,35.3
1406,3,1,0,2,0,0,60.0,1,0,0,0,0,0,0,1,0,33.3,2,1,3,4,0,1,0,0,22,1,0,1,0,0,0,1,0,1,0,2,3,1,1,1,3,57.0,15.2,75.7,19.9
1407,2,3,0,1,0,0,60.0,2,0,1,0,0,0,1,0,1,100.0,5,2,2,1,1,1,0,0,52,1,0,0,0,1,0,1,0,1,0,2,2,4,1,2,1,52.7,15.7,47.4,40.1
1408,0,1,2,0,0,3,65.0,1,1,0,0,0,0,1,0,0,66.7,2,4,1,2,0,1,0,0,22,1,0,0,0,0,0,1,0,0,1,2,3,2,1,2,1,54.7,18.0,60.5,43.1
1409,0,3,2,1,0,0,63.3,4,0,1,1,0,1,0,0,0,100.0,5,2,3,4,0,1,0,0,22,0,1,0,0,0,42,0,0,1,0,0,2,3,4,5,3,12.6,3.1,25.3,64.9
1410,2,0,1,0,3,0,55.0,3,0,1,0,1,0,0,1,0,100.0,2,1,1,1,1,0,0,1,6,1,0,0,0,0,0,1,0,0,1,2,2,2,1,4,2,48.1,12.8,51.8,34.1
1411,0,0,2,1,3,0,55.0,1,1,0,0,0,0,1,0,0,66.7,4,2,3,1,0,0,0,1,0,1,0,1,0,0,0,1,0,1,0,2,2,4,5,2,2,38.6,0.0,49.9,27.8
1412,0,0,0,2,3,1,55.0,4,0,1,0,0,0,0,0,0,33.3,4,3,1,4,0,1,1,0,56,1,1,0,0,0,14,1,0,1,0,2,5,4,1,5,3,36.7,12.4,42.7,48.1
1413,1,0,0,0,3,2,71.7,3,0,0,1,0,0,0,0,0,33.3,4,4,1,1,1,1,0,0,52,0,1,1,0,0,70,0,0,1,0,0,2,3,5,5,3,15.3,17.8,2.5,71.9
1414,0,1,3,0,0,2,65.0,5,1,0,0,0,0,0,0,0,33.3,4,3,3,3,0,1,0,0,22,0,1,0,1,0,62,1,0,1,0,2,1,4,1,5,3,12.3,3.1,20.4,60.1
1415,1,0,3,2,0,0,63.3,3,0,0,0,1,0,0,0,0,33.3,2,1,2,4,0,0,1,1,10,1,0,0,0,0,0,1,0,0,0,30,1,2,5,2,1,74.6,31.8,85.6,7.4
1416,1,2,3,0,0,0,40.0,3,1,0,0,0,0,0,0,0,33.3,2,2,3,2,0,1,0,1,0,1,0,1,0,0,0,1,0,0,0,30,2,2,2,5,2,54.8,21.5,69.1,26.1
1417,0,3,0,0,1,2,61.7,3,1,0,0,1,0,1,0,0,100.0,1,3,3,3,0,0,0,1,0,1,0,0,0,0,0,1,0,1,0,2,3,1,4,1,2,58.4,20.4,63.5,44.4
1418,1,3,2,0,0,0,40.0,3,1,0,0,0,1,1,0,0,100.0,4,3,3,1,1,0,1,0,64,1,0,1,0,0,0,0,0,1,0,0,3,1,1,5,1,49.3,35.2,58.9,48.0
1419,3,2,0,0,0,1,63.3,1,0,0,0,0,0,0,1,1,66.7,4,2,2,4,1,0,1,0,64,1,1,0,0,0,14,0,0,1,0,0,1,2,2,5,4,32.6,14.8,47.4,46.2
1420,0,2,3,1,0,0,63.3,3,0,0,1,0,0,0,0,0,33.3,4,4,3,4,0,1,0,1,0,0,0,1,0,0,28,0,1,1,0,18,5,4,1,2,2,34.3,2.9,48.4,48.0
1421,2,0,1,0,3,0,55.0,3,0,0,0,1,0,1,1,0,100.0,2,1,2,2,0,1,0,0,22,0,0,1,0,1,0,0,0,0,1,0,1,1,1,2,3,53.9,21.0,56.2,31.9
1422,3,1,2,0,0,0,40.0,3,1,0,0,0,1,1,0,0,100.0,2,3,4,2,0,1,0,0,22,0,0,1,1,0,48,1,0,0,0,30,2,2,1,1,1,56.3,38.3,57.1,45.1
1423,0,1,0,0,2,3,61.7,2,0,0,1,0,0,0,0,1,66.7,5,3,3,4,0,0,0,1,0,0,1,0,0,0,42,0,0,1,0,0,5,3,1,5,4,0.0,0.0,16.6,75.3
1424,0,0,1,0,2,3,61.7,4,0,0,1,0,1,1,0,0,100.0,4,3,1,3,0,1,0,0,22,0,1,0,0,0,42,0,0,1,0,0,5,3,4,2,3,23.3,4.4,16.4,68.3
1425,0,0,1,0,3,2,61.7,5,0,0,0,1,0,0,0,0,33.3,2,3,1,4,0,1,1,0,56,1,1,0,0,0,14,1,0,0,0,30,5,3,2,5,1,61.4,45.9,65.1,44.9
1426,0,0,3,2,0,1,61.7,4,1,0,0,0,0,0,1,0,66.7,5,3,1,1,1,0,0,0,30,0,0,1,0,1,0,0,0,1,0,0,1,2,1,5,1,41.3,10.9,46.1,39.9
1427,2,0,0,3,0,1,73.3,5,0,0,0,1,0,1,0,1,100.0,4,4,4,4,0,1,0,0,22,1,1,0,0,0,14,0,0,1,0,0,5,4,2,5,3,16.4,0.0,36.5,74.1
1428,3,1,0,0,2,0,43.3,4,0,0,0,0,0,1,0,0,33.3,2,2,3,3,0,1,0,0,22,0,1,0,0,1,0,1,0,0,1,2,5,2,4,4,1,53.1,21.0,67.5,27.6
1429,3,2,0,0,1,0,43.3,3,0,0,0,1,0,0,1,0,66.7,1,2,3,3,0,1,1,0,56,1,0,0,0,0,0,1,0,0,0,30,5,2,5,2,1,82.5,49.1,82.8,27.9
1430,0,2,0,0,3,1,61.7,2,0,0,0,0,0,0,1,1,66.7,4,2,1,4,0,1,0,0,22,0,1,0,0,0,42,0,0,1,0,0,5,4,4,5,2,18.1,0.0,25.7,60.9
1431,2,0,0,3,1,0,63.3,4,0,0,0,0,0,1,0,0,33.3,5,1,3,1,0,1,0,0,22,1,0,0,0,1,0,1,0,0,0,30,5,2,2,1,2,63.4,24.7,75.2,14.8
1432,3,2,0,0,1,0,43.3,2,0,1,0,1,1,0,0,0,100.0,2,1,4,2,1,1,0,0,52,1,0,0,0,0,0,1,0,0,0,30,3,2,2,2,1,73.5,42.3,77.7,24.7
1433,3,0,1,2,0,0,63.3,4,1,0,0,0,0,0,0,1,66.7,5,3,1,4,0,1,1,0,56,1,0,0,0,0,0,1,0,1,0,2,2,3,2,2,3,41.3,11.0,48.2,44.0
1434,2,0,3,0,1,0,55.0,4,1,0,0,0,0,0,0,0,33.3,1,3,4,4,0,1,0,0,22,1,0,0,0,0,0,0,0,0,1,0,2,1,2,2,1,63.1,31.0,81.9,30.0
1435,1,0,0,3,2,0,63.3,2,0,1,1,1,0,0,0,0,100.0,2,2,2,2,1,1,0,0,52,1,0,0,0,0,0,1,1,0,0,76,3,2,4,2,2,83.2,66.8,72.2,32.2
1436,0,1,3,0,2,0,48.3,3,0,0,0,0,1,1,0,0,66.7,4,3,4,4,1,1,0,0,52,1,0,0,0,0,0,0,1,0,0,46,3,2,4,4,3,57.1,38.7,73.9,43.5
1437,0,3,0,1,2,0,53.3,1,0,1,0,0,1,0,0,0,66.7,1,2,3,4,1,0,0,0,30,1,0,0,1,0,0,1,0,0,0,30,2,1,2,2,1,78.0,43.5,88.8,23.0
1438,0,3,0,1,2,0,53.3,5,0,1,0,0,1,0,0,0,66.7,5,3,1,3,1,0,0,1,6,0,1,0,0,0,42,0,1,1,0,18,3,1,2,5,2,28.0,20.6,33.3,57.4
1439,0,0,2,0,1,3,61.7,2,0,0,0,0,1,0,0,0,33.3,4,2,4,4,1,1,0,0,52,1,0,1,0,0,0,0,1,0,0,46,3,2,2,2,1,77.5,45.1,88.2,18.3
1440,1,2,3,0,0,0,40.0,3,0,0,1,0,0,0,0,0,33.3,1,4,3,4,0,0,0,1,0,0,0,1,0,0,28,1,1,0,0,76,5,2,1,4,2,63.6,52.8,69.7,48.2
1441,3,1,0,2,0,0,60.0,3,0,0,0,1,0,0,0,0,33.3,1,2,4,2,1,1,0,0,52,1,0,1,0,0,0,1,0,0,0,30,3,2,4,1,1,88.1,46.2,86.7,15.1
1442,2,1,3,0,0,0,40.0,3,0,0,0,0,0,0,1,0,33.3,5,4,1,3,1,1,0,0,52,0,1,0,0,0,42,0,1,1,0,18,1,4,4,4,4,27.2,11.0,25.6,54.8
1443,0,0,3,0,2,1,61.7,3,1,1,0,0,0,0,1,0,100.0,4,3,4,4,0,0,0,1,0,0,1,0,0,1,0,0,0,1,0,0,1,4,4,1,4,28.4,0.0,48.2,47.1
1444,3,2,1,0,0,0,40.0,1,0,0,0,0,0,1,0,0,33.3,2,4,2,3,0,1,0,1,0,1,0,0,0,0,0,1,0,1,0,2,5,2,1,1,1,58.5,10.3,65.5,30.4
1445,0,3,0,0,2,1,61.7,3,0,0,0,0,0,0,1,0,33.3,5,1,1,1,0,1,1,0,56,0,0,0,1,1,0,1,0,0,1,2,2,1,2,1,2,60.4,25.5,59.5,14.2
1446,3,0,2,0,1,0,55.0,2,0,1,0,1,0,0,0,0,66.7,1,2,3,4,0,1,0,0,22,0,0,1,0,0,28,0,1,0,0,46,3,2,4,2,2,64.0,40.6,65.9,37.2
1447,1,0,2,0,0,3,65.0,5,0,0,0,1,0,0,0,0,33.3,5,4,4,3,1,0,1,0,64,1,1,0,0,0,14,0,0,1,0,0,5,3,2,4,1,43.8,24.7,60.2,46.0
1448,1,0,2,0,0,3,65.0,4,0,0,0,0,1,0,0,0,33.3,5,4,4,4,0,0,1,0,34,1,1,0,0,0,14,1,0,0,0,30,1,4,5,4,3,33.8,20.9,54.4,40.8
1449,0,3,0,0,2,1,61.7,5,0,0,1,0,0,0,0,0,33.3,4,2,1,3,0,0,0,1,0,0,1,1,0,0,70,1,0,1,0,2,5,2,2,5,4,2.4,2.1,5.5,67.4
1450,1,0,2,0,3,0,55.0,2,0,0,1,0,1,0,1,0,100.0,2,2,3,4,1,1,0,0,52,1,1,0,0,0,14,1,0,0,1,2,3,2,1,1,1,63.5,29.0,71.3,33.7
1451,2,3,0,0,0,1,63.3,5,1,0,0,0,0,0,0,0,33.3,4,4,1,4,1,0,0,1,6,0,1,0,0,0,42,1,0,1,0,2,3,4,4,4,1,25.1,4.1,32.3,52.6
1452,0,1,2,0,0,3,65.0,1,0,0,0,0,1,0,0,0,33.3,5,3,3,4,0,0,1,0,34,0,1,0,0,1,0,0,0,1,0,0,3,3,4,5,2,34.3,7.7,51.5,43.6
1453,3,0,0,2,1,0,63.3,2,1,0,1,0,0,0,0,0,66.7,4,3,3,2,1,1,0,0,52,0,0,1,0,0,28,0,0,1,0,0,5,3,5,2,1,46.0,18.4,48.0,49.9
1454,3,1,2,0,0,0,40.0,4,0,1,0,1,0,0,1,0,100.0,1,2,1,3,0,0,0,1,0,0,1,0,0,0,42,0,0,1,0,0,5,3,4,2,2,33.9,7.7,30.3,54.7
1455,0,2,3,0,1,0,48.3,4,0,0,0,1,0,1,0,1,100.0,5,2,1,1,0,1,0,1,0,0,1,0,0,0,42,1,0,0,0,30,5,3,5,4,3,18.9,9.0,14.6,61.2
1456,0,2,1,3,0,0,63.3,2,1,0,0,0,0,0,0,0,33.3,2,2,4,4,0,1,0,0,22,1,0,0,0,1,0,1,0,0,0,30,5,3,4,1,1,68.4,32.3,85.0,22.8
1457,1,2,3,0,0,0,40.0,3,0,0,0,1,0,0,0,0,33.3,2,1,1,3,0,1,0,1,0,0,0,1,0,1,0,1,0,0,0,30,1,2,2,2,1,77.0,32.1,79.2,7.2
1458,1,0,2,0,0,3,65.0,5,1,0,0,0,1,0,0,0,66.7,5,3,3,2,0,1,0,0,22,0,1,1,0,0,70,0,0,1,0,0,1,4,2,4,2,14.5,8.4,15.8,64.7
1459,0,3,2,0,0,1,65.0,5,0,0,0,1,0,0,0,1,66.7,4,2,4,3,1,1,0,0,52,1,0,0,0,0,0,1,0,0,1,2,5,1,1,1,4,52.3,21.1,68.4,39.0
1460,2,0,1,0,3,0,55.0,2,1,0,0,0,0,0,0,0,33.3,1,3,3,4,1,1,0,0,52,1,0,0,1,0,0,1,0,0,0,30,3,3,4,1,2,71.7,39.0,81.0,22.4
1461,3,0,2,0,0,1,65.0,5,0,1,0,0,1,0,0,1,100.0,5,3,1,4,0,1,0,0,22,0,1,0,0,0,42,0,0,1,0,0,2,2,2,4,4,9.7,5.6,19.0,71.4
1462,0,3,1,2,0,0,63.3,3,0,1,0,0,0,1,0,0,66.7,5,2,3,4,0,1,1,0,56,1,0,0,0,0,0,1,0,0,0,30,1,2,1,1,1,75.0,41.0,85.3,19.6
1463,1,3,0,2,0,0,60.0,2,0,0,0,1,0,1,0,0,66.7,2,4,3,1,0,0,0,1,0,1,0,0,0,1,0,1,0,0,0,30,3,2,4,2,3,51.7,21.5,56.6,43.9
1464,1,0,3,0,2,0,55.0,3,0,0,0,1,0,0,0,0,33.3,2,4,4,3,0,1,0,1,0,1,0,0,0,0,0,1,0,0,0,30,5,1,4,2,3,61.7,30.1,72.7,43.1
1465,0,1,0,0,3,2,61.7,5,1,0,0,1,0,0,0,1,100.0,2,3,1,4,0,0,1,1,10,0,0,1,0,0,28,0,0,1,0,0,3,2,4,2,3,34.3,12.8,36.6,56.0
1466,3,1,2,0,0,0,40.0,3,1,0,0,0,0,0,0,0,33.3,1,3,3,4,0,1,1,0,56,1,0,0,0,0,0,1,1,0,0,76,2,3,1,1,1,100.0,67.7,99.0,13.1
1467,2,1,0,0,3,0,43.3,4,1,0,0,1,0,1,0,0,100.0,4,3,3,2,0,1,0,1,0,1,0,0,0,1,0,1,0,0,1,2,2,3,5,1,2,43.7,1.9,57.6,36.7
1468,0,1,0,2,0,3,70.0,3,0,0,0,0,1,1,0,0,66.7,5,2,3,3,0,1,0,0,22,0,0,1,0,0,28,0,1,0,0,46,5,3,4,5,3,33.4,23.3,42.2,57.8
1469,0,0,3,1,0,2,61.7,3,1,0,0,0,0,0,0,0,33.3,4,3,3,3,0,1,0,0,22,0,1,1,0,0,70,0,0,1,0,0,5,3,5,5,3,6.6,4.2,19.4,68.2
1470,1,3,2,0,0,0,40.0,2,0,1,1,1,0,0,0,0,100.0,4,3,3,2,0,1,0,1,0,1,0,1,0,0,0,0,1,1,0,18,2,3,5,4,1,46.3,10.9,55.7,41.2
1471,0,2,1,0,3,0,48.3,3,0,0,1,1,0,0,1,0,100.0,4,4,1,3,0,1,0,0,22,0,1,1,0,0,70,0,1,1,0,18,5,2,5,2,4,16.9,16.1,10.3,80.4
1472,2,1,0,0,0,3,63.3,1,0,0,0,1,1,0,0,1,100.0,2,4,1,3,0,1,0,0,22,0,1,0,0,0,42,1,0,0,0,30,1,4,4,4,1,41.9,23.1,33.8,63.8
1473,1,0,2,0,0,3,65.0,3,0,0,1,0,0,1,0,0,66.7,4,2,2,4,1,0,0,1,6,1,1,0,0,0,14,1,0,1,0,2,3,3,2,2,3,34.2,5.1,41.5,45.1
1474,2,3,1,0,0,0,40.0,1,0,1,0,1,0,0,0,0,66.7,2,2,2,1,1,0,1,0,64,1,0,0,0,0,0,1,0,0,0,30,1,2,2,5,1,68.6,50.9,61.7,34.9
1475,0,2,0,0,3,1,61.7,4,1,0,0,1,1,0,0,0,100.0,1,3,2,3,1,1,0,0,52,1,0,0,0,0,0,1,0,0,0,30,5,1,5,1,2,78.3,52.0,68.8,46.9
1476,2,3,0,0,0,1,63.3,5,0,0,0,0,0,0,1,0,33.3,4,2,2,1,0,1,1,0,56,1,0,0,0,0,0,1,1,0,0,76,3,2,4,1,2,91.5,61.4,80.1,10.4
1477,0,3,0,0,1,2,61.7,2,0,0,0,0,1,0,0,0,33.3,1,2,3,3,0,1,0,0,22,0,1,0,0,0,42,0,0,1,0,0,5,3,1,4,4,27.0,8.0,35.5,52.3
1478,0,0,2,0,1,3,61.7,4,1,0,0,0,0,0,0,0,33.3,2,2,1,4,0,1,0,0,22,0,1,1,0,0,70,1,0,1,0,2,2,4,4,4,1,31.9,17.0,32.4,50.5
1479,1,3,0,0,0,2,63.3,4,0,0,0,0,0,0,0,1,33.3,5,4,3,4,0,1,0,1,0,1,0,0,0,0,0,1,1,0,0,76,5,3,5,4,3,50.6,30.9,60.6,48.2
1480,3,2,1,0,0,0,40.0,3,0,1,0,1,0,0,0,0,66.7,2,3,2,1,1,0,1,0,64,1,0,0,0,1,0,1,0,1,0,2,2,4,4,2,1,61.6,26.9,55.5,31.9
1481,2,3,0,0,1,0,43.3,5,0,1,0,0,0,1,1,0,100.0,2,3,4,4,0,0,1,0,34,1,0,0,0,0,0,1,1,0,0,76,2,4,5,4,4,62.4,47.3,72.0,47.1
1482,3,1,0,0,2,0,43.3,3,0,0,0,0,0,1,0,0,33.3,1,4,1,4,1,0,1,0,64,1,0,0,0,1,0,1,0,0,1,2,1,1,4,5,3,51.7,35.4,54.9,51.8
1483,1,3,0,2,0,0,60.0,3,0,1,1,1,0,0,0,0,100.0,2,2,2,2,1,1,0,0,52,1,0,0,0,0,0,0,0,1,0,0,5,1,2,2,1,64.8,40.3,68.8,39.2
1484,0,0,1,3,0,2,61.7,1,0,0,0,0,1,0,0,0,33.3,2,3,4,3,1,1,0,0,52,1,0,0,0,1,0,1,0,0,0,30,2,2,1,4,1,73.3,39.6,84.0,28.0
1485,1,0,3,2,0,0,63.3,1,0,1,0,1,0,0,0,0,66.7,1,2,3,4,1,0,0,1,6,1,1,0,0,0,14,1,0,0,1,2,3,4,5,5,3,32.3,0.0,42.8,51.5
1486,0,1,2,0,0,3,65.0,1,0,0,0,0,1,0,0,1,66.7,5,4,1,3,0,1,1,0,56,1,0,0,0,0,0,1,0,0,1,2,3,3,2,5,1,44.7,17.6,47.4,52.5
1487,2,1,0,3,0,0,60.0,2,0,0,0,0,0,0,1,0,33.3,4,3,2,3,1,1,0,0,52,0,0,0,1,1,0,1,1,0,0,76,3,2,4,2,1,92.0,61.8,82.6,27.1
1488,2,3,1,0,0,0,40.0,3,0,1,1,0,1,0,0,0,100.0,1,4,3,4,1,0,1,0,64,0,0,0,1,1,0,1,0,1,0,2,3,4,2,1,2,64.2,20.4,67.2,43.8
1489,3,1,2,0,0,0,40.0,4,0,0,0,1,0,1,0,0,66.7,5,3,1,4,0,1,0,0,22,0,0,1,0,0,28,0,1,1,0,18,1,4,4,4,2,30.3,6.7,37.5,47.7
1490,2,3,0,0,1,0,43.3,4,0,1,0,0,0,0,0,1,66.7,4,4,3,2,1,0,0,0,30,0,1,1,0,0,70,0,0,1,0,0,1,2,4,4,2,20.1,18.1,24.7,70.8
1491,2,0,1,0,0,3,65.0,3,0,0,0,1,0,0,0,0,33.3,2,2,3,4,1,1,0,0,52,1,0,0,0,0,0,1,1,0,0,76,5,2,5,2,2,91.0,67.0,86.1,24.4
1492,2,0,3,1,0,0,63.3,4,1,1,0,0,0,1,0,0,100.0,5,3,3,3,0,1,0,0,22,0,1,0,0,0,42,0,0,1,0,0,2,4,4,4,1,18.4,7.0,34.0,61.8
1493,1,2,0,3,0,0,60.0,2,0,0,0,0,0,1,0,0,33.3,4,3,3,1,0,1,0,0,22,1,0,0,0,0,0,1,0,0,0,30,1,3,5,1,1,71.3,25.6,69.4,18.0
1494,3,2,0,1,0,0,60.0,3,0,0,0,1,0,1,0,0,66.7,4,1,3,1,0,1,0,1,0,0,1,0,0,1,0,1,1,0,0,76,2,2,1,2,2,72.9,43.8,74.5,15.3
1495,1,3,0,0,0,2,63.3,3,0,0,0,1,1,0,0,1,100.0,1,2,3,1,0,1,0,0,22,0,1,0,0,0,42,1,0,0,0,30,3,1,4,1,1,69.2,48.5,57.8,40.7
1496,3,2,1,0,0,0,40.0,3,1,0,0,0,0,0,0,1,66.7,4,4,4,4,0,1,0,1,0,1,0,0,1,0,0,1,1,0,0,76,5,3,4,2,1,70.1,44.9,84.8,37.1
1497,1,3,0,0,2,0,43.3,1,0,1,0,1,0,0,0,0,66.7,5,3,3,4,1,0,0,1,6,1,0,0,0,1,0,0,0,0,1,0,3,2,5,2,1,49.9,8.6,71.6,32.6
1498,0,2,3,0,0,1,65.0,3,0,0,0,0,1,1,0,0,66.7,2,3,3,2,1,0,0,0,30,1,1,0,0,0,14,0,1,1,0,18,1,4,4,2,1,55.3,21.3,55.2,38.9
1499,1,2,3,0,0,0,40.0,4,0,1,0,1,1,0,0,0,100.0,4,2,3,1,0,1,0,1,0,1,0,0,0,0,0,1,0,1,0,2,2,1,4,4,2,37.1,15.0,48.7,44.6
1500,0,0,1,2,3,0,55.0,5,0,1,1,0,0,1,0,0,100.0,4,3,2,4,0,1,0,0,22,0,1,0,0,0,42,0,0,1,0,0,5,4,4,5,1,21.5,10.2,31.7,70.1
1501,2,0,1,3,0,0,63.3,3,1,0,0,0,0,0,0,0,33.3,5,3,3,3,0,1,0,1,0,1,0,1,0,0,0,1,1,0,0,76,1,1,5,2,1,77.4,52.0,88.3,16.3
1502,2,0,0,0,1,3,71.7,5,0,1,0,0,0,0,0,0,33.3,2,4,3,3,0,0,1,0,34,0,1,1,0,0,70,1,1,0,0,76,5,3,5,4,4,42.0,47.5,30.1,70.5
1503,3,2,1,0,0,0,40.0,3,0,0,0,1,0,0,0,0,33.3,2,2,3,4,0,0,1,1,10,1,1,0,0,0,14,0,0,0,1,0,3,2,4,1,3,48.5,12.5,63.1,24.0
1504,1,3,0,0,2,0,43.3,3,0,0,0,1,0,0,0,0,33.3,5,2,4,3,0,1,0,0,22,1,0,0,0,0,0,0,0,0,1,0,2,2,2,4,2,40.6,6.6,65.8,31.2
1505,2,1,0,0,0,3,63.3,2,0,1,1,1,0,0,0,0,100.0,1,2,4,4,0,1,1,0,56,1,0,0,0,0,0,1,0,1,0,2,3,1,5,2,3,63.6,30.9,75.1,41.3
1506,0,3,0,1,2,0,53.3,2,0,1,1,1,0,0,0,0,100.0,5,3,4,2,0,0,1,0,34,0,1,1,0,0,70,0,1,1,0,18,3,2,2,2,1,35.3,27.7,39.6,57.2
1507,0,2,1,0,3,0,48.3,2,0,0,0,1,0,0,1,0,66.7,4,3,3,3,0,1,0,0,22,1,0,0,0,0,0,1,1,0,0,76,3,2,2,1,3,74.6,52.6,78.6,27.5
1508,3,0,0,2,1,0,63.3,5,0,0,0,1,0,0,0,0,33.3,4,4,1,3,0,1,1,0,56,1,0,0,0,1,0,1,0,0,0,30,2,2,2,2,1,75.6,45.8,69.2,36.1
1509,3,0,1,0,0,2,65.0,1,0,1,1,0,1,0,0,0,100.0,4,4,1,4,0,1,1,0,56,0,1,0,0,0,42,1,1,0,0,76,2,2,2,4,3,48.1,51.2,43.2,73.2
1510,1,0,0,3,0,2,73.3,2,0,0,0,1,0,1,0,0,66.7,5,4,1,3,0,1,0,0,22,0,1,0,0,0,42,0,0,1,0,0,5,3,2,5,2,14.3,5.5,16.4,79.3
1511,3,2,1,0,0,0,40.0,1,0,1,0,1,0,0,0,0,66.7,5,1,3,3,0,1,0,0,22,1,0,0,0,0,0,1,1,0,0,76,1,2,4,2,1,84.0,45.4,89.5,12.8
1512,2,0,0,3,0,1,73.3,4,0,0,0,1,0,1,1,0,100.0,5,3,3,4,0,1,0,0,22,0,1,0,0,0,42,0,0,1,0,0,1,4,5,4,2,15.0,3.9,26.9,64.6
1513,3,0,1,0,2,0,55.0,3,1,0,0,0,0,0,0,0,33.3,4,1,4,4,0,1,0,1,0,0,0,0,0,1,0,1,0,0,0,30,3,3,4,2,2,60.1,16.8,79.3,19.4
1514,1,2,0,3,0,0,60.0,2,1,0,1,1,0,0,0,0,100.0,4,1,3,4,1,1,0,0,52,0,0,1,0,0,28,1,1,0,0,76,1,2,5,1,1,88.6,64.5,83.7,26.5
1515,3,2,0,1,0,0,60.0,3,0,0,0,1,1,1,0,0,100.0,5,2,3,4,0,0,0,1,0,0,1,0,0,0,42,0,1,0,0,46,5,4,4,4,1,40.5,23.8,48.8,58.5
1516,0,2,0,1,0,3,70.0,3,0,0,1,1,0,0,0,0,66.7,2,3,1,3,0,0,1,0,34,0,1,0,0,0,42,0,0,0,1,0,3,3,4,5,4,19.2,11.6,16.8,64.7
1517,3,0,0,1,0,2,73.3,1,0,0,0,1,0,0,1,0,66.7,2,4,1,4,0,1,0,0,22,0,0,1,0,1,0,0,0,1,0,0,3,3,2,4,1,47.1,17.9,60.4,51.2
1518,1,2,3,0,0,0,40.0,5,0,1,0,0,1,0,0,0,66.7,4,3,3,1,0,0,1,0,34,1,0,0,0,1,0,1,0,0,0,30,1,2,5,2,3,58.4,29.4,55.2,30.7
1519,2,1,0,0,0,3,63.3,3,0,0,0,0,1,0,1,0,66.7,5,4,4,3,0,1,1,0,56,0,1,0,0,0,42,0,1,1,0,18,1,4,2,2,4,24.2,9.8,21.6,61.7
1520,0,1,0,0,2,3,61.7,2,0,1,0,0,0,0,0,0,33.3,2,2,3,3,0,1,1,0,56,1,0,1,0,0,0,1,0,0,0,30,1,4,5,2,2,78.7,31.8,79.4,18.3
1521,3,1,0,2,0,0,60.0,2,0,0,0,0,0,1,0,0,33.3,2,1,4,3,0,1,0,0,22,1,0,1,0,0,0,1,0,1,0,2,2,2,5,4,1,61.2,24.1,78.1,16.4
1522,0,1,2,0,3,0,48.3,3,0,0,0,0,1,0,0,0,33.3,4,4,3,1,0,1,0,1,0,1,0,0,0,0,0,1,0,0,0,30,3,3,5,4,2,49.5,20.3,50.5,42.3
1523,2,3,0,0,0,1,63.3,5,1,0,0,0,1,0,1,0,100.0,1,2,2,1,1,0,0,0,30,1,1,0,0,0,14,0,0,0,1,0,3,2,4,2,2,56.1,24.1,47.4,42.3
1524,1,3,2,0,0,0,40.0,2,0,0,0,0,0,1,0,0,33.3,4,3,4,3,0,1,1,0,56,1,0,0,0,0,0,1,0,0,1,2,3,3,4,4,4,40.3,8.1,58.0,42.7
1525,1,3,2,0,0,0,40.0,2,1,0,0,0,0,1,0,0,66.7,2,2,3,2,1,0,0,1,6,0,1,0,0,1,0,1,1,0,0,76,2,4,5,2,2,74.1,38.3,73.1,21.9
1526,0,0,1,2,0,3,61.7,2,0,0,0,0,0,1,0,0,33.3,2,2,1,4,0,0,1,0,34,0,1,0,0,0,42,1,0,0,0,30,1,1,5,1,1,68.9,39.0,68.1,24.0
1527,3,2,1,0,0,0,40.0,1,0,0,0,1,1,1,0,0,100.0,4,3,2,3,0,1,0,0,22,1,0,0,0,0,0,0,1,0,0,46,3,2,4,4,2,55.6,34.7,63.5,49.2
1528,2,0,3,1,0,0,63.3,1,0,0,0,0,0,0,1,1,66.7,2,4,3,3,0,1,0,0,22,1,0,0,0,0,0,1,0,0,0,30,3,3,1,1,1,67.0,30.5,72.4,44.9
1529,0,0,3,0,1,2,61.7,5,0,1,0,1,0,0,0,0,66.7,4,3,2,3,0,1,0,0,22,0,1,0,0,0,42,0,0,1,0,0,5,4,2,1,3,27.4,3.1,32.5,53.2
1530,3,2,1,0,0,0,40.0,2,0,0,0,0,1,0,0,0,33.3,4,3,3,2,0,1,0,0,22,1,0,0,0,0,0,0,1,0,1,18,5,2,2,5,1,53.0,24.0,72.1,40.0
1531,3,0,1,0,2,0,55.0,1,0,1,0,1,0,1,0,0,100.0,2,1,4,3,0,1,0,0,22,1,0,0,0,0,0,1,0,0,1,2,3,1,5,1,1,69.2,23.9,83.0,27.8
1532,0,1,2,0,3,0,48.3,3,0,0,0,1,1,0,0,1,100.0,1,3,3,2,0,1,0,1,0,1,1,0,0,0,14,1,0,1,0,2,1,2,4,1,2,48.8,14.4,51.2,37.4
1533,3,2,0,1,0,0,60.0,2,0,0,1,0,1,0,0,0,66.7,2,2,3,1,0,1,1,0,56,1,0,0,0,0,0,1,1,0,0,76,1,3,4,2,1,92.3,64.2,83.4,17.8
1534,3,0,1,0,2,0,55.0,4,0,0,0,0,1,1,1,0,100.0,2,2,1,3,0,0,1,1,10,0,0,0,0,1,0,0,1,0,0,46,2,3,1,2,4,55.1,27.9,50.6,39.9
1535,0,1,3,0,2,0,48.3,5,1,0,1,0,1,0,0,0,100.0,2,2,4,3,0,1,0,0,22,1,0,1,0,0,0,1,0,0,1,2,2,1,2,1,1,65.0,28.8,82.1,29.8
1536,2,3,0,1,0,0,60.0,2,1,0,0,0,0,0,0,0,33.3,4,1,2,3,1,1,0,0,52,1,0,0,0,1,0,0,1,0,0,46,3,2,2,2,2,76.3,43.1,77.5,12.7
1537,2,0,0,3,0,1,73.3,4,1,0,0,0,0,1,0,0,66.7,5,3,1,2,0,0,0,1,0,0,1,0,0,0,42,0,0,1,0,0,5,3,1,4,2,15.8,2.4,18.8,68.2
1538,0,0,1,0,3,2,61.7,2,1,0,1,0,0,0,0,1,100.0,5,4,3,4,1,1,0,0,52,0,1,0,0,0,42,0,0,1,0,0,1,3,4,2,4,18.9,4.7,30.4,69.2
1539,2,3,1,0,0,0,40.0,3,0,0,0,1,1,0,1,0,100.0,4,2,1,1,1,0,0,0,30,0,1,0,0,0,42,1,0,0,0,30,2,2,1,1,4,43.1,20.2,34.5,45.6
1540,2,0,1,0,3,0,55.0,3,0,0,0,0,1,0,0,0,33.3,1,2,4,2,1,0,0,0,30,1,0,0,0,0,0,1,1,0,0,76,5,2,1,2,1,92.8,63.3,91.6,17.3
1541,0,0,3,0,1,2,61.7,3,0,0,1,0,1,0,0,0,66.7,2,4,3,3,1,0,1,0,64,1,1,0,0,0,14,0,0,1,0,0,3,4,5,4,3,37.4,18.3,40.6,60.3
1542,2,3,0,0,0,1,63.3,3,1,0,1,0,0,1,0,0,100.0,4,4,3,3,0,0,1,0,34,0,0,1,0,0,28,1,0,1,0,2,5,3,5,2,4,18.1,3.3,25.6,69.8
1543,0,1,3,0,0,2,65.0,3,1,0,0,0,0,0,1,1,100.0,2,2,3,2,0,1,0,0,22,1,0,1,0,0,0,1,1,0,0,76,2,2,2,4,2,66.7,56.8,67.7,40.9
1544,0,3,0,1,0,2,70.0,3,0,1,0,0,1,1,0,0,100.0,4,2,4,3,0,1,0,1,0,0,1,0,0,0,42,0,0,0,1,0,1,4,4,1,1,31.1,0.7,42.8,45.6
1545,3,0,1,2,0,0,63.3,2,0,1,1,0,0,0,0,0,66.7,2,2,4,1,1,1,0,0,52,1,0,0,0,1,0,1,1,0,0,76,3,2,2,5,3,76.3,58.9,73.0,35.9
1546,1,3,2,0,0,0,40.0,4,0,1,0,1,0,0,0,0,66.7,2,4,4,4,0,1,0,1,0,1,0,0,0,0,0,1,0,0,0,30,2,2,4,2,2,59.5,28.2,72.9,39.4
1547,1,2,0,0,0,3,63.3,5,0,1,0,0,0,0,1,0,66.7,2,3,2,4,1,0,0,1,6,1,0,0,0,0,0,1,1,0,0,76,5,1,2,5,2,71.6,60.9,76.4,47.7
1548,0,1,3,2,0,0,63.3,4,0,1,0,1,0,1,0,0,100.0,4,2,2,3,0,1,0,0,22,1,0,0,0,0,0,0,0,0,1,0,3,2,1,4,1,45.9,16.2,57.2,46.8
1549,3,1,0,2,0,0,60.0,5,0,0,0,0,0,0,1,0,33.3,4,3,3,3,1,1,0,0,52,0,0,1,0,0,28,0,0,1,0,0,1,4,2,5,2,31.3,12.3,45.6,47.0
1550,1,0,2,0,0,3,65.0,5,0,0,1,0,0,0,1,1,100.0,4,2,2,4,1,1,0,0,52,0,1,0,0,1,0,1,1,0,0,76,3,2,1,5,2,68.7,59.3,72.0,44.9
1551,2,3,0,0,1,0,43.3,5,0,1,0,0,1,1,0,0,100.0,2,4,2,4,0,1,0,0,22,1,0,0,0,0,0,1,1,0,0,76,2,2,5,1,1,89.7,63.5,84.3,38.1
1552,0,0,2,0,1,3,61.7,3,0,0,0,0,0,1,0,0,33.3,4,1,1,2,1,0,0,0,30,0,1,0,0,0,42,1,1,0,0,76,3,3,4,5,3,49.8,44.7,41.9,35.3
1553,2,1,3,0,0,0,40.0,1,1,0,0,1,0,0,0,0,66.7,4,2,3,1,0,0,1,1,10,1,0,1,0,0,0,1,0,0,0,30,2,1,1,1,2,65.3,29.3,72.8,19.8
1554,2,1,3,0,0,0,40.0,3,0,0,1,1,0,0,0,0,66.7,2,3,1,3,0,1,0,1,0,0,1,0,0,1,0,1,0,0,0,30,3,3,4,5,2,49.1,25.7,58.7,44.0
1555,0,2,3,0,1,0,48.3,4,1,0,0,0,0,0,0,0,33.3,5,2,1,4,0,0,1,0,34,0,1,1,0,0,70,0,1,0,1,18,2,4,5,5,4,9.2,10.7,13.8,61.5
1556,3,1,0,2,0,0,60.0,3,1,0,0,1,0,0,0,0,66.7,5,3,1,4,0,1,0,0,22,0,1,0,0,0,42,0,0,1,0,0,2,4,4,2,4,16.1,0.0,21.8,55.6
1557,3,0,2,0,1,0,55.0,3,1,0,0,1,0,1,0,0,100.0,1,3,3,3,0,1,0,0,22,1,0,0,0,1,0,1,1,0,0,76,2,4,5,4,1,78.3,53.9,75.6,43.4
1558,0,1,3,2,0,0,63.3,4,0,1,0,0,1,0,0,0,66.7,5,2,4,4,0,0,1,0,34,0,1,0,0,0,42,0,1,0,0,46,5,4,1,4,2,40.0,25.2,50.7,50.9
1559,1,0,3,2,0,0,63.3,5,0,0,0,0,0,0,1,0,33.3,4,4,2,2,0,1,0,0,22,0,1,1,0,0,70,0,0,1,0,0,1,4,5,5,3,3.4,2.7,6.7,72.7
1560,1,3,0,0,0,2,63.3,5,0,0,1,0,0,1,0,1,100.0,1,3,1,2,0,1,0,0,22,1,0,0,0,1,0,1,0,0,0,30,1,2,2,1,1,75.9,44.7,68.6,32.3
1561,1,0,2,3,0,0,63.3,3,1,0,0,0,0,0,0,0,33.3,4,1,1,1,0,1,0,0,22,0,0,1,0,0,28,1,0,0,0,30,2,3,1,4,2,46.2,25.3,43.5,31.3
1562,1,0,2,3,0,0,63.3,2,0,0,0,0,0,0,1,0,33.3,2,2,3,4,1,0,0,0,30,0,1,0,1,0,62,0,0,1,1,0,3,3,5,2,2,37.6,19.4,44.5,40.1
1563,0,2,3,0,1,0,48.3,5,0,1,0,0,0,0,0,0,33.3,5,4,1,1,0,0,0,1,0,0,0,1,0,1,0,0,0,1,1,0,2,4,5,1,3,30.9,0.0,35.8,33.6
1564,3,2,0,1,0,0,60.0,2,0,1,0,0,1,1,0,0,100.0,2,3,2,2,0,1,0,0,22,1,0,0,0,1,0,0,1,1,0,18,3,4,5,4,3,43.3,14.6,43.5,55.7
1565,0,1,3,0,0,2,65.0,4,0,0,0,0,1,1,1,0,100.0,4,1,1,3,0,1,0,1,0,0,0,0,1,0,20,0,1,1,0,18,5,4,5,2,2,36.0,9.2,39.3,39.7
1566,0,3,1,0,0,2,65.0,2,0,0,1,1,0,1,0,0,100.0,4,2,2,3,0,0,1,0,34,1,0,0,0,1,0,1,1,0,0,76,3,2,5,2,1,88.7,59.3,85.6,28.5
1567,0,3,0,0,2,1,61.7,3,0,1,0,0,0,1,0,1,100.0,5,3,1,3,1,0,0,0,30,1,1,0,0,0,14,1,0,0,0,30,1,4,4,1,1,50.9,20.4,50.3,34.5
1568,1,0,2,0,0,3,65.0,4,0,1,0,1,0,0,0,0,66.7,5,3,4,4,0,1,0,0,22,0,0,1,0,0,28,0,1,0,0,46,1,4,4,5,4,24.2,15.1,43.8,56.0
1569,2,3,1,0,0,0,40.0,3,1,0,0,1,0,1,0,0,100.0,2,3,3,2,1,0,0,1,6,1,0,1,0,0,0,1,0,0,0,30,1,3,5,2,2,52.2,25.6,55.2,42.2
1570,3,2,1,0,0,0,40.0,3,0,0,0,0,0,1,0,0,33.3,1,2,2,3,0,1,1,0,56,0,0,1,0,0,28,1,0,1,0,2,1,4,4,1,4,49.6,16.7,45.0,30.1
1571,3,0,1,0,2,0,55.0,5,1,0,0,0,0,0,1,0,66.7,5,4,2,4,0,0,0,1,0,0,1,0,0,0,42,0,0,1,0,0,5,4,5,5,4,0.0,0.0,11.7,73.6
1572,0,2,0,0,3,1,61.7,3,0,1,0,1,0,1,0,0,100.0,4,2,3,4,1,1,0,0,52,0,1,0,0,1,0,1,0,1,0,2,1,2,4,2,3,54.6,18.5,70.0,37.4
1573,0,0,1,0,3,2,61.7,3,0,1,0,1,0,0,0,0,66.7,2,3,2,3,0,1,0,0,22,0,1,0,0,0,42,0,0,1,0,0,3,2,2,5,4,16.3,8.7,20.8,68.6
1574,2,3,0,0,1,0,43.3,2,0,0,0,0,0,1,0,0,33.3,4,4,3,3,1,0,0,0,30,0,0,1,0,0,28,1,1,0,0,76,3,4,1,1,2,70.1,47.0,61.7,29.9
1575,2,0,0,3,0,1,73.3,2,0,0,0,1,0,1,0,0,66.7,2,2,3,4,0,0,1,0,34,1,0,0,1,0,0,1,0,0,0,30,2,3,5,1,2,70.5,29.4,75.6,29.9
1576,3,2,1,0,0,0,40.0,3,0,0,0,1,0,0,1,0,66.7,2,2,2,4,0,0,1,0,34,1,0,1,0,0,0,1,0,0,1,2,3,1,4,1,3,59.8,24.8,67.8,23.0
1577,1,0,3,0,2,0,55.0,5,0,1,0,0,0,0,0,0,33.3,4,2,1,4,0,1,0,0,22,1,1,0,0,0,14,0,0,1,1,0,5,4,5,5,1,40.6,6.2,48.5,34.8
1578,0,3,2,1,0,0,63.3,5,0,1,0,0,0,1,0,0,66.7,4,3,1,4,0,1,0,0,22,0,1,0,0,0,42,0,0,1,0,0,5,4,4,4,3,16.3,6.6,24.2,60.0
1579,0,2,1,0,3,0,48.3,1,0,0,0,0,1,1,1,0,100.0,5,4,1,1,1,0,0,0,30,0,1,1,0,0,70,1,0,0,0,30,2,1,4,4,1,32.3,27.5,18.9,76.1
1580,3,2,0,1,0,0,60.0,4,0,0,0,1,0,1,0,0,66.7,2,2,4,3,1,1,0,0,52,0,1,0,0,0,42,1,0,1,0,2,2,2,4,4,2,48.8,29.5,53.8,54.3
1581,1,2,0,0,3,0,43.3,3,0,0,0,0,1,0,0,0,33.3,2,2,3,3,1,0,1,0,64,1,0,0,0,0,0,1,0,0,0,30,2,2,2,2,1,84.7,48.1,92.7,14.5
1582,3,0,1,2,0,0,63.3,3,0,1,0,0,1,0,0,1,100.0,2,1,3,2,0,0,0,1,0,1,0,0,0,0,0,1,0,0,0,30,5,2,1,1,3,55.6,26.2,63.6,36.8
1583,0,3,2,1,0,0,63.3,2,0,1,0,1,0,0,0,0,66.7,1,2,1,4,1,1,0,0,52,1,0,0,0,1,0,1,1,0,0,76,2,2,5,5,4,69.3,61.1,65.9,43.3
1584,1,3,2,0,0,0,40.0,3,0,0,0,0,1,1,0,0,66.7,5,2,2,2,0,0,0,1,0,0,1,1,0,0,70,0,1,1,0,18,5,4,4,2,4,7.2,0.0,11.1,54.5
1585,2,3,0,0,0,1,63.3,5,0,1,0,0,0,0,0,0,33.3,4,3,3,3,0,1,0,0,22,0,1,0,0,0,42,0,1,1,0,18,5,4,4,4,4,20.9,9.6,27.8,57.9
1586,0,1,3,0,2,0,48.3,2,0,0,0,1,0,0,0,0,33.3,2,2,1,1,0,1,0,1,0,0,1,1,0,0,70,0,0,1,0,0,1,3,4,4,1,26.1,8.7,27.1,46.8
1587,0,2,0,0,1,3,61.7,4,0,0,0,0,0,0,1,0,33.3,4,4,1,4,0,1,0,0,22,0,1,1,0,0,70,0,1,1,0,18,5,4,4,5,3,11.2,10.5,10.0,75.1
1588,1,3,2,0,0,0,40.0,2,0,0,0,0,0,0,0,1,33.3,1,3,3,4,0,1,0,0,22,0,0,0,0,1,0,1,0,1,0,2,3,4,5,2,2,56.5,14.1,69.9,30.6
1589,0,1,3,2,0,0,63.3,5,0,1,0,1,0,0,0,0,66.7,5,3,1,2,0,1,0,1,0,0,1,0,0,0,42,0,0,1,0,0,5,2,2,5,2,15.7,4.8,22.7,63.2
1590,0,3,2,0,0,1,65.0,1,0,1,1,0,0,0,0,1,100.0,4,4,4,1,1,0,0,1,6,1,0,0,0,0,0,1,0,0,0,30,2,3,2,1,1,55.9,19.8,62.2,42.6
1591,3,2,0,0,1,0,43.3,5,0,0,0,1,0,1,0,1,100.0,2,3,3,3,1,1,0,0,52,1,0,0,0,0,0,1,1,0,0,76,3,1,2,4,2,82.9,71.3,78.6,44.2
1592,0,3,2,0,0,1,65.0,4,1,0,0,0,0,0,0,0,33.3,5,4,3,4,0,0,1,1,10,0,1,1,0,0,70,0,0,1,0,0,1,4,5,4,3,5.2,0.0,13.0,63.3
1593,1,2,0,0,0,3,63.3,4,0,1,0,1,0,1,0,0,100.0,2,4,3,3,0,1,0,0,22,0,0,1,0,0,28,1,0,0,1,2,2,2,1,2,1,44.2,22.8,56.4,56.9
1594,3,1,0,0,0,2,63.3,3,0,0,1,0,0,1,0,0,66.7,2,2,3,4,0,1,1,0,56,0,0,1,0,0,28,0,1,0,0,46,5,3,2,2,1,76.4,48.9,75.2,31.3
1595,2,0,0,1,3,0,63.3,2,0,0,0,0,0,0,1,0,33.3,5,4,3,4,0,1,0,1,0,0,1,0,0,0,42,0,0,1,1,0,1,3,4,5,3,8.9,0.0,30.9,58.6
1596,0,0,3,2,0,1,61.7,5,1,0,0,0,0,0,1,1,100.0,4,4,3,1,0,0,1,1,10,0,1,1,0,0,70,1,1,0,0,76,5,4,4,2,2,41.7,45.3,35.7,64.3
1597,2,0,0,0,1,3,71.7,3,1,0,0,0,1,0,0,0,66.7,2,1,4,4,1,0,0,1,6,0,0,1,0,1,0,1,0,1,0,2,3,1,5,5,4,33.5,17.2,61.2,44.0
1598,2,1,0,0,3,0,43.3,3,1,0,0,1,0,0,0,0,66.7,2,3,2,3,0,1,1,0,56,0,1,0,0,0,42,0,1,0,0,46,3,1,4,4,2,61.8,56.3,60.3,53.3
1599,0,2,1,0,0,3,65.0,1,0,1,0,1,0,0,1,0,100.0,2,4,2,1,0,1,1,0,56,1,0,0,1,0,0,1,0,0,0,30,1,2,4,2,2,73.4,41.9,60.6,52.5
1600,0,3,0,0,2,1,61.7,1,0,1,0,0,0,0,1,0,66.7,2,2,4,3,0,1,0,0,22,1,1,0,0,0,14,1,1,0,0,76,2,2,4,1,2,81.9,48.2,87.4,25.7
1601,0,2,1,0,0,3,65.0,3,0,0,0,0,0,1,0,0,33.3,2,3,3,4,1,1,0,0,52,1,0,0,0,0,0,1,0,1,0,2,3,3,1,4,3,41.5,19.5,60.2,44.7
1602,3,2,1,0,0,0,40.0,3,0,0,0,0,0,0,0,1,33.3,2,3,3,3,0,1,0,1,0,0,0,1,0,0,28,0,0,0,1,0,2,2,5,1,1,53.4,13.0,61.6,26.0
1603,0,1,2,0,0,3,65.0,3,0,1,0,0,0,0,0,0,33.3,1,1,3,3,0,1,0,0,22,0,1,0,0,0,42,1,1,0,0,76,3,2,4,2,1,84.1,67.2,80.0,23.0
1604,0,0,0,3,2,1,55.0,2,0,0,0,1,0,0,0,0,33.3,2,3,4,3,0,1,0,0,22,1,0,0,0,0,0,0,1,0,0,46,2,2,2,1,3,70.3,33.8,83.7,24.0
1605,0,2,3,0,1,0,48.3,4,0,0,1,0,0,1,0,0,66.7,4,4,3,2,0,1,0,1,0,0,1,0,0,0,42,0,0,1,1,0,5,2,2,4,3,12.8,6.0,27.1,64.8
1606,2,0,0,3,1,0,63.3,3,0,1,0,0,0,1,0,0,66.7,2,4,3,1,1,0,0,1,6,0,1,0,0,1,0,0,1,0,0,46,5,2,1,2,1,68.2,43.7,68.7,40.8
1607,2,1,3,0,0,0,40.0,5,1,0,1,1,0,0,0,0,100.0,4,4,4,3,1,0,0,0,30,0,1,0,0,0,42,0,1,1,0,18,5,3,4,4,2,28.0,25.0,41.9,70.3
1608,1,3,0,0,0,2,63.3,3,1,0,0,1,0,0,0,1,100.0,2,1,3,3,0,1,0,0,22,0,0,1,0,0,28,1,0,0,1,2,5,3,5,4,1,48.1,19.6,52.0,49.3
1609,0,0,3,2,0,1,61.7,3,0,0,0,0,0,1,0,0,33.3,5,3,1,3,0,1,0,0,22,0,1,0,0,0,42,0,0,0,1,0,5,3,5,5,4,8.8,0.0,22.4,55.7
1610,2,3,0,1,0,0,60.0,4,0,0,0,0,0,1,0,0,33.3,4,2,2,2,0,1,1,0,56,1,1,0,0,0,14,1,0,0,1,2,3,4,4,2,4,35.9,2.6,38.4,35.0
1611,1,0,0,2,0,3,73.3,3,0,0,1,0,0,1,0,0,66.7,5,3,4,3,1,1,0,0,52,0,1,1,0,0,70,1,1,0,0,76,5,1,4,2,1,61.0,60.7,60.2,56.5
1612,2,0,3,0,1,0,55.0,2,0,1,0,0,0,0,1,0,66.7,2,2,3,4,1,0,0,0,30,1,0,0,1,0,0,1,1,0,0,76,3,2,2,2,1,89.9,60.0,96.5,14.4
1613,1,0,0,3,2,0,63.3,2,1,0,0,0,0,1,0,0,66.7,2,4,3,2,0,1,0,0,22,0,1,0,0,0,42,1,0,1,0,2,5,3,5,5,2,23.7,18.5,27.4,77.0
1614,2,1,3,0,0,0,40.0,3,0,0,0,0,0,1,0,0,33.3,4,2,4,3,1,1,0,0,52,0,0,0,1,1,0,1,0,1,0,2,3,4,5,5,3,40.0,9.8,58.2,33.3
1615,3,0,0,0,1,2,71.7,4,0,0,0,0,0,1,0,0,33.3,5,4,3,2,0,1,1,0,56,0,1,0,0,0,42,1,0,0,0,30,1,3,4,4,1,46.1,32.1,50.1,47.1
1616,3,0,2,0,1,0,55.0,5,0,0,0,0,1,0,0,0,33.3,2,2,3,3,0,0,0,1,0,0,0,1,0,1,0,0,1,0,1,18,1,3,4,1,1,65.9,23.9,75.7,12.6
1617,0,2,0,3,0,1,70.0,3,1,0,0,0,0,1,1,0,100.0,2,1,1,3,1,0,0,1,6,1,0,0,0,1,0,0,1,0,1,18,2,2,5,2,3,47.4,20.2,53.9,36.3
1618,1,2,3,0,0,0,40.0,2,0,0,0,0,1,0,0,0,33.3,5,1,1,3,0,0,0,1,0,1,0,1,0,0,0,1,1,0,0,76,1,2,4,1,2,78.1,41.7,79.4,0.6
1619,1,0,0,0,3,2,71.7,5,1,0,0,0,1,0,0,0,66.7,2,3,1,4,0,1,0,0,22,1,0,1,0,0,0,1,0,0,0,30,3,3,5,5,3,44.2,33.4,50.8,50.7
1620,0,0,3,2,0,1,61.7,4,0,0,1,1,1,0,0,0,100.0,4,3,3,4,0,0,1,0,34,0,0,1,0,0,28,0,0,0,1,0,3,3,5,5,4,14.4,7.3,28.1,71.0
1621,1,3,0,2,0,0,60.0,2,0,1,1,1,0,0,0,0,100.0,2,1,4,4,0,1,0,1,0,1,0,0,1,0,0,1,0,0,0,30,1,1,2,2,1,72.8,38.6,90.3,26.1
1622,0,1,3,2,0,0,63.3,2,0,0,1,0,0,0,0,0,33.3,2,3,1,1,0,0,0,1,0,0,0,1,0,0,28,1,0,0,0,30,2,4,4,1,1,58.1,19.6,47.8,31.9
1623,0,3,0,1,0,2,70.0,5,0,0,0,0,0,0,1,0,33.3,5,3,1,4,0,1,0,0,22,0,1,0,0,0,42,0,0,1,0,0,5,3,5,5,2,14.6,7.9,30.9,58.2
1624,3,2,0,1,0,0,60.0,5,0,1,1,0,0,0,1,0,100.0,2,2,3,4,0,1,0,0,22,1,0,0,0,0,0,0,1,1,0,18,3,3,5,2,1,65.7,27.3,76.9,29.3
1625,3,2,1,0,0,0,40.0,3,0,0,1,0,0,1,0,0,66.7,1,4,4,3,0,1,0,1,0,0,1,0,0,1,0,1,0,0,1,2,5,2,1,1,1,59.9,18.4,74.9,37.1
1626,0,3,1,0,2,0,48.3,5,0,1,0,0,0,0,1,0,66.7,5,4,1,4,0,1,0,1,0,0,1,1,0,0,70,1,0,1,0,2,2,3,1,2,3,6.7,0.0,12.9,65.4
1627,0,3,2,1,0,0,63.3,3,0,1,0,0,0,1,0,0,66.7,2,2,4,3,0,1,1,0,56,1,0,0,0,1,0,1,1,0,0,76,3,4,1,2,1,87.5,57.6,87.5,25.1
1628,2,1,3,0,0,0,40.0,1,1,1,0,1,0,0,0,0,100.0,4,2,4,1,1,1,0,0,52,1,0,0,0,0,0,1,1,0,0,76,3,4,2,2,1,87.0,48.4,80.9,21.1
1629,1,0,3,0,2,0,55.0,3,0,0,0,0,0,0,0,1,33.3,2,3,1,3,1,0,0,0,30,1,1,0,0,0,14,1,1,0,0,76,3,3,1,1,1,83.3,53.5,70.9,20.9
1630,0,0,2,0,3,1,61.7,3,1,0,0,1,1,0,0,0,100.0,2,3,4,3,0,1,0,1,0,1,0,0,0,1,0,0,1,0,0,46,5,2,5,4,3,48.2,31.5,64.2,56.9
1631,1,3,0,0,0,2,63.3,3,0,0,1,0,0,0,0,0,33.3,2,2,3,4,1,0,0,0,30,0,1,0,0,0,42,0,0,0,1,0,2,3,2,1,2,47.0,15.0,50.7,32.8
1632,2,3,0,0,0,1,63.3,3,0,0,0,0,0,0,0,1,33.3,2,3,3,4,1,1,0,0,52,0,0,1,0,0,28,1,1,0,0,76,3,3,5,4,1,72.7,61.6,74.3,39.9
1633,3,2,1,0,0,0,40.0,4,0,0,0,1,0,1,0,0,66.7,2,4,4,4,1,0,0,0,30,1,0,0,0,0,0,1,0,0,0,30,1,3,4,1,1,68.4,37.6,83.8,27.2
1634,0,1,3,0,0,2,65.0,3,0,0,0,0,0,1,0,1,66.7,5,4,2,2,0,0,1,1,10,0,1,1,0,0,70,0,1,1,0,18,5,3,5,5,2,9.5,11.6,11.3,76.9
1635,1,0,2,0,0,3,65.0,4,1,0,1,0,0,0,1,0,100.0,4,2,1,2,0,1,0,0,22,1,1,0,0,0,14,0,1,0,0,46,1,4,5,4,2,44.3,27.2,36.3,46.6
1636,1,0,2,3,0,0,63.3,4,1,0,0,0,1,0,0,1,100.0,4,4,3,4,0,1,0,0,22,0,0,1,0,0,28,1,0,1,0,2,2,3,4,1,3,33.9,5.6,41.1,59.3
1637,1,3,0,0,0,2,63.3,3,0,0,0,0,1,0,0,1,66.7,5,3,2,4,0,1,0,1,0,0,1,0,0,0,42,1,0,1,0,2,5,4,5,5,4,0.1,0.0,15.7,68.9
1638,3,2,0,0,1,0,43.3,5,0,0,0,0,0,1,0,0,33.3,4,3,3,2,1,0,0,1,6,1,1,0,0,0,14,0,1,0,1,18,2,1,1,1,2,54.8,25.9,66.3,32.9
1639,0,3,0,1,0,2,70.0,3,0,0,0,1,1,0,0,0,66.7,1,3,3,4,1,1,0,0,52,1,0,0,1,0,0,0,1,1,0,18,2,3,5,2,3,57.7,35.3,63.3,43.3
1640,0,1,3,2,0,0,63.3,1,0,0,0,0,0,1,0,0,33.3,5,4,1,2,0,1,0,1,0,1,1,0,0,0,14,1,0,0,1,2,1,3,2,5,4,16.3,0.0,22.6,53.5
1641,0,2,0,0,3,1,61.7,2,1,1,0,0,0,0,0,1,100.0,5,4,1,1,0,1,1,0,56,0,1,0,0,0,42,0,0,0,1,0,5,3,5,5,1,27.9,17.0,13.7,77.0
1642,0,1,2,0,0,3,65.0,3,1,1,0,0,1,0,0,0,100.0,4,1,1,3,0,1,0,0,22,0,1,1,0,0,70,0,0,1,0,0,5,3,5,5,2,13.8,12.5,10.2,69.6
1643,3,2,0,1,0,0,60.0,1,0,1,0,1,0,1,0,0,100.0,5,2,3,3,1,0,0,0,30,1,0,0,0,1,0,1,0,0,1,2,1,3,1,4,1,35.2,7.9,52.0,41.8
1644,1,0,2,3,0,0,63.3,2,0,0,1,0,0,0,0,0,33.3,4,4,3,2,0,0,1,1,10,0,0,1,1,0,48,0,1,1,0,18,2,3,5,2,2,36.3,13.3,38.9,53.5
1645,0,0,1,0,3,2,61.7,4,0,0,1,1,0,1,0,0,100.0,2,4,1,1,0,1,0,0,22,1,0,0,0,0,0,1,0,0,0,30,1,2,2,1,2,66.8,36.3,55.5,43.1
1646,0,2,0,3,1,0,53.3,4,0,0,0,0,0,0,0,1,33.3,5,4,2,4,0,1,0,0,22,0,1,0,0,0,42,0,0,1,0,0,1,3,4,5,1,26.1,12.1,37.7,54.4
1647,1,3,0,0,2,0,43.3,3,1,1,0,1,0,0,0,0,100.0,1,4,3,4,0,1,0,0,22,1,0,0,0,0,0,1,0,0,0,30,2,2,4,2,1,74.2,41.3,77.3,45.4
1648,0,1,2,3,0,0,63.3,4,0,1,0,0,1,1,0,0,100.0,5,2,3,4,1,1,0,0,52,0,0,1,0,0,28,0,1,0,0,46,2,2,2,4,2,52.7,41.5,61.7,55.1
1649,1,3,0,0,2,0,43.3,2,0,1,0,0,1,1,0,0,100.0,4,2,4,3,0,1,0,0,22,1,0,1,0,0,0,1,0,1,0,2,1,1,5,2,1,58.0,20.2,78.7,31.7
1650,3,0,2,0,1,0,55.0,2,0,0,1,1,0,0,0,0,66.7,2,3,3,4,1,0,0,0,30,1,0,0,0,0,0,1,0,0,0,30,3,3,4,4,4,46.7,23.4,52.3,52.9
1651,0,0,0,3,1,2,55.0,1,1,0,0,0,0,0,1,0,66.7,5,4,4,1,0,0,0,1,0,0,0,0,1,1,0,0,1,0,0,46,2,4,5,4,3,35.5,13.5,44.6,50.3
1652,0,2,3,0,1,0,48.3,3,0,0,0,1,0,0,1,1,100.0,5,4,2,3,1,0,0,1,6,1,0,0,0,0,0,0,1,0,1,18,2,2,4,4,2,35.7,12.7,48.1,52.0
1653,1,0,2,0,0,3,65.0,2,0,0,1,0,0,0,0,0,33.3,2,1,4,2,0,1,0,1,0,1,0,0,0,0,0,1,1,0,0,76,5,1,5,2,1,88.6,63.8,92.3,16.8
1654,3,2,0,0,1,0,43.3,4,1,0,1,1,0,0,0,0,100.0,1,3,3,3,0,1,0,0,22,0,0,0,0,1,0,1,0,0,0,30,5,2,1,4,2,54.3,34.4,62.4,52.5
1655,3,0,2,0,0,1,65.0,4,0,0,0,0,0,1,1,1,100.0,5,3,3,4,0,1,0,1,0,0,1,0,0,1,0,1,0,1,0,2,5,4,2,4,3,16.9,0.0,36.8,62.5
1656,0,1,3,0,0,2,65.0,2,0,0,1,1,1,0,0,0,100.0,2,3,1,2,0,1,1,0,56,1,0,0,0,0,0,1,0,0,0,30,3,3,5,2,1,75.7,41.4,66.4,35.8
1657,0,2,1,0,0,3,65.0,2,1,0,1,0,0,1,0,0,100.0,5,4,2,4,0,1,0,0,22,0,0,1,0,0,28,0,0,1,1,0,1,4,1,4,3,17.0,0.0,21.2,72.7
1658,0,1,3,0,2,0,48.3,3,0,1,1,0,0,0,0,0,66.7,1,4,3,1,0,1,0,1,0,0,0,1,1,0,48,1,0,0,0,30,1,2,4,1,2,51.2,28.8,46.6,52.9
1659,0,1,2,3,0,0,63.3,3,0,0,0,0,0,0,0,1,33.3,2,2,4,4,1,0,0,0,30,1,0,0,0,0,0,1,1,0,0,76,3,2,5,2,2,90.3,59.4,94.6,14.9
1660,2,0,0,1,3,0,63.3,3,0,0,1,1,0,0,0,1,100.0,4,2,1,1,1,0,0,1,6,0,0,0,0,1,0,1,0,0,0,30,3,2,1,1,1,62.4,30.1,59.4,28.0
1661,3,0,0,2,0,1,73.3,2,0,0,1,0,0,0,0,0,33.3,4,3,2,4,1,1,0,0,52,1,0,0,0,0,0,0,1,0,1,18,2,2,4,2,1,69.7,34.7,74.5,23.5
1662,0,3,1,2,0,0,63.3,2,0,0,0,1,0,0,0,0,33.3,2,1,3,3,0,1,0,1,0,1,0,0,0,1,0,1,0,0,0,30,3,2,5,2,1,70.2,32.3,81.6,13.1
1663,0,0,1,3,2,0,55.0,3,1,1,0,0,0,1,0,0,100.0,4,4,4,4,0,1,1,0,56,0,0,1,0,0,28,0,1,1,0,18,5,4,4,1,3,42.1,19.7,42.4,67.2
1664,3,1,2,0,0,0,40.0,3,0,0,0,0,0,1,1,0,66.7,4,4,4,2,1,0,1,0,64,0,0,1,0,0,28,1,0,1,0,2,3,4,4,5,2,34.3,12.8,42.2,61.3
1665,0,2,1,0,0,3,65.0,4,0,0,1,0,0,1,0,0,66.7,5,4,1,1,0,1,0,1,0,0,1,0,0,0,42,0,0,1,1,0,5,4,5,5,4,0.0,0.0,0.0,79.9
1666,3,1,2,0,0,0,40.0,5,1,1,0,0,0,0,0,0,66.7,2,2,4,3,0,1,0,1,0,1,0,0,0,1,0,1,0,0,0,30,3,2,2,2,1,67.2,30.3,78.5,26.2
1667,3,2,0,1,0,0,60.0,4,0,1,0,1,0,1,0,0,100.0,4,3,4,3,0,1,1,0,56,0,1,1,0,0,70,1,0,0,0,30,3,1,4,2,3,36.6,37.1,42.6,66.9
1668,2,0,3,0,0,1,65.0,4,0,0,1,0,1,1,0,0,100.0,2,4,4,2,0,1,0,0,22,1,0,1,0,0,0,0,1,0,0,46,1,3,1,4,2,57.2,36.1,58.6,54.5
1669,0,0,0,3,1,2,55.0,2,0,0,0,0,1,0,0,0,33.3,5,4,1,4,0,1,0,1,0,0,1,0,0,0,42,0,1,0,0,46,2,3,4,5,4,19.4,10.2,21.8,59.6
1670,1,2,0,0,3,0,43.3,3,0,0,0,0,0,0,0,1,33.3,1,3,3,4,1,1,0,0,52,1,0,0,0,1,0,0,0,1,0,0,3,2,2,2,1,71.7,34.4,84.7,25.0
1671,0,0,3,1,0,2,61.7,3,1,0,0,0,0,0,0,0,33.3,2,3,4,4,0,0,1,0,34,1,0,0,0,0,0,1,1,0,0,76,2,4,5,5,2,70.1,53.7,77.4,35.7
1672,0,2,1,0,3,0,48.3,3,0,1,0,1,1,0,0,0,100.0,2,1,3,2,1,1,0,0,52,1,0,0,0,0,0,1,0,0,1,2,1,2,4,2,1,64.7,31.1,72.1,27.3
1673,2,0,0,0,1,3,71.7,5,0,1,0,0,1,1,0,0,100.0,4,4,2,2,0,1,0,1,0,0,1,0,0,0,42,0,0,1,0,0,2,4,2,5,1,14.7,5.4,16.9,71.3
1674,2,3,0,1,0,0,60.0,2,0,0,1,1,0,1,0,0,100.0,2,3,3,4,0,0,1,0,34,0,1,1,0,0,70,0,1,1,0,18,3,4,5,4,2,26.7,17.2,25.8,67.8
1675,0,3,2,0,1,0,48.3,3,0,0,0,0,0,1,0,0,33.3,1,4,4,2,0,1,0,1,0,1,0,1,0,0,0,1,0,0,1,2,5,2,1,4,1,52.8,20.4,66.7,46.3
1676,2,0,0,0,1,3,71.7,3,1,0,0,0,0,1,0,1,100.0,2,3,1,4,1,0,0,1,6,0,0,1,0,1,0,1,0,0,0,30,3,2,4,1,1,64.9,33.9,68.4,36.6
1677,3,1,2,0,0,0,40.0,1,1,0,1,0,0,0,0,0,66.7,2,2,3,4,0,1,0,0,22,0,0,0,0,1,0,0,1,0,1,18,1,3,4,1,1,71.1,21.2,84.9,14.6
1678,1,0,3,0,2,0,55.0,2,0,0,0,1,0,1,0,1,100.0,2,2,2,4,0,1,0,0,22,0,0,0,1,1,0,1,0,0,0,30,3,2,4,2,1,69.5,39.8,76.1,36.9
1679,1,3,2,0,0,0,40.0,2,0,1,0,0,0,1,0,0,66.7,5,2,1,2,1,1,0,0,52,1,0,0,0,0,0,1,0,0,0,30,1,2,1,1,2,64.1,31.7,69.1,17.2
1680,1,3,0,2,0,0,60.0,1,0,0,0,1,0,1,0,0,66.7,2,4,4,3,0,1,0,0,22,0,0,0,0,1,0,1,1,0,0,76,3,2,5,2,2,82.2,54.5,79.1,39.3
1681,0,3,0,0,1,2,61.7,3,0,0,0,0,0,0,1,0,33.3,1,1,3,2,0,1,0,1,0,1,0,0,0,1,0,1,0,0,0,30,2,2,2,2,1,75.8,34.5,84.7,10.2
1682,1,0,0,2,0,3,73.3,4,0,0,0,0,1,0,0,0,33.3,4,3,1,3,0,0,1,0,34,0,1,1,0,0,70,0,0,1,0,0,2,3,1,1,4,24.3,6.6,14.8,51.8
1683,0,2,3,0,0,1,65.0,5,1,0,0,0,0,1,0,0,66.7,4,2,1,3,0,1,0,0,22,0,1,0,0,0,42,0,0,1,0,0,5,4,2,2,1,32.5,11.8,39.7,47.7
1684,1,2,0,3,0,0,60.0,4,0,0,0,0,0,0,0,1,33.3,1,4,3,4,1,0,0,0,30,1,0,0,0,0,0,1,0,0,0,30,3,2,4,1,1,76.9,41.4,81.4,30.6
1685,2,3,1,0,0,0,40.0,3,1,0,0,1,0,1,0,0,100.0,2,4,3,3,1,1,0,0,52,1,0,1,0,0,0,1,0,0,1,2,3,1,1,2,1,68.0,37.5,70.6,46.7
1686,2,3,0,0,1,0,43.3,3,0,0,0,0,1,0,0,0,33.3,4,1,1,4,0,1,0,1,0,1,0,0,0,1,0,1,1,0,0,76,2,3,2,2,4,63.2,29.1,70.2,12.6
1687,3,2,0,1,0,0,60.0,3,0,0,0,1,0,0,1,0,66.7,2,4,1,1,0,1,1,0,56,1,0,0,0,0,0,1,1,0,0,76,2,1,4,5,3,78.2,66.4,65.2,53.5
1688,3,1,2,0,0,0,40.0,4,0,0,0,0,0,1,1,1,100.0,2,3,2,3,0,0,0,1,0,0,0,1,0,1,0,1,0,1,0,2,2,2,1,1,2,52.5,20.1,59.7,32.9
1689,0,2,0,3,1,0,53.3,3,0,1,0,0,0,0,0,0,33.3,5,1,3,1,0,1,0,1,0,1,0,0,0,0,0,1,0,0,0,30,5,2,2,1,1,64.5,22.7,71.8,16.7
1690,2,1,0,0,0,3,63.3,2,0,1,0,1,0,1,0,0,100.0,2,3,3,3,0,1,0,0,22,1,0,0,0,0,0,1,0,0,1,2,2,2,2,2,2,56.5,20.1,68.6,48.6
1691,3,2,0,1,0,0,60.0,5,0,0,0,0,0,1,1,0,66.7,2,2,4,3,0,1,0,0,22,1,0,0,0,0,0,1,0,0,1,2,2,2,2,2,1,57.5,23.8,73.5,30.8
1692,2,3,1,0,0,0,40.0,3,0,0,0,0,0,0,0,1,33.3,1,1,2,2,1,1,0,0,52,0,0,1,1,0,48,0,1,0,1,18,5,1,1,2,1,66.3,46.9,60.3,29.4
1693,1,0,3,0,2,0,55.0,1,0,1,0,0,0,0,0,0,33.3,4,3,3,3,0,1,0,0,22,1,0,1,0,0,0,1,1,0,0,76,5,4,5,5,4,50.9,29.4,61.2,39.3
1694,3,0,1,0,2,0,55.0,3,0,0,0,0,0,1,0,0,33.3,4,2,2,3,1,1,0,0,52,1,0,0,0,0,0,1,1,0,0,76,1,1,5,2,1,90.4,69.0,95.5,10.6
1695,0,0,2,0,3,1,61.7,3,1,0,0,0,0,0,0,0,33.3,2,4,1,3,1,0,0,0,30,1,1,0,0,0,14,0,1,1,0,18,1,4,5,4,4,39.2,18.0,36.6,41.9
1696,0,1,3,0,0,2,65.0,2,0,1,0,0,0,0,0,0,33.3,4,2,1,3,0,1,0,0,22,0,1,0,0,1,0,1,1,0,0,76,5,4,5,4,3,61.3,35.0,59.4,29.9
1697,0,0,1,2,3,0,55.0,3,1,0,1,0,0,1,0,0,100.0,5,4,2,4,0,1,0,1,0,0,1,0,0,0,42,0,0,1,0,0,1,3,1,4,4,2.4,0.0,20.0,76.2
1698,3,2,0,0,0,1,63.3,3,1,0,0,0,0,0,1,0,66.7,5,3,1,3,0,1,0,0,22,1,1,0,0,0,14,0,0,1,0,0,2,4,5,5,2,27.8,1.9,37.4,50.5
1699,2,1,0,3,0,0,60.0,2,0,0,1,0,0,1,0,1,100.0,1,3,3,3,1,1,0,0,52,1,1,0,0,0,14,1,1,0,0,76,3,2,1,2,1,92.6,73.0,79.2,38.6
1700,3,0,2,1,0,0,63.3,5,0,1,0,0,0,1,0,1,100.0,4,3,3,3,0,1,1,0,56,1,0,0,1,0,0,1,0,0,0,30,3,2,4,4,3,52.0,35.8,54.6,57.0
1701,0,3,1,2,0,0,63.3,3,0,1,0,1,0,0,0,1,100.0,2,2,3,4,0,0,1,0,34,1,0,1,0,0,0,0,1,0,1,18,3,3,5,1,2,60.8,29.9,62.1,39.6
1702,1,0,2,0,0,3,65.0,1,0,1,0,0,0,0,0,0,33.3,2,3,1,4,1,1,0,0,52,0,0,1,0,0,28,1,1,0,0,76,3,3,5,5,3,65.3,55.2,58.2,46.8
1703,3,2,1,0,0,0,40.0,3,0,0,0,1,0,0,0,0,33.3,4,4,2,4,1,0,0,0,30,0,0,1,0,0,28,1,0,1,0,2,3,1,5,5,3,29.6,17.8,43.4,57.6
1704,0,1,3,0,0,2,65.0,4,0,1,0,0,0,0,0,0,33.3,4,4,4,1,1,1,0,0,52,1,0,0,0,0,0,1,0,0,1,2,3,4,1,5,3,32.1,10.1,47.0,49.0
1705,3,0,0,1,0,2,73.3,2,0,0,0,1,1,1,0,0,100.0,2,1,4,4,1,0,1,0,64,0,0,0,1,0,20,0,1,1,0,18,1,3,4,2,1,69.5,37.8,70.7,34.2
1706,3,0,2,1,0,0,63.3,3,0,0,0,0,0,0,1,1,66.7,2,3,2,3,0,1,1,0,56,0,1,0,1,0,62,0,1,0,1,18,3,4,4,4,4,24.6,19.5,13.7,72.5
1707,0,0,2,1,0,3,61.7,2,0,1,0,0,0,0,0,0,33.3,5,3,4,1,0,1,0,0,22,0,1,0,0,0,42,1,1,0,0,76,5,3,5,1,1,66.2,49.3,60.5,36.2
1708,3,2,0,1,0,0,60.0,2,0,0,1,1,0,1,0,0,100.0,4,3,1,4,0,0,1,0,34,1,0,1,0,0,0,1,0,0,0,30,3,4,2,4,4,31.6,11.8,33.7,60.3
1709,2,0,3,1,0,0,63.3,5,0,0,1,0,0,0,0,0,33.3,5,2,3,1,1,0,1,0,64,1,0,0,1,0,0,0,1,1,0,18,2,3,4,2,1,63.0,32.3,66.7,18.0
1710,0,1,0,3,0,2,70.0,3,0,0,0,0,0,1,0,0,33.3,4,3,4,4,1,0,0,0,30,0,0,0,0,1,0,1,0,0,0,30,1,4,5,4,2,50.6,25.1,68.0,34.2
1711,0,3,1,2,0,0,63.3,3,0,0,0,1,0,0,0,1,66.7,2,2,3,4,1,0,1,0,64,0,0,0,1,0,20,0,1,0,0,46,5,2,5,1,4,67.6,48.0,66.7,40.7
1712,2,3,0,0,1,0,43.3,3,1,0,0,0,0,0,1,1,100.0,2,3,3,1,1,0,1,0,64,1,0,1,0,0,0,1,0,0,0,30,2,2,5,2,1,78.1,47.6,71.3,38.3
1713,3,1,2,0,0,0,40.0,3,0,1,1,0,0,0,0,0,66.7,2,3,4,4,0,1,0,0,22,0,1,0,0,0,42,1,1,0,0,76,2,2,1,1,2,66.8,58.8,69.0,41.4
1714,0,0,1,2,3,0,55.0,2,0,0,1,0,0,1,0,0,66.7,2,2,3,3,0,1,0,0,22,1,1,0,0,0,14,0,0,1,0,0,1,2,5,2,2,53.8,20.4,65.7,32.8
1715,2,0,3,1,0,0,63.3,3,0,1,0,0,0,0,0,0,33.3,2,2,3,3,1,1,0,0,52,1,0,0,0,0,0,1,0,1,0,2,2,2,2,1,1,73.4,33.6,85.7,17.8
1716,2,3,0,0,1,0,43.3,1,0,0,0,0,0,0,1,0,33.3,5,2,1,3,0,0,1,0,34,0,1,0,0,0,42,1,0,0,0,30,3,3,4,2,4,40.4,14.2,33.4,35.7
1717,1,0,0,0,2,3,71.7,3,0,0,0,0,1,0,0,0,33.3,5,4,1,3,1,0,0,0,30,0,1,0,0,0,42,0,0,1,1,0,5,2,2,4,3,22.1,9.0,23.6,67.2
1718,2,3,0,0,1,0,43.3,3,1,1,0,0,0,0,0,1,100.0,2,2,4,1,1,0,0,0,30,1,0,0,0,0,0,1,0,1,0,2,3,2,2,2,2,56.4,25.0,61.9,38.6
1719,3,2,0,0,0,1,63.3,3,0,0,1,1,0,0,0,0,66.7,2,3,3,3,1,0,1,0,64,0,0,0,0,1,0,1,0,0,0,30,2,3,2,5,2,65.6,42.5,69.5,46.5
1720,0,0,1,3,2,0,55.0,3,0,0,1,1,0,0,1,0,100.0,4,2,3,2,1,1,0,0,52,1,0,0,0,0,0,1,1,0,0,76,5,2,5,2,1,87.5,65.5,82.6,33.7
1721,3,0,0,0,1,2,71.7,3,0,0,0,1,0,0,0,0,33.3,1,2,3,2,0,1,0,0,22,1,0,1,0,0,0,0,0,0,1,0,3,3,1,4,1,57.8,21.7,68.7,32.2
1722,1,0,2,0,0,3,65.0,5,0,1,0,0,0,0,0,0,33.3,4,4,3,1,1,1,0,0,52,0,1,0,0,1,0,1,1,0,0,76,3,2,2,1,1,90.3,62.8,86.1,19.8
1723,1,2,0,0,0,3,63.3,3,1,0,0,1,0,0,0,0,66.7,5,3,3,3,1,0,0,1,6,1,0,0,0,0,0,1,0,0,0,30,3,3,1,4,2,39.8,13.8,52.8,45.1
1724,2,1,0,3,0,0,60.0,3,1,0,1,0,0,0,0,0,66.7,4,4,4,3,1,1,0,0,52,1,1,0,0,0,14,1,0,0,0,30,2,2,5,1,2,61.3,36.8,69.1,40.4
1725,3,2,1,0,0,0,40.0,4,0,1,1,0,0,1,0,0,100.0,4,3,4,3,0,0,1,0,34,1,0,0,0,0,0,1,1,0,0,76,5,2,4,5,3,58.9,51.2,65.2,55.1
1726,2,3,0,1,0,0,60.0,4,0,1,0,1,1,0,0,0,100.0,2,1,4,4,0,1,0,1,0,1,0,0,0,1,0,1,0,0,0,30,3,2,5,4,1,59.5,26.6,80.1,34.4
1727,3,2,0,1,0,0,60.0,4,0,0,0,1,0,1,0,0,66.7,4,2,3,4,1,1,0,0,52,0,1,1,0,0,70,0,1,1,0,18,3,3,5,5,2,31.0,22.4,37.8,61.3
1728,1,3,0,2,0,0,60.0,5,0,0,0,0,0,0,0,1,33.3,1,2,1,4,1,0,1,0,64,1,0,1,0,0,0,1,0,0,0,30,3,2,5,4,4,63.1,42.7,63.9,33.2
1729,0,0,3,1,2,0,55.0,2,1,0,0,0,1,0,0,0,66.7,5,3,2,3,0,1,0,0,22,0,0,1,0,0,28,1,0,0,0,30,5,4,5,4,1,43.2,17.6,43.9,53.3
1730,3,0,1,2,0,0,63.3,3,1,0,0,1,0,0,1,0,100.0,2,2,3,3,0,1,0,0,22,0,0,0,0,1,0,1,1,0,0,76,3,1,5,4,4,67.6,53.9,69.0,45.9
1731,1,3,0,0,0,2,63.3,4,0,0,0,0,1,1,0,0,66.7,2,3,4,2,0,0,1,0,34,1,0,0,0,0,0,1,0,0,1,2,5,1,1,1,1,64.3,32.9,77.6,37.3
1732,0,2,0,1,3,0,53.3,2,0,0,0,1,1,0,1,0,100.0,4,2,3,4,0,1,0,0,22,1,0,1,0,0,0,1,0,1,0,2,3,2,4,2,4,34.8,2.3,49.0,46.2
1733,3,1,2,0,0,0,40.0,3,0,1,0,0,0,1,0,0,66.7,4,3,1,4,1,0,1,0,64,0,1,0,1,0,62,1,1,0,0,76,2,3,4,1,2,68.3,61.2,56.3,40.2
1734,2,0,3,0,1,0,55.0,3,0,1,0,0,0,1,0,0,66.7,2,2,4,2,1,1,0,0,52,1,0,0,0,1,0,1,1,0,0,76,2,3,4,2,3,83.1,53.2,80.0,30.4
1735,3,0,2,1,0,0,63.3,2,1,0,0,0,0,0,1,0,66.7,5,3,2,1,0,1,0,0,22,0,1,0,0,0,42,1,0,0,0,30,5,4,4,5,4,11.6,6.4,5.3,72.8
1736,0,1,2,0,0,3,65.0,5,1,0,0,1,0,1,0,0,100.0,4,4,2,2,0,1,0,1,0,0,1,0,0,0,42,0,0,1,0,0,5,4,1,5,4,0.7,0.0,4.6,89.3
1737,2,3,1,0,0,0,40.0,1,1,1,0,1,0,0,0,0,100.0,2,3,4,1,1,0,1,0,64,0,0,1,0,0,28,1,0,1,0,2,2,4,2,1,2,51.6,22.1,50.6,47.1
1738,2,1,3,0,0,0,40.0,3,1,0,0,0,0,0,0,1,66.7,2,2,1,4,0,1,0,0,22,1,0,0,0,0,0,1,0,0,0,30,3,2,5,2,1,68.8,37.7,70.6,25.7
1739,0,0,3,1,2,0,55.0,5,1,0,0,0,0,1,0,1,100.0,5,4,1,3,0,1,0,0,22,0,1,0,0,0,42,0,0,1,0,0,3,4,1,4,3,15.2,0.0,23.3,72.7
1740,3,2,1,0,0,0,40.0,4,1,0,1,1,0,0,0,0,100.0,5,4,1,2,1,1,0,0,52,0,1,0,0,0,42,0,1,0,1,18,5,4,4,4,4,17.9,12.9,11.6,78.3
1741,1,0,2,0,0,3,65.0,4,1,1,0,0,1,0,0,0,100.0,4,4,1,4,1,0,1,0,64,0,0,0,0,1,0,0,1,0,0,46,5,3,2,4,4,42.6,34.3,40.9,62.1
1742,0,1,0,0,3,2,61.7,4,1,0,0,0,0,0,1,0,66.7,4,4,1,2,0,0,1,0,34,0,0,1,0,1,0,0,0,1,0,0,3,3,4,2,3,40.2,8.8,37.6,53.0
1743,1,0,2,0,3,0,55.0,1,0,0,0,0,0,1,1,0,66.7,2,3,3,1,0,0,0,1,0,1,0,0,0,0,0,1,0,0,0,30,2,3,1,1,1,67.7,25.0,64.6,26.2
1744,1,3,0,2,0,0,60.0,3,0,0,0,0,1,0,0,1,66.7,4,3,1,2,0,1,0,0,22,0,1,0,0,0,42,1,1,0,0,76,5,4,2,4,3,41.4,34.1,23.5,59.6
1745,3,2,0,0,0,1,63.3,2,0,0,0,0,1,0,0,0,33.3,4,3,3,3,1,0,0,0,30,1,0,0,0,0,0,1,1,0,0,76,1,3,4,1,2,75.6,46.8,84.2,11.8
1746,3,2,1,0,0,0,40.0,1,0,1,0,1,0,0,1,0,100.0,5,3,1,4,0,1,1,0,56,1,0,1,0,0,0,1,1,0,0,76,1,2,4,5,3,63.1,51.2,61.3,49.6
1747,0,3,1,2,0,0,63.3,4,0,1,1,0,1,0,0,0,100.0,5,4,4,4,0,1,0,0,22,0,1,0,0,0,42,1,0,0,0,30,5,4,5,2,3,23.1,15.5,34.2,73.0
1748,3,1,0,0,2,0,43.3,3,0,0,0,1,0,1,0,1,100.0,2,2,4,3,0,1,0,0,22,0,0,1,0,0,28,1,0,1,0,2,5,4,4,4,2,30.9,8.8,41.8,55.5
1749,3,1,2,0,0,0,40.0,3,0,1,0,1,0,1,0,0,100.0,4,3,3,3,1,1,0,0,52,1,0,0,0,1,0,1,0,0,0,30,5,2,4,1,1,73.3,39.6,79.2,36.6
1750,2,1,0,0,3,0,43.3,3,0,1,0,1,0,0,0,0,66.7,1,3,1,1,0,1,0,1,0,1,0,0,0,0,0,1,0,1,0,2,1,1,5,2,2,58.1,21.2,61.4,31.0
1751,2,0,0,3,1,0,63.3,1,0,0,0,0,0,0,0,1,33.3,4,2,4,1,1,0,1,0,64,1,0,0,0,0,0,0,1,1,0,18,3,2,4,2,1,73.5,38.5,76.8,20.9
1752,0,0,1,0,3,2,61.7,1,0,1,0,0,0,1,0,1,100.0,2,4,3,3,0,1,0,0,22,0,1,0,0,0,42,1,0,1,0,2,1,4,4,5,3,14.2,1.4,21.7,74.7
1753,3,2,0,0,1,0,43.3,3,1,0,0,1,0,1,0,0,100.0,2,2,3,4,0,1,0,1,0,1,0,0,0,0,0,1,1,0,0,76,3,3,2,4,1,69.3,49.1,79.3,36.8
1754,2,3,0,0,1,0,43.3,2,0,0,1,0,1,0,0,0,66.7,2,3,2,2,0,1,0,0,22,1,0,0,0,0,0,0,0,1,0,0,1,2,5,5,2,45.3,16.2,49.5,42.5
1755,2,3,1,0,0,0,40.0,3,0,0,0,1,0,0,0,0,33.3,2,3,3,1,0,1,1,0,56,1,0,0,0,1,0,1,0,0,0,30,2,2,2,2,1,85.2,44.4,82.5,19.3
1756,2,3,0,0,0,1,63.3,1,0,0,0,0,0,0,0,1,33.3,2,1,2,1,0,1,0,1,0,0,1,0,0,0,42,0,0,0,1,0,5,4,5,2,1,39.3,6.2,38.5,36.6
1757,0,1,2,0,0,3,65.0,4,1,0,1,1,0,0,0,0,100.0,1,3,1,2,0,1,0,0,22,0,1,0,0,0,42,0,1,1,0,18,5,4,5,4,2,38.9,21.6,27.8,68.2
1758,1,3,0,0,0,2,63.3,4,0,1,0,1,0,0,0,0,66.7,4,2,1,3,1,1,0,0,52,1,1,0,0,0,14,1,0,0,0,30,5,3,1,1,1,65.3,36.3,61.9,33.2
1759,0,3,1,0,0,2,65.0,4,0,0,0,0,1,0,0,0,33.3,2,2,1,3,0,1,0,0,22,0,0,0,0,1,0,1,0,0,0,30,3,1,1,1,2,70.2,41.4,74.5,21.4
1760,0,0,2,3,0,1,61.7,3,0,0,0,0,0,1,0,1,66.7,4,3,4,1,1,1,0,0,52,1,0,0,0,0,0,0,1,1,0,18,3,4,4,5,2,40.2,17.6,52.1,48.2
1761,0,0,2,3,0,1,61.7,3,0,1,0,1,0,1,0,0,100.0,2,2,3,1,1,1,0,0,52,1,0,0,0,0,0,0,1,0,1,18,1,1,4,2,2,70.8,39.5,73.2,32.9
1762,1,2,0,3,0,0,60.0,2,1,0,1,0,0,0,0,1,100.0,2,4,3,3,1,1,0,0,52,0,0,1,0,0,28,1,0,1,0,2,5,2,2,1,2,50.4,27.4,52.3,61.5
1763,3,1,0,0,0,2,63.3,3,1,0,0,1,0,0,0,0,66.7,4,3,3,4,1,1,0,0,52,0,0,0,0,1,0,1,0,1,0,2,2,3,4,4,2,46.6,16.9,64.1,43.2
1764,0,1,0,0,2,3,61.7,3,0,0,0,1,1,0,0,0,66.7,2,3,2,4,1,1,0,0,52,0,1,0,0,0,42,0,0,1,0,0,3,4,4,4,3,31.4,16.4,34.0,62.8
1765,3,0,2,1,0,0,63.3,1,1,0,0,0,1,0,0,1,100.0,2,2,4,4,1,1,0,0,52,0,0,0,1,1,0,1,1,0,0,76,2,4,5,2,4,71.6,44.2,74.2,41.8
1766,2,1,0,0,3,0,43.3,3,0,0,0,0,0,1,0,0,33.3,1,1,2,4,0,1,0,1,0,0,1,0,0,0,42,1,1,0,0,76,3,2,1,2,2,69.3,55.8,65.3,23.7
1767,2,0,0,1,0,3,73.3,1,0,0,1,0,0,0,0,0,33.3,2,2,1,2,1,0,0,1,6,1,0,1,0,0,0,1,0,0,1,2,2,4,2,1,1,57.7,4.9,62.2,20.7
1768,0,1,0,2,0,3,70.0,3,1,0,0,0,1,1,0,0,100.0,4,4,2,4,0,1,0,0,22,0,1,0,0,0,42,0,0,1,1,0,5,2,5,4,4,12.3,7.3,11.6,84.4
1769,0,3,0,1,2,0,53.3,1,0,1,0,0,0,0,0,0,33.3,1,3,4,4,1,0,0,1,6,0,1,0,0,0,42,0,1,0,0,46,1,2,4,4,1,56.3,42.6,70.0,42.5
1770,0,3,2,1,0,0,63.3,3,0,1,0,0,0,1,0,0,66.7,2,3,3,1,0,1,0,1,0,0,1,1,0,0,70,0,1,0,1,18,2,2,4,1,1,37.0,23.3,36.3,48.8
1771,2,0,1,3,0,0,63.3,4,0,0,1,0,0,0,0,0,33.3,1,2,1,1,1,1,0,0,52,0,0,1,0,0,28,1,0,1,0,2,5,3,2,4,2,52.6,30.4,42.9,37.1
1772,3,0,2,0,1,0,55.0,4,0,0,0,1,0,0,1,0,66.7,1,1,3,1,0,1,0,0,22,0,0,1,0,0,28,0,1,0,1,18,5,1,5,5,1,54.9,37.6,57.3,42.5
1773,0,3,2,0,0,1,65.0,2,1,0,0,0,0,0,0,0,33.3,5,2,3,1,0,0,1,0,34,1,0,0,0,1,0,0,1,0,0,46,3,2,4,2,2,70.2,29.9,71.2,19.6
1774,2,3,1,0,0,0,40.0,3,0,0,0,1,0,0,1,0,66.7,5,3,3,3,0,1,0,0,22,1,1,0,0,0,14,1,0,0,0,30,5,3,4,5,2,36.7,20.7,48.0,48.8
1775,1,0,3,0,0,2,65.0,3,0,1,1,0,1,0,0,0,100.0,2,2,1,4,0,1,0,1,0,1,0,0,0,0,0,0,0,1,0,0,5,4,4,2,1,44.9,3.9,54.9,35.7
1776,3,2,0,0,1,0,43.3,3,0,0,0,0,0,1,0,0,33.3,2,3,1,3,0,0,1,1,10,0,0,1,0,0,28,1,1,0,0,76,2,3,2,1,3,69.0,45.1,56.9,31.1
1777,2,3,0,0,0,1,63.3,3,1,1,1,0,0,0,0,0,100.0,1,2,3,2,0,0,1,0,34,0,1,0,0,1,0,0,1,0,0,46,2,2,2,1,1,82.4,50.7,79.7,30.1
1778,0,1,0,0,3,2,61.7,2,0,0,1,0,0,0,0,1,66.7,5,4,1,3,1,0,1,0,64,0,1,1,0,0,70,0,0,1,0,0,5,4,5,5,2,10.7,7.6,2.4,80.7
1779,3,1,0,0,2,0,43.3,3,0,0,0,1,0,0,0,0,33.3,4,3,1,2,0,1,0,0,22,1,0,0,0,0,0,0,1,1,0,18,2,2,4,2,1,58.5,22.5,67.1,21.6
1780,2,3,0,1,0,0,60.0,3,0,0,0,0,0,0,1,1,66.7,2,2,3,3,0,1,1,0,56,1,0,0,0,0,0,1,0,0,0,30,1,2,4,2,1,85.0,51.6,88.9,24.0
1781,1,0,3,0,2,0,55.0,3,0,1,0,0,0,1,1,0,100.0,5,2,3,4,0,1,1,0,56,1,0,0,0,0,0,1,1,0,0,76,1,2,1,1,1,93.0,65.5,93.4,20.7
1782,0,0,1,2,3,0,55.0,5,0,0,0,0,0,0,0,1,33.3,4,4,1,3,1,0,1,0,64,0,1,0,0,0,42,0,0,0,1,0,5,3,2,5,3,22.5,19.0,18.7,70.3
1783,2,1,0,0,3,0,43.3,3,0,0,0,1,0,0,0,0,33.3,1,4,1,3,1,0,1,0,64,1,0,0,0,0,0,1,1,0,0,76,5,3,2,2,1,95.3,72.9,82.5,27.2
1784,0,3,1,0,0,2,65.0,1,0,0,0,1,0,0,0,0,33.3,5,3,2,3,0,1,0,0,22,0,1,1,0,0,70,0,0,1,0,0,5,4,5,4,4,0.3,0.0,5.2,70.0
1785,0,1,2,0,0,3,65.0,4,1,0,1,0,0,1,0,0,100.0,5,3,3,4,0,1,0,1,0,0,1,0,0,0,42,0,0,1,0,0,3,2,1,4,4,5.9,0.0,23.1,71.0
1786,3,1,0,0,2,0,43.3,2,0,1,0,0,1,0,0,0,66.7,2,3,3,4,1,0,1,0,64,1,1,0,0,0,14,1,1,0,0,76,2,2,2,4,3,79.9,69.7,76.6,41.5
1787,3,2,1,0,0,0,40.0,4,0,1,0,0,0,1,0,0,66.7,5,2,4,3,0,1,0,1,0,0,0,0,0,1,0,1,0,0,0,30,2,1,4,2,1,57.5,28.1,78.8,26.2
1788,0,0,1,0,3,2,61.7,4,1,1,0,0,0,1,0,0,100.0,4,3,2,3,0,1,0,0,22,0,1,0,0,0,42,0,0,1,0,0,5,1,5,5,4,12.7,9.5,20.0,79.2
1789,0,1,3,0,2,0,48.3,5,1,0,0,0,0,0,0,0,33.3,5,4,1,3,1,1,0,0,52,0,1,0,0,0,42,1,0,1,0,2,5,3,2,4,2,27.2,18.0,29.7,63.6
1790,2,1,3,0,0,0,40.0,1,1,0,0,0,0,0,0,0,33.3,4,1,3,1,0,1,0,0,22,1,0,0,0,0,0,0,0,1,0,0,1,3,1,1,1,60.1,7.8,66.2,8.0
1791,3,0,2,0,1,0,55.0,3,0,0,1,1,0,0,0,0,66.7,4,4,3,4,1,1,0,0,52,0,0,1,0,0,28,1,1,0,0,76,3,3,5,4,2,60.1,55.5,60.1,52.6
1792,0,1,0,2,3,0,53.3,4,1,0,0,0,0,0,0,0,33.3,5,4,1,4,1,0,0,0,30,1,0,0,0,0,0,1,0,0,0,30,5,4,4,4,3,43.3,17.1,42.4,48.0
1793,2,3,1,0,0,0,40.0,4,0,1,0,0,0,0,1,0,66.7,1,2,1,2,0,1,0,0,22,0,1,1,0,0,70,0,0,1,0,0,5,4,5,5,4,13.2,13.0,5.8,66.4
1794,0,3,0,1,0,2,70.0,2,0,1,1,1,0,0,0,0,100.0,5,4,4,4,1,0,1,0,64,0,1,0,1,0,62,0,0,1,0,0,2,3,2,5,1,29.0,21.8,38.4,76.0
1795,1,3,0,0,2,0,43.3,4,1,0,0,0,0,0,0,1,66.7,2,2,3,1,1,0,0,1,6,1,0,0,0,1,0,1,0,1,0,2,2,2,5,4,2,43.6,19.7,54.0,39.2
1796,0,3,0,1,0,2,70.0,5,0,1,0,0,1,1,0,0,100.0,5,4,2,3,0,1,0,0,22,0,1,1,0,0,70,1,0,0,1,2,5,3,5,5,3,0.0,2.8,1.0,97.1
1797,1,0,0,0,2,3,71.7,3,0,0,0,0,1,0,0,0,33.3,2,2,4,2,0,1,0,0,22,1,0,0,0,0,0,0,1,0,0,46,3,2,5,1,1,87.7,46.0,92.3,7.4
1798,2,1,3,0,0,0,40.0,4,0,0,1,0,0,1,0,0,66.7,2,3,3,2,0,0,1,1,10,0,1,0,0,0,42,0,0,0,1,0,2,3,5,4,4,15.2,0.9,24.7,61.5
1799,0,0,1,3,2,0,55.0,5,0,0,1,0,1,0,0,1,100.0,5,3,2,4,0,0,1,0,34,0,1,0,0,0,42,0,0,1,1,0,1,2,5,5,2,21.5,12.2,34.5,60.5
1800,2,3,0,1,0,0,60.0,2,1,1,1,0,0,0,0,0,100.0,4,3,1,4,1,0,1,0,64,1,1,0,0,0,14,1,0,0,0,30,3,2,1,2,2,54.5,39.2,56.8,43.8
1801,3,1,2,0,0,0,40.0,2,0,0,0,0,0,1,0,0,33.3,2,2,3,3,0,1,0,0,22,0,0,1,0,0,28,1,1,0,0,76,1,4,5,5,1,68.4,55.1,60.9,27.3
1802,0,3,2,1,0,0,63.3,3,0,0,0,1,0,0,0,0,33.3,4,4,3,2,1,1,0,0,52,1,0,0,0,0,0,0,1,1,0,18,2,2,5,2,1,61.3,30.9,75.8,27.0
1803,0,1,2,0,3,0,48.3,2,0,0,0,0,0,0,0,1,33.3,2,2,1,4,0,0,1,1,10,0,0,1,1,0,48,1,1,0,0,76,1,2,4,2,1,74.6,56.0,67.9,24.7
1804,2,3,0,1,0,0,60.0,1,0,0,1,0,0,0,0,0,33.3,2,2,3,4,1,1,0,0,52,1,0,0,0,0,0,0,1,1,0,18,2,1,1,1,2,74.1,40.0,82.8,16.7
1805,2,0,3,0,0,1,65.0,4,0,0,1,0,0,0,1,1,100.0,4,3,3,3,0,1,0,0,22,0,1,0,0,0,42,0,0,1,0,0,5,4,4,1,1,36.2,13.2,34.2,57.1
1806,1,3,0,2,0,0,60.0,4,0,0,0,0,1,0,0,0,33.3,4,3,3,4,0,1,0,0,22,0,0,0,0,1,0,0,0,1,0,0,5,2,1,4,2,38.7,17.7,58.7,47.1
1807,1,2,0,0,3,0,43.3,3,1,0,0,1,0,0,0,0,66.7,4,4,3,2,1,0,0,0,30,0,0,1,0,0,28,0,1,0,0,46,1,3,5,2,3,45.6,30.3,47.5,50.4
1808,2,0,0,3,0,1,73.3,2,1,0,0,0,0,0,0,0,33.3,4,4,3,3,1,0,1,0,64,1,0,0,0,0,0,0,0,1,0,0,2,3,2,4,3,42.0,13.9,48.7,54.5
1809,2,1,3,0,0,0,40.0,1,0,1,0,0,0,0,0,0,33.3,5,3,3,3,1,1,0,0,52,1,0,0,0,0,0,1,0,0,0,30,5,3,2,2,1,67.9,25.3,72.6,27.0
1810,2,0,0,1,0,3,73.3,4,0,0,0,1,0,0,0,0,33.3,4,3,2,2,1,0,0,1,6,0,0,1,0,0,28,1,1,0,0,76,2,3,5,2,1,58.9,45.9,61.0,31.5
1811,2,1,3,0,0,0,40.0,1,0,0,0,0,0,1,1,1,100.0,1,2,2,1,0,1,0,0,22,0,1,0,0,0,42,0,1,0,0,46,2,3,1,2,1,63.5,36.8,46.9,41.7
1812,2,3,0,0,1,0,43.3,2,0,0,0,0,0,0,0,1,33.3,2,2,4,4,0,1,0,0,22,1,0,0,0,1,0,1,0,0,0,30,1,1,1,2,1,78.0,42.0,96.3,16.5
1813,3,2,0,1,0,0,60.0,2,1,1,0,0,0,0,0,0,66.7,5,1,2,4,1,0,0,1,6,0,0,1,0,0,28,1,1,0,0,76,2,2,1,5,1,62.3,46.3,71.4,28.6
1814,2,0,0,1,0,3,73.3,5,0,0,1,0,0,1,0,0,66.7,4,4,3,1,1,0,1,0,64,0,0,1,1,0,48,1,1,0,0,76,5,3,5,2,2,66.2,61.5,49.6,64.1
1815,3,2,1,0,0,0,40.0,4,0,1,0,0,0,0,0,0,33.3,5,2,3,2,0,1,0,0,22,0,0,1,0,0,28,1,0,0,0,30,2,3,5,5,2,36.6,18.7,47.7,35.1
1816,1,0,2,0,0,3,65.0,2,0,0,0,1,1,0,0,1,100.0,4,2,4,4,1,0,0,0,30,0,0,1,1,0,48,1,1,0,0,76,2,2,2,4,4,43.1,47.7,49.5,61.4
1817,3,1,0,0,2,0,43.3,4,0,1,0,0,1,1,0,0,100.0,4,4,1,4,1,0,0,0,30,1,1,0,0,0,14,1,0,0,0,30,2,4,4,2,2,47.2,23.1,46.7,50.3
1818,3,1,2,0,0,0,40.0,1,0,0,0,1,0,1,1,0,100.0,2,4,1,2,0,0,0,1,0,1,0,0,0,0,0,1,0,0,0,30,1,2,4,1,4,47.0,15.6,43.2,48.1
1819,2,0,0,3,1,0,63.3,3,0,0,1,0,0,0,1,0,66.7,4,4,4,2,0,1,0,0,22,0,0,1,0,0,28,0,1,1,0,18,1,2,4,1,3,39.8,13.0,47.7,51.5
1820,0,1,0,3,0,2,70.0,4,0,0,0,0,0,0,1,1,66.7,4,4,3,4,1,1,0,0,52,0,1,0,0,0,42,1,0,1,0,2,2,4,5,1,4,27.9,4.0,29.6,62.5
1821,0,0,2,0,1,3,61.7,5,0,1,1,0,0,0,1,0,100.0,5,4,3,2,1,1,0,0,52,0,1,0,0,0,42,0,0,1,0,0,5,2,1,5,2,26.1,18.5,22.3,80.6
1822,3,2,1,0,0,0,40.0,3,0,0,0,1,0,0,0,0,33.3,4,2,3,3,0,1,0,1,0,1,0,0,0,0,0,1,0,0,0,30,1,1,2,1,2,61.7,27.5,79.5,12.2
1823,0,0,0,2,1,3,55.0,3,0,1,0,1,0,1,0,0,100.0,4,2,1,3,1,0,0,1,6,0,1,0,0,0,42,0,1,0,1,18,3,4,2,2,4,22.3,0.0,16.2,57.1
1824,0,0,2,0,3,1,61.7,5,0,0,0,0,1,0,1,0,66.7,5,1,3,3,0,0,0,1,0,1,1,0,0,0,14,1,0,1,0,2,5,4,4,5,2,22.6,0.0,39.2,45.2
1825,1,2,0,0,3,0,43.3,3,0,0,1,1,0,0,1,0,100.0,2,3,4,3,1,0,1,0,64,1,0,1,0,0,0,0,0,0,1,0,1,2,2,5,1,59.1,36.4,73.5,46.5
1826,2,1,0,3,0,0,60.0,3,0,0,0,0,0,0,1,0,33.3,1,3,2,4,0,1,0,0,22,1,0,0,0,1,0,1,1,0,0,76,2,2,4,2,1,93.8,58.5,89.8,18.4
1827,3,2,1,0,0,0,40.0,2,0,0,0,1,0,0,0,0,33.3,2,3,3,4,1,0,0,0,30,1,0,0,0,0,0,1,1,0,0,76,2,1,5,4,2,80.4,60.5,83.9,28.1
1828,3,2,1,0,0,0,40.0,4,0,0,0,0,0,0,1,0,33.3,5,2,4,4,1,0,0,0,30,0,1,0,0,0,42,0,0,1,1,0,2,3,4,2,2,32.9,10.0,51.8,28.3
1829,0,0,3,1,2,0,55.0,5,0,1,1,0,0,0,0,0,66.7,5,4,1,2,0,0,0,1,0,0,1,0,0,0,42,0,0,1,1,0,1,4,4,2,1,26.5,0.0,24.7,51.0
1830,2,0,3,0,0,1,65.0,5,0,0,0,0,1,0,0,0,33.3,5,3,1,4,0,1,1,0,56,0,1,0,0,0,42,1,0,1,0,2,5,3,1,2,4,28.1,9.6,31.6,54.7
1831,3,1,0,0,2,0,43.3,1,0,1,0,0,0,0,0,0,33.3,2,1,1,3,1,1,0,0,52,0,1,0,0,0,42,1,0,0,1,2,1,3,1,5,1,42.6,25.1,50.0,33.7
1832,1,0,3,0,0,2,65.0,3,0,1,0,0,0,0,0,0,33.3,1,3,4,2,0,1,0,0,22,0,1,1,0,0,70,1,0,0,0,30,1,2,5,2,1,59.4,42.0,51.1,43.8
1833,0,0,3,2,1,0,55.0,1,0,0,1,1,1,0,0,0,100.0,2,3,2,3,1,0,0,1,6,1,0,0,0,0,0,1,0,0,0,30,1,1,2,1,2,60.9,27.3,64.9,41.0
1834,0,3,2,1,0,0,63.3,3,0,1,0,1,0,0,0,0,66.7,1,3,3,2,0,1,0,0,22,1,1,0,0,0,14,0,0,0,1,0,3,1,2,2,2,58.2,25.3,58.4,47.0
1835,2,3,0,1,0,0,60.0,5,0,1,0,0,0,0,0,0,33.3,2,3,4,2,0,1,0,0,22,0,0,1,0,1,0,1,1,0,0,76,1,1,5,1,2,91.2,63.7,92.3,13.8
1836,0,0,0,3,2,1,55.0,5,0,0,1,0,0,0,0,0,33.3,4,4,4,4,0,1,0,0,22,0,1,0,0,0,42,0,0,1,0,0,5,3,2,5,2,25.9,15.3,37.0,66.3
1837,1,2,0,0,0,3,63.3,5,0,1,1,0,1,0,0,0,100.0,4,3,1,4,1,0,0,0,30,1,1,0,0,0,14,0,0,1,0,0,5,3,1,5,2,31.1,15.3,36.8,66.7
1838,0,0,0,2,1,3,55.0,4,0,0,1,1,1,0,0,0,100.0,5,2,1,3,0,1,0,0,22,0,1,1,0,0,70,0,0,1,0,0,5,4,4,4,4,0.0,0.0,0.0,76.3
1839,0,2,1,0,0,3,65.0,3,1,1,0,0,1,0,0,0,100.0,1,2,4,3,0,1,0,0,22,1,0,0,0,0,0,1,0,0,1,2,3,1,5,2,2,57.9,24.1,71.0,43.0
1840,2,1,0,3,0,0,60.0,3,0,1,1,0,0,1,0,0,100.0,2,3,1,3,0,1,1,0,56,1,0,0,0,1,0,1,0,0,0,30,1,2,4,1,1,85.4,48.3,75.8,32.7
1841,1,0,3,0,2,0,55.0,3,0,0,0,1,0,0,0,0,33.3,1,2,2,4,0,1,0,0,22,1,0,0,0,0,0,0,1,0,1,18,1,2,2,2,2,68.9,32.5,75.0,15.0
1842,2,0,3,1,0,0,63.3,1,0,0,0,0,0,0,0,1,33.3,2,1,3,2,1,1,0,0,52,0,0,0,0,1,0,1,0,0,0,30,2,2,5,1,1,81.5,45.3,83.8,9.9
1843,0,3,0,2,1,0,53.3,5,0,0,0,0,0,0,0,1,33.3,2,1,1,1,0,1,0,1,0,1,0,0,0,0,0,1,0,0,0,30,3,2,2,2,1,72.7,30.9,70.6,10.1
1844,1,2,0,0,0,3,63.3,1,0,1,0,0,0,1,0,0,66.7,1,3,3,1,0,0,0,1,0,0,1,1,0,0,70,1,0,0,1,2,1,3,2,2,1,30.7,16.4,32.1,57.3
1845,1,2,0,3,0,0,60.0,1,0,0,0,0,0,1,0,0,33.3,5,4,3,2,1,0,0,1,6,1,0,1,0,0,0,0,1,0,0,46,2,2,4,2,3,53.5,15.4,58.6,34.5
1846,0,1,0,2,3,0,53.3,1,0,1,0,0,0,0,0,0,33.3,5,4,3,3,0,1,0,0,22,0,1,0,0,0,42,1,0,1,0,2,1,4,5,4,4,13.4,0.0,21.1,61.4
1847,0,3,0,2,0,1,70.0,3,0,1,0,0,1,0,1,0,100.0,2,3,1,2,1,0,0,1,6,0,0,0,1,0,20,1,0,0,0,30,3,2,5,1,2,51.7,31.8,45.4,49.3
1848,3,2,0,0,0,1,63.3,3,0,0,1,0,0,1,1,0,100.0,2,2,3,3,0,0,1,1,10,1,0,0,0,0,0,1,0,0,0,30,2,1,2,5,1,58.2,41.2,68.9,41.7
1849,0,0,1,0,2,3,61.7,5,0,1,0,1,0,0,1,0,100.0,4,4,3,3,0,1,0,1,0,0,1,0,0,0,42,0,1,0,0,46,1,4,1,4,1,39.1,25.2,39.1,65.5
1850,3,2,1,0,0,0,40.0,3,0,0,0,0,1,0,0,1,66.7,4,3,3,1,1,1,0,0,52,0,0,1,0,0,28,0,1,0,0,46,1,4,5,4,1,56.6,38.6,54.6,44.1
1851,2,1,0,0,0,3,63.3,4,0,0,0,0,1,0,0,0,33.3,4,4,1,2,0,1,0,0,22,1,1,0,0,0,14,0,1,1,0,18,1,3,1,5,1,40.9,16.6,39.4,43.3
1852,0,0,1,2,0,3,61.7,3,0,1,1,0,0,0,1,0,100.0,2,3,1,2,0,1,0,1,0,0,1,1,0,0,70,0,0,1,0,0,3,4,5,5,3,2.4,1.0,0.0,82.0
1853,2,1,0,0,3,0,43.3,3,0,0,0,1,0,1,1,0,100.0,1,2,4,2,0,1,0,0,22,1,0,0,0,1,0,1,1,0,0,76,1,2,1,2,1,92.9,64.8,89.9,24.0
1854,1,3,0,0,2,0,43.3,4,0,0,0,0,0,1,0,0,33.3,2,2,4,1,0,1,1,0,56,1,0,0,0,1,0,1,0,0,0,30,2,3,1,5,1,69.5,40.2,72.8,27.7
1855,1,2,3,0,0,0,40.0,3,0,0,0,1,0,0,0,0,33.3,1,1,4,3,1,1,0,0,52,0,0,1,0,0,28,1,0,0,1,2,2,2,1,4,1,59.7,37.5,70.8,23.7
1856,1,2,0,0,3,0,43.3,3,0,1,0,0,1,1,0,0,100.0,2,2,4,4,0,1,1,0,56,1,0,0,0,1,0,0,1,0,1,18,3,1,5,2,1,69.9,46.3,86.4,33.1
1857,1,2,0,0,0,3,63.3,5,0,0,0,0,0,1,0,0,33.3,2,4,1,4,0,1,0,0,22,0,1,0,0,0,42,0,0,1,0,0,3,3,2,4,3,27.2,16.2,25.0,65.1
1858,0,2,3,1,0,0,63.3,3,0,0,1,0,0,0,0,0,33.3,5,2,4,4,1,0,0,1,6,0,0,0,0,1,0,1,0,0,0,30,2,3,4,1,3,48.1,11.6,69.9,21.3
1859,1,2,0,3,0,0,60.0,2,0,0,0,0,0,0,0,1,33.3,2,4,1,1,1,1,0,0,52,1,0,0,0,0,0,0,1,0,1,18,3,3,4,2,3,56.7,26.9,47.5,34.6
1860,0,1,3,0,2,0,48.3,2,0,1,0,1,0,1,0,0,100.0,2,1,3,4,0,0,1,1,10,1,0,0,0,0,0,1,0,1,0,2,3,4,5,4,1,47.0,8.2,64.7,36.4
1861,3,1,2,0,0,0,40.0,4,0,0,1,1,0,1,0,0,100.0,5,3,1,3,0,1,0,0,22,0,1,0,0,0,42,0,0,1,0,0,2,3,5,4,2,21.8,1.0,23.7,65.9
1862,0,0,3,1,0,2,61.7,4,0,1,1,0,0,1,0,0,100.0,4,3,3,3,0,1,0,0,22,1,0,0,0,1,0,0,0,1,1,0,1,4,5,5,4,21.9,0.0,34.3,60.7
1863,3,2,1,0,0,0,40.0,2,0,1,0,0,1,1,0,0,100.0,1,4,3,1,0,1,0,0,22,1,0,0,0,0,0,1,0,1,0,2,2,3,5,5,1,43.7,21.3,44.4,56.4
1864,1,0,2,0,3,0,55.0,3,0,1,0,1,1,0,0,0,100.0,4,1,1,4,0,1,1,0,56,1,0,1,0,0,0,0,1,0,1,18,3,2,5,2,1,68.3,35.3,69.1,34.1
1865,2,1,0,0,3,0,43.3,3,0,0,0,1,0,1,0,1,100.0,2,3,2,4,1,1,0,0,52,0,1,0,0,0,42,0,1,0,0,46,3,1,1,2,1,68.4,66.3,58.5,53.0
1866,1,2,0,3,0,0,60.0,2,0,0,0,0,0,1,0,0,33.3,4,1,3,2,0,1,1,0,56,0,1,0,0,1,0,0,1,0,1,18,2,3,5,2,2,67.0,23.3,70.1,12.7
1867,1,3,0,0,2,0,43.3,3,1,0,0,1,0,0,0,1,100.0,4,2,3,3,0,1,0,0,22,0,1,0,0,0,42,1,0,0,0,30,2,3,5,2,4,34.9,18.0,40.8,55.5
1868,3,2,0,1,0,0,60.0,5,0,0,0,1,0,0,0,0,33.3,2,4,3,4,0,1,0,0,22,1,1,0,0,0,14,1,0,0,0,30,2,3,5,2,2,57.7,28.8,64.6,36.6
1869,1,2,0,0,3,0,43.3,3,1,1,0,1,0,0,0,0,100.0,4,3,3,3,0,1,0,1,0,1,0,0,0,0,0,1,0,0,0,30,3,3,1,4,1,48.9,19.0,63.9,45.6
1870,2,3,0,0,0,1,63.3,3,1,0,0,0,0,0,0,0,33.3,4,3,3,4,0,1,1,0,56,0,1,1,0,0,70,1,0,0,0,30,3,2,5,1,1,53.5,44.2,58.2,42.8
1871,0,3,0,0,2,1,61.7,5,1,1,0,0,0,0,0,1,100.0,4,3,1,3,1,0,0,0,30,0,0,0,0,1,0,0,1,0,0,46,1,2,4,5,3,47.9,34.5,49.1,53.8
1872,2,1,3,0,0,0,40.0,2,1,0,0,1,0,0,0,0,66.7,2,2,1,3,0,1,0,1,0,1,1,0,0,0,14,0,0,0,1,0,5,2,4,4,1,48.8,13.9,58.2,33.9
1873,3,2,1,0,0,0,40.0,3,0,0,0,0,1,0,0,1,66.7,4,2,4,4,0,1,0,0,22,0,0,1,0,0,28,0,1,0,0,46,1,3,5,4,2,52.2,35.3,65.6,33.5
1874,1,2,0,0,0,3,63.3,3,0,1,0,0,0,1,1,0,100.0,4,2,4,4,1,1,0,0,52,1,0,0,0,1,0,0,1,0,0,46,1,1,2,2,1,75.6,52.6,96.1,25.7
1875,3,2,1,0,0,0,40.0,3,1,0,0,0,0,0,0,0,33.3,2,2,3,3,1,0,0,0,30,0,0,1,0,0,28,1,0,0,0,30,1,2,5,5,1,58.7,43.1,65.8,33.1
1876,2,0,0,0,1,3,71.7,4,0,0,0,0,0,0,0,1,33.3,2,2,4,2,0,1,0,0,22,0,0,1,1,0,48,0,0,0,1,0,2,4,5,5,4,18.0,9.7,26.2,53.1
1877,0,3,1,2,0,0,63.3,5,1,1,1,0,0,0,0,0,100.0,5,3,2,3,1,0,0,1,6,1,0,0,0,0,0,1,0,0,0,30,2,2,2,2,4,40.8,15.2,51.8,52.9
1878,0,1,2,0,3,0,48.3,5,0,1,0,0,0,1,0,0,66.7,1,3,1,3,1,0,1,0,64,0,0,1,0,0,28,0,0,1,1,0,3,3,2,4,1,55.0,34.7,51.0,49.5
1879,0,2,3,1,0,0,63.3,3,0,1,0,0,0,1,0,0,66.7,1,4,3,4,1,0,1,0,64,0,0,1,0,0,28,0,1,0,0,46,3,3,5,2,3,67.3,45.9,61.9,50.6
1880,0,3,1,0,2,0,48.3,1,0,0,0,1,0,0,0,0,33.3,5,1,4,4,1,0,0,1,6,0,1,0,0,1,0,0,1,0,1,18,2,4,5,4,1,45.6,9.3,73.0,16.5
1881,3,2,0,0,0,1,63.3,5,0,0,0,0,0,0,1,1,66.7,5,3,2,4,0,1,0,0,22,1,0,1,0,0,0,1,0,1,0,2,2,2,1,1,1,51.5,17.0,71.3,30.9
1882,2,0,3,0,1,0,55.0,3,0,0,1,1,0,0,0,0,66.7,1,2,4,3,1,0,0,0,30,1,0,0,0,1,0,1,0,0,0,30,2,2,2,2,1,73.6,42.7,88.8,26.4
1883,0,3,2,0,0,1,65.0,4,0,0,0,1,1,0,0,1,100.0,4,3,2,3,0,1,0,0,22,1,0,0,0,0,0,0,0,1,0,0,5,3,4,2,1,50.4,17.2,58.3,45.5
1884,2,0,1,3,0,0,63.3,3,0,0,0,0,0,0,0,1,33.3,4,3,2,4,0,1,0,1,0,0,1,0,0,0,42,1,0,1,0,2,2,4,5,4,2,19.4,0.0,29.8,51.3
1885,3,2,0,0,1,0,43.3,3,1,0,1,0,0,1,0,0,100.0,4,2,1,3,1,0,1,0,64,0,0,1,0,0,28,1,0,0,0,30,2,3,5,4,1,51.9,42.0,47.5,49.5
1886,1,0,3,2,0,0,63.3,2,0,1,0,1,0,0,0,0,66.7,2,2,3,3,0,1,1,0,56,0,0,1,1,0,48,1,1,0,0,76,3,3,2,2,2,68.2,58.1,61.5,41.9
1887,0,3,0,0,1,2,61.7,3,0,0,0,1,0,0,1,0,66.7,2,2,3,3,0,1,0,1,0,0,1,0,0,0,42,1,1,0,0,76,3,2,2,1,3,63.4,49.9,60.0,34.4
1888,2,3,0,1,0,0,60.0,3,0,1,1,0,0,0,0,0,66.7,2,2,3,3,0,1,0,0,22,1,0,0,0,0,0,1,1,0,0,76,2,3,5,2,1,84.9,53.0,79.6,20.3
1889,0,2,3,0,1,0,48.3,4,0,0,1,0,0,0,1,0,66.7,5,1,3,4,1,1,0,0,52,0,1,0,0,0,42,1,0,1,0,2,5,3,1,4,4,18.5,9.3,33.0,47.8
1890,0,0,0,3,1,2,55.0,5,0,0,1,1,0,0,1,0,100.0,4,2,1,4,0,1,0,1,0,0,1,0,0,0,42,1,0,1,0,2,1,2,5,5,2,24.0,13.8,32.9,57.9
1891,2,3,0,1,0,0,60.0,3,1,0,0,0,0,1,0,0,66.7,5,2,4,4,1,0,0,0,30,0,1,1,0,0,70,1,0,0,1,2,3,1,1,2,2,28.0,15.4,47.7,52.1
1892,0,2,0,0,3,1,61.7,1,1,1,0,0,0,0,1,0,100.0,1,3,3,3,0,1,0,1,0,1,0,0,0,0,0,1,0,0,0,30,3,2,2,4,1,60.3,33.8,69.2,46.3
1893,1,2,0,0,0,3,63.3,3,1,0,1,1,0,0,0,0,100.0,5,2,2,3,0,0,0,1,0,0,0,1,0,1,0,1,0,0,0,30,2,2,1,4,4,33.0,8.8,47.4,47.5
1894,0,0,3,0,1,2,61.7,3,0,0,1,0,0,0,0,0,33.3,2,2,1,3,1,1,0,0,52,1,1,0,0,0,14,0,1,1,0,18,2,2,4,2,1,74.5,36.8,70.9,21.2
1895,2,3,1,0,0,0,40.0,3,0,1,0,1,0,0,0,0,66.7,5,3,4,3,0,1,0,0,22,0,0,1,0,0,28,0,1,1,0,18,3,3,5,2,1,45.5,18.4,61.3,41.8
1896,2,0,3,0,0,1,65.0,4,0,0,1,0,0,0,0,0,33.3,5,3,2,3,0,0,0,1,0,0,1,0,0,0,42,0,0,1,0,0,1,4,4,2,4,14.1,0.0,21.2,48.0
1897,3,0,0,0,2,1,71.7,3,0,0,0,1,0,1,0,0,66.7,2,3,4,3,0,1,0,1,0,1,0,1,0,0,0,1,0,0,0,30,1,1,4,4,3,50.2,30.9,62.9,46.8
1898,2,0,0,3,1,0,63.3,2,1,0,0,0,0,1,0,0,66.7,1,2,4,4,1,0,1,0,64,1,0,0,0,0,0,1,0,1,0,2,2,2,5,4,1,71.6,39.8,87.1,30.6
1899,0,2,1,0,0,3,65.0,3,0,0,0,1,1,0,1,0,100.0,1,2,2,3,0,1,1,0,56,0,0,1,0,1,0,0,1,0,0,46,5,1,4,4,3,71.7,55.2,70.5,47.3
1900,0,3,1,2,0,0,63.3,3,1,0,1,0,0,0,0,0,66.7,1,2,3,4,0,1,1,0,56,0,0,1,0,0,28,1,0,1,0,2,3,1,4,2,1,60.6,38.8,69.9,38.7
1901,2,3,0,0,1,0,43.3,1,1,0,0,0,0,0,0,0,33.3,4,3,4,4,1,0,0,0,30,1,0,1,0,0,0,1,1,0,0,76,3,3,2,2,1,78.2,52.5,93.0,19.3
1902,0,0,2,1,0,3,61.7,4,0,0,0,1,0,0,1,1,100.0,5,3,1,3,0,1,0,0,22,1,1,0,0,0,14,0,1,0,0,46,5,2,5,5,2,40.0,30.3,39.4,60.3
1903,1,2,3,0,0,0,40.0,1,0,0,0,0,0,0,1,0,33.3,4,4,3,2,0,1,0,1,0,1,0,0,1,0,0,1,1,0,0,76,3,4,4,5,3,46.6,30.1,53.6,40.8
1904,1,0,3,2,0,0,63.3,2,0,0,0,0,0,0,0,1,33.3,5,1,3,2,0,1,0,0,22,1,1,0,0,0,14,0,0,1,0,0,5,4,4,5,2,21.5,1.1,44.3,35.8
1905,0,1,0,0,2,3,61.7,2,0,0,0,1,0,0,0,1,66.7,5,4,4,3,1,1,0,0,52,0,0,1,0,0,28,0,0,1,1,0,5,3,1,5,4,17.4,7.4,35.0,74.6
1906,3,0,1,2,0,0,63.3,1,0,0,1,0,0,0,0,1,66.7,5,2,1,4,0,1,0,0,22,0,1,1,0,0,70,0,0,1,0,0,2,4,5,4,3,6.4,0.0,14.7,64.4
1907,2,1,0,0,3,0,43.3,1,0,0,0,1,0,0,1,0,66.7,5,3,4,3,1,0,0,1,6,1,0,0,0,0,0,0,1,0,1,18,5,2,4,4,1,43.0,18.3,62.5,43.7
1908,0,2,1,0,0,3,65.0,2,0,0,0,0,0,0,1,0,33.3,5,3,1,3,0,1,0,0,22,0,1,1,0,0,70,0,0,1,0,0,5,1,4,4,2,20.0,10.4,23.1,63.3
1909,0,0,1,2,0,3,61.7,3,1,0,0,1,0,1,0,0,100.0,5,3,4,1,1,0,0,1,6,1,1,0,0,0,14,1,0,0,0,30,5,4,2,2,3,36.8,5.8,42.7,55.3
1910,1,2,3,0,0,0,40.0,3,0,0,0,0,0,0,0,1,33.3,2,2,3,4,0,1,0,0,22,1,0,0,0,1,0,1,0,0,0,30,1,1,2,2,1,80.4,44.2,93.1,9.6
1911,1,2,0,0,3,0,43.3,3,1,0,1,0,0,0,0,0,66.7,1,1,4,1,0,1,0,1,0,1,0,0,0,1,0,1,1,0,0,76,1,1,5,2,3,84.9,58.6,86.6,19.5
1912,3,1,2,0,0,0,40.0,3,1,0,0,0,1,0,1,0,100.0,5,4,2,3,1,0,0,1,6,0,0,1,0,0,28,1,0,1,0,2,5,1,4,5,2,23.6,12.5,35.2,74.7
1913,0,1,3,0,0,2,65.0,5,0,1,1,0,0,0,0,1,100.0,5,4,4,3,1,0,0,1,6,0,1,0,0,0,42,0,1,0,1,18,3,3,4,4,2,20.8,17.8,34.8,73.0
1914,0,1,3,0,0,2,65.0,4,0,1,0,1,0,0,0,1,100.0,4,3,1,4,0,1,0,0,22,0,0,1,0,1,0,0,0,1,0,0,5,4,4,5,3,24.3,5.3,39.1,64.3
1915,1,0,2,0,0,3,65.0,3,0,0,0,0,0,0,0,1,33.3,4,3,4,3,0,1,1,0,56,1,0,0,0,0,0,1,0,0,0,30,2,2,2,1,1,74.2,37.5,84.4,18.4
1916,1,0,0,2,3,0,63.3,3,0,0,0,0,0,1,0,0,33.3,2,2,2,3,1,0,0,0,30,1,0,0,0,0,0,0,1,1,0,18,3,3,5,2,3,57.4,24.5,67.8,26.9
1917,2,0,3,1,0,0,63.3,3,1,1,0,1,0,0,0,0,100.0,2,2,3,3,0,1,1,0,56,1,0,0,0,1,0,0,1,0,0,46,3,2,5,2,1,77.8,57.5,78.2,32.1
1918,0,0,0,2,3,1,55.0,1,1,0,0,0,0,0,0,0,33.3,5,2,2,3,1,0,1,0,64,0,1,0,0,0,42,0,1,1,0,18,3,3,2,5,2,34.1,20.0,44.2,45.7
1919,2,1,0,3,0,0,60.0,5,0,0,0,0,1,0,0,0,33.3,1,2,3,3,0,1,0,0,22,1,0,0,0,1,0,0,1,1,0,18,3,3,1,4,1,64.2,33.1,75.6,24.8
1920,1,2,3,0,0,0,40.0,3,0,0,1,1,0,1,0,0,100.0,4,3,4,4,0,1,0,0,22,1,0,0,0,0,0,1,1,0,0,76,3,1,5,1,2,80.4,52.3,87.0,36.3
1921,3,2,1,0,0,0,40.0,1,0,1,0,0,0,1,0,0,66.7,2,4,4,3,1,1,0,0,52,0,0,0,0,1,0,1,0,0,0,30,1,2,5,5,1,66.3,41.0,75.4,46.2
1922,0,1,0,0,2,3,61.7,4,0,0,0,0,0,1,0,0,33.3,2,4,4,3,1,0,0,1,6,1,1,0,0,0,14,0,0,1,1,0,3,4,4,5,4,17.5,0.0,42.7,55.1
1923,0,3,1,0,0,2,65.0,2,0,0,0,0,0,0,1,0,33.3,2,3,2,3,0,1,0,1,0,0,1,1,0,0,70,1,1,0,0,76,2,3,5,4,2,42.7,39.4,37.4,49.7
1924,0,3,2,1,0,0,63.3,3,0,0,1,0,1,0,0,0,66.7,2,2,4,4,1,0,0,1,6,1,0,1,0,0,0,1,0,0,0,30,1,2,5,2,1,71.1,31.4,83.6,22.4
1925,3,2,0,0,1,0,43.3,3,0,0,0,0,0,1,0,0,33.3,2,3,2,3,1,0,1,0,64,1,0,0,0,0,0,1,0,1,0,2,3,2,2,1,1,73.4,34.9,76.3,23.0
1926,0,0,2,1,0,3,61.7,2,0,1,0,1,1,0,0,0,100.0,5,3,1,4,0,1,0,0,22,1,0,1,0,0,0,0,0,1,1,0,5,4,5,5,2,23.2,0.0,33.7,66.9
1927,1,3,2,0,0,0,40.0,3,0,1,0,0,0,0,0,0,33.3,1,2,3,3,0,1,0,1,0,0,0,0,0,1,0,0,1,0,0,46,5,2,1,1,1,81.9,47.5,84.6,15.2
1928,2,0,0,0,1,3,71.7,4,1,1,0,0,1,0,0,0,100.0,5,3,4,3,0,1,0,0,22,0,1,0,0,0,42,0,0,1,0,0,5,4,5,1,4,12.2,0.0,29.7,65.4
1929,3,2,0,1,0,0,60.0,3,0,0,0,0,0,1,0,0,33.3,2,3,4,3,1,0,0,1,6,1,0,1,0,0,0,1,0,0,0,30,2,3,2,5,1,55.6,30.7,73.8,33.0
1930,1,0,3,0,0,2,65.0,3,0,0,0,1,0,0,0,0,33.3,2,3,4,3,0,1,1,0,56,0,1,0,0,1,0,1,1,0,0,76,2,2,4,1,3,85.2,64.6,88.2,26.7
1931,3,1,0,2,0,0,60.0,2,0,1,0,1,1,0,0,0,100.0,2,1,4,1,1,1,0,0,52,1,0,0,0,0,0,1,0,0,0,30,1,2,2,2,1,78.5,42.1,81.3,26.6
1932,0,2,1,0,3,0,48.3,4,0,0,0,0,1,1,0,1,100.0,2,4,1,4,0,1,1,0,56,0,0,1,0,0,28,0,1,0,0,46,5,2,2,5,3,50.1,47.6,39.9,73.9
1933,2,3,0,0,0,1,63.3,3,0,0,0,1,1,0,0,1,100.0,2,4,4,4,1,0,0,0,30,0,0,1,0,0,28,1,1,0,0,76,5,3,2,1,1,76.0,57.7,73.6,52.6
1934,2,3,0,0,0,1,63.3,1,1,0,0,0,0,0,0,0,33.3,2,3,2,3,0,1,1,0,56,1,0,0,0,1,0,0,1,0,0,46,5,3,1,2,1,82.0,45.1,75.4,25.4
1935,3,2,0,0,0,1,63.3,1,0,0,1,1,0,1,0,0,100.0,2,3,2,2,1,0,0,0,30,1,0,0,0,0,0,0,0,1,0,0,2,3,5,4,1,51.3,19.1,55.1,48.0
1936,2,0,0,1,3,0,63.3,3,0,0,0,0,1,0,1,0,66.7,5,2,1,3,0,1,0,0,22,0,1,0,0,0,42,0,1,0,0,46,5,3,4,5,4,27.1,20.0,26.8,61.6
1937,2,3,1,0,0,0,40.0,5,0,0,0,0,1,0,0,0,33.3,1,3,1,4,1,0,0,1,6,0,1,0,0,0,42,0,0,1,0,0,5,4,4,5,2,24.7,11.6,29.7,57.0
1938,0,0,3,0,1,2,61.7,1,0,0,1,0,0,1,1,0,100.0,2,2,3,3,0,0,0,1,0,1,0,0,0,0,0,1,0,0,0,30,5,3,5,5,2,42.8,22.5,53.8,53.1
1939,3,1,2,0,0,0,40.0,4,1,0,0,0,0,1,0,0,66.7,4,4,1,4,0,1,0,0,22,1,0,0,0,1,0,0,1,0,1,18,3,3,2,1,1,60.5,24.3,61.3,36.2
1940,3,2,0,0,1,0,43.3,5,0,0,0,1,0,0,0,0,33.3,2,3,3,1,0,1,0,1,0,1,0,0,0,0,0,0,1,0,1,18,5,4,5,2,1,56.3,18.2,59.2,29.2
1941,2,0,1,0,0,3,65.0,4,0,1,0,0,0,0,0,0,33.3,1,4,2,4,1,1,0,0,52,0,1,0,0,0,42,0,1,0,1,18,3,3,4,5,3,39.4,29.7,34.4,62.4
1942,2,1,0,0,0,3,63.3,4,0,0,0,0,0,0,0,1,33.3,5,2,2,4,1,0,1,0,64,1,0,1,0,0,0,1,1,0,0,76,1,2,2,4,4,66.6,55.2,72.6,27.6
1943,0,0,0,1,3,2,55.0,4,0,1,0,1,1,0,0,0,100.0,4,3,1,4,0,1,0,0,22,0,1,0,0,0,42,0,0,1,0,0,2,3,1,4,3,17.1,8.0,20.2,71.4
1944,2,1,3,0,0,0,40.0,5,0,0,0,0,1,1,0,0,66.7,1,3,2,1,0,0,0,1,0,1,0,1,0,0,0,0,1,1,0,18,3,2,4,4,1,59.7,32.7,61.4,37.2
1945,2,3,0,0,0,1,63.3,3,0,0,1,0,0,0,0,0,33.3,1,2,1,1,1,1,0,0,52,1,0,0,0,0,0,1,0,0,1,2,1,2,4,5,4,46.7,21.8,47.2,35.3
1946,0,3,2,0,1,0,48.3,5,1,0,0,0,0,1,1,0,100.0,2,1,1,3,1,1,0,0,52,0,1,0,0,1,0,1,1,0,0,76,2,2,1,5,1,87.0,71.7,83.0,30.4
1947,0,1,0,3,0,2,70.0,3,0,1,0,0,1,1,0,0,100.0,2,4,3,2,1,0,0,0,30,1,0,1,0,0,0,1,0,0,0,30,3,2,5,2,1,64.8,38.0,65.1,50.5
1948,0,3,2,0,0,1,65.0,2,0,0,0,0,0,1,0,0,33.3,5,4,2,1,0,1,0,0,22,0,1,0,0,0,42,0,0,1,0,0,1,3,2,5,2,18.8,4.0,24.2,59.1
1949,1,2,0,0,3,0,43.3,3,0,1,0,1,0,1,0,0,100.0,2,1,3,3,1,0,0,1,6,0,0,0,0,1,0,1,0,0,0,30,5,3,2,2,2,55.4,27.1,65.5,35.4
1950,0,1,2,3,0,0,63.3,4,0,0,0,0,1,0,1,0,66.7,5,3,1,3,0,1,1,0,56,1,0,0,0,0,0,1,0,1,0,2,3,3,2,4,3,39.4,13.6,44.8,45.9
1951,3,0,1,2,0,0,63.3,3,1,0,0,0,0,0,0,0,33.3,4,2,2,1,1,1,0,0,52,0,0,0,0,1,0,0,0,1,1,0,2,1,1,2,2,57.4,28.7,60.1,23.4
1952,3,2,0,1,0,0,60.0,3,0,0,1,1,0,1,0,0,100.0,4,2,4,3,1,1,0,0,52,1,1,0,0,0,14,1,0,0,1,2,3,3,4,4,3,31.5,11.5,48.7,54.5
1953,1,0,3,0,2,0,55.0,4,0,0,0,0,0,1,0,0,33.3,4,1,2,4,0,1,1,0,56,0,0,1,1,0,48,1,0,0,0,30,3,3,4,4,4,30.0,23.7,40.2,42.3
1954,2,1,0,0,3,0,43.3,1,0,1,0,0,0,0,0,0,33.3,2,1,4,1,0,1,0,0,22,1,0,0,0,0,0,1,0,0,1,2,2,3,2,2,3,51.6,9.5,63.8,17.3
1955,2,0,3,1,0,0,63.3,2,1,0,0,1,0,1,0,0,100.0,4,2,3,3,0,0,0,1,0,0,1,1,0,0,70,0,1,1,0,18,2,2,5,4,2,21.9,14.9,30.3,60.2
1956,1,3,0,0,2,0,43.3,3,0,0,0,0,0,1,0,0,33.3,2,2,2,2,0,1,0,0,22,1,0,0,0,0,0,1,0,0,0,30,2,3,1,2,1,71.3,33.3,68.5,18.3
1957,2,0,3,1,0,0,63.3,3,0,1,1,0,0,0,0,0,66.7,2,4,1,2,0,1,0,0,22,1,0,0,0,0,0,1,1,0,0,76,2,3,1,1,1,82.1,59.1,72.0,25.9
1958,2,3,0,0,1,0,43.3,4,0,1,1,1,0,0,0,0,100.0,4,2,4,2,0,0,1,1,10,1,0,0,0,0,0,1,0,0,0,30,3,2,5,2,1,59.2,28.3,81.6,32.5
1959,3,0,0,1,2,0,63.3,3,0,0,0,1,0,0,1,0,66.7,2,3,3,1,1,1,0,0,52,0,0,1,0,0,28,1,1,0,0,76,1,3,4,4,1,78.1,64.8,68.4,40.3
1960,3,0,2,0,1,0,55.0,2,0,0,0,0,1,1,1,0,100.0,2,3,1,1,0,1,0,0,22,1,0,0,0,0,0,1,0,0,0,30,3,2,1,2,1,72.9,37.6,60.5,36.2
1961,2,3,0,1,0,0,60.0,4,0,0,0,1,0,0,0,1,66.7,5,2,3,4,1,0,0,0,30,0,0,1,0,0,28,0,1,0,0,46,5,2,4,2,1,60.3,40.2,66.1,31.8
1962,3,0,2,0,0,1,65.0,3,1,0,0,0,1,0,0,1,100.0,4,2,1,4,0,0,1,0,34,1,0,0,1,0,0,0,1,0,1,18,5,2,2,1,1,67.0,29.8,71.2,34.8
1963,0,1,3,0,0,2,65.0,1,0,1,1,0,0,0,0,1,100.0,4,2,4,2,1,1,0,0,52,0,1,0,0,0,42,1,0,0,1,2,2,2,1,2,1,47.3,25.4,53.4,47.3
1964,3,0,0,0,2,1,71.7,4,0,0,0,0,0,1,0,0,33.3,2,3,3,3,0,0,1,0,34,1,0,0,0,0,0,0,0,1,0,0,5,1,4,4,1,58.7,35.6,69.8,37.1
1965,0,1,2,3,0,0,63.3,3,1,1,0,0,0,0,1,0,100.0,2,2,1,4,0,1,0,1,0,1,0,1,0,0,0,0,0,1,0,0,1,3,2,4,2,40.1,5.3,47.5,44.5
1966,2,0,1,3,0,0,63.3,3,0,0,0,1,0,0,0,0,33.3,5,2,3,3,1,1,0,0,52,1,0,0,0,0,0,0,1,0,0,46,3,3,2,4,1,67.7,39.4,79.5,24.0
1967,3,2,0,1,0,0,60.0,3,0,0,0,0,1,0,0,0,33.3,2,4,4,4,1,0,0,0,30,0,1,0,0,1,0,0,1,0,0,46,2,2,4,2,2,73.3,43.6,85.0,35.0
1968,0,0,2,0,1,3,61.7,2,0,0,0,0,1,0,0,0,33.3,4,3,2,2,0,0,1,1,10,1,0,0,0,0,0,1,0,1,0,2,5,4,1,5,3,24.3,0.0,30.2,50.7
1969,0,2,3,0,0,1,65.0,4,0,0,1,0,0,1,0,0,66.7,5,3,1,3,0,1,0,0,22,0,1,0,0,0,42,1,0,1,0,2,1,3,2,4,3,21.0,0.1,27.3,57.7
1970,3,2,0,0,1,0,43.3,3,1,1,0,0,0,0,0,0,66.7,2,3,4,4,0,1,0,0,22,1,0,1,0,0,0,1,0,0,1,2,3,2,4,2,2,55.4,20.1,74.2,35.1
1971,1,3,2,0,0,0,40.0,4,0,1,0,1,0,0,0,1,100.0,1,2,1,3,0,1,0,0,22,0,1,0,0,1,0,0,1,0,1,18,1,1,5,1,1,77.1,40.8,76.9,22.7
1972,1,2,3,0,0,0,40.0,3,1,0,0,1,1,0,0,0,100.0,4,2,3,4,1,1,0,0,52,1,0,0,1,0,0,0,0,1,0,0,1,3,4,2,4,39.9,9.4,54.9,41.9
1973,3,1,0,0,2,0,43.3,3,0,0,0,0,0,0,1,0,33.3,4,3,3,2,0,0,0,1,0,1,0,0,1,0,0,1,0,0,1,2,3,2,1,1,1,55.8,7.3,69.7,19.4
1974,3,0,1,0,0,2,65.0,4,0,0,1,0,0,0,0,0,33.3,1,3,1,1,0,1,0,1,0,0,1,0,0,0,42,1,0,0,1,2,2,1,5,5,3,30.8,18.2,26.8,53.5
1975,1,3,2,0,0,0,40.0,4,0,0,0,0,0,1,1,0,66.7,4,2,2,4,1,0,1,0,64,0,0,1,0,0,28,1,0,1,0,2,3,3,4,1,2,52.3,22.2,58.3,36.1
1976,0,2,1,0,3,0,48.3,5,1,1,0,0,0,0,0,1,100.0,5,4,1,4,0,1,1,0,56,0,1,0,0,0,42,0,0,1,1,0,3,4,4,5,2,17.3,13.7,22.0,71.0
1977,1,0,0,0,2,3,71.7,2,0,0,0,0,0,1,0,1,66.7,5,1,4,4,0,1,0,0,22,1,1,0,0,0,14,1,0,0,0,30,2,1,2,2,1,58.2,30.6,81.5,24.5
1978,2,1,3,0,0,0,40.0,3,1,0,0,0,0,0,0,1,66.7,2,3,4,3,0,1,0,0,22,0,1,1,0,0,70,0,0,0,1,0,3,1,2,2,1,38.6,28.6,47.3,51.8
1979,2,0,0,3,0,1,73.3,1,0,1,1,0,1,0,0,0,100.0,2,3,3,1,0,1,0,0,22,0,0,0,1,1,0,1,1,0,0,76,3,1,5,2,2,80.7,57.3,76.7,48.6
1980,1,3,0,0,2,0,43.3,3,1,0,0,1,0,1,0,0,100.0,2,4,3,1,0,1,0,0,22,0,1,0,0,1,0,1,0,0,0,30,3,2,5,1,1,68.4,38.9,63.7,44.1
1981,3,0,1,0,0,2,65.0,4,0,0,1,0,0,1,0,1,100.0,5,2,3,4,1,0,0,1,6,1,0,0,0,0,0,0,1,1,0,18,3,2,4,2,1,54.5,15.5,71.3,33.9
1982,1,3,0,0,0,2,63.3,2,0,0,0,0,0,0,0,1,33.3,5,4,1,3,0,1,0,0,22,1,1,0,0,0,14,0,0,1,1,0,5,3,2,5,4,17.4,0.0,26.4,62.1
1983,2,1,0,0,3,0,43.3,3,0,0,0,1,0,1,1,0,100.0,4,2,2,4,0,0,1,0,34,1,0,0,0,0,0,0,1,1,0,18,1,4,5,5,1,48.6,21.2,55.3,38.4
1984,2,3,0,0,1,0,43.3,4,0,0,0,1,1,0,0,1,100.0,2,3,4,3,0,1,0,1,0,1,0,0,0,1,0,1,0,0,1,2,3,4,5,2,1,50.0,9.2,63.4,40.9
1985,1,3,0,2,0,0,60.0,3,1,1,0,0,0,0,0,0,66.7,2,1,2,3,0,1,1,0,56,1,0,0,1,0,0,1,0,0,0,30,2,3,2,4,1,67.9,38.3,74.1,23.1
1986,2,1,0,0,0,3,63.3,3,1,0,0,0,0,0,0,0,33.3,2,4,1,3,0,1,0,0,22,1,0,0,1,0,0,0,1,0,0,46,3,3,2,2,1,71.3,41.7,63.9,35.3
1987,3,0,0,1,2,0,63.3,2,1,0,0,1,0,0,0,1,100.0,2,1,3,3,0,1,0,0,22,1,1,0,0,0,14,1,0,0,1,2,5,1,1,4,2,48.0,17.0,53.2,49.9
1988,0,1,0,2,0,3,70.0,3,0,0,1,1,0,0,0,1,100.0,2,2,4,4,1,1,0,0,52,0,0,1,0,0,28,0,1,0,1,18,3,3,5,1,1,64.6,39.9,70.8,40.4
1989,1,2,0,0,0,3,63.3,4,1,0,1,0,0,0,0,0,66.7,5,2,4,4,0,1,0,0,22,0,0,0,0,1,0,0,1,1,0,18,3,1,4,4,3,46.1,24.2,67.5,46.8
1990,0,1,3,0,2,0,48.3,2,0,0,1,0,0,0,0,0,33.3,5,2,1,3,0,1,0,1,0,0,1,0,0,0,42,1,0,1,0,2,5,3,4,4,2,21.5,0.0,30.6,44.2
1991,0,1,3,2,0,0,63.3,4,0,0,0,0,0,0,1,0,33.3,2,4,1,3,0,0,1,0,34,0,1,1,0,0,70,0,0,1,0,0,5,1,4,5,3,20.6,22.7,17.7,75.0
1992,2,0,0,3,1,0,63.3,3,1,0,0,0,0,0,0,1,66.7,4,3,3,4,1,1,0,0,52,0,1,0,0,0,42,0,0,1,1,0,1,3,5,5,4,18.0,11.7,29.4,63.6
1993,0,3,2,0,1,0,48.3,3,0,1,1,0,0,0,0,0,66.7,2,1,3,2,0,0,0,1,0,1,1,0,0,0,14,1,0,0,1,2,3,1,1,2,1,52.9,18.4,63.4,22.0
1994,0,0,2,3,0,1,61.7,4,0,0,0,1,0,0,0,0,33.3,4,3,2,1,0,1,0,0,22,0,0,0,0,1,0,0,0,1,0,0,2,4,4,5,2,33.1,2.6,42.3,42.6
1995,2,1,3,0,0,0,40.0,2,1,0,0,1,1,0,0,0,100.0,4,4,4,2,0,0,0,1,0,1,0,1,0,0,0,1,0,0,0,30,2,2,1,4,2,44.6,21.0,55.3,54.6
1996,0,2,0,3,1,0,53.3,2,0,0,0,0,1,0,0,0,33.3,4,1,2,4,0,0,1,0,34,0,0,1,0,0,28,0,0,1,1,0,1,3,2,4,2,38.5,10.3,51.5,30.5
1997,2,3,1,0,0,0,40.0,3,0,0,0,1,1,0,0,0,66.7,4,2,3,3,0,1,0,1,0,1,0,0,1,0,0,0,1,0,1,18,2,3,4,1,1,56.3,14.5,71.7,17.0
1998,1,0,0,0,3,2,71.7,3,0,0,0,1,1,0,0,1,100.0,5,4,1,4,0,1,0,1,0,0,1,0,0,0,42,1,0,0,0,30,5,3,2,5,1,30.5,18.6,28.9,73.4
1999,1,0,3,0,2,0,55.0,2,0,0,0,0,0,0,0,1,33.3,2,2,3,4,0,1,0,0,22,1,0,0,0,1,0,1,0,0,0,30,3,2,5,1,2,70.8,34.7,82.7,18.6
2000,3,1,2,0,0,0,40.0,2,0,0,0,1,0,0,1,0,66.7,1,2,3,2,0,1,0,0,22,1,1,0,0,0,14,1,0,0,0,30,2,2,5,1,2,66.2,38.7,66.5,28.3
2001,3,1,2,0,0,0,40.0,3,0,1,0,0,0,1,0,0,66.7,5,2,3,4,1,0,0,0,30,1,0,1,0,0,0,1,0,1,0,2,5,1,4,5,2,44.5,17.0,63.2,43.6
2002,0,1,2,0,3,0,48.3,2,0,1,0,1,0,1,0,0,100.0,2,2,4,3,0,0,0,1,0,0,0,1,0,0,28,0,1,0,1,18,5,1,4,1,1,56.3,27.8,67.1,42.5
2003,1,2,0,0,3,0,43.3,2,1,0,0,0,1,0,1,0,100.0,1,3,3,4,0,1,0,0,22,1,0,1,0,0,0,1,0,0,0,30,3,3,2,1,2,66.3,32.5,67.6,41.1
2004,3,0,2,1,0,0,63.3,2,1,0,1,0,0,1,0,0,100.0,4,2,3,3,1,1,0,0,52,0,0,1,0,0,28,1,1,0,0,76,2,4,4,2,3,65.8,46.3,61.5,44.1
2005,0,3,1,0,2,0,48.3,4,0,0,0,1,0,0,1,0,66.7,4,3,4,4,1,1,0,0,52,1,0,0,0,1,0,1,0,1,0,2,2,1,1,5,2,43.7,30.9,66.6,48.9
2006,0,0,3,2,0,1,61.7,2,0,0,0,1,0,1,0,0,66.7,2,4,2,1,0,1,0,1,0,1,0,0,0,0,0,1,1,0,0,76,3,2,5,4,1,74.9,54.3,62.9,44.1
2007,0,0,0,2,1,3,55.0,5,0,1,0,0,0,0,0,1,66.7,2,2,3,4,0,1,0,0,22,0,1,1,0,0,70,0,0,1,0,0,2,4,5,5,3,18.6,6.8,20.1,63.4
2008,2,0,3,0,1,0,55.0,1,0,0,1,0,0,0,1,0,66.7,4,4,3,3,1,1,0,0,52,1,0,0,0,1,0,1,1,0,0,76,3,3,5,2,1,78.2,54.3,81.4,40.0
2009,2,3,1,0,0,0,40.0,3,0,0,0,0,0,1,1,0,66.7,4,2,3,4,0,1,0,1,0,1,0,0,0,0,0,0,0,1,1,0,5,2,1,2,3,36.9,1.0,56.6,39.4
2010,0,2,3,1,0,0,63.3,2,0,0,0,1,0,0,1,0,66.7,2,1,2,4,1,0,0,1,6,0,0,1,0,0,28,1,0,1,0,2,2,3,4,2,1,48.6,17.6,57.1,30.7
2011,0,3,0,2,0,1,70.0,4,0,0,1,0,0,0,0,0,33.3,1,4,4,1,0,1,0,0,22,1,0,0,0,0,0,1,0,1,0,2,2,1,1,2,1,70.7,36.5,76.4,32.6
2012,2,0,3,1,0,0,63.3,5,0,0,0,1,0,1,0,0,66.7,5,3,3,4,0,1,1,0,56,0,1,0,0,0,42,0,0,1,0,0,1,4,1,4,1,32.8,18.5,47.7,56.5
2013,3,2,1,0,0,0,40.0,4,0,0,0,0,0,1,0,0,33.3,2,4,2,2,1,1,0,0,52,1,0,0,0,0,0,1,0,0,1,2,3,1,1,1,2,71.5,36.3,68.2,34.7
2014,3,1,0,0,0,2,63.3,3,0,1,0,0,0,1,0,0,66.7,5,4,1,4,0,1,0,1,0,1,1,0,0,0,14,0,0,1,0,0,5,3,5,4,4,8.3,0.0,22.7,69.2
2015,0,3,1,0,0,2,65.0,4,0,0,0,0,1,0,0,0,33.3,1,3,3,3,0,1,0,1,0,0,1,0,0,0,42,0,0,1,0,0,5,4,4,4,1,37.0,9.2,41.2,45.8
2016,2,0,3,1,0,0,63.3,3,0,1,0,0,0,0,1,1,100.0,2,3,4,3,1,0,0,0,30,1,0,0,0,0,0,1,0,0,0,30,3,2,4,4,2,55.9,34.7,68.4,53.8
2017,1,3,0,2,0,0,60.0,3,0,1,0,1,0,0,1,0,100.0,1,2,3,2,1,0,0,0,30,0,1,0,0,1,0,1,0,0,1,2,3,3,4,2,2,57.9,16.6,59.8,41.5
2018,0,1,3,0,0,2,65.0,5,0,1,0,0,0,0,1,0,66.7,1,3,1,3,0,1,0,1,0,1,0,0,0,1,0,0,0,1,0,0,3,4,4,5,1,46.1,16.6,49.7,51.1
2019,2,0,3,0,0,1,65.0,5,1,0,0,0,0,0,0,0,33.3,5,4,3,1,0,1,1,0,56,0,0,0,0,1,0,1,1,0,0,76,2,2,4,1,2,81.8,60.0,77.0,25.7
2020,1,3,2,0,0,0,40.0,4,0,0,0,1,0,0,0,0,33.3,4,2,3,2,0,1,0,1,0,0,0,0,1,1,0,0,1,0,0,46,1,1,4,4,1,66.6,41.1,78.9,17.8
2021,2,0,0,0,1,3,71.7,2,0,0,0,0,0,1,0,0,33.3,5,3,3,3,1,0,0,1,6,0,0,1,0,0,28,1,1,0,0,76,5,2,4,5,2,43.2,42.0,53.7,48.4
2022,2,1,0,3,0,0,60.0,1,0,0,1,1,0,0,0,0,66.7,4,1,4,4,1,1,0,0,52,0,0,0,0,1,0,1,1,0,0,76,3,3,5,1,1,92.4,54.1,96.6,9.9
2023,1,2,0,0,3,0,43.3,1,0,1,0,0,0,1,0,1,100.0,4,3,1,4,0,1,0,0,22,0,0,1,0,0,28,1,1,0,0,76,3,3,2,4,3,53.6,36.9,48.5,53.1
2024,0,0,3,2,1,0,55.0,3,0,0,0,0,0,0,0,1,33.3,5,4,1,4,0,1,0,1,0,0,1,0,0,0,42,0,0,1,0,0,3,4,5,5,1,14.8,0.0,31.9,60.7
2025,1,2,3,0,0,0,40.0,1,0,1,0,1,0,0,0,1,100.0,4,2,3,1,0,1,0,0,22,1,0,0,0,1,0,0,0,0,1,0,3,2,5,5,3,31.9,2.8,39.6,49.7
2026,2,3,1,0,0,0,40.0,3,0,0,0,0,1,1,0,0,66.7,1,2,3,1,1,1,0,0,52,1,0,0,0,0,0,1,0,0,0,30,2,1,5,4,4,61.9,41.5,62.6,37.4
2027,0,1,2,0,0,3,65.0,2,0,0,0,0,0,1,0,0,33.3,5,3,1,3,0,1,0,1,0,0,0,1,0,0,28,1,0,1,0,2,5,3,4,5,4,5.6,0.0,12.3,59.4
2028,1,0,2,0,3,0,55.0,1,0,1,1,1,0,0,0,0,100.0,2,2,3,1,0,1,0,0,22,1,0,0,0,0,0,1,1,0,0,76,1,2,4,1,3,84.0,50.9,71.5,27.0
2029,3,2,0,0,1,0,43.3,3,0,0,0,0,1,0,0,0,33.3,1,2,3,4,0,0,1,1,10,1,0,0,0,0,0,1,1,0,0,76,5,4,5,2,4,70.4,36.9,68.2,25.0
2030,2,3,0,1,0,0,60.0,3,1,0,0,0,0,0,1,1,100.0,2,2,3,4,0,0,0,1,0,1,0,1,0,0,0,1,0,0,0,30,3,1,1,2,2,57.7,34.5,75.7,39.8
2031,0,1,2,0,0,3,65.0,3,1,0,0,0,0,0,0,0,33.3,5,4,1,1,0,1,0,0,22,1,0,0,0,0,0,0,0,1,0,0,2,3,4,4,4,26.5,0.0,27.3,45.2
2032,2,0,0,1,0,3,73.3,4,0,1,0,0,0,1,0,1,100.0,5,4,3,4,1,0,0,0,30,0,1,1,0,0,70,1,0,1,0,2,1,3,5,4,2,15.2,10.4,23.6,82.5
2033,3,1,0,2,0,0,60.0,2,0,1,0,0,0,0,0,0,33.3,2,1,3,2,0,1,0,0,22,0,0,0,0,1,0,1,1,0,0,76,3,1,2,2,1,91.4,65.0,94.5,9.7
2034,3,1,2,0,0,0,40.0,2,1,0,0,1,0,1,0,0,100.0,2,2,2,2,1,1,0,0,52,0,0,0,0,1,0,0,1,0,1,18,3,1,4,2,1,77.0,45.4,75.6,32.7
2035,1,0,2,0,0,3,65.0,3,0,0,0,0,0,0,0,1,33.3,4,3,4,3,0,1,0,0,22,1,1,0,0,0,14,1,0,0,0,30,3,1,4,1,1,62.5,40.7,83.3,24.4
2036,0,2,0,1,3,0,53.3,3,0,0,0,0,1,1,1,0,100.0,2,1,4,2,0,0,1,0,34,0,0,1,0,0,28,1,0,1,0,2,3,3,4,5,1,43.6,21.6,56.7,45.6
2037,0,3,0,0,1,2,61.7,5,0,1,0,0,0,0,1,0,66.7,5,3,1,4,0,1,0,0,22,0,1,0,0,0,42,0,0,1,1,0,3,3,2,5,2,22.1,5.7,27.0,64.4
2038,1,3,0,0,2,0,43.3,5,0,0,0,1,1,0,0,1,100.0,5,2,4,3,1,0,0,1,6,1,0,0,1,0,0,1,0,0,0,30,3,2,1,5,1,49.0,27.2,68.9,40.3
2039,0,3,1,0,2,0,48.3,4,0,0,0,0,1,0,0,0,33.3,5,2,4,4,0,1,0,0,22,1,1,0,0,0,14,1,0,1,0,2,1,3,4,4,2,38.6,3.5,66.9,29.7
2040,1,3,2,0,0,0,40.0,1,0,0,0,0,0,0,1,1,66.7,5,2,3,2,1,0,0,1,6,1,0,0,0,0,0,1,0,0,1,2,1,2,1,4,2,36.5,0.8,57.3,31.9
2041,0,1,3,0,2,0,48.3,2,1,1,0,1,0,0,0,0,100.0,5,4,4,2,0,1,0,1,0,0,1,0,0,0,42,0,0,1,0,0,5,1,5,5,3,6.2,1.2,22.6,83.9
2042,2,3,0,0,0,1,63.3,3,0,0,1,0,1,1,0,0,100.0,2,2,4,2,0,1,1,0,56,0,1,0,0,0,42,0,0,1,1,0,2,2,5,2,1,52.6,32.8,61.5,48.3
2043,2,0,0,3,0,1,73.3,3,1,0,0,0,1,0,0,1,100.0,5,3,4,3,0,1,0,1,0,0,0,1,0,0,28,0,0,1,0,0,2,4,4,5,1,18.9,0.0,37.5,65.4
2044,3,0,2,0,0,1,65.0,4,0,0,0,0,0,0,0,1,33.3,1,3,3,3,0,1,0,0,22,0,1,0,0,0,42,0,1,1,0,18,2,2,5,5,3,36.7,23.7,42.8,48.7
2045,2,0,3,0,0,1,65.0,4,1,0,0,1,0,0,0,0,66.7,2,3,3,3,0,1,0,0,22,0,0,1,0,1,0,0,1,0,0,46,2,1,5,2,4,56.0,39.4,65.6,37.0
2046,2,0,0,0,3,1,71.7,3,1,1,0,0,1,0,0,0,100.0,1,2,1,4,1,1,0,0,52,1,0,0,1,0,0,1,0,1,0,2,2,3,5,4,3,47.7,23.0,49.6,45.9
2047,1,2,3,0,0,0,40.0,3,0,0,0,1,0,0,0,0,33.3,2,2,3,3,0,1,1,0,56,1,0,1,0,0,0,1,1,0,0,76,1,2,5,2,1,100.0,72.3,100.0,9.0
2048,3,0,1,0,0,2,65.0,3,1,1,0,0,0,0,0,0,66.7,2,2,3,2,0,1,0,0,22,1,0,0,0,0,0,0,1,0,0,46,3,3,2,4,1,62.7,44.5,68.0,37.0
2049,2,1,3,0,0,0,40.0,1,1,0,0,0,0,0,1,0,66.7,2,4,1,3,0,0,1,0,34,0,1,0,0,0,42,0,1,1,0,18,2,4,5,5,3,25.1,14.3,27.0,67.4
2050,3,0,2,0,1,0,55.0,3,0,1,0,0,0,1,0,0,66.7,2,2,3,4,1,0,1,0,64,0,1,1,0,0,70,0,0,1,1,0,3,2,5,2,1,51.1,30.2,51.3,47.4
2051,1,0,2,3,0,0,63.3,5,0,0,0,1,1,0,0,1,100.0,4,3,2,4,0,1,0,1,0,1,0,0,0,0,0,0,1,1,0,18,2,3,1,2,1,50.7,18.3,61.3,42.0
2052,3,0,0,2,0,1,73.3,3,0,0,1,0,0,0,0,0,33.3,1,2,2,4,0,1,0,0,22,1,0,0,0,1,0,1,1,0,0,76,3,2,5,1,2,92.4,64.4,90.8,18.5
2053,0,1,3,2,0,0,63.3,3,0,1,0,0,0,0,0,0,33.3,1,3,3,2,1,0,0,0,30,0,0,0,1,0,20,0,0,1,1,0,3,4,2,2,3,43.7,8.7,41.8,45.2
2054,1,3,2,0,0,0,40.0,3,0,0,0,0,0,1,0,0,33.3,2,2,3,4,1,0,0,0,30,0,0,1,0,0,28,1,1,0,0,76,3,1,4,4,4,65.5,55.9,70.0,38.1
2055,1,0,2,0,3,0,55.0,2,0,0,0,0,0,1,0,0,33.3,2,3,3,2,1,1,0,0,52,1,0,0,0,0,0,0,0,0,1,0,1,2,4,2,2,65.9,30.0,72.5,25.5
2056,0,2,1,0,0,3,65.0,4,1,1,0,0,0,0,0,0,66.7,5,2,4,2,0,1,0,0,22,0,1,0,0,0,42,1,0,1,0,2,1,3,4,4,2,29.2,9.5,43.9,47.8
2057,0,2,1,0,0,3,65.0,2,0,0,0,1,0,0,0,0,33.3,5,3,3,4,0,0,1,0,34,0,1,0,0,0,42,0,0,1,0,0,2,3,4,2,4,21.2,2.7,37.6,48.4
2058,0,2,1,0,0,3,65.0,2,1,0,0,0,0,0,0,0,33.3,5,2,3,4,0,1,0,1,0,1,0,0,0,0,0,0,1,1,0,18,5,3,4,4,2,38.3,2.6,60.3,32.4
2059,0,1,0,0,3,2,61.7,4,0,0,0,1,1,0,0,1,100.0,4,4,2,3,0,1,0,0,22,0,0,1,0,0,28,0,1,0,1,18,1,3,5,4,2,35.1,21.3,39.1,61.7
2060,3,1,0,0,0,2,63.3,5,0,0,0,1,0,0,0,0,33.3,4,2,4,4,0,1,0,1,0,1,0,0,0,0,0,0,0,1,0,0,5,3,5,5,4,26.9,0.0,49.3,45.9
2061,0,3,1,2,0,0,63.3,3,0,0,0,0,0,0,1,0,33.3,2,4,3,3,1,0,0,0,30,1,0,0,0,1,0,1,0,0,0,30,3,2,1,4,1,70.2,44.9,75.7,37.0
2062,0,3,1,0,2,0,48.3,5,1,0,0,1,0,1,0,0,100.0,2,3,1,3,1,1,0,0,52,1,0,0,0,0,0,0,1,0,1,18,2,2,4,2,3,61.3,33.6,59.4,41.0
2063,2,1,3,0,0,0,40.0,3,0,0,0,0,1,0,0,0,33.3,4,2,3,4,1,0,0,0,30,0,0,1,0,0,28,1,1,0,0,76,3,1,1,2,1,81.8,54.2,85.8,25.1
2064,3,1,0,2,0,0,60.0,2,0,1,1,0,1,0,0,0,100.0,2,4,4,1,1,0,0,0,30,1,0,0,0,0,0,1,1,0,0,76,1,2,5,1,1,88.9,62.4,83.5,36.9
2065,1,3,2,0,0,0,40.0,3,0,0,0,1,0,1,1,0,100.0,2,3,4,4,1,0,1,0,64,1,0,0,0,0,0,0,0,1,0,0,1,4,4,1,1,66.5,23.2,76.2,36.0
2066,0,0,1,3,0,2,61.7,1,0,1,0,0,0,0,0,0,33.3,2,2,3,1,1,0,0,0,30,1,0,0,0,0,0,1,0,0,0,30,2,3,2,2,1,67.8,32.7,70.5,21.9
2067,2,0,0,1,0,3,73.3,5,0,1,1,0,0,0,0,1,100.0,5,3,1,4,0,1,0,0,22,1,0,0,1,0,0,0,0,1,0,0,1,4,4,4,4,20.4,0.0,29.1,57.6
2068,1,2,3,0,0,0,40.0,4,0,0,0,0,0,0,1,1,66.7,5,2,1,4,0,0,1,1,10,0,0,1,0,0,28,0,0,1,0,0,3,1,4,1,2,44.8,13.8,51.8,33.6
2069,3,2,0,1,0,0,60.0,2,1,1,0,0,1,0,0,0,100.0,2,4,2,4,1,0,0,0,30,0,1,0,0,0,42,0,0,1,0,0,1,4,5,5,1,30.9,19.2,33.1,67.7
2070,0,0,3,0,1,2,61.7,4,1,1,0,0,0,0,0,0,66.7,5,3,2,3,0,0,1,1,10,0,1,0,0,0,42,0,0,0,1,0,1,4,4,4,4,8.5,0.0,17.5,59.5
2071,0,0,0,3,2,1,55.0,2,0,1,0,0,0,0,0,0,33.3,2,3,4,4,1,1,0,0,52,0,0,0,0,1,0,0,0,0,1,0,5,4,5,4,2,48.3,17.4,61.7,42.1
2072,1,0,0,2,0,3,73.3,3,0,0,0,1,1,0,0,0,66.7,2,3,3,3,1,0,0,0,30,1,1,0,0,0,14,1,0,0,0,30,3,3,1,1,2,65.6,28.8,68.2,35.4
2073,2,1,0,0,0,3,63.3,5,0,0,0,1,0,0,0,0,33.3,5,1,1,3,0,1,0,0,22,0,0,0,1,0,20,0,1,0,0,46,2,3,1,2,4,45.7,24.8,47.3,24.4
2074,0,0,0,3,2,1,55.0,1,0,0,0,0,0,1,0,0,33.3,5,4,3,2,0,0,1,0,34,0,1,0,0,0,42,0,0,1,0,0,5,4,5,5,3,11.6,0.0,20.9,67.5
2075,2,0,1,0,3,0,55.0,2,0,0,1,0,0,1,0,1,100.0,1,1,3,1,0,1,0,1,0,1,1,0,0,0,14,1,1,0,0,76,2,1,4,4,1,78.7,62.8,75.0,27.3
2076,0,3,2,0,0,1,65.0,1,1,0,0,0,0,0,0,1,66.7,5,3,1,3,0,1,1,0,56,1,1,0,0,0,14,1,0,1,0,2,2,3,4,5,4,23.0,4.9,27.6,58.3
2077,0,0,3,2,1,0,55.0,4,0,0,1,0,0,1,1,0,100.0,4,4,3,4,1,0,0,1,6,0,0,1,0,0,28,0,0,1,0,0,3,4,2,5,1,20.3,3.3,35.3,66.7
2078,2,3,1,0,0,0,40.0,3,0,0,0,0,0,1,0,0,33.3,4,3,2,4,1,1,0,0,52,0,0,1,0,0,28,1,1,0,0,76,5,3,5,4,4,54.9,45.2,54.5,47.2
2079,3,1,2,0,0,0,40.0,4,0,1,0,1,0,0,1,0,100.0,2,2,3,4,0,1,0,1,0,0,0,1,0,0,28,1,0,0,1,2,2,3,5,4,1,39.3,11.3,54.2,43.2
2080,0,0,2,3,0,1,61.7,3,0,0,0,0,0,1,0,1,66.7,5,3,4,2,1,1,0,0,52,1,0,0,1,0,0,0,1,1,0,18,1,3,1,4,3,43.0,19.1,56.9,45.2
2081,3,2,1,0,0,0,40.0,3,0,1,0,1,0,0,0,1,100.0,1,1,1,2,1,0,0,0,30,0,0,1,1,0,48,1,1,0,0,76,1,3,2,4,1,74.9,60.7,60.8,31.0
2082,2,3,1,0,0,0,40.0,3,0,0,1,0,0,1,0,0,66.7,2,3,3,3,0,0,0,1,0,1,0,0,0,1,0,1,0,1,0,2,3,2,5,1,2,51.9,14.1,69.4,32.6
2083,0,0,3,1,0,2,61.7,2,1,0,0,0,0,0,0,0,33.3,4,2,1,4,1,0,0,1,6,0,1,0,0,0,42,1,0,0,1,2,5,3,5,5,3,21.6,1.8,28.8,52.3
2084,0,1,0,2,0,3,70.0,5,0,0,1,1,0,1,0,0,100.0,5,3,1,4,0,0,1,1,10,0,1,0,0,0,42,1,0,1,0,2,3,4,5,4,4,5.2,0.0,18.6,67.3
2085,3,2,0,0,1,0,43.3,3,0,1,0,0,0,0,0,0,33.3,2,3,2,4,0,1,0,0,22,0,0,1,0,1,0,1,1,0,0,76,2,3,5,4,1,79.1,59.9,82.8,26.6
2086,0,1,0,0,2,3,61.7,5,0,0,1,0,0,1,0,0,66.7,5,4,1,3,1,0,0,1,6,0,1,0,0,0,42,0,0,1,0,0,1,3,5,4,1,22.1,3.9,25.3,62.6
2087,3,1,2,0,0,0,40.0,3,0,0,0,0,0,0,0,1,33.3,2,3,1,1,1,0,0,0,30,1,0,1,0,0,0,1,0,0,0,30,3,1,1,2,2,73.3,43.0,65.1,26.5
2088,3,2,0,0,1,0,43.3,3,1,0,1,0,1,0,0,0,100.0,1,3,4,3,0,1,0,0,22,1,0,1,0,0,0,1,0,0,1,2,1,2,2,1,3,50.6,17.0,65.5,43.4
2089,3,1,2,0,0,0,40.0,3,1,1,1,0,0,0,0,0,100.0,4,3,4,4,0,1,0,0,22,1,0,0,0,0,0,0,0,1,1,0,3,4,1,1,2,46.1,4.0,62.3,44.4
2090,3,2,0,1,0,0,60.0,3,0,0,0,1,0,1,0,0,66.7,5,4,3,3,1,1,0,0,52,1,1,0,0,0,14,1,1,0,0,76,1,3,5,1,3,70.3,45.8,69.4,40.2
2091,0,3,0,0,2,1,61.7,5,0,0,0,0,0,1,0,0,33.3,4,4,3,3,0,1,0,0,22,1,0,0,0,0,0,1,1,0,0,76,3,1,5,4,1,79.6,61.9,87.2,33.7
2092,2,0,0,1,0,3,73.3,1,0,1,1,0,0,1,0,0,100.0,5,3,1,4,0,1,0,0,22,1,1,0,0,0,14,1,0,1,0,2,2,4,5,5,2,24.7,1.7,31.6,58.4
2093,1,0,0,0,3,2,71.7,3,0,0,0,0,0,1,0,0,33.3,4,2,3,3,1,0,1,0,64,0,0,1,0,0,28,1,1,0,0,76,2,2,5,4,1,72.9,65.5,72.2,32.0
2094,1,2,3,0,0,0,40.0,1,0,0,0,0,0,0,0,1,33.3,4,1,3,4,1,1,0,0,52,0,0,0,0,1,0,0,1,1,0,18,5,2,5,5,2,57.7,29.6,75.3,27.1
2095,2,1,0,0,3,0,43.3,3,0,1,0,1,0,0,0,0,66.7,1,2,4,4,1,0,0,0,30,0,0,1,0,0,28,1,0,0,0,30,2,3,4,2,3,59.5,30.0,63.9,42.4
2096,3,0,0,0,2,1,71.7,4,0,1,0,0,1,0,1,0,100.0,4,4,4,1,0,1,1,0,56,1,0,0,0,0,0,0,0,1,0,0,2,3,5,2,3,38.6,15.5,44.4,55.7
2097,1,2,3,0,0,0,40.0,5,0,0,0,0,1,0,1,0,66.7,4,3,4,4,1,0,1,0,64,1,0,0,0,1,0,1,0,0,1,2,2,1,5,2,3,54.6,25.9,76.4,35.5
2098,1,3,2,0,0,0,40.0,3,0,0,0,1,0,0,0,0,33.3,2,2,1,3,1,1,0,0,52,1,1,0,0,0,14,1,1,0,0,76,3,1,5,1,1,99.1,71.1,88.4,10.8
2099,0,0,3,1,0,2,61.7,3,0,0,0,0,0,1,0,0,33.3,5,4,1,4,1,1,0,0,52,0,1,1,0,0,70,0,0,1,0,0,5,3,4,2,2,24.3,16.6,20.2,63.3
2100,1,0,0,3,0,2,73.3,5,0,0,0,0,1,1,0,1,100.0,4,3,3,4,0,1,0,0,22,0,1,0,1,0,62,0,0,1,1,0,5,3,5,4,2,18.6,12.6,28.5,75.9
2101,1,0,0,0,3,2,71.7,4,1,1,0,0,0,1,0,0,100.0,4,4,2,3,0,1,0,0,22,0,1,0,0,0,42,1,0,0,1,2,5,1,5,4,3,19.3,14.1,25.1,80.7
2102,2,0,1,0,3,0,55.0,4,1,0,0,0,0,0,0,0,33.3,5,4,1,4,0,1,0,0,22,0,1,1,0,0,70,0,0,1,0,0,3,4,5,1,1,23.5,7.6,27.0,48.8
2103,3,2,0,1,0,0,60.0,5,0,1,1,0,0,0,0,1,100.0,2,1,4,4,1,1,0,0,52,1,0,1,0,0,0,0,0,0,1,0,1,2,2,2,3,56.8,25.3,73.4,34.7
2104,3,1,0,2,0,0,60.0,2,0,1,0,1,0,1,0,0,100.0,2,2,3,4,0,0,0,1,0,0,0,1,0,1,0,1,1,0,0,76,2,1,2,5,1,73.0,59.7,80.4,42.8
2105,0,3,2,0,0,1,65.0,5,0,0,0,0,0,1,0,0,33.3,4,4,3,4,1,1,0,0,52,0,1,0,0,0,42,0,0,1,0,0,5,3,5,5,2,25.9,17.6,36.7,63.9
2106,2,3,0,1,0,0,60.0,5,0,0,0,1,0,1,0,0,66.7,5,1,4,1,0,1,0,1,0,1,0,0,1,0,0,1,1,0,0,76,2,3,5,4,1,61.6,44.1,73.6,23.5
2107,0,3,0,1,0,2,70.0,4,0,1,0,0,0,0,0,0,33.3,4,4,3,3,1,1,0,0,52,0,1,1,0,0,70,1,0,0,0,30,3,2,1,5,2,31.0,39.3,29.8,72.3
2108,1,2,0,0,3,0,43.3,3,0,1,0,0,0,0,0,0,33.3,2,3,4,3,1,1,0,0,52,0,0,1,0,1,0,1,1,0,0,76,2,3,4,2,1,95.4,66.8,90.3,24.7
2109,3,2,1,0,0,0,40.0,4,0,1,0,0,0,0,1,0,66.7,5,3,4,3,0,1,1,0,56,1,0,1,0,0,0,0,1,1,0,18,3,3,4,4,3,48.8,25.0,60.8,42.1
2110,0,0,1,3,2,0,55.0,5,0,0,0,0,0,1,0,0,33.3,4,3,2,3,1,0,0,0,30,1,1,0,0,0,14,0,0,1,0,0,1,2,1,5,2,40.4,21.2,45.6,45.5
2111,3,2,0,0,1,0,43.3,2,1,0,0,1,0,1,0,0,100.0,1,2,3,4,0,1,0,0,22,1,0,0,0,0,0,1,1,0,0,76,3,4,5,2,3,77.8,44.5,73.0,36.9
2112,0,1,3,0,2,0,48.3,3,0,1,1,0,0,1,0,0,100.0,5,4,1,4,1,0,0,1,6,0,1,0,1,0,62,0,0,1,0,0,5,4,4,2,4,2.7,0.0,5.5,82.5
2113,2,3,0,0,1,0,43.3,3,0,0,0,0,0,1,0,0,33.3,4,1,1,4,0,1,0,0,22,0,1,0,0,1,0,1,1,0,0,76,2,2,1,1,3,80.0,47.9,82.8,12.3
2114,0,1,2,0,3,0,48.3,5,0,1,0,0,0,0,0,0,33.3,5,4,3,4,0,0,1,1,10,0,1,0,0,0,42,1,0,0,0,30,1,3,4,5,1,36.1,21.2,49.5,49.1
2115,2,1,0,3,0,0,60.0,1,0,0,0,1,0,0,0,1,66.7,4,2,3,4,1,1,0,0,52,1,0,0,1,0,0,1,1,0,0,76,1,3,5,2,1,88.5,54.8,90.2,20.2
2116,0,3,2,0,0,1,65.0,2,0,0,0,0,1,0,1,0,66.7,4,4,2,4,1,0,1,0,64,1,0,0,0,0,0,1,0,0,0,30,1,3,4,5,3,48.2,26.1,54.8,52.7
2117,1,2,3,0,0,0,40.0,2,0,0,0,0,0,1,1,0,66.7,4,2,1,3,1,0,1,0,64,0,0,1,0,0,28,1,1,0,0,76,1,3,4,2,4,64.6,51.9,55.1,25.4
2118,0,2,0,1,0,3,70.0,3,0,0,0,0,0,1,0,0,33.3,4,2,3,3,0,1,0,1,0,1,0,0,0,0,0,1,0,0,0,30,2,4,1,4,1,51.4,16.6,62.1,27.5
2119,0,2,0,0,1,3,61.7,5,0,0,0,0,0,1,0,0,33.3,5,3,1,2,0,0,1,1,10,0,1,0,0,0,42,0,0,1,0,0,1,4,4,4,1,22.7,5.6,30.6,42.6
2120,0,0,2,1,3,0,55.0,3,0,0,0,1,0,0,0,0,33.3,5,3,4,2,0,1,0,1,0,0,0,1,0,0,28,1,0,1,0,2,1,4,2,5,2,20.3,0.0,36.8,44.5
2121,2,0,1,0,3,0,55.0,3,0,1,1,0,0,1,0,0,100.0,1,3,3,2,0,1,0,1,0,1,0,0,0,0,0,1,0,0,1,2,1,2,5,2,3,44.4,8.8,50.0,44.1
2122,1,0,0,2,3,0,63.3,4,0,0,0,1,1,0,0,0,66.7,5,4,3,4,0,1,0,1,0,0,1,0,0,0,42,0,0,1,0,0,5,3,2,4,4,6.2,0.0,23.4,74.9
2123,3,1,0,0,2,0,43.3,1,0,0,0,0,0,1,0,0,33.3,4,2,3,1,0,0,0,1,0,1,1,0,0,0,14,1,0,0,0,30,3,3,2,2,1,51.4,16.6,62.3,19.3
2124,1,3,2,0,0,0,40.0,3,1,0,0,0,0,0,0,0,33.3,5,2,3,4,1,1,0,0,52,1,0,0,0,0,0,1,1,0,0,76,2,1,1,2,1,90.4,69.4,100.0,7.7
2125,0,3,1,0,0,2,65.0,5,1,0,0,0,0,0,0,0,33.3,5,1,1,1,0,1,0,0,22,1,0,1,0,0,0,0,0,1,0,0,2,3,1,5,2,32.3,8.4,43.4,23.9
2126,0,2,1,3,0,0,63.3,4,0,0,0,1,0,1,0,0,66.7,4,2,4,3,0,0,0,1,0,0,1,0,0,0,42,1,0,0,0,30,2,1,1,4,1,46.2,35.8,61.1,42.2
2127,0,1,0,3,0,2,70.0,5,0,0,1,1,0,0,1,0,100.0,5,4,4,1,0,1,0,0,22,0,1,0,0,1,0,1,1,0,0,76,3,4,4,4,4,45.9,34.9,43.5,61.6
2128,2,1,0,0,0,3,63.3,3,0,1,1,0,0,1,0,0,100.0,2,1,1,4,0,0,1,0,34,1,0,0,0,1,0,1,1,0,0,76,2,2,4,2,1,90.7,60.1,88.1,23.2
2129,3,0,0,2,0,1,73.3,2,1,0,0,0,0,0,0,0,33.3,5,4,4,4,1,1,0,0,52,1,1,0,0,0,14,1,0,1,0,2,5,3,5,2,3,33.2,13.4,52.7,51.6
2130,0,3,0,0,1,2,61.7,2,1,0,0,1,1,0,0,0,100.0,4,4,1,3,0,1,0,1,0,0,0,0,1,0,20,1,1,0,0,76,2,4,5,5,3,38.6,31.2,35.2,65.0
2131,0,3,0,2,1,0,53.3,3,0,0,0,1,0,0,0,0,33.3,5,3,3,4,0,1,0,0,22,0,1,1,0,0,70,1,0,1,0,2,5,3,1,4,2,14.4,3.6,26.2,58.9
2132,3,0,1,0,0,2,65.0,3,0,0,0,1,0,0,0,0,33.3,2,4,3,2,0,1,0,0,22,0,0,1,0,0,28,1,1,0,0,76,3,4,5,5,2,56.3,46.0,49.2,56.6
2133,3,0,0,1,0,2,73.3,3,0,0,0,1,1,0,0,0,66.7,1,3,4,2,0,1,0,0,22,1,0,0,0,0,0,1,0,0,1,2,5,1,4,4,3,42.7,19.6,54.8,56.6
2134,2,0,3,0,1,0,55.0,3,0,0,0,0,1,1,0,0,66.7,5,1,3,1,0,1,0,1,0,1,0,0,0,0,0,1,0,0,0,30,5,4,1,5,1,46.8,9.2,58.0,28.6
2135,0,1,3,0,0,2,65.0,4,0,0,0,0,1,0,1,0,66.7,2,4,1,4,1,0,0,1,6,0,1,0,0,0,42,1,0,0,1,2,5,4,1,5,2,22.8,6.9,24.1,70.8
2136,0,2,1,0,0,3,65.0,5,0,1,1,0,1,0,0,0,100.0,5,3,3,1,0,1,0,0,22,0,1,0,0,0,42,0,0,1,1,0,5,3,5,4,2,12.9,2.2,17.7,72.8
2137,3,1,0,0,2,0,43.3,5,0,0,0,0,1,1,0,1,100.0,1,1,4,4,0,0,1,1,10,1,0,0,0,1,0,1,1,0,0,76,3,2,4,2,1,90.2,63.2,99.1,17.6
2138,0,2,0,0,1,3,61.7,1,1,1,0,0,1,0,0,0,100.0,4,3,2,1,0,1,1,0,56,0,1,1,0,0,70,0,1,1,0,18,5,4,5,5,3,17.6,19.4,5.3,84.6
2139,2,1,0,0,3,0,43.3,2,0,0,0,0,0,0,0,1,33.3,5,3,3,2,0,1,0,0,22,0,1,1,0,0,70,1,1,0,0,76,3,2,5,2,2,51.0,46.1,50.3,38.8
2140,0,0,3,1,2,0,55.0,1,0,0,1,0,0,0,0,0,33.3,4,3,3,4,1,1,0,0,52,1,0,0,0,0,0,1,0,1,0,2,1,2,2,1,1,63.3,19.3,80.5,15.9
2141,0,3,1,2,0,0,63.3,1,0,1,0,0,0,1,0,0,66.7,2,2,3,4,1,1,0,0,52,1,0,1,0,0,0,0,1,0,0,46,3,2,5,2,2,76.5,50.3,84.4,27.2
2142,0,3,1,0,0,2,65.0,3,0,0,0,0,0,1,1,1,100.0,1,3,3,1,0,1,0,0,22,0,0,1,0,0,28,0,0,1,0,0,3,4,5,5,4,15.8,3.1,14.8,80.0
2143,0,3,0,2,1,0,53.3,3,1,1,0,1,0,0,0,0,100.0,2,4,2,4,0,1,0,0,22,1,0,0,0,0,0,1,1,0,0,76,3,2,5,2,1,87.4,60.2,81.8,43.1
2144,3,2,1,0,0,0,40.0,4,0,1,1,0,0,0,0,0,66.7,4,2,4,2,0,1,0,1,0,1,0,1,0,0,0,1,1,0,0,76,2,1,5,4,1,74.6,52.6,87.8,25.7
2145,1,3,0,2,0,0,60.0,3,1,0,0,0,0,0,1,1,100.0,5,1,2,3,0,0,1,0,34,1,0,0,0,0,0,1,0,0,0,30,2,2,5,2,1,68.1,35.1,76.0,23.6
2146,3,0,2,1,0,0,63.3,3,0,1,0,0,0,0,0,0,33.3,4,4,2,4,0,1,0,1,0,1,1,0,0,0,14,1,1,0,0,76,3,4,5,2,2,60.5,38.5,64.3,34.0
2147,0,3,2,1,0,0,63.3,3,0,0,0,1,0,0,0,0,33.3,5,1,2,4,1,1,0,0,52,0,0,0,1,0,20,1,1,0,0,76,3,1,2,2,2,77.5,59.8,80.0,20.1
2148,1,0,3,0,0,2,65.0,2,0,0,0,0,1,0,0,0,33.3,5,4,1,3,1,1,0,0,52,1,1,0,0,0,14,0,0,1,0,0,1,3,2,5,3,25.9,8.9,30.3,54.5
2149,2,3,1,0,0,0,40.0,3,0,0,0,0,1,0,0,0,33.3,5,2,1,4,1,1,0,0,52,0,0,1,0,0,28,0,0,1,0,0,5,4,5,2,1,45.1,14.2,52.2,31.9
2150,2,0,1,0,0,3,65.0,4,0,0,0,1,0,1,0,0,66.7,4,1,3,4,0,1,1,0,56,0,0,0,0,1,0,1,1,0,0,76,2,2,4,2,2,85.3,60.9,90.2,22.0
2151,2,1,0,0,0,3,63.3,4,0,0,0,0,0,0,0,1,33.3,4,4,1,4,0,1,0,0,22,0,1,0,0,0,42,1,0,1,0,2,1,3,4,2,4,21.1,7.1,25.7,54.6
2152,2,3,1,0,0,0,40.0,2,0,0,0,1,1,0,0,0,66.7,2,3,3,4,1,1,0,0,52,1,0,1,0,0,0,1,1,0,0,76,1,3,5,2,2,85.9,55.1,88.0,27.5
2153,2,1,0,0,0,3,63.3,1,0,0,0,1,1,0,0,0,66.7,2,3,1,3,0,1,0,0,22,0,1,0,0,0,42,0,0,1,0,0,2,1,4,4,4,24.2,11.1,25.2,58.6
2154,2,0,1,0,0,3,65.0,3,0,0,1,0,1,1,0,0,100.0,2,3,3,4,0,1,0,1,0,1,0,0,0,0,0,1,0,0,0,30,3,2,4,4,1,57.6,26.8,67.0,53.8
2155,2,3,1,0,0,0,40.0,2,0,0,0,0,1,0,0,0,33.3,2,3,3,1,0,1,0,0,22,0,1,0,0,1,0,1,0,0,1,2,1,2,2,2,2,54.5,18.6,60.9,20.3
2156,0,1,0,0,2,3,61.7,3,0,0,0,0,0,0,0,1,33.3,4,4,3,2,1,1,0,0,52,1,0,0,0,0,0,1,0,0,1,2,5,1,5,4,1,53.8,27.8,64.3,48.5
2157,2,0,3,1,0,0,63.3,3,0,0,0,1,0,0,1,1,100.0,1,4,3,3,0,1,0,0,22,0,1,0,0,0,42,1,0,0,1,2,5,3,1,4,1,36.8,18.0,44.3,72.0
2158,3,0,1,0,0,2,65.0,4,1,0,0,1,1,0,0,0,100.0,4,4,2,3,1,0,1,0,64,0,1,1,0,0,70,1,0,1,0,2,5,2,4,1,3,26.8,22.9,22.7,79.7
2159,0,1,3,0,2,0,48.3,4,1,0,0,1,1,0,0,0,100.0,4,3,4,3,0,1,0,1,0,0,0,1,0,0,28,0,0,1,0,0,2,4,5,4,2,16.6,0.0,37.3,57.1
2160,3,0,1,2,0,0,63.3,2,0,0,0,0,0,0,0,1,33.3,2,4,4,1,0,1,1,0,56,1,0,0,0,0,0,0,1,1,0,18,3,3,5,2,2,63.6,33.5,65.0,40.4
2161,2,0,1,3,0,0,63.3,4,0,0,0,0,0,0,0,1,33.3,5,4,1,3,0,1,1,0,56,0,0,1,1,0,48,0,0,1,0,0,5,3,4,5,4,15.3,4.3,13.1,72.2
2162,1,2,0,3,0,0,60.0,3,0,0,1,0,1,0,0,0,66.7,4,2,1,3,0,1,1,0,56,1,0,0,0,1,0,1,1,0,0,76,3,2,1,5,1,74.9,62.1,71.6,38.9
2163,1,3,0,0,0,2,63.3,3,0,1,0,1,0,0,0,1,100.0,5,3,4,1,1,1,0,0,52,0,0,1,0,1,0,1,0,0,0,30,3,3,5,5,3,40.2,23.7,47.5,57.5
2164,0,3,1,0,0,2,65.0,3,0,1,0,1,0,1,0,0,100.0,4,2,3,4,0,1,1,0,56,1,0,1,0,0,0,0,1,0,0,46,5,4,5,4,1,62.9,38.9,65.7,45.9
2165,0,1,0,3,0,2,70.0,4,0,0,1,0,0,0,0,0,33.3,2,4,1,3,0,1,0,0,22,0,1,0,0,1,0,1,0,1,0,2,5,4,5,5,2,37.9,15.2,41.4,53.4
2166,0,0,3,1,0,2,61.7,3,0,1,0,1,0,0,0,0,66.7,4,2,4,3,1,1,0,0,52,0,1,0,0,0,42,1,0,0,0,30,2,3,4,4,4,25.1,23.4,37.8,57.8
2167,3,2,0,0,1,0,43.3,4,1,0,0,0,0,0,0,1,66.7,2,3,4,2,0,1,0,1,0,1,0,0,0,0,0,0,1,0,0,46,2,1,1,2,1,73.5,43.3,83.7,24.8
2168,0,1,2,0,3,0,48.3,2,0,0,0,0,1,0,0,0,33.3,2,4,1,3,0,0,0,1,0,0,1,0,0,0,42,1,0,0,1,2,1,3,4,5,2,25.7,7.4,28.0,59.3
2169,3,0,0,0,2,1,71.7,1,0,0,1,0,0,0,0,1,66.7,2,1,3,4,0,1,1,0,56,1,0,0,0,0,0,0,1,0,1,18,3,2,4,2,1,75.7,35.0,85.9,21.7
2170,0,3,2,0,0,1,65.0,3,0,0,0,0,0,1,0,0,33.3,4,2,4,2,0,1,0,0,22,1,0,0,0,0,0,1,0,0,1,2,2,2,1,1,1,61.5,15.1,75.6,14.5
2171,0,3,2,0,0,1,65.0,4,0,0,1,0,0,0,0,0,33.3,1,2,1,3,0,1,0,0,22,0,1,0,1,0,62,0,0,1,0,0,5,4,2,4,3,24.3,12.8,19.6,51.9
2172,1,3,0,0,2,0,43.3,1,0,0,0,0,0,1,1,1,100.0,1,4,3,1,0,1,0,1,0,1,0,0,0,0,0,0,0,0,1,0,2,1,5,1,2,49.2,16.8,55.3,48.9
2173,3,2,0,0,0,1,63.3,3,0,0,0,0,1,0,0,1,66.7,2,2,4,3,0,1,0,0,22,0,0,0,0,1,0,1,1,0,0,76,1,2,4,4,2,77.5,57.4,87.2,28.9
2174,3,2,1,0,0,0,40.0,4,1,0,1,0,0,0,0,0,66.7,5,4,3,1,0,1,0,1,0,0,1,1,0,0,70,1,0,1,0,2,2,4,2,4,4,0.0,0.0,0.0,72.7
2175,1,2,0,0,3,0,43.3,3,0,1,1,0,1,0,0,0,100.0,4,2,4,2,1,0,0,0,30,1,0,0,0,1,0,1,0,0,0,30,2,2,4,2,1,66.7,31.0,72.5,34.0
2176,0,3,2,0,0,1,65.0,4,0,1,0,0,0,1,1,0,100.0,5,4,2,4,0,1,1,0,56,0,1,0,0,0,42,0,0,1,0,0,5,2,5,4,4,16.9,17.9,19.7,81.9
2177,3,2,0,0,1,0,43.3,1,0,1,0,0,0,0,0,0,33.3,2,3,4,1,0,1,0,0,22,0,0,1,0,1,0,0,1,0,0,46,3,2,4,1,1,86.1,45.6,85.7,16.7
2178,2,1,3,0,0,0,40.0,3,0,0,1,0,1,1,0,0,100.0,4,2,3,3,1,1,0,0,52,0,1,0,1,0,62,1,0,1,0,2,2,1,1,4,2,29.9,27.6,37.0,57.7
2179,1,3,0,2,0,0,60.0,3,0,0,1,0,1,0,0,1,100.0,4,2,3,3,0,1,0,0,22,0,0,0,1,0,20,1,1,0,0,76,2,2,4,5,1,66.2,57.5,70.2,44.1
2180,2,0,0,1,0,3,73.3,5,0,0,0,0,1,0,0,0,33.3,5,4,3,4,1,0,1,0,64,1,0,0,0,0,0,0,0,1,1,0,5,4,2,4,2,39.4,14.3,54.6,48.3
2181,0,0,3,2,0,1,61.7,4,0,0,0,0,0,0,1,0,33.3,4,3,3,1,0,1,1,0,56,1,1,0,0,0,14,1,0,0,1,2,1,2,4,4,1,51.0,28.0,59.8,37.9
2182,3,0,0,2,1,0,63.3,3,0,0,1,0,0,0,0,0,33.3,5,3,3,4,1,0,1,0,64,0,1,0,0,0,42,0,1,1,0,18,3,3,5,2,4,35.5,18.7,43.4,45.9
2183,3,0,0,1,0,2,73.3,3,0,0,0,0,0,0,0,1,33.3,2,3,4,3,0,1,0,0,22,0,1,0,0,0,42,1,0,0,0,30,2,3,1,2,2,48.2,27.3,57.2,39.6
2184,2,1,0,3,0,0,60.0,3,0,1,1,0,0,0,1,0,100.0,2,2,4,2,0,1,0,0,22,1,1,0,0,0,14,1,1,0,0,76,3,1,5,2,1,86.5,68.7,90.0,34.0
2185,0,3,2,1,0,0,63.3,3,0,0,0,0,1,0,0,0,33.3,5,2,3,4,0,1,0,0,22,1,0,0,0,1,0,1,0,0,0,30,2,2,5,2,2,59.0,28.7,79.2,18.0
2186,3,0,1,2,0,0,63.3,2,0,0,0,1,1,0,1,0,100.0,5,2,3,1,0,1,0,0,22,0,1,0,0,0,42,1,0,1,0,2,5,3,4,4,1,30.7,7.1,29.2,57.6
2187,0,0,1,3,0,2,61.7,3,1,0,1,0,0,0,0,1,100.0,5,4,1,4,1,0,0,1,6,1,1,0,0,0,14,0,0,1,1,0,3,2,2,4,3,26.4,0.0,34.9,68.2
2188,1,0,0,0,3,2,71.7,3,0,0,1,0,0,0,0,0,33.3,5,4,1,2,0,1,0,0,22,0,1,0,0,1,0,0,0,1,1,0,2,3,5,4,3,35.2,0.0,43.0,45.9
2189,3,1,2,0,0,0,40.0,4,0,0,0,1,0,0,0,0,33.3,2,2,2,3,0,0,0,1,0,1,0,0,0,0,0,1,0,0,0,30,2,3,1,4,4,41.4,18.5,50.2,30.7
2190,2,3,0,0,0,1,63.3,3,1,0,1,0,0,0,1,0,100.0,5,4,4,3,0,1,1,0,56,0,1,0,0,1,0,0,0,1,0,0,1,4,4,5,4,17.3,1.9,39.7,67.1
2191,0,0,3,0,1,2,61.7,5,1,0,1,0,0,0,1,0,100.0,5,4,4,3,1,0,0,0,30,0,1,1,0,0,70,0,0,1,0,0,1,4,2,4,4,0.0,0.0,8.1,87.9
2192,0,1,2,0,3,0,48.3,3,0,0,1,1,0,1,0,0,100.0,2,2,3,4,1,0,0,1,6,1,0,0,0,1,0,1,0,0,0,30,3,2,2,4,4,48.3,18.4,55.9,50.6
2193,3,2,0,0,0,1,63.3,3,0,0,0,1,0,0,0,0,33.3,2,1,1,3,0,1,0,0,22,0,0,1,0,0,28,0,1,1,0,18,3,4,4,4,3,40.5,15.9,42.0,32.3
2194,3,0,2,0,1,0,55.0,1,0,0,1,0,1,0,0,1,100.0,4,2,3,3,0,1,1,0,56,1,0,0,0,0,0,1,0,0,0,30,3,1,1,2,2,63.6,37.5,73.3,40.1
2195,0,1,3,2,0,0,63.3,4,0,0,1,0,0,0,0,0,33.3,1,2,1,4,0,1,0,1,0,0,1,1,0,0,70,1,0,1,0,2,1,4,4,5,4,4.6,0.0,7.0,57.5
2196,3,1,2,0,0,0,40.0,1,1,0,0,0,0,0,0,0,33.3,2,3,4,4,1,0,0,0,30,1,0,0,0,0,0,1,1,0,0,76,3,3,1,4,1,75.3,52.4,84.5,30.9
2197,3,0,2,0,0,1,65.0,2,1,0,0,0,0,0,0,0,33.3,4,3,2,3,0,0,0,1,0,0,1,0,0,0,42,0,0,1,0,0,5,3,5,5,2,15.2,1.2,24.5,60.7
2198,0,2,1,0,0,3,65.0,4,0,0,1,0,0,0,1,0,66.7,5,2,1,4,0,0,0,1,0,1,1,0,0,0,14,0,0,1,0,0,2,4,2,1,2,37.8,0.0,48.2,28.1
2199,3,0,0,0,1,2,71.7,1,0,1,0,1,0,0,0,0,66.7,1,1,3,2,0,1,0,1,0,0,0,1,1,0,48,1,0,1,0,2,2,2,1,4,1,41.3,16.9,46.5,43.7
2200,0,3,1,0,0,2,65.0,3,0,0,1,0,0,0,0,0,33.3,4,3,4,3,1,1,0,0,52,0,0,0,0,1,0,0,1,0,0,46,5,4,4,2,1,65.2,37.4,78.6,25.1
2201,2,3,0,0,1,0,43.3,4,1,0,0,0,0,0,0,1,66.7,4,3,1,2,0,1,0,0,22,0,0,0,1,0,20,1,0,1,0,2,5,3,5,5,4,17.2,2.5,20.9,60.8
2202,0,0,0,2,3,1,55.0,1,1,0,0,1,0,1,0,0,100.0,2,1,1,3,0,1,0,0,22,1,1,0,0,0,14,0,0,1,0,0,5,4,4,1,4,34.9,0.8,35.2,43.0
2203,2,1,3,0,0,0,40.0,5,0,1,1,0,0,1,0,0,100.0,1,1,2,4,0,1,0,0,22,0,1,1,0,0,70,1,0,0,0,30,3,1,1,2,2,51.4,42.5,48.2,48.4
2204,1,3,2,0,0,0,40.0,3,0,0,1,1,0,0,0,0,66.7,2,3,3,3,0,0,1,0,34,1,0,0,0,0,0,0,0,0,1,0,1,2,1,4,1,56.1,25.3,71.8,40.4
2205,0,2,1,0,0,3,65.0,2,1,0,0,0,1,0,0,0,66.7,2,2,2,4,0,1,0,0,22,0,0,1,0,0,28,0,0,0,1,0,5,3,4,5,1,42.0,20.3,52.0,48.0
2206,2,3,1,0,0,0,40.0,4,0,1,0,1,0,1,0,0,100.0,1,2,3,3,0,1,0,0,22,1,1,0,0,0,14,0,0,1,1,0,5,1,5,1,1,65.4,29.8,72.2,36.4
2207,0,2,0,3,1,0,53.3,3,1,0,0,0,1,0,0,0,66.7,4,2,3,3,1,0,0,0,30,0,1,1,0,0,70,1,0,1,0,2,2,2,2,4,3,19.2,17.1,27.0,57.5
2208,1,2,0,0,0,3,63.3,3,1,0,0,0,0,1,0,0,66.7,5,3,3,1,0,1,0,0,22,1,0,0,0,0,0,1,0,1,0,2,2,1,4,1,2,53.3,11.2,61.7,35.2
2209,0,1,3,0,2,0,48.3,3,0,1,0,0,0,0,0,0,33.3,1,4,3,2,1,0,0,0,30,1,0,0,0,1,0,1,1,0,0,76,2,1,1,2,1,91.6,67.3,91.0,23.9
2210,3,1,2,0,0,0,40.0,2,1,0,0,1,0,0,0,1,100.0,4,2,4,1,0,1,0,1,0,1,0,0,1,0,0,1,1,0,0,76,2,2,5,1,3,69.2,38.1,77.6,28.8
2211,0,3,2,0,0,1,65.0,3,0,0,0,1,1,0,1,0,100.0,1,1,4,4,0,1,0,1,0,0,0,1,1,0,48,1,1,0,0,76,1,3,2,1,1,69.7,48.7,71.6,35.0
2212,1,3,0,0,0,2,63.3,5,0,0,0,1,1,1,0,0,100.0,2,2,2,3,0,1,0,0,22,0,0,0,1,1,0,1,1,0,0,76,3,3,5,1,3,73.0,51.5,67.3,38.3
2213,0,2,1,0,0,3,65.0,3,1,0,0,1,0,0,0,1,100.0,5,3,2,1,0,1,0,0,22,0,1,0,0,1,0,0,0,1,1,0,5,3,1,1,1,53.4,10.0,50.6,43.1
2214,3,2,0,1,0,0,60.0,3,0,0,0,1,0,0,0,0,33.3,5,3,3,4,1,0,1,0,64,0,0,1,0,0,28,0,1,0,1,18,3,1,4,2,1,62.1,40.9,71.4,35.6
2215,2,0,3,0,1,0,55.0,3,0,0,0,0,0,0,0,1,33.3,4,3,2,2,0,1,0,1,0,0,0,1,0,0,28,0,0,0,1,0,1,2,4,1,1,41.4,9.4,50.2,30.3
2216,2,1,3,0,0,0,40.0,3,0,1,0,0,0,0,0,0,33.3,4,3,3,3,0,1,0,0,22,1,0,0,0,0,0,1,0,1,0,2,5,1,2,2,2,51.6,17.6,65.5,28.5
2217,0,0,1,0,2,3,61.7,4,0,0,0,0,1,0,0,1,66.7,5,3,1,3,0,1,1,0,56,1,0,0,0,0,0,0,0,1,0,0,3,4,5,4,3,30.8,1.0,36.8,44.8
2218,1,3,0,2,0,0,60.0,1,0,0,0,1,0,1,0,0,66.7,1,2,4,3,0,1,1,0,56,1,0,0,0,0,0,1,0,0,1,2,3,2,1,1,2,73.7,31.0,84.2,28.2
2219,3,0,1,0,0,2,65.0,3,0,0,1,0,0,0,0,0,33.3,4,3,1,3,0,0,1,1,10,0,0,0,0,1,0,1,0,1,0,2,2,2,1,5,1,41.2,11.1,54.1,42.3
2220,1,0,2,0,0,3,65.0,2,0,1,0,0,1,0,0,0,66.7,2,1,1,4,1,1,0,0,52,1,0,1,0,0,0,1,0,1,0,2,3,3,2,1,3,58.5,16.6,58.8,25.5
2221,0,1,2,0,3,0,48.3,2,1,1,1,0,0,0,0,0,100.0,5,4,1,3,1,0,0,0,30,1,0,1,0,0,0,0,0,1,0,0,2,3,5,4,2,32.2,9.8,36.6,61.7
2222,0,1,3,2,0,0,63.3,4,0,0,1,0,0,0,0,0,33.3,4,4,1,1,1,0,1,0,64,0,1,0,1,0,62,1,0,0,0,30,5,3,2,1,2,48.7,37.1,37.0,52.7
2223,3,1,2,0,0,0,40.0,3,0,0,0,1,0,0,0,0,33.3,4,3,1,2,1,0,0,0,30,1,0,1,0,0,0,1,0,0,0,30,2,1,2,2,3,59.4,32.2,60.6,29.8
2224,2,1,0,0,3,0,43.3,1,1,1,0,1,0,0,0,0,100.0,2,4,4,3,0,0,0,1,0,1,0,0,1,0,0,1,0,0,0,30,5,1,1,2,1,63.8,37.5,81.0,47.5
2225,2,3,1,0,0,0,40.0,4,0,0,0,0,1,0,0,0,33.3,2,3,1,2,0,1,0,0,22,1,0,0,1,0,0,1,1,0,0,76,3,2,5,4,3,69.1,58.8,62.6,33.6
2226,0,3,0,2,1,0,53.3,3,1,0,1,0,1,0,0,0,100.0,1,3,1,4,1,1,0,0,52,0,0,0,0,1,0,1,0,0,0,30,1,1,2,2,2,78.2,48.1,78.1,37.1
2227,0,2,1,3,0,0,63.3,4,0,0,0,0,1,0,1,0,66.7,4,1,1,4,0,1,0,1,0,0,0,1,0,0,28,0,0,1,0,0,1,3,4,4,4,22.3,0.0,29.5,46.5
2228,0,1,3,0,0,2,65.0,4,0,0,0,0,0,1,0,0,33.3,2,4,3,2,1,1,0,0,52,0,1,0,0,0,42,0,0,1,0,0,1,3,2,2,3,40.1,20.4,39.7,47.2
2229,1,0,2,0,0,3,65.0,2,0,0,0,1,1,1,0,0,100.0,2,2,4,4,1,0,0,0,30,1,0,0,0,0,0,1,1,0,0,76,1,1,5,2,2,85.2,63.5,93.6,29.7
2230,3,0,0,1,2,0,63.3,3,1,0,1,0,0,0,1,0,100.0,5,3,3,3,0,0,1,1,10,1,0,0,0,0,0,1,0,1,0,2,5,3,1,5,1,33.2,7.1,53.4,59.0
2231,3,1,2,0,0,0,40.0,3,0,0,0,1,1,1,0,0,100.0,2,2,4,2,0,1,0,0,22,0,0,0,1,1,0,1,1,0,0,76,2,2,2,1,2,87.9,59.5,89.7,27.2
2232,3,2,1,0,0,0,40.0,2,0,1,0,0,0,0,0,0,33.3,4,4,4,3,0,1,1,0,56,0,1,0,1,0,62,0,1,0,1,18,5,3,5,2,3,34.8,21.1,39.5,58.1
2233,1,2,0,0,0,3,63.3,4,0,0,1,1,0,1,0,0,100.0,1,3,4,1,0,1,0,1,0,1,0,0,0,1,0,1,0,0,0,30,2,1,1,1,2,75.2,38.4,75.9,37.6
2234,0,0,2,0,1,3,61.7,4,0,0,0,1,0,1,0,0,66.7,5,3,1,2,1,0,0,1,6,1,0,0,0,0,0,0,0,1,1,0,3,1,2,2,1,49.7,13.6,58.5,34.1
2235,3,1,2,0,0,0,40.0,2,0,1,0,0,0,0,0,0,33.3,4,3,3,2,0,1,0,0,22,1,0,1,0,0,0,1,1,0,0,76,2,1,1,2,2,81.3,54.6,82.6,15.4
2236,2,1,3,0,0,0,40.0,3,1,1,0,1,0,0,0,0,100.0,2,1,3,3,1,0,0,0,30,1,0,0,0,0,0,1,0,0,0,30,1,2,4,2,2,65.9,34.4,74.4,25.8
2237,3,1,0,2,0,0,60.0,2,0,1,1,0,0,0,0,0,66.7,2,3,3,3,0,0,1,1,10,0,0,0,0,1,0,1,0,0,0,30,3,1,4,2,1,66.6,37.8,81.8,32.0
2238,3,0,0,1,2,0,63.3,2,0,0,1,0,0,0,0,0,33.3,5,4,4,3,0,0,1,0,34,0,0,0,1,1,0,1,0,1,0,2,5,4,4,5,4,24.0,0.0,47.2,52.3
2239,3,1,2,0,0,0,40.0,3,0,0,0,0,0,0,1,0,33.3,1,3,3,4,0,0,1,1,10,0,0,1,0,0,28,1,0,1,0,2,5,4,5,1,1,51.8,14.6,63.0,32.2
2240,0,1,3,2,0,0,63.3,3,0,1,1,0,0,0,1,0,100.0,4,3,2,3,1,1,0,0,52,1,0,0,0,0,0,1,0,0,0,30,3,1,1,4,2,59.6,37.4,62.4,49.8
2241,3,1,0,0,0,2,63.3,3,1,0,0,0,0,0,0,0,33.3,2,4,4,4,1,1,0,0,52,1,1,0,0,0,14,1,0,1,0,2,3,3,2,2,4,46.1,13.8,58.5,49.9
2242,3,0,1,0,2,0,55.0,2,0,0,0,0,0,1,0,0,33.3,1,2,3,4,1,1,0,0,52,1,0,0,1,0,0,1,1,0,0,76,5,3,5,1,1,100.0,68.5,95.1,14.8
2243,2,3,1,0,0,0,40.0,1,0,0,0,1,0,0,1,1,100.0,2,1,3,3,1,1,0,0,52,1,0,0,0,0,0,1,0,0,1,2,3,3,2,1,2,60.0,19.7,69.7,29.7
2244,3,0,1,0,0,2,65.0,4,0,0,0,1,0,0,1,0,66.7,2,4,1,2,1,1,0,0,52,0,0,0,1,0,20,0,1,1,0,18,3,2,5,2,1,61.3,37.1,54.8,46.5
2245,0,0,2,0,3,1,61.7,4,1,0,0,0,0,0,0,0,33.3,5,3,1,3,0,1,0,0,22,0,1,1,0,0,70,0,1,1,0,18,1,2,4,5,1,27.1,26.5,33.4,51.3
2246,1,0,0,3,0,2,73.3,3,1,0,0,0,0,1,0,0,66.7,4,2,3,3,0,1,0,1,0,0,1,0,0,0,42,1,0,1,0,2,5,3,4,4,4,9.7,0.0,23.9,59.7
2247,0,3,2,0,0,1,65.0,3,0,0,0,1,1,0,0,0,66.7,4,3,2,3,0,0,0,1,0,0,1,0,0,0,42,1,0,0,1,2,5,4,5,5,3,11.0,0.0,19.0,68.1
2248,3,0,0,0,1,2,71.7,4,1,1,1,0,0,0,0,0,100.0,2,4,1,2,1,0,0,0,30,0,0,1,0,0,28,1,1,0,0,76,3,3,5,4,1,68.9,53.6,51.8,57.8
2249,3,1,0,2,0,0,60.0,3,1,0,0,1,0,0,0,0,66.7,5,3,3,2,1,1,0,0,52,0,0,1,0,0,28,1,1,0,0,76,1,1,5,2,2,74.0,60.1,66.7,39.5
2250,2,0,3,1,0,0,63.3,4,0,0,1,0,1,0,1,0,100.0,4,3,1,3,0,1,0,0,22,0,1,1,0,0,70,1,0,1,0,2,2,2,1,1,3,23.5,11.5,16.6,65.8
2251,1,0,3,0,2,0,55.0,5,0,0,0,1,1,0,0,1,100.0,5,2,4,3,1,1,0,0,52,0,0,1,0,0,28,1,0,1,0,2,5,4,4,4,4,21.7,6.8,25.4,64.0
2252,0,0,3,1,0,2,61.7,2,0,1,0,0,0,0,0,0,33.3,5,3,1,3,0,1,0,0,22,0,1,0,0,0,42,1,0,1,0,2,5,4,2,5,3,13.5,0.0,20.1,66.6
2253,3,2,1,0,0,0,40.0,5,1,0,1,0,0,0,1,0,100.0,5,4,1,3,0,1,0,0,22,1,0,0,0,1,0,1,1,0,0,76,1,2,4,5,2,59.3,48.0,57.5,51.3
2254,1,2,0,0,3,0,43.3,3,0,0,1,0,0,0,0,0,33.3,2,3,2,3,1,0,1,0,64,1,0,0,0,1,0,1,0,0,0,30,2,1,4,2,2,83.6,50.1,82.7,20.8
2255,2,1,0,0,0,3,63.3,1,0,0,1,0,1,0,0,0,66.7,5,3,2,1,0,1,0,0,22,0,1,0,0,0,42,0,0,1,0,0,5,4,5,4,1,21.0,0.9,22.3,61.8
2256,2,1,3,0,0,0,40.0,3,0,1,0,0,1,0,0,0,66.7,2,3,2,1,0,1,0,0,22,1,0,0,0,0,0,0,1,0,0,46,1,2,2,2,1,78.4,46.0,74.3,22.2
2257,3,0,2,0,0,1,65.0,3,0,0,1,1,0,0,0,1,100.0,2,3,4,4,1,0,0,0,30,1,1,0,0,0,14,1,1,0,0,76,3,3,5,2,1,80.6,57.8,79.7,47.1
2258,3,0,2,0,1,0,55.0,5,0,1,0,0,0,0,0,0,33.3,5,3,3,3,1,0,0,0,30,0,1,1,0,0,70,1,0,1,0,2,1,4,5,5,2,15.3,0.0,25.1,56.3
2259,0,2,3,0,0,1,65.0,3,0,0,1,0,0,0,1,0,66.7,2,3,4,1,0,1,0,0,22,0,1,0,0,1,0,0,1,0,0,46,3,3,4,1,1,79.6,38.1,77.5,27.5
2260,1,0,0,3,2,0,63.3,5,0,0,1,0,1,0,0,0,66.7,2,2,2,3,0,0,1,1,10,1,1,0,0,0,14,0,0,1,0,0,2,2,1,5,1,45.3,19.8,52.7,43.3
2261,1,0,3,2,0,0,63.3,3,0,0,0,0,0,1,1,1,100.0,4,3,2,4,1,1,0,0,52,1,0,0,0,0,0,0,1,1,0,18,2,3,5,4,1,59.0,32.5,62.4,49.9
2262,1,2,3,0,0,0,40.0,4,1,0,1,1,0,0,0,0,100.0,2,2,3,4,1,1,0,0,52,0,0,1,0,0,28,1,1,0,0,76,5,3,4,2,4,63.4,52.2,58.9,52.1
2263,2,3,0,1,0,0,60.0,3,1,0,0,0,0,0,0,1,66.7,2,2,2,4,1,0,0,0,30,1,0,0,0,1,0,0,1,0,0,46,2,2,5,1,1,81.1,48.8,84.8,22.1
2264,2,3,0,0,1,0,43.3,3,1,0,0,0,0,0,0,0,33.3,2,2,3,1,0,0,0,1,0,1,0,0,0,0,0,1,0,0,0,30,2,2,5,4,1,62.2,36.0,68.6,29.2
2265,3,0,1,2,0,0,63.3,3,1,0,0,0,0,1,0,0,66.7,2,4,4,4,1,0,1,0,64,0,0,1,0,0,28,0,1,1,0,18,3,2,1,4,2,47.7,39.7,60.5,60.7
2266,2,3,1,0,0,0,40.0,3,1,1,0,0,0,1,0,0,100.0,2,2,4,3,1,1,0,0,52,0,1,1,0,0,70,1,0,1,0,2,2,1,2,4,3,27.1,29.5,33.4,65.7
2267,0,3,2,0,1,0,48.3,3,0,1,1,0,0,1,0,0,100.0,4,2,4,3,0,1,0,0,22,1,0,0,0,0,0,1,0,0,0,30,3,4,2,4,3,43.5,13.6,58.1,46.1
2268,0,3,2,1,0,0,63.3,3,0,0,0,0,1,0,0,0,33.3,1,3,2,2,0,1,0,0,22,0,0,1,0,0,28,1,0,1,0,2,1,1,1,1,4,46.0,21.0,43.3,35.9
2269,1,3,2,0,0,0,40.0,1,0,1,0,0,0,0,0,0,33.3,4,1,2,4,1,1,0,0,52,0,1,1,0,0,70,0,1,0,0,46,2,2,5,2,1,64.5,43.4,60.0,28.5
2270,0,0,3,1,0,2,61.7,2,0,0,0,1,0,0,1,0,66.7,5,2,3,3,0,1,0,1,0,0,1,1,0,0,70,1,0,0,1,2,5,4,5,5,2,1.9,0.0,11.0,67.6
2271,2,0,1,0,3,0,55.0,4,0,0,0,1,0,0,0,0,33.3,2,1,2,2,0,1,0,0,22,0,0,0,1,0,20,1,0,0,0,30,3,1,5,5,3,51.2,34.8,57.3,36.4
2272,0,3,2,1,0,0,63.3,2,1,0,0,0,1,0,0,0,66.7,5,1,4,2,0,0,1,1,10,0,0,1,0,1,0,1,0,1,0,2,5,3,2,4,2,32.3,0.0,48.2,39.1
2273,3,1,0,0,0,2,63.3,4,1,0,0,1,0,0,0,0,66.7,2,3,1,4,0,0,1,1,10,1,1,0,0,0,14,0,1,1,0,18,1,3,5,5,2,39.5,21.9,47.2,49.9
2274,1,0,3,0,2,0,55.0,3,0,1,0,0,1,0,1,0,100.0,5,3,3,4,1,1,0,0,52,0,1,0,0,1,0,0,0,1,1,0,5,3,4,2,3,34.8,12.2,47.1,59.9
2275,2,1,0,3,0,0,60.0,4,0,1,0,1,0,0,0,0,66.7,2,1,1,4,0,1,0,0,22,1,0,0,0,1,0,1,1,0,0,76,2,2,2,4,1,80.5,63.2,82.0,28.2
2276,3,2,0,0,0,1,63.3,3,0,1,0,0,0,0,0,0,33.3,1,4,3,4,1,1,0,0,52,1,0,0,0,0,0,0,1,1,0,18,3,3,4,2,1,73.8,37.9,79.4,32.7
2277,3,2,0,0,1,0,43.3,4,0,1,0,0,0,0,0,0,33.3,1,2,4,3,1,0,0,1,6,0,1,0,0,0,42,1,0,0,0,30,3,4,2,2,1,55.2,25.4,62.9,27.7
2278,3,0,1,0,0,2,65.0,3,0,0,0,0,1,1,0,0,66.7,2,3,1,4,1,1,0,0,52,0,0,1,0,0,28,1,1,0,0,76,2,3,5,1,2,78.9,57.3,63.6,37.0
2279,1,0,2,3,0,0,63.3,2,1,0,0,0,0,1,0,0,66.7,4,4,1,4,0,1,0,0,22,0,0,1,1,0,48,0,1,1,0,18,5,4,5,5,4,9.6,3.8,6.2,78.1
2280,3,1,2,0,0,0,40.0,3,1,0,0,0,0,0,0,0,33.3,5,3,2,4,1,0,0,1,6,0,0,1,0,0,28,1,1,0,0,76,3,3,5,2,2,62.2,43.3,65.0,30.0
2281,0,0,2,0,3,1,61.7,4,1,0,0,1,0,0,0,0,66.7,1,4,1,1,0,1,0,0,22,0,1,0,0,0,42,1,0,0,1,2,5,3,2,2,2,48.3,20.3,32.5,56.7
2282,3,2,1,0,0,0,40.0,5,0,0,1,1,0,0,0,0,66.7,2,2,1,1,1,0,0,1,6,1,0,0,0,0,0,1,1,0,0,76,2,3,5,5,1,75.0,51.9,65.6,30.8
2283,3,2,1,0,0,0,40.0,3,0,0,0,0,0,0,0,1,33.3,2,4,3,1,0,0,1,1,10,0,0,0,0,1,0,1,0,1,0,2,3,4,5,2,2,45.7,6.5,48.4,35.6
2284,0,3,2,0,0,1,65.0,3,0,0,0,0,1,1,0,0,66.7,5,3,3,3,1,0,1,0,64,1,0,0,0,1,0,1,1,0,0,76,3,3,5,2,2,80.1,52.8,77.6,33.9
2285,0,1,3,0,2,0,48.3,2,0,1,0,0,0,0,0,0,33.3,4,4,1,3,0,1,0,0,22,0,1,0,1,0,62,1,0,0,1,2,5,2,5,1,2,32.2,10.1,28.7,50.3
2286,2,3,1,0,0,0,40.0,5,0,0,1,1,0,1,0,0,100.0,4,3,3,3,1,0,1,0,64,0,0,1,0,0,28,1,1,0,0,76,3,1,5,2,4,62.5,65.4,61.6,50.3
2287,2,1,0,0,3,0,43.3,3,0,0,0,0,1,0,0,0,33.3,2,3,3,3,1,0,0,0,30,1,0,0,0,1,0,1,1,0,0,76,3,1,1,4,1,87.6,68.9,88.9,26.8
2288,1,0,2,0,0,3,65.0,5,0,1,0,0,0,0,0,0,33.3,4,3,3,2,0,1,0,1,0,1,0,1,0,0,0,1,0,0,0,30,5,3,4,1,3,54.8,12.0,60.4,30.4
2289,3,0,2,0,0,1,65.0,3,0,0,0,1,0,0,1,0,66.7,5,3,1,1,0,0,0,1,0,1,0,0,0,0,0,1,0,0,1,2,2,1,5,1,2,40.3,6.4,45.6,35.6
2290,1,0,3,0,0,2,65.0,1,0,1,0,0,1,1,0,0,100.0,5,2,3,4,0,1,0,0,22,0,1,0,0,0,42,1,0,0,1,2,1,4,4,2,3,21.7,0.0,37.2,54.0
2291,0,3,2,0,1,0,48.3,4,0,0,0,0,0,0,1,1,66.7,5,3,1,4,0,1,1,0,56,0,0,1,0,0,28,0,0,1,0,0,5,4,4,5,2,23.2,17.4,28.1,61.2
2292,1,2,3,0,0,0,40.0,4,0,0,1,0,0,0,0,1,66.7,2,1,3,2,0,1,0,1,0,0,1,0,0,0,42,0,1,0,1,18,3,2,2,4,1,48.9,21.4,51.9,37.8
2293,3,2,0,1,0,0,60.0,2,0,0,0,0,0,0,1,0,33.3,4,2,3,4,1,1,0,0,52,1,0,0,0,0,0,1,0,0,0,30,1,4,4,2,1,68.1,32.5,78.5,15.2
2294,2,0,0,1,0,3,73.3,1,0,0,1,0,0,0,0,0,33.3,5,1,3,3,0,1,0,0,22,0,0,0,0,1,0,1,0,0,0,30,3,2,2,2,2,60.6,18.7,75.1,20.3
2295,0,3,2,0,1,0,48.3,3,0,0,0,1,1,0,0,0,66.7,4,2,4,1,1,0,0,1,6,1,0,0,0,0,0,1,0,0,0,30,2,3,1,2,1,58.1,26.0,69.6,29.3
2296,0,3,2,0,1,0,48.3,1,0,0,0,0,1,0,1,1,100.0,1,4,3,1,1,0,0,0,30,0,1,0,0,0,42,0,0,1,1,0,5,3,5,5,3,24.5,13.1,20.8,80.4
2297,3,0,2,0,1,0,55.0,2,1,0,1,1,0,0,0,0,100.0,2,2,4,3,0,1,1,0,56,0,1,0,0,0,42,1,1,0,0,76,3,3,5,2,1,78.9,64.4,68.3,40.9
2298,2,3,0,1,0,0,60.0,3,0,0,0,0,0,0,0,1,33.3,5,3,4,3,0,1,0,0,22,1,0,1,0,0,0,1,1,0,0,76,3,4,5,5,1,60.1,44.8,71.8,32.3
2299,3,2,0,0,0,1,63.3,3,0,1,0,1,0,1,0,0,100.0,4,4,3,4,1,0,1,0,64,0,1,1,0,0,70,0,1,0,1,18,3,4,5,2,1,37.0,25.1,36.5,69.6
2300,2,0,0,1,0,3,73.3,5,1,0,0,0,1,0,1,0,100.0,4,4,1,4,0,1,1,0,56,0,0,1,0,1,0,0,1,1,0,18,2,4,4,5,4,31.7,14.7,32.6,67.4
2301,0,3,0,0,2,1,61.7,3,0,0,0,1,0,0,0,0,33.3,4,4,3,4,1,1,0,0,52,1,0,0,0,1,0,1,0,0,0,30,3,1,1,4,3,55.8,37.7,67.7,46.0
2302,0,0,2,3,1,0,55.0,4,0,0,0,1,0,0,0,0,33.3,2,3,4,3,1,0,0,1,6,0,0,1,0,0,28,0,1,1,0,18,3,3,4,4,3,36.5,14.0,50.4,48.1
2303,3,1,0,0,0,2,63.3,5,1,0,1,0,0,0,0,0,66.7,2,2,3,1,1,1,0,0,52,1,0,0,0,0,0,1,1,0,0,76,2,4,2,4,2,76.6,54.3,71.3,36.1
2304,0,1,3,2,0,0,63.3,2,0,0,1,1,0,1,0,0,100.0,2,3,3,1,1,1,0,0,52,0,0,0,1,0,20,1,0,0,1,2,3,3,4,4,3,39.7,20.7,31.3,66.2
2305,1,0,0,0,3,2,71.7,2,0,1,0,1,0,1,0,0,100.0,2,2,3,4,0,1,0,0,22,1,1,0,0,0,14,1,0,0,0,30,3,2,2,1,1,69.5,36.2,76.8,36.6
2306,1,3,2,0,0,0,40.0,1,0,0,0,1,0,0,0,0,33.3,4,2,3,4,1,1,0,0,52,0,0,1,0,0,28,1,1,0,0,76,3,2,5,1,1,88.8,59.7,85.4,16.7
2307,1,0,2,3,0,0,63.3,4,1,1,0,0,1,0,0,0,100.0,5,2,3,4,0,1,0,0,22,1,1,0,0,0,14,0,0,0,1,0,1,4,1,4,3,20.7,0.0,42.7,52.1
2308,1,3,0,0,0,2,63.3,1,0,0,0,0,1,1,0,1,100.0,4,2,1,4,0,1,0,1,0,1,0,0,0,1,0,1,1,0,0,76,5,4,5,2,4,50.7,24.2,52.5,48.0
2309,2,0,1,3,0,0,63.3,2,0,0,0,1,0,0,0,1,66.7,2,1,4,3,0,1,0,1,0,1,0,0,0,0,0,1,0,0,0,30,2,2,5,1,1,70.9,33.9,82.4,18.5
2310,0,1,0,0,3,2,61.7,4,1,0,1,0,0,0,0,0,66.7,4,3,3,3,0,0,0,1,0,0,1,0,0,0,42,1,0,1,0,2,5,4,4,4,1,18.9,0.0,32.9,57.1
2311,3,0,2,0,0,1,65.0,1,0,0,1,0,0,0,0,0,33.3,4,1,1,3,0,0,1,0,34,0,0,0,1,0,20,0,1,0,1,18,1,3,5,2,3,49.3,16.3,53.8,19.4
2312,2,0,1,3,0,0,63.3,3,0,0,1,1,0,0,0,0,66.7,5,3,2,1,0,1,0,1,0,0,0,1,0,0,28,1,0,0,0,30,2,1,1,5,1,35.5,23.0,42.0,52.2
2313,3,1,2,0,0,0,40.0,3,0,0,1,1,0,0,0,1,100.0,1,2,2,1,0,1,1,0,56,1,0,0,0,0,0,0,1,0,0,46,3,3,4,2,1,83.7,51.2,66.6,33.6
2314,2,3,1,0,0,0,40.0,3,1,0,0,0,0,0,0,0,33.3,2,4,3,2,1,1,0,0,52,0,1,1,0,0,70,1,1,0,0,76,3,2,4,4,1,63.3,66.2,54.3,54.9
2315,2,3,0,0,1,0,43.3,3,0,1,0,1,0,0,1,0,100.0,1,1,3,4,0,1,1,0,56,0,0,1,0,1,0,1,1,0,0,76,2,1,1,1,1,100.0,74.7,100.0,14.6
2316,0,1,3,0,0,2,65.0,5,1,0,0,0,0,1,0,0,66.7,5,3,3,4,0,0,0,1,0,0,1,0,0,0,42,0,0,1,0,0,5,2,5,5,1,24.5,10.7,39.3,65.4
2317,2,0,1,3,0,0,63.3,3,0,0,0,1,0,0,1,0,66.7,2,4,4,2,1,0,0,0,30,0,1,1,0,0,70,1,0,0,0,30,3,1,4,2,1,49.5,43.9,47.7,60.4
2318,2,3,1,0,0,0,40.0,3,0,0,0,1,0,0,0,0,33.3,1,3,2,3,0,0,0,1,0,1,0,0,0,0,0,1,0,0,1,2,2,1,5,1,1,66.0,26.5,73.0,24.0
2319,3,0,0,2,0,1,73.3,4,0,0,0,1,0,1,0,0,66.7,1,2,3,3,1,0,0,0,30,1,0,0,0,0,0,1,1,0,0,76,3,2,1,2,3,81.6,62.8,81.6,32.9
2320,1,0,2,0,0,3,65.0,2,0,1,0,0,0,0,0,0,33.3,5,4,1,3,0,0,1,0,34,1,1,0,0,0,14,0,0,1,1,0,5,4,5,5,3,19.5,0.4,24.1,57.0
2321,0,0,3,1,2,0,55.0,1,1,1,0,1,0,0,0,0,100.0,4,1,4,3,1,0,0,1,6,1,0,0,0,1,0,0,1,0,0,46,2,4,4,1,2,61.1,20.8,70.1,18.5
2322,0,0,2,3,0,1,61.7,4,0,0,0,0,0,1,0,1,66.7,4,3,3,3,0,0,0,1,0,0,1,1,0,0,70,0,0,1,0,0,5,3,4,5,3,1.5,0.0,13.4,79.5
2323,0,0,2,1,0,3,61.7,2,1,0,0,0,0,1,0,1,100.0,5,4,4,4,0,1,0,1,0,0,1,1,0,0,70,0,0,1,0,0,5,4,2,5,2,0.0,0.0,16.6,89.5
2324,0,0,3,2,0,1,61.7,5,0,0,0,1,0,1,1,0,100.0,5,4,2,4,0,1,0,0,22,0,1,0,0,0,42,0,0,1,1,0,1,2,2,2,2,29.3,9.5,37.2,61.0
2325,1,3,2,0,0,0,40.0,4,0,0,0,0,0,0,1,1,66.7,4,3,1,1,1,0,0,1,6,0,0,1,0,0,28,1,0,0,1,2,5,3,1,4,1,30.8,10.2,27.9,57.3
2326,1,2,3,0,0,0,40.0,3,0,0,0,1,1,0,0,1,100.0,5,4,4,4,0,0,1,1,10,1,0,0,0,0,0,0,1,0,1,18,3,3,5,5,1,36.6,13.4,62.0,56.3
2327,0,2,1,3,0,0,63.3,3,0,0,0,0,1,0,1,1,100.0,5,3,4,4,1,0,0,0,30,0,0,0,0,1,0,1,0,0,1,2,5,2,5,5,2,31.1,9.1,53.6,64.3
2328,0,1,3,0,2,0,48.3,4,0,1,1,0,0,1,0,0,100.0,5,3,1,3,0,1,0,0,22,0,0,1,0,0,28,0,0,1,0,0,5,4,1,5,1,20.8,4.6,24.4,58.9
2329,2,0,0,1,0,3,73.3,3,1,0,0,0,0,1,0,0,66.7,1,4,3,3,0,1,0,1,0,0,0,1,0,1,0,1,0,0,1,2,3,3,4,1,1,53.7,19.9,65.8,38.3
2330,3,1,0,0,0,2,63.3,4,0,1,0,1,0,1,0,0,100.0,5,4,3,3,0,1,0,0,22,0,1,0,0,0,42,1,0,0,0,30,2,2,2,5,4,19.9,16.8,25.4,82.8
2331,2,1,0,3,0,0,60.0,3,0,0,1,0,0,0,1,0,66.7,2,3,3,2,0,1,0,1,0,1,0,0,0,0,0,0,1,0,1,18,3,1,1,2,2,56.1,25.2,63.9,40.8
2332,3,1,0,0,2,0,43.3,5,0,0,1,1,0,0,0,1,100.0,2,3,1,4,1,1,0,0,52,0,0,0,1,0,20,0,0,1,0,0,5,4,5,1,4,37.8,17.1,35.8,55.3
2333,0,1,3,2,0,0,63.3,2,0,0,0,0,1,1,0,0,66.7,2,3,3,4,0,0,0,1,0,1,1,0,0,0,14,0,0,1,0,0,1,4,4,5,3,21.1,2.7,42.3,51.1
2334,2,0,3,0,1,0,55.0,3,0,0,0,1,0,0,0,0,33.3,5,2,3,2,0,1,0,0,22,0,1,1,0,0,70,1,0,1,0,2,3,2,5,2,2,22.8,6.6,32.2,46.9
2335,3,0,1,0,0,2,65.0,1,0,0,0,1,0,1,0,0,66.7,5,1,1,2,0,1,0,0,22,1,0,0,0,1,0,0,1,0,0,46,5,3,2,4,1,58.9,29.9,57.3,25.7
2336,2,1,0,0,0,3,63.3,5,0,0,0,0,0,0,0,1,33.3,5,4,3,3,0,1,0,0,22,0,1,1,0,0,70,0,0,1,1,0,1,3,2,5,3,6.0,1.2,12.0,69.8
2337,2,3,1,0,0,0,40.0,3,0,0,0,0,0,1,0,0,33.3,4,2,3,3,0,1,0,1,0,1,0,0,0,0,0,0,1,0,1,18,2,2,5,5,1,58.4,23.1,72.1,28.4
2338,1,2,3,0,0,0,40.0,4,0,1,1,0,0,0,0,0,66.7,2,3,4,2,0,1,0,1,0,1,0,0,0,0,0,0,0,0,1,0,2,2,2,2,1,51.4,18.1,69.5,31.4
2339,3,1,0,0,2,0,43.3,4,0,0,1,1,0,1,0,0,100.0,4,3,4,3,0,1,0,0,22,0,0,1,0,1,0,1,1,0,0,76,5,4,5,2,2,64.3,45.9,67.0,43.4
2340,0,3,2,1,0,0,63.3,1,0,0,1,0,0,0,0,0,33.3,4,4,3,3,0,1,0,1,0,0,1,0,0,1,0,1,0,0,0,30,1,2,5,4,1,49.9,26.9,67.7,37.7
2341,2,3,1,0,0,0,40.0,4,1,0,0,0,1,0,0,0,66.7,4,3,4,4,0,1,1,0,56,0,1,0,1,0,62,0,0,1,1,0,2,2,1,5,3,24.1,19.8,39.9,66.1
2342,2,1,0,0,3,0,43.3,3,0,0,0,1,0,1,0,1,100.0,5,1,3,4,0,1,0,0,22,0,0,1,1,0,48,1,1,0,0,76,5,1,4,5,1,55.7,60.7,65.2,50.5
2343,3,1,0,2,0,0,60.0,3,0,1,0,0,1,0,0,0,66.7,4,2,2,3,0,1,1,0,56,0,0,1,0,0,28,1,0,0,0,30,1,2,2,2,2,62.8,39.0,64.7,30.6
2344,0,0,1,2,0,3,61.7,5,0,1,1,0,0,0,0,0,66.7,4,4,1,4,1,0,1,0,64,0,1,0,0,0,42,1,1,0,0,76,5,4,1,5,1,58.7,59.1,42.8,61.9
2345,3,0,2,0,0,1,65.0,5,0,0,0,0,1,0,1,0,66.7,4,3,3,4,1,0,0,0,30,0,1,0,0,0,42,1,0,1,0,2,5,2,5,1,3,33.6,13.1,44.3,48.8
2346,0,0,2,1,0,3,61.7,3,0,1,0,1,1,0,0,0,100.0,5,4,1,1,1,0,0,0,30,0,1,0,0,0,42,0,1,0,0,46,5,4,2,4,1,37.5,29.5,23.3,70.6
2347,0,3,2,0,0,1,65.0,3,0,1,0,0,0,0,0,1,66.7,2,2,3,1,0,1,0,1,0,1,0,0,0,0,0,1,0,0,1,2,2,1,5,1,1,67.0,25.1,72.0,24.1
2348,3,0,1,0,2,0,55.0,3,0,0,0,1,0,0,1,1,100.0,4,2,3,1,0,1,0,0,22,1,0,0,0,0,0,1,0,0,0,30,3,3,5,1,1,63.0,26.1,68.2,28.4
2349,1,0,2,0,0,3,65.0,3,0,0,0,1,1,0,0,0,66.7,4,2,4,2,0,0,1,0,34,1,0,0,0,0,0,1,0,0,0,30,3,1,2,4,2,58.0,35.9,76.6,36.2
2350,1,0,3,2,0,0,63.3,4,1,0,0,0,0,0,0,0,33.3,4,2,3,4,1,1,0,0,52,0,0,0,1,0,20,1,0,0,0,30,2,3,1,4,1,58.8,35.6,69.0,26.1
2351,0,1,3,0,2,0,48.3,3,1,0,1,0,0,0,0,0,66.7,2,2,2,2,0,1,0,0,22,1,1,0,0,0,14,1,0,1,0,2,2,2,2,1,4,45.0,14.8,49.1,35.4
2352,0,3,0,1,2,0,53.3,3,0,0,0,0,1,1,0,0,66.7,1,1,1,3,0,1,0,0,22,0,0,1,0,0,28,0,0,0,1,0,1,3,4,4,2,46.0,20.5,40.6,36.7
2353,2,1,3,0,0,0,40.0,1,1,0,1,0,0,0,0,0,66.7,2,2,4,4,1,1,0,0,52,1,0,0,0,0,0,0,0,0,1,0,3,2,4,2,1,70.3,28.0,84.5,25.4
2354,3,2,0,0,1,0,43.3,3,1,1,0,0,0,0,0,0,66.7,2,3,4,4,1,1,0,0,52,0,1,1,0,0,70,1,0,0,0,30,5,3,1,4,3,33.0,33.9,36.4,65.6
2355,3,1,2,0,0,0,40.0,3,0,0,1,0,1,0,0,0,66.7,5,1,3,4,1,1,0,0,52,1,0,0,1,0,0,1,1,0,0,76,3,2,4,5,3,70.6,53.0,76.3,25.9
2356,3,0,0,2,0,1,73.3,3,1,0,0,0,0,0,0,0,33.3,5,4,1,1,0,0,0,1,0,0,1,1,0,0,70,0,0,1,0,0,5,4,4,4,3,0.0,0.0,0.0,77.0
2357,0,2,0,0,1,3,61.7,5,0,0,0,0,1,0,0,0,33.3,4,2,1,2,0,1,0,0,22,0,1,0,0,0,42,1,0,0,0,30,2,4,2,5,3,25.7,18.6,23.6,47.3
2358,0,0,1,2,0,3,61.7,5,0,0,1,1,0,0,1,0,100.0,4,4,3,4,0,1,0,0,22,0,0,0,0,1,0,1,0,0,0,30,5,3,4,5,1,47.7,26.2,59.8,58.0
2359,0,3,0,2,0,1,70.0,2,1,0,0,0,0,0,1,0,66.7,5,3,1,4,0,1,0,1,0,0,0,1,0,0,28,0,0,1,0,0,3,4,4,5,3,12.9,0.0,18.8,66.8
2360,3,1,0,0,0,2,63.3,3,0,0,0,0,0,0,1,0,33.3,1,1,3,2,0,1,0,1,0,1,0,1,0,0,0,1,0,0,0,30,5,3,2,5,4,42.4,14.7,53.1,35.1
2361,0,2,1,3,0,0,63.3,2,0,1,1,0,0,1,0,0,100.0,2,4,2,2,1,0,0,0,30,1,0,0,0,1,0,1,0,0,0,30,1,1,5,5,3,49.6,34.0,53.5,63.1
2362,1,3,2,0,0,0,40.0,2,0,1,0,0,0,0,0,1,66.7,4,2,4,3,1,0,0,0,30,1,0,1,0,0,0,0,1,0,0,46,3,3,4,2,3,61.0,28.6,71.7,31.1
2363,0,1,3,0,0,2,65.0,4,0,1,0,0,0,1,0,0,66.7,2,4,1,3,0,1,1,0,56,1,1,0,0,0,14,0,0,1,0,0,5,2,4,4,4,36.4,25.7,30.0,68.1
2364,2,0,0,1,3,0,63.3,3,0,1,0,0,0,1,0,0,66.7,5,3,1,1,0,1,0,0,22,0,1,1,0,0,70,0,1,1,0,18,2,2,2,5,2,24.5,16.3,14.8,64.5
2365,2,1,0,0,3,0,43.3,1,1,0,0,0,0,1,0,0,66.7,4,2,4,3,1,0,1,0,64,0,1,1,0,0,70,1,1,0,0,76,1,2,2,2,1,71.6,62.7,64.7,42.1
2366,1,3,0,0,0,2,63.3,1,0,0,0,1,0,0,0,0,33.3,4,3,4,4,0,1,0,0,22,0,0,1,1,0,48,0,1,0,0,46,3,3,5,2,3,39.6,28.2,48.3,46.3
2367,1,3,2,0,0,0,40.0,1,0,0,0,1,0,0,1,1,100.0,2,1,1,1,0,1,0,0,22,1,0,0,0,0,0,1,0,0,1,2,2,2,5,1,1,67.1,20.1,62.2,20.3
2368,0,1,0,3,0,2,70.0,3,0,0,0,1,0,0,1,1,100.0,4,4,3,4,1,0,1,0,64,0,1,0,0,0,42,0,0,1,0,0,5,4,2,5,2,22.2,16.8,32.7,79.2
2369,0,0,3,2,0,1,61.7,3,0,0,0,0,1,0,0,0,33.3,2,3,2,4,0,0,0,1,0,0,1,0,0,0,42,0,0,1,0,0,5,4,4,5,4,7.9,0.0,21.8,63.8
2370,2,3,0,0,0,1,63.3,1,0,0,1,0,0,0,0,0,33.3,4,2,2,1,0,1,0,0,22,1,0,0,0,1,0,0,1,0,0,46,2,1,2,5,2,61.6,38.5,62.0,34.1
2371,3,2,0,1,0,0,60.0,3,0,0,0,0,0,0,1,0,33.3,5,3,3,4,0,1,0,0,22,0,1,0,0,0,42,1,1,0,0,76,5,3,2,5,2,46.7,42.2,56.2,51.7
2372,3,1,2,0,0,0,40.0,2,0,0,0,1,0,0,1,1,100.0,2,2,3,3,1,1,0,0,52,1,0,0,0,0,0,1,0,0,0,30,3,2,4,2,2,73.6,46.9,75.3,37.2
2373,3,1,2,0,0,0,40.0,3,0,1,0,1,0,0,0,1,100.0,2,3,3,4,0,1,1,0,56,0,0,1,0,0,28,0,1,1,0,18,2,3,5,2,2,60.0,31.7,63.0,46.4
2374,2,3,1,0,0,0,40.0,2,0,0,0,1,0,0,0,0,33.3,2,1,3,4,0,1,1,0,56,1,0,0,0,0,0,0,1,1,0,18,2,3,4,2,1,78.0,32.2,88.2,7.5
2375,0,0,1,0,2,3,61.7,4,1,0,0,1,0,0,1,0,100.0,2,4,1,4,0,0,0,1,0,0,0,0,1,0,20,1,0,0,0,30,5,3,4,4,4,27.2,19.9,25.3,75.3
2376,3,2,0,1,0,0,60.0,3,0,0,0,0,0,1,0,0,33.3,2,1,4,4,1,1,0,0,52,0,1,1,0,0,70,1,0,0,1,2,3,3,5,2,2,41.2,24.8,52.5,39.9
2377,2,3,0,0,0,1,63.3,2,1,0,0,0,0,1,0,0,66.7,4,2,3,3,0,1,0,0,22,1,1,0,0,0,14,1,0,0,0,30,1,2,1,2,3,53.1,22.2,60.0,35.2
2378,3,2,0,0,0,1,63.3,1,0,0,0,1,0,0,0,1,66.7,1,1,3,2,1,1,0,0,52,0,1,1,0,0,70,1,1,0,0,76,3,4,5,5,1,57.5,61.5,43.9,49.4
2379,0,3,0,1,0,2,70.0,3,0,1,1,0,0,0,0,0,66.7,5,3,1,3,1,1,0,0,52,1,0,0,0,0,0,0,0,1,0,0,5,4,4,5,2,37.9,11.5,40.5,53.3
2380,3,2,0,0,0,1,63.3,3,0,0,0,0,1,1,0,0,66.7,4,1,4,4,0,1,0,1,0,1,0,0,0,0,0,0,1,1,0,18,5,2,4,1,1,65.0,19.0,84.2,15.3
2381,3,1,0,2,0,0,60.0,5,0,0,0,1,0,0,1,0,66.7,4,2,1,4,0,1,0,0,22,0,1,1,0,0,70,0,0,1,1,0,1,4,5,5,2,9.8,2.7,17.2,60.3
2382,1,3,0,0,2,0,43.3,2,1,0,0,0,1,0,0,0,66.7,4,2,3,3,1,0,1,0,64,0,1,0,1,0,62,1,0,1,0,2,2,2,5,4,2,28.3,22.9,35.5,52.2
2383,0,1,0,2,0,3,70.0,2,1,0,0,1,0,0,0,0,66.7,5,3,1,1,1,1,0,0,52,0,1,0,0,0,42,0,0,1,1,0,1,2,4,5,4,16.3,10.6,12.1,64.8
2384,2,3,1,0,0,0,40.0,1,0,0,0,0,0,1,0,0,33.3,5,3,1,4,0,1,0,1,0,0,1,0,0,1,0,0,1,0,0,46,1,2,4,4,2,56.9,20.6,67.9,31.9
2385,3,2,0,1,0,0,60.0,3,0,1,1,1,0,0,0,0,100.0,1,2,2,2,1,0,0,0,30,1,0,0,0,0,0,1,0,0,1,2,2,3,2,2,1,67.9,22.6,63.5,34.4
2386,0,0,1,3,0,2,61.7,3,0,0,0,0,0,0,0,1,33.3,4,3,1,3,0,1,0,0,22,0,1,0,0,0,42,0,0,1,0,0,2,4,1,5,4,11.0,0.0,16.7,60.2
2387,0,2,1,0,0,3,65.0,1,0,0,1,0,0,1,0,1,100.0,4,4,1,2,0,1,0,0,22,0,1,0,0,0,42,1,0,1,0,2,5,2,4,2,3,24.9,9.1,21.3,72.6
2388,3,0,0,2,1,0,63.3,1,0,1,1,0,0,1,0,0,100.0,2,2,3,4,0,1,0,0,22,1,0,1,0,0,0,1,0,0,0,30,3,3,2,2,2,66.1,26.5,70.6,39.5
2389,1,3,0,0,0,2,63.3,4,0,0,1,0,0,0,1,0,66.7,4,1,4,3,0,1,1,0,56,0,1,0,0,0,42,1,0,0,0,30,1,2,4,2,1,60.9,42.3,71.7,23.4
2390,3,0,2,0,1,0,55.0,3,0,0,0,0,0,0,1,0,33.3,5,2,2,3,0,1,0,0,22,0,0,1,0,1,0,0,1,0,0,46,2,3,4,1,3,59.6,25.8,66.7,17.2
2391,3,2,1,0,0,0,40.0,5,0,0,1,0,1,0,0,0,66.7,2,4,1,3,1,1,0,0,52,0,1,0,1,0,62,1,1,0,0,76,2,3,5,2,4,50.2,49.4,31.4,61.4
2392,3,2,0,0,1,0,43.3,3,0,0,0,0,0,1,0,0,33.3,4,2,3,2,0,1,1,0,56,0,1,0,0,0,42,1,0,1,0,2,1,2,4,4,1,45.3,23.2,55.3,31.6
2393,0,3,0,2,1,0,53.3,1,0,0,0,0,1,0,0,0,33.3,5,3,1,3,0,1,0,0,22,0,1,1,0,0,70,0,0,1,0,0,5,4,5,5,4,0.0,0.0,0.0,70.5
2394,1,0,0,3,2,0,63.3,2,0,1,0,0,0,0,0,0,33.3,2,2,4,4,0,1,0,1,0,0,0,0,0,1,0,1,1,0,0,76,3,3,5,2,3,73.0,39.5,77.9,20.4
2395,1,2,0,0,0,3,63.3,4,0,1,1,0,0,0,0,0,66.7,2,2,2,3,0,1,0,0,22,0,0,0,0,1,0,0,0,0,1,0,2,4,5,5,1,41.1,14.7,55.0,38.3
2396,1,2,3,0,0,0,40.0,3,0,0,1,0,0,0,0,1,66.7,5,3,2,3,0,1,0,0,22,0,0,0,1,0,20,1,1,0,0,76,1,3,5,2,3,56.6,34.3,56.0,33.9
2397,3,1,2,0,0,0,40.0,3,0,1,0,1,0,1,0,0,100.0,1,3,4,1,1,1,0,0,52,1,0,1,0,0,0,1,0,0,0,30,2,2,5,1,3,75.0,44.5,72.1,41.1
2398,3,0,1,2,0,0,63.3,4,0,1,0,1,0,1,0,0,100.0,4,2,4,3,1,1,0,0,52,1,0,0,0,1,0,1,1,0,0,76,2,3,4,1,1,87.9,60.8,90.6,28.8
2399,0,3,0,1,0,2,70.0,4,0,0,0,0,1,0,0,1,66.7,5,4,3,4,1,1,0,0,52,0,1,0,0,0,42,0,1,0,1,18,5,4,4,1,3,38.1,13.0,40.1,58.9
2400,0,0,3,2,1,0,55.0,3,0,1,0,0,0,1,1,0,100.0,4,3,1,3,0,1,0,0,22,1,0,1,0,0,0,0,0,1,0,0,5,4,5,4,2,31.6,7.1,40.3,55.9
2401,0,3,0,2,1,0,53.3,3,0,0,0,1,0,1,0,0,66.7,2,1,1,1,0,0,0,1,0,0,1,1,0,0,70,1,0,0,0,30,1,2,2,5,2,36.4,30.0,30.6,47.3
2402,3,1,0,2,0,0,60.0,4,0,0,0,0,0,0,1,0,33.3,1,2,4,2,1,0,0,0,30,0,0,1,0,0,28,1,0,0,1,2,2,2,1,4,4,36.6,20.1,47.8,42.8
2403,2,1,0,3,0,0,60.0,1,0,0,0,0,0,1,1,0,66.7,4,2,3,2,0,0,0,1,0,1,0,0,0,0,0,0,1,0,1,18,3,1,1,2,3,47.0,13.2,60.2,34.1
2404,0,3,2,0,0,1,65.0,4,0,1,0,0,1,0,0,0,66.7,5,2,1,3,1,1,0,0,52,0,0,1,0,0,28,0,0,1,0,0,5,3,5,4,2,31.2,13.4,36.4,55.4
2405,1,2,3,0,0,0,40.0,3,0,0,1,0,0,0,0,0,33.3,1,2,4,4,1,1,0,0,52,1,0,0,0,0,0,1,1,0,0,76,3,1,4,2,1,100.0,76.8,100.0,8.9
2406,0,3,1,2,0,0,63.3,4,0,0,0,0,0,1,0,0,33.3,5,3,4,3,1,0,0,1,6,0,0,1,0,1,0,1,0,0,1,2,2,3,4,4,1,35.3,0.5,59.9,31.9
2407,0,2,1,0,3,0,48.3,3,0,1,1,0,0,1,0,0,100.0,2,4,2,3,0,0,1,0,34,1,0,1,0,0,0,1,1,0,0,76,5,2,1,1,2,87.7,62.4,78.7,48.5
2408,2,3,1,0,0,0,40.0,3,1,0,0,1,0,0,1,0,100.0,2,2,3,4,1,0,1,0,64,0,1,0,0,1,0,0,1,1,0,18,2,4,5,2,3,57.8,25.2,65.9,35.7
2409,0,1,0,3,0,2,70.0,2,0,0,0,0,1,0,1,1,100.0,5,2,4,3,0,1,1,0,56,1,1,0,0,0,14,0,0,0,1,0,3,4,5,5,2,29.2,5.7,45.2,59.0
2410,0,0,3,1,0,2,61.7,3,0,1,1,0,1,0,0,0,100.0,5,4,1,1,0,0,1,0,34,1,0,0,0,0,0,1,1,0,0,76,1,3,5,5,1,59.4,46.0,49.5,51.6
2411,3,0,0,2,0,1,73.3,5,0,1,0,0,0,0,1,0,66.7,5,4,4,3,0,0,1,1,10,1,1,0,0,0,14,1,0,1,0,2,2,3,2,4,1,33.5,9.8,50.8,56.3
2412,2,1,0,0,3,0,43.3,1,1,1,0,0,0,0,0,1,100.0,4,3,3,2,0,0,0,1,0,0,1,1,0,0,70,1,0,0,0,30,5,1,1,4,2,28.2,29.0,24.2,76.7
2413,1,2,0,0,0,3,63.3,4,0,0,1,1,0,0,0,0,66.7,5,4,1,2,0,1,1,0,56,0,1,0,1,0,62,0,0,1,0,0,5,4,2,4,3,6.7,7.3,0.0,82.3
2414,0,2,1,0,0,3,65.0,4,0,0,0,0,0,0,1,0,33.3,5,3,3,1,0,1,0,1,0,0,1,0,0,1,0,0,0,1,0,0,5,2,4,4,1,35.4,7.2,51.3,38.5
2415,0,3,2,0,1,0,48.3,2,0,0,0,0,0,0,1,1,66.7,5,4,1,3,1,1,0,0,52,1,1,0,0,0,14,0,0,1,0,0,2,4,5,4,1,36.5,15.8,39.3,50.8
2416,3,2,0,0,0,1,63.3,3,1,0,0,0,0,0,0,0,33.3,4,1,4,2,1,0,0,0,30,0,0,1,1,0,48,1,0,0,0,30,1,2,1,2,3,41.3,24.7,52.1,33.4
2417,1,3,2,0,0,0,40.0,3,0,0,0,1,0,0,0,0,33.3,2,3,2,2,0,1,0,0,22,0,0,0,1,1,0,0,0,1,0,0,2,2,4,4,1,58.8,14.9,57.8,30.1
2418,0,1,2,0,3,0,48.3,2,0,0,0,1,0,0,0,0,33.3,1,4,3,3,1,0,0,1,6,1,0,0,0,0,0,0,1,0,0,46,3,2,2,2,1,74.2,42.8,79.8,28.0
2419,3,0,1,0,0,2,65.0,4,0,0,0,0,0,1,0,0,33.3,4,4,2,4,0,1,1,0,56,0,1,0,0,0,42,0,0,1,0,0,5,4,5,5,2,27.9,11.9,29.0,62.5
2420,0,2,0,3,0,1,70.0,2,0,1,1,1,0,0,0,0,100.0,5,3,4,4,0,1,0,0,22,0,0,0,0,1,0,0,1,0,0,46,2,3,5,2,1,64.5,29.4,78.1,38.7
2421,0,3,2,0,0,1,65.0,5,1,0,1,0,0,1,0,0,100.0,1,1,4,3,1,0,1,0,64,1,0,0,0,0,0,0,0,0,1,0,1,3,5,4,1,62.6,36.4,75.2,31.4
2422,2,0,1,0,0,3,65.0,3,1,0,1,0,1,0,0,0,100.0,4,3,3,4,1,0,0,0,30,0,0,0,1,0,20,1,0,0,0,30,5,3,5,2,1,52.3,26.3,59.5,52.1
2423,2,1,0,0,0,3,63.3,3,0,1,0,0,0,0,0,0,33.3,5,3,3,2,1,1,0,0,52,0,0,0,1,0,20,1,0,1,0,2,3,2,4,1,1,51.4,22.6,64.0,33.1
2424,0,1,0,0,2,3,61.7,5,0,0,0,0,1,0,0,0,33.3,5,4,3,3,0,1,0,0,22,1,0,1,0,0,0,0,0,1,0,0,5,3,1,1,1,48.2,13.5,63.9,34.7
2425,0,3,0,2,0,1,70.0,3,0,0,1,1,0,1,0,0,100.0,4,4,3,4,0,1,0,0,22,1,1,0,0,0,14,1,0,0,1,2,2,4,4,2,4,26.9,0.0,38.1,61.5
2426,0,1,2,0,3,0,48.3,2,0,0,1,0,0,0,1,1,100.0,1,3,1,1,0,1,0,0,22,1,1,0,0,0,14,0,1,1,0,18,2,3,5,4,2,52.8,28.7,42.2,51.4
2427,3,1,2,0,0,0,40.0,4,0,0,1,0,0,0,0,0,33.3,5,4,3,4,0,0,0,1,0,0,1,0,0,0,42,1,0,1,0,2,2,4,5,4,1,18.0,0.4,39.5,48.7
2428,2,0,3,1,0,0,63.3,3,0,0,0,1,0,0,0,1,66.7,5,3,4,3,1,1,0,0,52,0,0,1,0,1,0,0,1,0,0,46,2,2,4,1,2,71.1,42.4,80.2,29.5
2429,2,1,0,3,0,0,60.0,2,1,0,0,0,1,0,0,1,100.0,5,4,1,3,0,0,0,1,0,0,1,0,0,0,42,0,0,1,0,0,5,3,5,5,2,13.3,0.0,15.1,78.7
2430,1,2,0,3,0,0,60.0,4,0,0,0,1,0,0,0,1,66.7,1,3,3,1,0,1,0,1,0,1,0,0,0,1,0,0,1,0,0,46,3,2,1,1,2,74.5,36.5,73.4,29.6
2431,1,2,0,0,3,0,43.3,2,0,0,0,0,0,1,0,1,66.7,2,3,2,3,1,1,0,0,52,1,0,0,0,0,0,1,1,0,0,76,3,1,5,2,1,95.7,72.7,93.9,26.6
2432,3,1,2,0,0,0,40.0,5,1,0,0,0,0,1,1,0,100.0,2,2,4,1,1,1,0,0,52,1,1,0,0,0,14,1,0,0,1,2,2,2,2,1,2,66.7,32.1,64.4,33.3
2433,0,2,1,3,0,0,63.3,2,0,0,0,1,0,1,0,0,66.7,4,3,1,4,0,1,1,0,56,0,0,0,1,1,0,1,0,0,0,30,1,4,2,1,1,70.0,32.7,71.6,24.6
2434,1,2,3,0,0,0,40.0,3,1,0,1,0,0,0,1,0,100.0,2,3,3,3,0,1,0,0,22,0,1,0,0,0,42,1,0,0,0,30,5,2,2,5,1,45.5,34.6,44.9,67.5
2435,2,1,3,0,0,0,40.0,3,0,0,0,1,0,0,0,1,66.7,5,4,2,4,0,0,1,1,10,1,0,0,0,1,0,1,0,0,0,30,3,1,2,1,3,52.0,21.6,62.5,41.3
2436,1,0,3,2,0,0,63.3,5,0,0,0,0,1,0,0,0,33.3,4,3,3,4,0,1,0,0,22,1,0,0,0,0,0,0,1,0,0,46,3,3,4,1,4,59.2,23.3,69.4,29.2
2437,3,2,1,0,0,0,40.0,1,1,0,0,1,0,1,0,0,100.0,2,3,4,4,0,1,1,0,56,0,0,0,0,1,0,1,0,0,0,30,3,1,2,2,3,66.3,45.5,78.6,45.7
2438,2,1,0,3,0,0,60.0,2,0,1,0,0,0,1,1,0,100.0,2,2,1,4,1,1,0,0,52,0,0,0,0,1,0,0,1,1,0,18,5,1,5,4,1,71.1,42.4,74.4,44.0
2439,1,0,2,0,0,3,65.0,4,0,0,1,0,0,0,0,0,33.3,4,2,3,4,1,0,0,0,30,0,1,0,0,0,42,1,1,0,0,76,5,3,5,2,1,71.6,63.0,72.9,30.9
2440,2,0,0,1,3,0,63.3,1,0,0,1,0,0,0,1,0,66.7,1,3,1,3,1,1,0,0,52,1,0,0,0,1,0,0,0,0,1,0,2,2,1,5,2,49.8,30.8,52.4,50.5
2441,1,0,2,0,3,0,55.0,3,0,0,0,0,0,1,1,0,66.7,4,4,3,4,1,0,1,0,64,0,0,1,1,0,48,0,1,0,1,18,5,3,4,4,3,27.7,22.1,37.9,72.1
2442,0,3,1,0,2,0,48.3,2,0,0,0,1,0,0,0,0,33.3,2,3,4,4,0,1,0,0,22,0,0,0,1,0,20,1,1,0,0,76,3,2,4,2,4,63.9,47.0,70.7,35.3
2443,2,3,1,0,0,0,40.0,3,0,0,0,0,1,0,0,0,33.3,2,3,3,2,0,1,1,0,56,0,1,1,0,0,70,0,1,0,0,46,2,3,4,4,1,56.3,44.3,51.4,45.3
2444,3,1,0,0,0,2,63.3,5,1,1,0,1,0,0,0,0,100.0,1,3,3,4,0,0,0,1,0,0,1,0,0,0,42,0,1,1,0,18,5,2,4,1,2,43.1,25.7,51.5,56.6
2445,3,2,1,0,0,0,40.0,3,0,0,0,1,1,1,0,0,100.0,4,3,2,4,0,1,1,0,56,1,0,0,0,0,0,1,0,0,0,30,1,2,4,2,1,67.0,43.1,74.2,34.8
2446,2,1,0,3,0,0,60.0,3,0,0,0,1,0,0,1,1,100.0,2,3,4,3,1,0,1,0,64,1,0,0,0,0,0,1,0,0,0,30,3,1,1,2,1,80.2,52.2,89.5,39.7
2447,0,0,3,1,2,0,55.0,4,0,0,0,0,0,0,0,1,33.3,5,3,4,4,0,1,0,1,0,0,0,1,0,0,28,0,1,0,1,18,2,4,2,5,4,18.2,2.7,39.2,49.6
2448,0,1,3,0,0,2,65.0,1,0,0,0,1,0,0,0,0,33.3,2,3,4,4,0,0,1,1,10,0,0,0,0,1,0,1,0,0,0,30,5,2,2,4,2,55.5,31.1,71.5,42.6
2449,1,2,3,0,0,0,40.0,1,1,0,1,0,0,0,0,1,100.0,2,4,4,3,0,1,1,0,56,1,0,1,0,0,0,1,1,0,0,76,2,4,5,5,2,66.1,48.2,64.9,56.7
2450,0,2,3,0,1,0,48.3,1,0,0,1,1,0,1,0,0,100.0,5,2,2,1,0,0,0,1,0,1,0,0,0,0,0,1,0,0,0,30,5,1,5,2,1,56.0,24.1,58.2,34.5
2451,0,3,2,1,0,0,63.3,2,0,0,0,1,0,0,0,1,66.7,4,4,4,4,1,1,0,0,52,1,0,0,0,1,0,1,1,0,0,76,5,3,5,2,1,83.6,53.9,86.7,40.8
2452,1,3,2,0,0,0,40.0,1,0,0,0,0,0,1,0,0,33.3,2,3,4,3,0,1,0,1,0,1,0,0,0,0,0,1,0,1,0,2,3,1,5,2,2,53.3,14.4,71.2,28.2
2453,0,2,1,0,3,0,48.3,4,1,0,0,0,1,1,0,0,100.0,5,3,1,4,0,0,1,0,34,0,1,0,0,0,42,0,1,0,0,46,5,4,2,4,3,30.4,24.5,24.1,64.5
2454,0,3,0,0,1,2,61.7,4,0,0,0,0,0,0,1,1,66.7,2,4,2,4,0,1,0,1,0,0,1,0,0,0,42,0,0,1,0,0,5,3,2,5,2,18.0,8.4,26.4,75.0
2455,2,0,3,0,1,0,55.0,1,1,0,0,0,0,1,0,0,66.7,5,2,3,3,0,1,1,0,56,1,0,0,0,0,0,0,1,0,1,18,3,2,5,4,1,58.0,29.7,70.1,34.0
2456,2,1,3,0,0,0,40.0,1,0,0,0,0,0,0,0,1,33.3,5,3,3,2,0,1,0,0,22,1,0,0,0,1,0,1,1,0,0,76,3,4,2,2,2,65.1,37.2,67.1,25.1
2457,1,3,2,0,0,0,40.0,4,0,1,0,0,0,0,0,0,33.3,5,2,2,3,1,0,0,0,30,0,1,1,0,0,70,1,1,0,0,76,5,3,2,4,2,41.1,45.7,38.8,45.3
2458,1,3,2,0,0,0,40.0,3,0,0,1,0,0,1,0,0,66.7,2,2,1,1,1,1,0,0,52,0,1,1,0,0,70,1,1,0,0,76,1,2,5,2,2,73.6,67.8,50.7,36.6
2459,2,3,0,0,1,0,43.3,3,0,0,0,0,0,1,0,0,33.3,4,4,3,3,1,1,0,0,52,1,0,0,0,0,0,0,1,0,0,46,3,3,4,4,2,65.8,39.9,70.7,37.3
2460,2,3,1,0,0,0,40.0,3,1,0,0,0,0,0,1,0,66.7,2,2,4,3,1,1,0,0,52,0,1,0,0,1,0,1,0,0,1,2,5,2,1,1,1,74.9,35.1,86.0,30.4
2461,2,1,0,3,0,0,60.0,4,0,0,0,0,1,0,0,0,33.3,5,4,1,1,0,1,1,0,56,1,1,0,0,0,14,0,0,1,0,0,2,4,4,4,3,33.7,9.2,36.2,47.2
2462,0,3,2,0,0,1,65.0,2,1,0,0,1,1,0,0,0,100.0,5,3,1,1,0,1,0,1,0,0,0,1,0,0,28,0,1,1,0,18,5,4,4,2,2,31.0,5.0,22.7,56.1
2463,3,2,1,0,0,0,40.0,2,0,0,1,0,1,0,0,0,66.7,2,3,3,3,0,0,0,1,0,1,0,0,0,0,0,1,0,0,1,2,5,2,4,5,1,44.6,15.4,62.1,49.5
2464,0,2,3,1,0,0,63.3,4,1,0,0,1,0,1,0,0,100.0,5,4,4,4,1,0,0,1,6,1,0,0,0,1,0,1,0,0,0,30,2,1,5,1,3,46.0,23.6,63.1,51.0
2465,3,2,1,0,0,0,40.0,3,0,1,0,0,0,0,0,0,33.3,4,2,4,3,0,1,1,0,56,0,1,1,0,0,70,1,0,0,0,30,5,3,5,4,1,41.4,33.8,47.0,49.4
2466,3,0,2,1,0,0,63.3,5,0,0,0,0,0,1,0,0,33.3,2,2,4,2,0,1,0,0,22,1,0,1,0,0,0,1,0,0,0,30,2,1,5,4,1,68.3,44.3,79.3,27.4
2467,3,1,0,2,0,0,60.0,3,1,0,0,0,1,0,0,0,66.7,4,1,1,4,0,1,0,1,0,1,0,0,0,0,0,0,1,0,0,46,2,1,4,4,1,67.1,38.8,75.2,20.2
2468,0,0,1,3,2,0,55.0,5,0,1,0,0,1,0,0,1,100.0,1,3,2,3,0,0,1,0,34,0,1,0,0,0,42,1,0,0,1,2,5,4,4,5,4,15.5,8.4,13.8,78.0
2469,1,0,0,0,2,3,71.7,1,0,0,1,0,0,1,0,0,66.7,1,1,1,4,0,1,0,0,22,1,0,0,1,0,0,1,1,0,0,76,1,4,1,4,1,84.1,47.9,81.3,22.3
2470,1,0,3,0,0,2,65.0,2,1,0,1,0,0,0,1,0,100.0,2,2,4,1,0,1,1,0,56,1,0,0,0,0,0,1,1,0,0,76,2,1,5,1,1,99.2,72.3,93.4,26.3
2471,1,0,3,0,2,0,55.0,2,0,0,0,1,0,1,1,0,100.0,4,2,3,1,0,1,0,0,22,1,0,0,0,0,0,1,0,0,0,30,2,1,5,2,3,53.5,21.9,60.4,37.6
2472,3,0,0,2,0,1,73.3,3,0,0,1,0,0,0,0,0,33.3,2,1,3,2,1,0,1,0,64,0,0,0,1,1,0,0,1,1,0,18,5,1,5,2,3,71.8,40.3,77.0,21.8
2473,1,0,2,0,3,0,55.0,3,0,0,1,0,0,0,0,0,33.3,4,2,3,2,1,0,0,0,30,1,0,0,0,0,0,0,1,0,1,18,2,2,5,2,1,63.1,27.1,74.4,23.5
2474,1,0,3,0,0,2,65.0,3,0,0,0,1,0,1,0,0,66.7,4,4,3,1,0,1,0,0,22,1,0,0,0,1,0,1,0,0,0,30,3,1,1,2,1,67.7,39.0,70.7,38.2
2475,3,2,1,0,0,0,40.0,3,1,0,0,0,0,0,0,0,33.3,1,2,4,3,0,1,0,0,22,1,0,0,1,0,0,1,0,1,0,2,5,2,1,5,1,56.9,25.1,74.1,24.8
2476,2,0,1,0,0,3,65.0,3,0,0,0,0,0,1,0,0,33.3,2,2,3,3,0,1,0,1,0,1,0,0,0,0,0,0,0,1,1,0,1,3,1,4,2,43.5,9.9,58.9,30.9
2477,0,1,3,0,2,0,48.3,2,1,0,0,1,0,1,0,0,100.0,2,3,3,2,0,1,1,0,56,1,1,0,0,0,14,1,1,0,0,76,3,3,5,2,1,83.3,57.8,68.4,37.0
2478,1,2,3,0,0,0,40.0,1,0,0,1,0,0,0,0,0,33.3,2,3,3,4,1,0,0,0,30,1,0,0,0,0,0,1,1,0,0,76,2,1,2,2,1,96.1,71.2,100.0,16.4
2479,0,2,1,3,0,0,63.3,3,0,1,0,0,0,0,0,0,33.3,5,1,2,4,1,0,1,0,64,1,0,0,0,0,0,0,0,0,1,0,5,1,5,2,1,64.0,26.7,76.4,22.4
2480,0,0,3,0,1,2,61.7,1,0,0,1,1,0,0,0,0,66.7,1,3,2,3,1,0,1,0,64,1,0,0,0,0,0,1,1,0,0,76,1,1,1,1,3,96.3,70.4,87.5,27.8
2481,0,1,0,0,2,3,61.7,3,0,0,0,1,0,0,0,0,33.3,5,3,3,4,0,0,0,1,0,0,1,0,0,0,42,1,0,1,0,2,5,3,4,2,4,15.5,0.0,36.1,48.4
2482,3,2,0,0,0,1,63.3,1,0,0,0,1,1,1,0,0,100.0,4,3,3,4,0,1,0,0,22,0,1,0,0,0,42,1,0,1,0,2,1,4,4,4,2,21.3,6.1,34.7,63.8
2483,0,1,0,2,3,0,53.3,2,0,1,1,0,0,0,0,0,66.7,2,1,3,3,1,0,1,0,64,1,0,0,1,0,0,1,0,0,0,30,3,1,5,5,1,83.3,54.8,84.9,27.6
2484,0,0,1,3,0,2,61.7,5,0,0,0,0,1,0,1,0,66.7,5,2,3,2,0,0,1,0,34,0,1,0,0,0,42,0,1,0,1,18,5,3,5,2,1,44.8,21.9,49.6,41.5
2485,0,0,2,1,3,0,55.0,3,1,0,0,1,0,0,0,0,66.7,4,4,3,4,0,1,0,0,22,0,1,1,0,0,70,0,1,0,0,46,5,3,2,5,4,14.9,17.2,16.7,87.1
2486,0,0,1,3,0,2,61.7,4,0,0,0,0,1,0,0,0,33.3,5,3,1,1,0,1,0,0,22,0,1,0,0,0,42,0,1,0,0,46,1,3,5,5,4,28.9,24.9,26.9,48.4
2487,1,0,0,0,3,2,71.7,3,0,0,0,1,0,1,0,0,66.7,4,2,2,1,0,1,0,0,22,0,0,0,1,1,0,1,0,0,1,2,3,2,5,4,1,48.8,15.3,59.3,34.8
2488,0,0,3,2,1,0,55.0,4,0,1,0,0,0,1,0,1,100.0,5,4,2,3,0,1,0,0,22,0,1,0,0,0,42,0,0,1,1,0,3,4,4,2,3,15.4,0.0,18.8,69.1
2489,0,1,0,3,0,2,70.0,3,1,0,0,0,0,1,0,0,66.7,2,2,3,4,1,1,0,0,52,1,0,1,0,0,0,1,1,0,0,76,3,2,4,1,4,82.1,54.9,80.6,30.2
2490,1,3,0,0,2,0,43.3,3,0,0,0,1,0,0,0,0,33.3,4,3,3,3,0,1,0,1,0,1,0,0,0,0,0,1,0,0,0,30,3,3,2,4,1,52.6,24.0,69.7,25.2
2491,1,3,2,0,0,0,40.0,3,1,0,0,1,0,1,0,0,100.0,2,2,3,3,0,1,0,1,0,0,0,0,0,1,0,1,0,0,1,2,2,1,2,2,1,58.5,22.6,69.9,34.0
2492,2,0,1,0,3,0,55.0,5,0,1,0,0,0,1,1,0,100.0,5,3,3,4,0,1,0,0,22,0,1,1,0,0,70,0,0,1,0,0,2,3,5,5,3,5.3,6.6,17.2,75.3
2493,0,3,2,1,0,0,63.3,5,1,0,0,0,0,0,0,0,33.3,5,3,1,2,0,0,0,1,0,0,1,0,0,0,42,1,0,0,0,30,5,3,4,4,3,23.1,11.6,21.4,53.7
2494,3,2,0,1,0,0,60.0,2,0,0,0,0,0,0,0,1,33.3,5,4,3,4,0,1,1,0,56,0,0,0,0,1,0,1,0,1,0,2,1,4,4,2,4,36.0,0.0,47.8,40.0
2495,2,0,1,3,0,0,63.3,1,0,1,1,0,0,0,0,0,66.7,2,3,1,4,0,1,0,0,22,1,1,0,0,0,14,1,0,0,0,30,3,1,2,2,2,59.2,34.6,57.3,41.2
2496,3,0,0,1,2,0,63.3,2,0,0,1,0,0,0,0,0,33.3,5,4,4,4,0,1,0,0,22,0,0,1,1,0,48,0,0,1,0,0,3,3,4,2,4,13.4,0.0,34.0,59.4
2497,3,2,0,0,1,0,43.3,4,0,0,0,0,0,0,0,1,33.3,4,4,1,3,0,1,0,0,22,0,1,1,0,0,70,0,1,0,0,46,5,4,2,1,3,36.5,22.3,24.0,54.8
2498,3,1,2,0,0,0,40.0,3,1,0,0,1,0,1,0,0,100.0,2,4,3,2,1,1,0,0,52,0,1,0,0,0,42,0,1,0,0,46,3,2,4,4,3,48.3,46.7,38.7,71.9
2499,0,0,1,3,0,2,61.7,3,0,0,1,0,1,1,0,0,100.0,4,3,4,3,1,0,1,0,64,0,1,1,0,0,70,1,1,0,0,76,3,1,2,2,4,50.6,57.1,46.6,68.4
2500,0,0,1,0,2,3,61.7,4,0,0,0,0,0,1,0,0,33.3,5,4,4,1,0,0,0,1,0,1,0,1,0,0,0,1,0,1,0,2,1,4,2,5,2,27.0,0.0,48.7,41.5
2501,0,3,1,0,0,2,65.0,5,0,0,0,0,0,1,0,0,33.3,5,4,3,3,0,0,0,1,0,0,1,0,0,0,42,1,1,0,0,76,5,4,2,4,1,45.2,33.3,48.5,51.9
2502,2,1,0,0,0,3,63.3,3,0,1,0,0,0,0,0,1,66.7,5,1,3,2,1,1,0,0,52,1,0,0,0,0,0,1,0,0,1,2,3,3,1,4,1,50.4,16.7,60.8,30.8
2503,1,2,3,0,0,0,40.0,1,0,0,0,1,1,0,0,1,100.0,1,3,3,2,1,0,0,0,30,0,0,0,1,1,0,0,1,0,0,46,1,2,1,4,1,73.2,51.5,72.5,38.1
2504,2,3,0,0,1,0,43.3,3,0,1,0,1,0,1,0,0,100.0,2,1,3,2,1,1,0,0,52,1,0,0,0,1,0,1,1,0,0,76,1,2,4,2,1,98.2,72.8,98.3,14.8
2505,0,2,1,0,0,3,65.0,3,0,1,1,0,1,0,0,0,100.0,4,1,4,4,1,0,0,1,6,0,0,0,0,1,0,1,1,0,0,76,5,3,4,4,2,65.3,41.0,76.0,37.3
2506,0,0,3,1,0,2,61.7,5,0,0,0,1,0,0,0,0,33.3,5,3,2,3,0,1,0,0,22,0,0,0,1,0,20,1,0,1,0,2,1,4,2,4,4,19.3,0.0,29.5,47.1
2507,1,2,3,0,0,0,40.0,4,0,0,0,1,0,0,0,0,33.3,4,4,1,2,1,1,0,0,52,0,0,1,1,0,48,1,1,0,0,76,3,3,4,5,2,54.7,56.3,40.9,52.9
2508,0,2,0,0,1,3,61.7,1,0,1,0,1,0,0,0,0,66.7,2,1,3,4,0,1,0,0,22,0,0,1,0,0,28,0,0,1,1,0,5,2,1,1,4,34.3,8.4,49.0,42.5
2509,3,0,2,1,0,0,63.3,5,1,0,0,0,0,0,0,0,33.3,4,3,4,3,0,1,0,0,22,0,0,1,0,0,28,1,0,0,0,30,5,4,2,4,1,45.1,30.7,60.0,46.0
2510,0,1,3,0,0,2,65.0,5,0,0,1,0,1,0,0,0,66.7,4,4,1,3,1,0,1,0,64,1,0,0,0,0,0,0,0,1,0,0,2,4,2,5,2,39.6,21.1,38.5,61.8
2511,2,1,3,0,0,0,40.0,1,0,1,0,0,1,0,0,0,66.7,2,3,2,3,1,0,0,0,30,1,0,0,0,0,0,1,0,0,0,30,3,2,2,1,2,72.7,33.9,71.6,28.9
2512,0,0,2,3,1,0,55.0,1,0,0,0,0,0,1,0,0,33.3,2,3,3,4,1,0,0,1,6,1,0,0,0,0,0,1,0,0,0,30,5,2,5,1,2,67.1,26.7,81.1,28.8
2513,1,3,0,0,2,0,43.3,3,1,0,0,0,0,0,0,0,33.3,4,2,3,4,1,1,0,0,52,1,0,0,0,0,0,1,1,0,0,76,5,1,4,2,2,89.8,63.3,93.1,18.7
2514,2,0,0,3,0,1,73.3,5,0,0,1,1,0,0,0,0,66.7,2,4,3,4,0,0,1,1,10,0,1,1,0,0,70,0,1,1,0,18,1,4,5,4,1,28.3,23.1,31.3,65.9
2515,2,1,3,0,0,0,40.0,3,0,0,0,0,0,1,0,0,33.3,4,3,3,1,0,1,0,1,0,1,0,1,0,0,0,1,0,1,0,2,1,2,2,2,3,43.0,7.3,51.7,24.7
2516,3,1,2,0,0,0,40.0,3,0,1,0,0,0,1,0,0,66.7,2,3,4,3,0,1,0,1,0,1,0,0,1,0,0,1,0,1,0,2,3,2,4,5,1,45.7,17.6,65.1,43.0
2517,0,1,3,2,0,0,63.3,3,0,0,0,0,1,1,0,0,66.7,4,2,3,3,0,1,0,1,0,0,1,0,0,0,42,0,0,1,1,0,3,1,2,5,2,24.5,12.8,38.4,61.7
2518,3,0,1,0,2,0,55.0,3,0,0,1,0,0,0,1,1,100.0,2,2,4,3,1,1,0,0,52,1,0,1,0,0,0,1,0,0,0,30,3,2,5,2,2,70.3,35.6,74.7,37.4
2519,1,2,0,3,0,0,60.0,1,1,0,0,0,0,0,0,1,66.7,4,2,1,2,0,0,1,1,10,1,0,0,0,0,0,1,0,0,0,30,3,2,2,4,3,41.1,16.9,43.2,35.6
2520,0,2,0,0,1,3,61.7,2,1,0,0,0,1,0,0,1,100.0,5,4,1,1,0,1,0,0,22,1,1,0,0,0,14,0,1,1,0,18,1,3,1,2,4,27.4,10.1,23.1,56.3
2521,1,3,0,0,0,2,63.3,2,0,1,0,0,0,0,1,1,100.0,4,2,3,1,0,1,1,0,56,0,0,1,0,0,28,1,1,0,0,76,3,3,5,2,3,69.6,46.3,55.5,42.4
2522,1,2,3,0,0,0,40.0,3,0,0,1,0,0,0,0,0,33.3,5,1,3,4,0,1,0,1,0,1,0,1,0,0,0,1,1,0,0,76,5,3,4,1,2,75.9,31.4,85.8,10.4
2523,0,2,0,0,3,1,61.7,3,1,0,0,0,0,1,0,0,66.7,5,4,1,3,0,0,1,0,34,0,1,0,1,0,62,1,0,0,0,30,5,4,4,5,3,7.6,13.4,9.0,79.6
2524,2,0,3,1,0,0,63.3,3,0,1,0,1,0,0,1,0,100.0,2,3,3,2,0,1,0,1,0,1,0,0,0,0,0,1,0,0,0,30,5,1,2,1,1,69.0,36.9,69.9,47.6
2525,2,3,0,1,0,0,60.0,2,0,1,0,0,1,0,0,0,66.7,4,2,4,3,0,1,1,0,56,1,0,1,0,0,0,1,1,0,0,76,1,2,4,1,2,88.8,58.9,93.6,17.8
2526,3,0,1,0,2,0,55.0,3,0,0,0,0,1,1,1,0,100.0,2,3,4,1,0,1,1,0,56,1,0,1,0,0,0,1,0,0,0,30,5,2,4,5,2,59.0,39.5,64.1,60.2
2527,3,0,0,0,2,1,71.7,3,1,1,0,1,0,0,0,0,100.0,2,3,3,2,0,1,0,0,22,0,0,0,0,1,0,1,0,1,0,2,5,2,1,5,1,50.6,20.9,56.7,61.2
2528,3,2,1,0,0,0,40.0,1,0,1,0,1,0,1,0,0,100.0,4,3,1,4,0,0,1,0,34,0,0,1,1,0,48,1,0,0,0,30,5,4,5,5,4,16.3,9.9,14.7,74.5
2529,1,3,0,2,0,0,60.0,5,0,1,1,0,1,0,0,0,100.0,4,4,1,4,0,1,0,0,22,0,0,1,0,0,28,1,0,1,0,2,5,4,2,5,4,7.1,0.0,12.1,86.2
2530,1,3,0,2,0,0,60.0,2,0,1,0,1,0,1,0,0,100.0,2,1,4,4,1,1,0,0,52,1,0,0,0,0,0,1,0,0,0,30,1,3,4,2,2,68.0,34.4,78.4,30.8
2531,3,2,0,1,0,0,60.0,3,1,0,0,1,0,1,0,0,100.0,2,4,3,2,0,1,0,1,0,1,0,0,0,0,0,0,1,0,0,46,3,2,2,1,2,60.5,33.9,60.6,50.6
2532,0,0,1,2,0,3,61.7,5,0,0,1,0,0,1,0,0,66.7,4,3,4,3,0,1,0,0,22,0,1,0,0,0,42,0,0,1,0,0,1,3,2,5,2,21.5,9.1,38.4,57.6
2533,3,0,0,2,1,0,63.3,3,0,0,0,0,1,1,0,0,66.7,5,2,2,2,0,1,0,0,22,1,0,0,0,0,0,1,0,0,0,30,3,2,1,2,2,52.9,21.6,55.6,29.3
2534,3,2,0,0,0,1,63.3,4,1,0,0,1,0,0,0,0,66.7,4,3,2,4,0,1,0,0,22,1,0,0,0,1,0,0,1,1,0,18,3,2,5,4,3,40.3,21.6,51.7,45.3
2535,1,0,3,2,0,0,63.3,3,0,1,1,0,0,0,0,1,100.0,4,2,4,3,0,1,0,1,0,1,0,1,0,0,0,0,1,0,0,46,5,2,2,5,3,40.5,25.6,62.5,53.4
2536,1,0,0,2,0,3,73.3,3,0,0,0,0,0,1,0,0,33.3,4,1,3,3,1,0,0,1,6,1,1,0,0,0,14,0,0,0,1,0,5,2,5,1,3,42.8,4.1,63.4,23.2
2537,3,1,2,0,0,0,40.0,4,0,0,1,0,0,0,0,0,33.3,2,2,1,4,0,1,0,1,0,1,0,0,0,0,0,1,0,0,0,30,2,3,5,2,1,74.5,28.4,78.9,11.3
2538,2,3,0,1,0,0,60.0,3,1,0,1,0,0,0,0,0,66.7,5,3,4,4,1,0,1,0,64,0,1,1,0,0,70,1,1,0,0,76,2,4,5,2,1,62.4,52.5,58.0,45.4
2539,3,1,2,0,0,0,40.0,3,0,0,0,1,0,0,0,0,33.3,2,2,3,2,0,1,0,0,22,0,1,0,0,0,42,0,1,1,0,18,5,4,4,4,4,28.8,9.9,33.7,46.5
2540,1,0,0,2,3,0,63.3,3,0,1,0,0,0,1,1,0,100.0,1,3,4,3,0,1,0,1,0,1,1,0,0,0,14,1,0,0,1,2,2,3,1,4,1,44.5,15.8,57.1,50.8
2541,1,2,0,0,0,3,63.3,4,1,0,1,0,0,0,0,0,66.7,4,4,3,3,0,0,1,0,34,0,0,1,0,0,28,0,0,1,0,0,5,4,4,5,3,15.3,7.3,30.8,71.5
2542,2,3,0,1,0,0,60.0,3,0,0,0,1,0,1,0,0,66.7,2,3,4,1,0,1,0,1,0,1,0,0,0,0,0,1,0,0,0,30,3,2,2,1,1,61.0,29.7,72.4,30.1
2543,1,2,0,3,0,0,60.0,3,0,0,0,0,0,1,0,0,33.3,2,2,3,4,0,1,1,0,56,0,1,1,0,0,70,1,1,0,0,76,1,4,4,4,2,58.1,56.9,58.8,40.0
2544,0,0,1,2,0,3,61.7,4,1,0,0,0,1,1,0,0,100.0,4,4,1,4,1,0,0,0,30,1,0,0,0,0,0,0,0,1,0,0,5,4,4,5,3,22.6,2.6,26.4,77.6
2545,0,0,0,1,2,3,55.0,4,1,0,1,0,0,1,0,0,100.0,4,3,1,4,0,1,0,1,0,0,1,0,0,0,42,0,0,1,0,0,2,3,4,4,1,21.2,3.3,27.2,59.1
2546,1,3,2,0,0,0,40.0,5,0,0,0,1,0,1,1,0,100.0,2,3,3,3,0,0,0,1,0,1,0,1,0,0,0,0,0,1,0,0,3,3,1,4,4,25.5,5.4,43.3,56.4
2547,3,0,2,0,1,0,55.0,3,0,0,0,0,1,0,0,0,33.3,2,4,2,1,1,1,0,0,52,1,0,0,1,0,0,0,0,0,1,0,2,2,4,4,2,57.5,26.7,56.7,42.7
2548,2,1,3,0,0,0,40.0,3,1,1,0,0,0,0,0,0,66.7,4,3,3,4,0,1,1,0,56,0,1,1,0,0,70,0,1,0,0,46,5,4,4,5,2,34.6,35.5,35.2,69.3
2549,3,2,1,0,0,0,40.0,2,0,1,0,0,0,0,0,0,33.3,2,3,3,1,0,1,0,0,22,1,0,0,0,0,0,0,1,0,1,18,2,3,4,4,1,59.7,23.1,60.9,32.3
2550,3,0,2,1,0,0,63.3,2,0,0,0,1,1,0,0,0,66.7,4,2,3,4,1,1,0,0,52,1,0,0,0,1,0,1,0,1,0,2,2,3,4,5,4,33.9,10.3,52.0,50.5
2551,0,2,0,3,0,1,70.0,4,0,0,0,1,1,1,0,0,100.0,5,4,3,3,0,0,1,0,34,0,1,0,0,0,42,1,0,1,0,2,5,4,2,4,2,11.1,0.0,22.1,76.4
2552,0,0,2,0,1,3,61.7,3,0,1,0,1,0,0,0,0,66.7,4,4,3,4,0,1,0,1,0,0,1,0,0,0,42,0,0,1,1,0,1,4,5,4,3,14.1,0.0,28.9,61.0
2553,2,1,0,3,0,0,60.0,2,0,1,1,0,0,0,0,0,66.7,2,3,3,4,0,1,0,0,22,1,0,0,0,0,0,0,1,0,1,18,2,1,4,5,1,54.1,35.0,68.1,47.9
2554,3,1,2,0,0,0,40.0,2,0,0,0,0,1,0,1,0,66.7,4,4,4,3,0,1,0,1,0,0,0,1,1,0,48,0,0,1,0,0,1,1,1,1,1,36.1,13.2,49.9,50.9
2555,3,2,0,0,0,1,63.3,2,0,0,0,0,0,1,0,0,33.3,4,3,1,4,1,1,0,0,52,0,1,1,0,0,70,1,1,0,0,76,1,3,4,2,2,61.1,48.1,47.8,45.4
2556,0,2,3,1,0,0,63.3,3,0,1,0,0,0,0,0,0,33.3,2,2,3,2,1,0,0,0,30,1,0,1,0,0,0,1,1,0,0,76,2,2,5,4,4,67.8,48.1,71.0,31.7
2557,2,1,0,0,0,3,63.3,2,0,0,0,1,0,0,0,1,66.7,5,2,3,3,1,0,0,0,30,0,0,0,0,1,0,1,1,0,0,76,2,3,5,5,1,68.1,43.1,71.3,31.4
2558,0,0,2,0,1,3,61.7,3,1,0,0,0,0,1,0,0,66.7,2,3,3,2,0,1,0,0,22,1,1,0,0,0,14,0,1,0,1,18,1,4,5,4,4,38.2,8.9,42.1,49.7
2559,2,0,3,0,0,1,65.0,2,0,0,0,0,0,1,0,0,33.3,4,4,4,3,1,1,0,0,52,0,1,0,0,0,42,0,1,0,1,18,5,3,4,4,1,42.0,23.6,49.6,56.7
2560,2,3,0,0,1,0,43.3,4,0,0,1,0,0,0,0,0,33.3,2,3,1,4,1,0,1,0,64,1,1,0,0,0,14,1,0,0,0,30,3,2,5,4,3,57.7,44.1,58.8,36.3
2561,1,2,3,0,0,0,40.0,4,1,0,0,1,0,0,0,0,66.7,1,4,3,3,1,0,0,1,6,0,0,0,1,0,20,1,1,0,0,76,2,3,5,2,4,64.4,40.1,55.3,47.7
2562,0,0,2,1,0,3,61.7,5,0,0,0,0,0,0,0,1,33.3,5,3,1,4,0,1,0,1,0,0,1,0,0,0,42,1,0,1,0,2,2,4,5,5,3,8.4,0.0,21.6,56.9
2563,3,0,1,0,0,2,65.0,3,0,0,1,0,0,1,0,0,66.7,2,4,2,4,0,0,1,0,34,1,0,0,0,0,0,1,0,0,0,30,2,3,5,2,4,58.2,22.9,61.8,45.9
2564,0,1,2,0,0,3,65.0,5,0,0,0,0,1,0,0,0,33.3,4,3,4,4,0,1,0,1,0,0,1,1,0,0,70,0,0,1,1,0,5,4,5,5,3,0.8,0.0,20.0,68.3
2565,2,1,0,3,0,0,60.0,3,0,0,1,0,0,1,0,0,66.7,5,1,2,4,1,1,0,0,52,0,0,1,1,0,48,1,1,0,0,76,1,4,5,4,2,54.2,49.2,46.8,40.3
2566,1,3,0,0,0,2,63.3,3,0,0,0,1,0,1,0,1,100.0,4,1,3,2,1,0,0,0,30,1,1,0,0,0,14,0,1,0,0,46,1,3,2,1,1,74.3,38.7,72.7,23.0
2567,0,2,1,0,0,3,65.0,1,0,0,1,1,0,0,1,0,100.0,5,2,1,2,0,1,0,1,0,0,1,0,0,0,42,0,0,1,1,0,2,4,4,1,3,21.7,0.0,20.4,48.9
2568,0,1,0,2,0,3,70.0,5,1,0,0,0,0,0,0,0,33.3,4,3,4,3,0,1,1,0,56,1,0,0,0,0,0,1,0,0,0,30,3,3,2,4,1,68.3,42.9,83.1,31.6
2569,1,3,0,0,0,2,63.3,5,0,0,0,0,0,1,0,0,33.3,4,2,3,2,1,1,0,0,52,0,0,0,1,1,0,0,0,1,0,0,5,4,5,5,4,27.0,4.5,36.7,49.4
2570,3,1,2,0,0,0,40.0,2,0,1,0,0,1,1,0,0,100.0,1,1,4,2,0,1,1,0,56,0,0,1,1,0,48,1,1,0,0,76,3,3,5,5,2,62.9,58.7,59.8,51.6
2571,3,1,2,0,0,0,40.0,4,0,0,0,0,0,0,1,0,33.3,2,4,4,3,0,1,0,1,0,0,1,0,0,0,42,0,1,0,0,46,5,4,5,5,2,33.7,28.5,43.0,64.1
2572,0,1,0,0,3,2,61.7,3,0,0,0,1,0,1,0,0,66.7,2,1,4,1,0,0,0,1,0,1,0,0,0,0,0,0,0,1,0,0,3,2,4,2,1,59.3,15.1,67.9,22.0
2573,3,0,2,0,1,0,55.0,5,1,0,0,0,0,0,0,0,33.3,2,2,2,1,0,1,0,0,22,1,0,0,0,0,0,1,0,0,1,2,3,2,2,2,2,60.0,22.5,61.4,22.2
2574,3,2,1,0,0,0,40.0,3,0,1,0,0,0,0,0,0,33.3,4,1,3,2,0,1,0,0,22,1,0,0,0,1,0,1,0,0,0,30,1,2,5,1,1,75.1,34.5,82.4,0.0
2575,1,3,0,2,0,0,60.0,3,0,0,1,1,0,0,0,0,66.7,2,2,3,3,1,1,0,0,52,1,0,0,0,0,0,0,1,1,0,18,2,3,5,2,2,67.9,33.7,73.5,27.7
2576,2,3,0,0,0,1,63.3,3,0,0,0,1,0,1,0,0,66.7,1,2,2,3,0,0,0,1,0,1,0,0,0,0,0,1,0,0,0,30,3,2,1,1,1,75.1,36.2,73.1,24.7
2577,2,3,0,1,0,0,60.0,3,0,1,0,1,0,0,0,0,66.7,5,4,1,2,0,1,0,1,0,0,0,1,0,0,28,1,0,0,1,2,2,2,5,5,1,26.0,5.2,31.9,56.1
2578,0,2,3,1,0,0,63.3,2,1,1,0,0,0,0,0,0,66.7,4,3,1,2,0,1,0,1,0,0,1,0,0,0,42,1,0,1,0,2,5,3,2,2,2,28.4,0.0,25.7,50.3
2579,3,0,0,1,0,2,73.3,4,1,0,0,0,0,0,0,1,66.7,2,2,3,4,0,0,1,1,10,0,1,1,0,0,70,1,0,0,0,30,3,3,5,4,3,28.9,17.8,29.6,61.2
2580,2,0,3,0,0,1,65.0,5,0,1,0,0,0,0,0,0,33.3,5,4,4,4,0,1,0,0,22,0,0,1,0,0,28,0,1,1,0,18,3,4,4,4,2,28.3,8.7,48.7,52.2
2581,1,3,0,0,0,2,63.3,5,0,0,0,0,1,0,0,1,66.7,2,4,4,4,0,1,0,0,22,0,0,0,1,0,20,1,0,0,1,2,5,4,5,4,4,25.0,3.6,35.1,66.5
2582,2,1,0,0,3,0,43.3,3,0,0,0,1,0,0,0,0,33.3,2,2,3,2,1,0,0,1,6,0,0,0,0,1,0,1,0,1,0,2,5,1,4,5,4,39.3,11.1,51.0,41.5
2583,1,2,3,0,0,0,40.0,3,0,0,0,1,0,0,0,0,33.3,2,3,3,2,0,1,1,0,56,1,0,0,0,0,0,1,0,0,1,2,2,1,4,1,4,67.1,26.6,73.4,24.1
2584,0,0,1,3,0,2,61.7,5,1,0,0,1,0,0,0,0,66.7,4,4,3,4,0,1,0,0,22,0,1,1,0,0,70,0,1,0,0,46,5,3,5,5,3,20.6,31.4,26.8,78.2
2585,3,1,0,0,0,2,63.3,5,1,1,1,0,0,0,0,0,100.0,5,3,3,4,0,1,0,0,22,1,0,0,0,0,0,1,0,0,0,30,2,2,2,4,2,44.6,27.2,62.8,46.1
2586,1,3,2,0,0,0,40.0,3,0,1,1,0,0,0,0,0,66.7,4,3,3,4,0,1,1,0,56,1,1,0,0,0,14,0,0,1,1,0,5,2,2,1,1,55.7,30.8,69.0,40.8
2587,3,2,1,0,0,0,40.0,1,0,0,1,0,0,1,0,0,66.7,1,3,2,3,0,1,0,1,0,0,0,1,0,0,28,1,0,0,1,2,5,2,5,1,2,48.9,13.0,49.5,44.8
2588,3,2,0,0,0,1,63.3,3,0,1,0,0,1,0,0,1,100.0,4,2,2,1,1,0,1,0,64,1,0,1,0,0,0,1,1,0,0,76,1,3,1,4,3,67.8,54.0,59.4,37.8
2589,3,2,1,0,0,0,40.0,4,0,1,1,1,0,0,0,0,100.0,1,4,4,1,0,1,0,0,22,1,0,0,0,0,0,1,0,0,1,2,1,3,2,2,2,51.5,17.2,50.6,48.5
2590,3,0,2,1,0,0,63.3,3,0,0,1,0,0,0,0,0,33.3,1,3,4,4,1,0,1,0,64,0,1,1,0,0,70,1,1,0,0,76,3,2,5,2,2,74.3,68.3,64.0,47.8
2591,3,1,2,0,0,0,40.0,5,1,0,0,0,0,0,0,0,33.3,2,2,3,1,0,0,0,1,0,1,0,0,0,1,0,1,1,0,0,76,2,1,1,1,1,92.4,66.4,89.6,4.8
2592,2,3,0,0,0,1,63.3,1,1,0,0,0,0,1,0,0,66.7,4,1,2,3,0,1,0,1,0,0,0,0,0,1,0,1,0,0,0,30,3,1,1,2,1,60.8,30.2,76.3,18.9
2593,1,2,3,0,0,0,40.0,1,0,1,1,1,0,0,0,0,100.0,2,3,4,2,0,1,0,0,22,0,0,1,0,0,28,1,1,0,0,76,3,1,4,4,3,57.7,56.1,56.6,58.5
2594,1,0,2,0,0,3,65.0,4,0,0,0,0,0,1,0,0,33.3,5,4,1,4,0,1,0,0,22,0,1,0,1,0,62,0,0,1,1,0,5,2,5,2,3,21.1,11.5,20.4,67.4
2595,0,1,3,0,2,0,48.3,1,0,0,0,0,1,1,0,0,66.7,4,4,4,4,0,1,0,0,22,0,1,1,0,0,70,1,0,1,0,2,5,3,4,4,1,21.3,11.4,33.4,71.6
2596,3,2,0,0,1,0,43.3,2,0,1,0,1,0,0,1,0,100.0,4,3,3,2,0,1,0,0,22,1,0,0,0,0,0,1,0,0,0,30,5,1,1,2,2,62.5,28.6,65.8,46.0
2597,2,3,0,0,1,0,43.3,3,0,0,0,1,0,0,0,1,66.7,2,4,2,2,0,1,1,0,56,0,0,0,0,1,0,1,0,0,1,2,2,2,5,2,1,69.2,37.6,68.0,35.0
2598,3,2,0,0,0,1,63.3,1,0,1,0,1,1,0,0,0,100.0,4,4,3,3,0,1,0,0,22,0,0,1,0,0,28,1,0,0,0,30,5,2,4,4,1,41.6,30.5,46.9,65.9
2599,0,3,0,1,0,2,70.0,5,0,0,0,0,1,0,0,1,66.7,5,4,1,4,0,1,0,0,22,1,0,0,1,0,0,0,0,1,0,0,2,2,2,4,3,28.9,14.8,42.2,55.9
2600,1,2,3,0,0,0,40.0,1,0,1,1,0,0,0,0,0,66.7,5,1,3,4,0,1,0,1,0,0,1,1,0,0,70,0,1,0,0,46,1,4,2,5,3,19.2,10.8,28.6,50.5
2601,2,1,3,0,0,0,40.0,4,1,1,1,0,0,0,0,0,100.0,4,2,3,3,0,1,0,0,22,1,0,0,0,0,0,1,0,0,1,2,2,2,2,1,1,58.5,20.6,72.1,27.6
2602,3,0,2,0,1,0,55.0,1,0,0,1,1,0,0,0,0,66.7,5,3,1,4,0,1,0,0,22,1,0,0,0,0,0,0,0,1,0,0,5,3,5,5,3,25.6,0.0,38.4,56.9
2603,3,0,1,0,0,2,65.0,3,0,1,1,1,0,0,0,0,100.0,4,1,4,4,0,1,0,0,22,1,0,0,0,0,0,1,0,0,0,30,1,2,5,5,3,42.4,19.4,66.6,43.4
2604,0,0,3,0,2,1,61.7,4,0,0,1,0,0,0,0,0,33.3,2,3,3,4,0,0,0,1,0,0,0,1,0,0,28,0,0,1,0,0,5,3,2,5,3,22.7,8.6,41.7,52.1
2605,3,2,0,0,1,0,43.3,2,0,0,0,1,0,0,0,0,33.3,1,2,4,2,1,0,1,0,64,0,0,1,0,1,0,0,1,1,0,18,3,1,2,1,1,92.8,46.9,98.2,7.6
2606,0,0,2,3,0,1,61.7,5,0,0,0,1,0,0,0,0,33.3,4,3,3,3,0,0,1,0,34,0,0,1,0,0,28,0,1,0,0,46,2,3,5,1,2,57.1,36.4,59.9,34.9
2607,2,1,3,0,0,0,40.0,4,1,0,0,0,0,0,1,0,66.7,4,2,3,2,0,1,0,0,22,1,0,0,0,1,0,1,0,0,0,30,2,1,1,1,3,58.7,28.6,64.0,24.9
2608,2,0,3,0,0,1,65.0,1,0,1,0,0,0,0,0,0,33.3,4,3,4,3,0,1,0,1,0,0,0,0,0,1,0,0,0,1,0,0,5,3,5,4,2,38.0,0.0,57.2,43.4
2609,1,2,3,0,0,0,40.0,3,0,0,0,1,0,0,0,0,33.3,4,2,3,1,1,0,0,0,30,0,0,1,0,0,28,0,1,1,0,18,3,1,4,2,1,61.4,36.8,62.3,28.1
2610,2,3,0,1,0,0,60.0,3,0,0,1,1,0,0,0,1,100.0,2,2,4,3,1,0,1,0,64,0,0,0,1,0,20,1,0,1,0,2,1,3,2,5,4,38.8,19.8,45.2,57.1
2611,3,1,2,0,0,0,40.0,3,0,0,0,1,0,1,0,0,66.7,4,3,1,3,0,0,1,0,34,1,0,0,0,0,0,1,0,0,0,30,3,2,4,1,3,57.8,26.3,58.0,32.1
2612,3,0,0,1,0,2,73.3,2,0,0,1,0,0,0,0,0,33.3,5,3,1,1,0,0,0,1,0,0,1,1,0,0,70,0,1,0,0,46,1,3,2,4,3,20.1,17.8,10.8,56.0
2613,3,2,0,1,0,0,60.0,3,1,1,0,0,0,1,0,0,100.0,2,2,2,3,0,1,0,1,0,0,0,0,0,1,0,1,0,1,0,2,1,4,2,4,1,45.2,8.4,52.7,36.6
2614,0,3,0,0,2,1,61.7,3,1,0,0,0,0,1,0,0,66.7,5,4,2,4,0,0,0,1,0,0,1,1,0,0,70,0,0,1,0,0,5,3,4,5,4,0.0,0.0,7.7,94.3
2615,2,3,0,0,0,1,63.3,3,1,0,1,0,0,0,0,0,66.7,1,3,2,3,0,0,0,1,0,1,0,0,0,0,0,1,0,0,0,30,2,1,2,2,2,69.1,34.4,72.4,35.6
2616,1,0,2,0,0,3,65.0,2,1,0,0,0,0,0,0,0,33.3,5,4,1,4,0,1,0,0,22,1,1,0,0,0,14,1,0,1,0,2,5,4,5,5,3,20.1,0.0,38.5,54.7
2617,2,0,0,3,0,1,73.3,2,0,1,0,0,0,0,0,0,33.3,4,3,2,4,0,0,0,1,0,0,1,0,0,0,42,1,0,1,0,2,2,4,2,2,3,25.9,0.0,29.7,48.1
2618,3,2,1,0,0,0,40.0,1,0,0,0,0,1,0,0,0,33.3,2,4,3,4,0,1,0,0,22,0,0,1,0,0,28,1,1,0,0,76,2,1,4,1,4,67.4,50.7,71.9,34.4
2619,0,1,2,3,0,0,63.3,3,1,1,0,0,0,0,1,0,100.0,2,2,4,2,0,1,1,0,56,1,0,0,0,0,0,1,1,0,0,76,2,2,5,2,1,100.0,73.2,92.4,30.1
2620,0,3,2,0,1,0,48.3,4,0,0,0,0,0,1,0,0,33.3,4,1,1,4,1,0,1,0,64,0,1,0,0,1,0,0,1,0,0,46,3,2,1,1,1,83.8,51.3,86.3,8.0
2621,3,0,2,0,1,0,55.0,3,0,1,0,0,1,1,0,0,100.0,4,3,4,4,1,1,0,0,52,1,0,0,0,0,0,1,1,0,0,76,2,1,5,1,4,76.4,54.0,79.7,40.0
2622,2,3,0,0,1,0,43.3,3,0,0,1,0,0,0,0,0,33.3,4,3,4,3,1,0,1,0,64,0,0,0,1,0,20,1,1,0,0,76,2,2,4,4,1,79.3,67.2,86.9,29.8
2623,0,0,2,1,0,3,61.7,3,0,0,0,1,0,1,0,0,66.7,4,4,1,4,0,1,0,0,22,0,1,0,0,0,42,0,0,1,0,0,2,3,4,5,2,21.2,6.0,26.6,67.7
2624,3,1,2,0,0,0,40.0,1,0,0,0,1,0,0,0,0,33.3,2,1,2,3,0,1,0,1,0,1,0,1,0,0,0,1,1,0,0,76,3,2,4,2,4,73.8,41.6,72.8,16.1
2625,3,0,2,0,1,0,55.0,1,0,0,0,1,0,1,1,0,100.0,5,2,4,1,0,1,0,0,22,0,1,1,0,0,70,1,0,0,1,2,5,4,1,4,2,13.0,0.0,15.1,73.5
2626,3,0,1,2,0,0,63.3,3,0,0,0,0,1,1,0,1,100.0,5,3,1,2,0,1,0,0,22,0,1,0,0,0,42,0,0,1,0,0,1,4,1,4,1,23.8,6.1,23.6,58.2
2627,1,0,3,0,2,0,55.0,3,0,0,0,0,0,1,1,0,66.7,4,4,1,2,0,1,1,0,56,1,0,0,0,0,0,1,0,0,0,30,3,3,4,1,3,61.4,28.7,54.0,36.9
2628,3,1,2,0,0,0,40.0,3,0,0,1,0,0,1,0,0,66.7,2,1,1,3,1,1,0,0,52,0,0,0,0,1,0,1,0,0,0,30,3,2,4,5,1,69.8,46.8,71.2,27.6
2629,0,2,1,0,0,3,65.0,1,0,0,1,1,0,0,0,0,66.7,4,4,1,3,0,1,0,0,22,1,1,0,0,0,14,1,0,0,1,2,1,1,1,4,2,37.4,19.3,40.4,57.3
2630,1,2,0,3,0,0,60.0,3,0,0,1,0,0,0,0,0,33.3,5,3,2,2,0,1,0,0,22,1,0,1,0,0,0,1,1,0,0,76,1,2,5,1,1,85.2,50.7,77.1,13.5
2631,3,0,2,0,0,1,65.0,5,0,0,0,0,0,1,0,1,66.7,2,1,1,4,1,0,0,0,30,1,0,0,0,0,0,0,1,0,1,18,3,2,4,2,2,65.9,28.5,68.8,25.2
2632,0,1,0,0,3,2,61.7,5,1,0,1,0,0,1,0,0,100.0,4,4,3,4,0,1,1,0,56,0,1,1,0,0,70,1,0,0,0,30,2,4,4,5,1,33.3,31.5,30.6,77.0
2633,1,3,2,0,0,0,40.0,3,0,0,1,0,0,0,0,0,33.3,1,4,3,3,0,0,0,1,0,1,0,0,0,0,0,1,0,0,0,30,3,2,2,2,2,62.0,32.1,67.5,34.3
2634,0,3,0,2,0,1,70.0,3,0,1,1,0,1,0,0,0,100.0,1,2,3,2,0,1,0,0,22,0,1,1,0,0,70,0,1,0,1,18,2,3,5,5,2,27.3,26.1,23.5,75.6
2635,3,1,2,0,0,0,40.0,3,0,1,1,1,0,0,0,0,100.0,1,2,3,4,1,0,1,0,64,1,0,0,0,0,0,1,0,0,0,30,3,2,5,4,1,75.7,49.1,76.7,40.1
2636,1,0,3,0,0,2,65.0,2,0,0,0,0,0,1,1,0,66.7,5,2,2,4,0,1,0,1,0,1,1,0,0,0,14,0,0,1,0,0,2,4,4,5,1,25.6,0.0,42.2,40.1
2637,2,3,0,0,1,0,43.3,1,1,0,0,0,0,0,0,0,33.3,2,3,3,4,0,1,1,0,56,1,0,0,0,0,0,1,0,0,0,30,3,3,2,5,2,64.1,35.2,71.3,35.2
2638,0,2,0,3,0,1,70.0,2,0,0,0,0,0,1,0,0,33.3,4,3,1,4,0,1,0,1,0,0,0,0,0,1,0,1,1,0,0,76,5,4,4,5,4,44.0,26.9,52.2,48.2
2639,0,2,3,1,0,0,63.3,2,0,0,0,0,1,0,1,1,100.0,5,2,3,3,0,1,0,0,22,0,1,0,0,0,42,0,0,1,0,0,2,4,2,5,4,7.9,0.0,20.6,71.6
2640,2,0,3,0,0,1,65.0,2,1,0,1,1,0,0,0,0,100.0,2,2,3,3,1,1,0,0,52,1,0,0,0,0,0,1,1,0,0,76,3,1,2,2,1,94.5,74.4,94.0,33.1
2641,0,3,0,0,2,1,61.7,1,0,0,0,0,0,0,0,1,33.3,2,2,1,4,0,1,0,0,22,1,0,1,0,0,0,0,0,1,0,0,2,1,4,5,1,57.6,26.1,71.0,28.3
2642,3,1,2,0,0,0,40.0,1,0,0,0,1,0,0,0,1,66.7,5,2,2,3,1,0,0,0,30,1,0,0,0,0,0,1,1,0,0,76,2,2,5,1,1,87.5,47.5,82.8,15.7
2643,1,3,0,0,2,0,43.3,5,0,1,1,0,0,1,0,0,100.0,1,3,3,2,1,1,0,0,52,1,0,0,0,0,0,1,1,0,0,76,3,1,1,1,1,100.0,75.5,91.9,31.4
2644,3,1,0,2,0,0,60.0,3,1,0,0,0,0,0,0,0,33.3,4,1,3,3,0,1,0,0,22,1,0,1,0,0,0,0,1,0,0,46,1,2,4,2,1,76.0,35.9,84.9,9.4
2645,0,2,3,0,1,0,48.3,1,0,0,0,1,0,0,0,0,33.3,1,4,1,2,0,1,0,1,0,1,1,0,0,0,14,1,0,0,1,2,3,2,4,2,1,48.7,14.9,52.4,38.7
2646,0,3,2,0,0,1,65.0,4,0,0,0,1,1,0,0,0,66.7,4,2,1,3,0,1,0,1,0,0,1,1,0,0,70,0,0,1,0,0,1,4,5,2,1,23.0,0.0,24.0,42.5
2647,3,2,0,0,1,0,43.3,2,0,0,1,0,0,0,0,0,33.3,4,2,3,4,0,1,0,0,22,1,0,0,0,0,0,1,1,0,0,76,1,1,4,2,1,88.4,62.2,96.0,12.6
2648,1,2,3,0,0,0,40.0,1,0,0,1,1,1,0,0,0,100.0,2,4,2,3,0,0,0,1,0,1,0,0,0,0,0,1,1,0,0,76,2,3,1,4,2,64.2,44.2,62.7,49.0
2649,0,3,1,2,0,0,63.3,3,0,0,0,1,0,0,0,0,33.3,4,4,3,4,0,1,1,0,56,1,0,0,0,0,0,1,1,0,0,76,1,2,5,1,2,89.0,65.1,86.7,26.1
2650,1,3,0,0,2,0,43.3,5,0,0,1,0,1,0,0,0,66.7,5,2,3,3,0,1,1,0,56,0,1,1,0,0,70,0,0,1,0,0,2,4,1,5,3,12.0,3.4,18.5,62.8
2651,0,1,2,3,0,0,63.3,2,0,0,1,0,0,0,0,0,33.3,1,3,4,4,1,1,0,0,52,1,0,0,0,0,0,1,0,1,0,2,1,4,2,4,1,60.0,23.7,77.7,31.4
2652,2,3,1,0,0,0,40.0,3,0,0,0,1,1,1,0,0,100.0,1,3,2,3,0,0,1,0,34,1,0,1,0,0,0,1,0,0,0,30,3,4,5,1,1,66.9,36.3,66.2,36.8
2653,2,1,0,0,0,3,63.3,3,1,0,0,0,1,0,0,0,66.7,1,4,1,4,1,0,0,1,6,1,0,0,0,0,0,1,0,0,0,30,5,3,1,1,2,55.4,31.7,56.6,44.7
2654,2,1,3,0,0,0,40.0,4,0,0,0,0,0,1,0,0,33.3,4,3,4,4,0,1,0,0,22,0,1,0,0,0,42,1,0,0,0,30,3,4,5,5,2,38.2,26.0,55.9,47.2
2655,3,0,1,0,2,0,55.0,3,0,0,0,1,1,1,0,0,100.0,2,4,2,4,0,1,0,0,22,1,0,0,0,0,0,1,0,0,1,2,1,2,1,1,1,60.1,23.9,69.9,40.7
2656,3,0,0,0,2,1,71.7,3,0,0,1,0,0,1,0,1,100.0,5,4,4,3,0,1,1,0,56,1,1,0,0,0,14,0,1,1,0,18,5,2,5,5,2,39.0,31.1,52.4,77.1
2657,2,1,0,3,0,0,60.0,3,0,0,0,1,1,0,1,0,100.0,2,1,1,4,1,0,0,0,30,0,0,1,0,0,28,1,0,0,0,30,3,1,5,4,3,50.7,36.4,47.6,48.6
2658,2,0,0,1,0,3,73.3,2,0,1,0,0,1,0,0,0,66.7,4,2,4,2,1,0,0,1,6,0,1,0,0,1,0,1,0,0,1,2,3,3,5,5,1,38.1,7.8,55.9,40.7
2659,3,2,1,0,0,0,40.0,3,0,0,0,1,0,0,0,0,33.3,1,2,3,3,1,0,0,1,6,1,0,0,0,0,0,0,0,1,1,0,1,3,1,1,1,71.8,20.0,79.3,8.1
2660,3,1,2,0,0,0,40.0,4,0,1,0,0,0,1,0,0,66.7,2,2,3,3,1,0,0,0,30,0,0,0,0,1,0,1,0,1,0,2,3,1,4,2,1,69.6,29.7,83.1,23.1
2661,0,0,3,0,1,2,61.7,1,0,0,1,0,0,0,0,0,33.3,5,4,1,3,0,0,0,1,0,0,1,1,0,0,70,0,0,1,0,0,1,4,5,4,4,0.0,0.0,0.0,72.6
2662,1,2,3,0,0,0,40.0,3,0,1,0,1,0,0,1,0,100.0,4,2,4,1,1,0,1,0,64,0,0,1,0,0,28,1,0,1,0,2,3,2,4,2,4,37.1,22.6,39.9,49.2
2663,3,1,2,0,0,0,40.0,3,0,0,1,0,1,0,1,0,100.0,4,3,4,3,1,0,1,0,64,1,0,1,0,0,0,0,1,0,0,46,5,3,1,2,1,73.2,48.0,79.2,39.1
2664,3,1,0,2,0,0,60.0,3,0,1,0,0,0,0,0,0,33.3,4,3,3,4,1,1,0,0,52,1,0,1,0,0,0,0,1,1,0,18,1,3,5,1,2,64.0,24.7,70.2,18.8
2665,0,3,0,1,0,2,70.0,3,0,0,0,0,1,1,1,0,100.0,4,4,2,3,1,1,0,0,52,0,1,0,0,1,0,0,0,1,0,0,1,3,2,2,4,32.7,8.7,42.9,57.2
2666,3,0,2,0,1,0,55.0,3,0,0,1,0,1,0,0,1,100.0,5,4,3,2,0,1,0,0,22,1,0,1,0,0,0,0,1,1,0,18,1,3,4,4,4,26.7,8.5,35.4,59.9
2667,2,0,1,0,3,0,55.0,4,0,0,0,0,0,1,0,0,33.3,2,4,3,4,1,1,0,0,52,1,0,0,0,0,0,0,1,0,0,46,3,2,1,4,1,73.4,56.8,81.9,36.8
2668,0,3,0,2,1,0,53.3,1,0,0,0,1,1,0,1,0,100.0,4,2,3,4,0,1,0,1,0,1,0,0,0,0,0,0,0,0,1,0,3,1,4,1,3,42.1,8.9,61.0,37.5
2669,2,1,3,0,0,0,40.0,2,1,0,0,0,0,1,0,0,66.7,2,4,4,4,1,1,0,0,52,0,1,0,0,0,42,1,1,0,0,76,3,4,5,1,4,63.0,45.4,58.9,50.1
2670,3,1,0,0,2,0,43.3,3,0,0,0,0,0,0,0,1,33.3,5,2,3,3,0,1,0,0,22,1,1,0,0,0,14,1,0,0,0,30,1,1,4,2,1,65.1,31.5,81.2,14.6
2671,2,1,0,3,0,0,60.0,2,0,0,0,0,1,1,1,0,100.0,2,2,4,4,0,1,0,0,22,0,1,0,0,1,0,1,0,1,0,2,3,3,4,2,1,63.1,20.9,77.2,36.5
2672,1,2,0,3,0,0,60.0,3,1,0,0,1,0,0,0,0,66.7,4,3,4,4,0,1,0,0,22,0,0,0,0,1,0,1,1,0,0,76,3,3,5,5,2,61.6,45.2,71.5,44.2
2673,0,0,1,0,2,3,61.7,2,0,0,0,0,1,0,0,0,33.3,4,3,3,1,0,1,0,0,22,0,1,0,0,1,0,1,0,0,0,30,3,1,4,5,4,41.4,19.7,49.9,43.4
2674,0,0,3,1,2,0,55.0,5,0,0,0,0,1,0,0,0,33.3,5,4,1,3,0,0,0,1,0,0,1,0,0,0,42,0,0,1,0,0,2,3,5,5,4,1.9,0.0,11.2,62.9
2675,3,1,2,0,0,0,40.0,2,0,0,0,1,0,0,1,0,66.7,5,1,3,3,1,1,0,0,52,1,0,1,0,0,0,0,1,0,0,46,2,2,1,2,1,79.9,41.2,90.5,13.7
2676,3,0,1,2,0,0,63.3,2,0,0,0,1,0,1,0,0,66.7,1,4,2,3,0,1,0,0,22,0,0,1,0,0,28,0,0,1,0,0,5,4,1,4,3,27.7,6.0,29.9,65.7
2677,3,0,2,0,1,0,55.0,3,0,1,1,0,0,0,0,0,66.7,1,3,3,4,0,1,0,1,0,0,0,0,0,1,0,1,1,0,0,76,3,1,4,5,1,80.3,59.0,82.9,39.6
2678,3,2,0,0,0,1,63.3,3,0,0,0,1,0,0,1,1,100.0,5,2,1,3,1,0,0,1,6,0,0,1,0,0,28,1,0,1,0,2,3,2,5,4,1,28.5,9.7,38.7,52.3
2679,2,0,3,1,0,0,63.3,4,1,1,1,0,0,0,0,0,100.0,4,3,3,4,0,1,0,0,22,0,1,1,0,0,70,0,0,1,0,0,3,2,4,1,1,29.7,12.4,38.1,62.5
2680,2,1,3,0,0,0,40.0,3,0,0,0,0,1,0,0,0,33.3,4,2,3,4,1,0,1,0,64,0,0,0,0,1,0,1,0,1,0,2,2,3,5,2,2,59.7,22.4,71.2,19.7
2681,2,3,0,1,0,0,60.0,1,0,1,0,0,0,0,0,0,33.3,1,2,3,1,0,0,1,0,34,1,1,0,0,0,14,1,1,0,0,76,5,3,4,2,2,78.9,59.5,73.4,27.2
2682,3,1,2,0,0,0,40.0,1,1,0,0,0,0,0,0,1,66.7,4,3,4,4,1,1,0,0,52,1,0,0,0,0,0,0,1,0,1,18,1,1,5,4,2,60.3,34.4,79.7,35.6
2683,3,2,0,0,1,0,43.3,1,0,0,1,1,0,1,0,0,100.0,2,1,4,2,0,1,0,0,22,1,0,0,0,0,0,0,1,0,1,18,2,3,5,2,1,67.3,23.9,77.3,17.3
2684,3,0,2,0,1,0,55.0,3,0,1,1,0,1,0,0,0,100.0,2,4,3,1,1,1,0,0,52,1,0,0,0,0,0,0,1,0,0,46,3,1,2,1,1,82.8,55.5,78.8,43.3
2685,1,2,3,0,0,0,40.0,3,0,0,0,0,1,0,1,0,66.7,2,4,3,3,1,0,0,1,6,0,0,1,0,1,0,0,1,0,0,46,5,3,1,2,1,68.3,40.8,70.7,36.8
2686,0,3,2,1,0,0,63.3,2,0,0,0,0,1,0,0,0,33.3,5,4,1,4,0,1,0,0,22,0,0,0,0,1,0,1,0,0,1,2,5,4,5,5,4,16.8,0.0,30.2,60.1
2687,1,3,2,0,0,0,40.0,5,1,0,0,1,0,0,0,0,66.7,2,1,4,2,1,0,0,0,30,1,0,0,0,0,0,1,0,0,0,30,3,2,2,2,2,69.7,32.4,77.2,21.6
2688,1,0,0,3,2,0,63.3,4,0,0,0,0,1,0,0,1,66.7,5,1,1,4,0,1,1,0,56,0,0,0,0,1,0,1,0,0,1,2,1,4,1,4,3,42.4,6.4,51.7,29.0
2689,1,3,2,0,0,0,40.0,4,0,0,1,0,0,1,0,0,66.7,2,1,3,1,0,1,0,1,0,1,0,0,0,1,0,1,1,0,0,76,2,2,4,1,3,81.9,46.0,77.7,11.3
2690,0,0,2,0,3,1,61.7,5,1,1,0,0,0,0,0,0,66.7,2,3,1,3,0,1,1,0,56,0,1,1,0,0,70,0,1,0,0,46,3,2,2,4,1,58.5,61.7,45.2,62.6
2691,0,2,0,1,3,0,53.3,2,0,0,0,0,1,0,0,1,66.7,1,4,2,1,0,1,0,0,22,1,0,1,0,0,0,1,0,1,0,2,5,3,4,2,2,53.3,18.8,44.0,51.2
2692,3,1,0,0,0,2,63.3,5,1,0,0,0,0,0,0,0,33.3,4,2,4,4,1,1,0,0,52,0,0,1,1,0,48,1,0,1,0,2,5,2,5,5,4,23.0,16.3,40.1,56.9
2693,3,1,2,0,0,0,40.0,3,0,1,1,0,0,0,0,0,66.7,2,3,2,2,1,0,0,1,6,0,1,1,0,0,70,1,1,0,0,76,1,1,5,5,1,57.4,61.4,50.3,52.0
2694,0,1,3,0,2,0,48.3,3,0,0,1,1,0,0,0,0,66.7,2,2,4,4,1,1,0,0,52,1,0,0,0,1,0,1,1,0,0,76,2,3,5,2,1,91.0,68.7,94.1,20.1
2695,2,0,1,0,0,3,65.0,4,1,0,0,1,1,0,0,0,100.0,5,3,3,4,0,1,0,0,22,0,1,1,0,0,70,0,0,1,1,0,1,2,5,4,4,6.2,1.2,23.8,77.9
2696,3,1,0,0,0,2,63.3,3,1,0,1,0,0,1,0,0,100.0,4,3,3,3,0,1,0,0,22,1,0,0,0,1,0,1,1,0,0,76,3,3,4,5,1,67.1,54.0,67.2,53.5
2697,3,0,2,0,1,0,55.0,5,0,1,0,0,1,0,0,1,100.0,2,4,3,4,0,1,0,0,22,0,1,0,0,0,42,0,0,1,0,0,1,4,2,4,4,14.3,4.0,20.2,77.7
2698,2,3,0,0,0,1,63.3,4,0,1,0,0,0,0,1,1,100.0,4,3,4,4,1,1,0,0,52,0,1,0,0,0,42,0,0,1,1,0,5,2,4,2,3,28.0,19.3,44.8,64.2
2699,0,3,2,1,0,0,63.3,2,0,0,1,0,0,0,0,0,33.3,2,1,3,4,1,1,0,0,52,0,0,1,0,0,28,1,0,0,1,2,1,3,5,2,4,40.4,10.4,49.0,33.7
2700,2,0,3,0,1,0,55.0,1,0,0,0,0,1,0,0,0,33.3,2,2,2,2,0,0,1,1,10,1,0,0,0,0,0,1,1,0,0,76,2,1,4,2,1,89.3,56.5,83.6,16.0
2701,3,2,1,0,0,0,40.0,5,1,0,0,0,1,0,0,0,66.7,5,4,4,3,0,1,1,0,56,0,1,0,1,0,62,1,0,0,0,30,5,4,4,5,1,32.2,31.1,37.4,73.0
2702,3,1,2,0,0,0,40.0,2,0,0,0,1,1,0,0,0,66.7,4,4,4,4,0,1,0,0,22,1,0,0,0,1,0,1,1,0,0,76,3,1,2,1,1,81.2,58.9,97.8,30.9
2703,0,0,0,1,2,3,55.0,2,0,1,1,0,0,0,0,0,66.7,5,3,3,3,0,1,0,0,22,0,1,0,0,0,42,0,0,1,1,0,3,4,2,4,1,26.0,1.5,32.0,50.2
2704,0,3,1,0,0,2,65.0,5,0,0,0,0,0,1,0,0,33.3,2,4,1,4,0,1,0,0,22,0,1,0,0,0,42,1,0,1,0,2,1,3,2,5,2,34.6,16.7,36.9,51.8
2705,0,0,2,1,0,3,61.7,5,1,0,0,0,0,0,1,1,100.0,2,2,3,3,0,0,1,1,10,0,1,0,0,1,0,0,0,1,0,0,3,2,5,1,1,54.0,22.7,67.7,37.5
2706,0,2,1,3,0,0,63.3,3,0,1,0,0,0,1,1,0,100.0,2,3,2,4,1,0,1,0,64,0,0,0,1,0,20,1,1,0,0,76,3,2,5,2,1,89.2,72.1,79.2,44.6
2707,0,0,1,0,2,3,61.7,5,0,0,1,0,0,0,0,0,33.3,5,4,2,4,0,1,0,0,22,1,1,0,0,0,14,1,0,1,0,2,3,4,5,5,3,22.9,4.8,38.7,53.2
2708,1,3,2,0,0,0,40.0,3,0,0,0,1,0,0,1,0,66.7,5,2,1,2,0,1,0,0,22,1,0,0,0,1,0,1,0,0,0,30,3,2,2,4,1,53.7,26.3,58.2,27.2
2709,2,3,0,1,0,0,60.0,3,0,1,0,0,0,0,0,0,33.3,4,2,2,4,0,1,0,0,22,0,0,0,0,1,0,1,0,0,0,30,3,2,4,1,4,54.3,20.4,66.4,22.0
2710,0,1,2,3,0,0,63.3,3,1,0,1,0,0,1,0,0,100.0,4,3,4,3,0,1,1,0,56,1,0,0,1,0,0,1,1,0,0,76,1,1,5,1,2,92.3,61.2,95.5,30.1
2711,0,3,2,0,0,1,65.0,1,1,0,0,0,1,0,0,0,66.7,4,3,3,2,0,1,0,0,22,1,0,0,0,0,0,1,0,0,1,2,3,3,1,1,4,40.4,0.0,42.8,42.8
2712,3,1,0,0,2,0,43.3,2,0,0,1,0,0,0,0,0,33.3,2,1,3,3,0,1,0,1,0,1,0,0,0,0,0,1,0,0,0,30,3,4,5,5,1,58.4,20.4,68.9,21.2
2713,1,2,0,0,0,3,63.3,1,0,1,0,0,0,0,0,0,33.3,5,4,1,3,0,0,0,1,0,0,0,1,0,1,0,1,0,0,1,2,1,2,2,2,2,38.7,3.3,49.3,32.9
2714,2,3,0,0,1,0,43.3,1,0,0,0,0,0,1,0,0,33.3,2,3,3,4,0,1,0,0,22,0,0,0,1,1,0,0,1,0,1,18,2,2,2,2,3,59.1,17.7,71.5,33.1
2715,0,3,2,0,1,0,48.3,3,0,1,1,0,0,0,0,0,66.7,2,2,1,4,1,0,0,0,30,1,0,0,0,1,0,0,0,1,1,0,2,2,5,1,1,62.5,26.8,75.5,16.6
2716,2,0,0,1,0,3,73.3,4,0,0,1,1,1,0,0,0,100.0,5,4,3,1,0,1,0,0,22,0,1,1,0,0,70,1,0,0,0,30,5,4,4,5,2,16.6,18.7,11.8,85.9
2717,0,1,0,3,0,2,70.0,5,0,1,1,0,1,0,0,0,100.0,2,4,3,3,0,0,1,1,10,0,0,1,0,1,0,0,0,1,1,0,5,2,5,5,1,38.9,20.8,48.8,68.7
2718,3,0,2,1,0,0,63.3,3,0,0,0,0,0,0,0,1,33.3,4,3,1,1,0,1,0,0,22,0,1,1,0,0,70,1,0,0,0,30,1,3,2,5,2,23.5,19.6,14.5,60.8
2719,2,3,0,0,1,0,43.3,3,0,0,0,0,0,1,0,0,33.3,1,1,4,4,1,0,0,1,6,1,0,0,1,0,0,1,1,0,0,76,2,1,4,4,1,88.5,60.0,99.1,15.0
2720,0,1,2,0,0,3,65.0,4,0,0,1,1,0,0,0,1,100.0,5,2,1,4,0,1,0,0,22,0,1,1,0,0,70,0,0,1,1,0,1,4,4,4,1,13.5,4.1,14.6,63.7
2721,3,2,0,0,1,0,43.3,3,0,0,0,1,0,0,0,0,33.3,2,2,2,1,0,1,0,0,22,1,1,0,0,0,14,1,1,0,0,76,2,1,2,2,1,95.0,63.6,87.7,13.9
2722,2,3,1,0,0,0,40.0,3,0,0,0,1,0,0,1,0,66.7,4,3,1,1,0,1,0,0,22,1,1,0,0,0,14,0,0,1,0,0,3,3,5,5,1,39.9,12.6,41.2,48.8
2723,2,1,3,0,0,0,40.0,2,0,0,1,0,1,0,1,0,100.0,4,4,3,4,1,0,1,0,64,1,0,0,0,0,0,1,0,1,0,2,5,4,5,5,2,39.4,12.0,47.1,69.4
2724,0,3,1,0,2,0,48.3,2,0,1,0,0,0,1,0,1,100.0,2,2,4,4,1,0,1,0,64,0,1,0,1,0,62,0,1,0,0,46,1,2,2,1,1,71.5,55.7,70.2,43.0
2725,2,0,1,0,3,0,55.0,1,0,1,0,1,0,0,0,0,66.7,4,4,2,1,1,1,0,0,52,0,0,1,0,1,0,1,0,1,0,2,3,2,1,4,2,47.0,17.2,49.0,52.2
2726,3,0,2,0,0,1,65.0,5,1,0,1,0,0,1,0,0,100.0,4,3,3,4,0,1,0,0,22,0,0,1,0,0,28,0,0,1,0,0,1,2,4,5,3,27.6,11.9,39.9,63.9
2727,0,3,2,1,0,0,63.3,4,0,0,0,0,0,1,0,0,33.3,2,2,3,1,1,0,0,1,6,1,0,0,0,1,0,0,0,1,0,0,1,3,1,2,1,56.6,15.4,66.8,20.7
2728,3,0,0,2,0,1,73.3,3,1,0,0,1,0,0,0,1,100.0,2,2,4,3,1,1,0,0,52,0,1,1,0,0,70,1,0,1,0,2,3,1,5,4,3,29.2,32.5,36.9,71.3
2729,0,1,3,2,0,0,63.3,3,0,0,0,1,0,0,0,0,33.3,4,2,1,4,1,0,0,1,6,0,0,1,0,0,28,1,1,0,0,76,2,4,4,2,2,60.4,38.6,56.2,27.5
2730,1,3,0,0,0,2,63.3,1,0,1,0,1,0,1,0,0,100.0,1,3,2,3,0,0,1,0,34,0,0,1,0,0,28,0,1,0,0,46,1,2,4,4,2,59.2,45.7,51.3,56.2
2731,3,0,2,0,1,0,55.0,3,0,0,0,1,0,1,1,0,100.0,2,4,4,2,1,0,1,0,64,1,0,0,0,0,0,1,1,0,0,76,3,2,1,1,1,97.3,70.0,88.4,42.4
2732,0,2,0,1,0,3,70.0,3,0,0,0,0,0,1,0,0,33.3,1,4,1,3,0,1,0,0,22,0,1,0,0,0,42,1,1,0,0,76,1,3,4,2,1,78.0,62.9,60.6,38.6
2733,2,0,0,3,0,1,73.3,3,0,1,0,0,0,0,0,0,33.3,2,1,4,4,1,0,0,0,30,1,1,0,0,0,14,1,0,1,0,2,5,4,5,2,3,47.0,7.5,64.3,26.5
2734,3,1,2,0,0,0,40.0,3,0,1,0,1,0,0,1,0,100.0,2,3,1,4,1,0,0,0,30,0,0,1,0,0,28,1,0,0,0,30,5,3,5,2,1,60.4,37.5,50.3,47.0
2735,3,1,2,0,0,0,40.0,3,0,0,1,1,0,0,0,1,100.0,2,4,3,2,1,1,0,0,52,0,0,1,0,0,28,0,0,0,1,0,2,1,5,2,1,55.9,34.2,55.6,50.3
2736,0,1,2,0,3,0,48.3,3,0,0,1,1,0,0,0,0,66.7,5,2,4,3,1,0,0,1,6,0,1,0,0,0,42,1,0,0,0,30,3,3,4,5,1,31.4,17.9,47.9,47.3
2737,3,2,1,0,0,0,40.0,1,1,1,1,0,0,0,0,0,100.0,4,3,3,1,0,1,0,0,22,1,0,0,0,0,0,0,1,0,1,18,5,1,4,2,1,59.6,26.7,63.2,42.3
2738,2,3,1,0,0,0,40.0,2,0,1,0,0,0,0,1,1,100.0,2,2,4,1,0,1,0,0,22,0,0,1,0,0,28,1,0,1,0,2,1,3,4,2,3,37.4,9.6,42.3,44.9
2739,2,1,3,0,0,0,40.0,4,0,0,0,1,1,0,0,0,66.7,5,4,2,2,0,0,0,1,0,0,0,1,0,1,0,0,1,0,1,18,2,3,1,1,2,44.2,12.1,51.1,34.2
2740,0,3,0,2,0,1,70.0,3,1,0,0,1,0,1,0,0,100.0,5,1,3,1,0,1,0,0,22,0,1,0,0,0,42,1,0,0,1,2,2,1,5,4,1,36.9,21.5,40.2,47.2
2741,0,1,2,0,3,0,48.3,4,0,1,0,0,0,0,0,0,33.3,4,3,2,4,0,1,0,1,0,1,0,0,0,0,0,1,0,0,0,30,2,1,5,4,2,51.3,30.5,65.4,31.3
2742,2,3,0,0,1,0,43.3,3,0,0,1,0,1,0,1,0,100.0,5,3,1,4,0,0,0,1,0,0,1,0,0,0,42,0,0,0,1,0,5,4,5,4,3,7.7,0.0,10.3,71.0
2743,0,3,0,1,0,2,70.0,2,0,1,0,0,0,0,0,0,33.3,1,3,1,3,0,1,0,1,0,1,0,1,0,0,0,1,0,0,1,2,1,3,4,4,3,41.9,6.0,46.2,39.9
2744,0,3,0,0,1,2,61.7,1,1,0,0,0,0,1,0,0,66.7,5,4,1,3,1,0,0,0,30,1,0,0,0,1,0,0,0,0,1,0,1,1,4,4,1,45.0,17.9,54.5,48.2
2745,0,3,1,2,0,0,63.3,2,0,0,0,0,0,1,0,1,66.7,2,2,3,3,1,0,1,0,64,1,0,0,0,1,0,0,1,0,1,18,2,4,5,2,2,63.9,28.8,65.6,27.4
2746,1,0,2,3,0,0,63.3,2,0,0,0,0,0,0,1,0,33.3,2,3,4,4,1,1,0,0,52,1,0,1,0,0,0,1,0,1,0,2,2,2,1,1,1,71.4,27.7,85.5,24.3
2747,2,0,1,0,3,0,55.0,5,0,0,0,0,0,0,1,0,33.3,4,3,1,4,0,1,0,0,22,0,1,0,0,0,42,0,0,1,0,0,5,4,5,5,3,18.0,1.1,22.0,59.5
2748,0,3,1,0,0,2,65.0,3,1,0,1,0,0,1,0,0,100.0,5,2,4,4,0,1,0,1,0,0,1,0,0,0,42,0,0,1,0,0,5,3,5,4,2,13.4,0.0,31.2,65.5
2749,0,1,0,0,2,3,61.7,5,1,0,0,1,1,0,0,0,100.0,5,4,2,3,0,1,1,0,56,0,1,1,0,0,70,1,0,1,0,2,5,4,2,4,1,17.8,12.9,17.1,81.0
2750,3,2,0,0,0,1,63.3,3,1,0,0,1,0,1,0,0,100.0,2,2,3,4,0,1,0,0,22,0,1,1,0,0,70,1,1,0,0,76,5,1,1,5,2,51.1,57.6,47.4,71.0
2751,0,3,0,2,1,0,53.3,1,0,0,1,0,0,1,1,0,100.0,4,3,1,4,1,1,0,0,52,0,1,0,1,0,62,1,0,1,0,2,5,3,2,2,3,21.6,6.6,23.1,69.0
2752,2,0,1,3,0,0,63.3,4,0,0,1,0,0,0,0,0,33.3,4,2,3,4,1,0,0,0,30,1,1,0,0,0,14,1,0,0,1,2,2,2,2,2,2,54.3,18.8,66.8,26.7
2753,1,2,0,3,0,0,60.0,3,0,0,1,0,0,1,0,0,66.7,2,1,4,4,1,0,1,0,64,0,1,1,0,0,70,1,1,0,0,76,5,2,1,5,1,66.6,69.3,64.5,52.0
2754,3,1,2,0,0,0,40.0,4,0,0,1,1,0,0,0,0,66.7,2,3,3,2,0,1,0,1,0,0,1,1,0,0,70,1,0,0,0,30,2,2,1,4,3,26.9,20.9,24.2,65.7
2755,0,1,3,0,2,0,48.3,2,1,0,0,1,0,0,0,1,100.0,1,2,3,3,0,1,1,0,56,1,1,0,0,0,14,0,1,1,0,18,2,2,1,2,1,72.5,44.4,72.1,38.2
2756,1,0,0,2,0,3,73.3,4,1,0,0,0,0,1,1,0,100.0,5,4,1,4,0,1,0,0,22,1,0,1,0,0,0,0,0,1,0,0,5,4,4,4,4,15.0,0.0,21.3,74.3
2757,1,2,0,3,0,0,60.0,3,0,0,0,1,0,0,0,0,33.3,4,3,4,4,0,1,0,0,22,0,0,1,0,0,28,1,1,0,0,76,3,2,4,2,2,70.6,46.5,75.9,31.3
2758,0,1,2,0,3,0,48.3,3,0,1,0,1,0,0,0,0,66.7,2,3,4,4,0,1,1,0,56,0,0,0,0,1,0,0,1,1,0,18,1,2,5,2,2,71.1,41.1,85.1,33.7
2759,3,0,2,0,1,0,55.0,5,0,0,0,0,0,1,0,1,66.7,2,3,1,3,0,1,0,0,22,1,0,0,0,0,0,1,0,0,0,30,5,1,5,2,1,72.9,47.3,72.6,32.7
2760,3,1,0,2,0,0,60.0,3,0,0,1,1,0,0,0,0,66.7,2,2,1,2,0,1,1,0,56,1,0,0,0,1,0,0,1,0,0,46,5,3,1,1,2,79.0,43.8,64.7,29.8
2761,3,2,1,0,0,0,40.0,1,0,1,1,0,0,0,0,0,66.7,4,2,3,4,0,1,1,0,56,1,0,0,0,0,0,1,0,0,0,30,5,4,2,1,1,70.9,27.3,78.9,26.7
2762,3,1,0,2,0,0,60.0,3,1,0,0,0,0,0,0,0,33.3,2,2,3,4,1,0,1,0,64,0,0,1,1,0,48,1,0,0,1,2,3,4,5,2,1,52.6,27.0,58.2,34.7
2763,0,0,2,1,0,3,61.7,3,0,0,1,1,0,0,0,1,100.0,5,4,1,3,0,1,0,0,22,0,1,1,0,0,70,0,0,1,0,0,1,4,4,4,2,7.8,3.2,7.1,75.3
2764,0,2,1,3,0,0,63.3,5,0,1,0,0,0,0,0,0,33.3,5,4,1,3,0,1,1,0,56,0,1,0,0,0,42,1,0,1,0,2,1,3,4,1,3,37.2,15.3,36.4,45.4
2765,2,3,1,0,0,0,40.0,3,1,0,0,0,0,0,0,0,33.3,2,3,2,3,0,1,0,0,22,0,1,0,1,0,62,1,0,0,0,30,3,2,1,1,4,40.1,25.8,32.8,48.3
2766,0,1,0,2,0,3,70.0,2,0,0,0,1,0,0,1,1,100.0,4,4,3,4,1,1,0,0,52,0,0,1,0,0,28,0,1,1,0,18,5,2,4,5,2,33.7,24.3,42.1,73.0
2767,1,0,2,3,0,0,63.3,4,0,0,0,0,0,1,0,0,33.3,4,3,3,3,0,1,0,0,22,0,1,0,0,0,42,0,0,1,1,0,5,2,5,1,3,33.6,14.3,42.4,43.4
2768,1,2,3,0,0,0,40.0,3,0,0,0,0,1,0,0,0,33.3,2,2,3,4,1,1,0,0,52,1,0,0,0,1,0,1,1,0,0,76,5,4,5,5,3,71.2,53.6,77.4,33.3
2769,0,0,0,1,3,2,55.0,2,0,0,0,1,0,0,1,0,66.7,5,3,4,4,0,1,0,1,0,1,1,0,0,0,14,1,0,0,0,30,5,4,4,4,2,32.5,8.6,50.2,52.9
2770,2,0,1,0,3,0,55.0,1,0,0,1,0,0,0,1,0,66.7,2,3,1,1,0,1,0,0,22,1,1,0,0,0,14,1,0,0,0,30,5,2,1,5,1,51.8,30.1,44.9,54.5
2771,3,2,1,0,0,0,40.0,4,0,1,0,0,1,1,0,0,100.0,5,3,3,4,0,1,1,0,56,0,0,1,0,0,28,1,0,0,0,30,2,4,1,4,1,49.2,29.5,58.6,46.5
2772,2,0,1,0,3,0,55.0,4,0,0,0,1,0,0,0,0,33.3,2,3,3,3,0,1,0,0,22,1,0,0,0,0,0,1,0,0,1,2,1,1,1,4,4,41.0,21.1,57.5,40.0
2773,1,2,0,3,0,0,60.0,5,1,0,0,0,0,0,0,0,33.3,4,4,1,3,0,1,0,0,22,0,1,0,0,0,42,1,1,0,0,76,5,3,4,5,4,36.9,41.1,31.1,63.9
2774,3,1,2,0,0,0,40.0,2,0,1,0,0,0,0,0,0,33.3,2,3,4,1,1,0,0,0,30,0,0,0,1,0,20,1,0,0,1,2,3,2,1,2,1,59.0,29.5,67.6,32.4
2775,0,2,3,0,0,1,65.0,3,0,1,0,1,0,0,0,0,66.7,2,1,3,2,1,0,1,0,64,0,1,0,0,1,0,1,0,0,1,2,5,2,5,2,1,70.2,40.4,73.9,24.3
2776,3,2,0,0,1,0,43.3,2,0,1,0,1,0,0,0,0,66.7,4,2,1,2,1,0,0,1,6,1,0,1,0,0,0,1,1,0,0,76,3,2,2,1,1,82.1,48.0,79.3,14.6
2777,2,0,0,1,0,3,73.3,3,1,1,0,0,0,0,0,0,66.7,2,4,1,4,1,0,1,0,64,0,0,1,0,0,28,1,1,0,0,76,2,3,4,4,3,63.7,58.6,47.0,58.1
2778,0,2,0,0,1,3,61.7,4,0,0,0,1,0,0,1,0,66.7,5,4,3,3,1,0,0,1,6,0,1,0,0,0,42,0,1,0,1,18,5,3,4,5,3,16.5,2.4,24.6,70.5
2779,1,3,0,2,0,0,60.0,3,0,1,1,0,0,1,0,0,100.0,4,4,3,4,0,1,1,0,56,0,0,1,1,0,48,1,1,0,0,76,3,2,5,4,2,59.1,56.7,51.8,64.6
2780,2,0,1,3,0,0,63.3,3,1,0,0,1,0,0,0,0,66.7,2,2,1,4,0,1,0,0,22,1,0,1,0,0,0,0,1,0,0,46,3,2,1,1,3,71.8,34.7,70.4,26.2
2781,1,0,3,0,0,2,65.0,2,0,0,1,0,0,0,1,0,66.7,2,2,3,4,1,1,0,0,52,0,0,1,0,0,28,1,0,0,0,30,5,1,2,2,2,61.8,43.5,65.7,40.9
2782,3,2,1,0,0,0,40.0,1,0,0,1,0,0,0,0,0,33.3,2,3,4,1,1,0,0,0,30,1,0,0,0,0,0,1,1,0,0,76,3,3,5,2,2,88.5,50.3,77.9,22.4
2783,0,3,0,0,2,1,61.7,4,0,0,1,1,0,1,0,0,100.0,2,4,3,3,0,1,0,1,0,1,0,0,0,0,0,1,0,0,0,30,2,1,4,4,1,58.4,37.9,63.2,58.4
2784,0,1,2,3,0,0,63.3,4,0,0,0,0,0,0,0,1,33.3,5,3,3,3,0,1,0,1,0,1,0,1,0,0,0,0,0,1,1,0,3,2,4,1,1,48.9,8.1,70.1,22.4
2785,2,1,3,0,0,0,40.0,1,0,0,0,1,0,0,0,0,33.3,4,3,4,2,1,1,0,0,52,1,0,0,0,0,0,0,1,0,0,46,1,2,4,1,1,84.6,45.3,91.8,13.8
2786,0,1,0,3,2,0,53.3,3,0,0,0,1,0,0,1,0,66.7,4,3,4,1,0,1,0,0,22,1,0,0,0,1,0,0,0,0,1,0,2,2,4,5,3,32.6,8.2,44.3,54.5
2787,2,3,1,0,0,0,40.0,5,0,0,1,0,0,0,1,1,100.0,4,4,2,1,1,1,0,0,52,0,0,1,0,0,28,1,0,1,0,2,5,3,5,1,1,47.4,22.0,43.2,53.0
2788,0,0,1,0,2,3,61.7,2,0,0,0,0,0,1,0,0,33.3,2,3,1,4,0,1,0,0,22,0,1,1,0,0,70,0,1,1,0,18,3,1,2,4,3,30.6,28.2,32.0,63.5
2789,0,1,3,0,2,0,48.3,5,1,1,0,0,0,0,1,0,100.0,2,4,4,3,1,0,0,1,6,1,0,0,0,0,0,1,0,1,0,2,1,1,5,1,2,58.3,20.4,76.1,42.7
2790,3,0,0,2,0,1,73.3,2,1,1,0,0,0,0,0,0,66.7,1,2,3,3,1,1,0,0,52,1,0,1,0,0,0,0,1,0,0,46,2,2,5,4,1,82.0,57.0,84.9,35.4
2791,2,0,1,0,3,0,55.0,2,0,0,0,1,0,1,0,1,100.0,1,1,3,4,0,1,0,0,22,0,0,0,1,0,20,1,1,0,0,76,3,1,5,1,1,89.3,69.2,91.5,27.2
2792,3,1,0,0,2,0,43.3,3,0,0,0,0,0,1,0,0,33.3,4,1,4,4,0,1,0,1,0,1,0,0,0,1,0,1,0,0,0,30,2,3,1,4,2,47.3,18.3,76.8,21.5
2793,3,0,2,0,1,0,55.0,4,0,0,1,1,0,0,0,1,100.0,5,2,3,3,0,1,0,1,0,1,0,0,0,0,0,1,0,0,0,30,2,2,2,1,3,50.0,12.3,62.6,32.1
2794,1,2,3,0,0,0,40.0,3,0,1,0,1,0,1,0,0,100.0,2,3,3,3,1,1,0,0,52,0,1,1,0,0,70,0,0,1,1,0,1,3,1,5,2,25.7,24.4,25.5,69.5
2795,1,2,0,0,3,0,43.3,3,0,1,0,1,0,0,0,0,66.7,1,4,1,3,0,1,0,0,22,1,0,1,0,0,0,1,0,0,0,30,5,2,1,2,1,75.0,40.4,71.6,37.8
2796,3,0,1,2,0,0,63.3,2,0,0,0,1,0,0,0,0,33.3,2,4,4,3,0,1,1,0,56,0,0,1,0,0,28,1,0,1,0,2,3,2,4,1,1,63.0,35.1,67.1,42.1
2797,0,1,3,0,0,2,65.0,2,0,0,0,0,0,1,0,0,33.3,2,3,1,1,0,1,0,1,0,0,1,1,0,0,70,0,0,1,0,0,5,4,5,5,4,4.1,0.0,0.0,67.4
2798,2,0,0,3,0,1,73.3,3,0,1,0,0,0,1,0,0,66.7,2,2,1,4,1,1,0,0,52,0,0,1,0,0,28,1,0,0,0,30,2,3,5,2,1,70.8,40.0,68.1,34.3
2799,3,2,1,0,0,0,40.0,1,0,0,1,1,0,0,0,1,100.0,2,1,4,4,0,1,0,1,0,1,0,0,0,0,0,0,1,0,0,46,3,1,4,4,2,64.7,35.5,85.6,33.6
2800,2,3,1,0,0,0,40.0,5,0,0,0,0,1,0,0,0,33.3,4,2,3,3,1,0,0,0,30,1,0,1,0,0,0,1,0,1,0,2,5,4,2,1,1,52.5,11.3,68.7,19.4
2801,1,3,0,0,0,2,63.3,2,0,1,0,0,0,0,0,0,33.3,2,3,3,4,0,1,1,0,56,0,0,1,0,1,0,1,1,0,0,76,3,1,4,2,2,93.6,67.5,93.7,30.5
2802,1,3,0,2,0,0,60.0,1,1,0,0,0,0,0,0,1,66.7,2,2,3,3,0,1,1,0,56,1,1,0,0,0,14,0,0,0,1,0,2,1,5,5,1,57.2,36.4,68.2,41.8
2803,2,1,3,0,0,0,40.0,3,0,1,0,1,0,1,0,0,100.0,4,1,4,2,0,1,0,0,22,0,1,0,0,0,42,1,1,0,0,76,3,2,2,2,1,73.3,53.9,71.3,31.1
2804,0,3,2,0,0,1,65.0,3,1,0,0,0,1,0,0,0,66.7,5,4,3,4,0,1,0,1,0,0,0,1,0,0,28,1,0,0,0,30,5,4,2,2,4,24.1,3.2,35.2,64.1
2805,3,2,0,1,0,0,60.0,1,1,1,0,0,0,0,0,0,66.7,1,2,4,3,0,1,0,0,22,1,0,0,0,0,0,1,1,0,0,76,2,3,4,4,1,84.4,58.4,87.1,29.6
2806,0,0,2,1,0,3,61.7,2,0,0,0,0,1,1,1,0,100.0,5,4,1,4,0,1,0,0,22,0,1,1,0,0,70,0,0,1,0,0,5,3,4,5,1,12.3,6.3,11.8,84.1
2807,0,2,1,3,0,0,63.3,3,0,0,0,0,0,0,1,0,33.3,2,4,3,1,1,1,0,0,52,1,0,0,0,1,0,0,0,0,1,0,2,3,5,1,1,69.6,26.1,68.3,28.9
2808,1,2,0,3,0,0,60.0,5,0,0,0,0,1,1,1,0,100.0,4,3,3,3,0,1,0,1,0,1,1,0,0,0,14,1,0,0,1,2,2,4,1,1,2,35.3,0.0,48.5,42.7
2809,3,0,0,2,0,1,73.3,4,0,0,0,0,1,1,0,0,66.7,4,1,1,3,1,1,0,0,52,1,1,0,0,0,14,1,0,0,0,30,3,2,4,2,2,62.9,34.0,58.0,29.9
2810,0,3,2,0,0,1,65.0,1,0,0,0,1,1,1,0,0,100.0,5,3,1,2,1,0,0,1,6,1,0,0,0,0,0,0,0,1,1,0,2,3,1,5,2,28.1,0.0,34.3,57.0
2811,2,1,0,0,3,0,43.3,2,1,0,0,0,0,1,0,1,100.0,4,2,3,3,0,1,0,0,22,1,0,0,0,1,0,1,0,0,0,30,3,1,5,5,1,53.8,38.2,66.1,46.8
2812,2,3,1,0,0,0,40.0,2,0,1,1,1,0,0,0,0,100.0,1,3,2,2,1,1,0,0,52,1,0,0,0,0,0,0,1,0,0,46,3,2,2,2,1,85.9,52.2,73.9,35.9
2813,3,0,0,0,1,2,71.7,4,0,0,0,0,0,1,1,1,100.0,1,4,3,3,0,0,0,1,0,0,1,0,0,0,42,0,0,1,0,0,2,3,5,4,3,18.4,7.2,23.2,75.3
2814,1,0,3,2,0,0,63.3,5,0,1,1,0,1,0,0,0,100.0,4,4,1,1,0,1,0,1,0,0,1,0,0,0,42,0,0,1,0,0,5,3,2,4,4,0.0,0.0,0.0,83.2
2815,2,0,3,0,0,1,65.0,2,0,0,1,1,0,0,0,1,100.0,2,1,1,3,1,1,0,0,52,1,0,0,0,0,0,0,1,1,0,18,1,3,4,5,1,59.3,35.6,57.0,37.0
2816,3,2,1,0,0,0,40.0,2,0,1,1,0,0,0,0,1,100.0,4,2,2,4,1,0,0,0,30,0,0,1,0,0,28,1,0,0,0,30,3,4,4,1,1,52.9,21.7,58.1,36.8
2817,2,0,1,0,0,3,65.0,5,0,0,0,1,1,0,0,1,100.0,5,4,1,4,0,1,0,0,22,1,1,0,0,0,14,1,1,0,0,76,5,3,1,5,4,38.8,35.8,32.4,72.8
2818,0,0,2,0,3,1,61.7,5,0,0,0,0,1,1,0,0,66.7,4,4,1,1,1,0,0,1,6,1,1,0,0,0,14,1,0,1,0,2,2,4,5,5,2,25.4,0.0,26.0,57.6
2819,1,0,3,0,2,0,55.0,5,1,0,0,0,1,0,0,0,66.7,4,3,1,3,0,0,1,1,10,0,1,0,0,0,42,0,0,1,1,0,2,2,1,5,2,24.4,16.3,32.3,59.3
2820,0,2,0,1,3,0,53.3,3,0,1,0,1,0,0,1,0,100.0,4,4,3,2,0,0,1,1,10,0,1,0,0,0,42,0,0,1,0,0,1,2,5,5,1,22.3,9.9,25.9,70.3
2821,0,3,0,1,2,0,53.3,2,0,0,0,1,0,0,0,1,66.7,2,3,2,1,1,1,0,0,52,0,1,0,0,1,0,1,0,0,0,30,3,3,4,2,2,67.0,37.7,58.8,35.0
2822,2,3,1,0,0,0,40.0,4,0,0,1,1,1,0,0,0,100.0,2,2,4,1,1,0,0,0,30,1,0,0,1,0,0,1,0,0,0,30,5,3,2,4,2,55.4,30.3,61.2,46.5
2823,3,1,2,0,0,0,40.0,3,0,1,0,0,1,0,0,0,66.7,2,4,3,4,1,1,0,0,52,0,0,1,0,0,28,1,1,0,0,76,5,2,5,2,1,83.4,68.0,76.8,46.5
2824,2,0,0,3,1,0,63.3,1,0,1,0,0,0,1,0,1,100.0,5,4,3,1,0,0,0,1,0,1,0,1,0,0,0,0,0,1,0,0,1,4,5,1,2,33.3,0.0,37.3,50.9
2825,0,2,0,1,0,3,70.0,3,1,0,0,0,0,1,0,0,66.7,5,3,3,3,1,0,0,1,6,0,1,0,0,1,0,0,0,1,1,0,5,3,5,5,4,16.3,0.0,32.0,64.7
2826,2,1,3,0,0,0,40.0,1,0,1,0,1,0,1,0,0,100.0,2,2,3,1,0,1,0,0,22,0,0,0,0,1,0,1,0,0,0,30,2,3,5,1,3,61.0,20.3,62.3,28.6
2827,0,3,1,0,2,0,48.3,3,0,0,0,0,0,0,0,1,33.3,5,3,1,3,0,1,1,0,56,1,0,0,0,1,0,1,0,0,0,30,3,1,4,2,1,70.7,41.5,75.2,26.4
2828,1,0,3,0,2,0,55.0,1,0,0,0,0,0,1,0,0,33.3,2,3,4,3,0,1,0,0,22,0,1,0,0,0,42,0,0,1,0,0,5,4,4,4,3,22.6,0.0,32.1,57.8
2829,2,3,0,0,0,1,63.3,3,1,0,0,1,0,1,0,0,100.0,2,2,2,1,0,0,1,1,10,1,0,0,0,0,0,1,0,0,0,30,2,3,4,2,1,68.0,29.7,70.0,29.3
2830,3,2,1,0,0,0,40.0,3,0,0,0,0,0,1,0,0,33.3,2,4,4,2,1,1,0,0,52,1,0,0,0,0,0,0,0,1,0,0,2,2,1,1,1,71.5,27.7,77.3,23.5
2831,0,3,2,1,0,0,63.3,1,0,1,1,1,0,0,0,0,100.0,1,1,4,4,1,1,0,0,52,1,0,0,1,0,0,1,1,0,0,76,2,1,4,1,1,100.0,74.9,100.0,19.6
2832,2,3,0,1,0,0,60.0,3,0,0,1,0,1,0,1,0,100.0,4,4,2,4,1,0,1,0,64,1,0,0,0,0,0,1,1,0,0,76,3,2,4,2,4,66.5,56.3,56.5,56.6
2833,0,0,3,1,2,0,55.0,4,1,0,0,0,0,0,0,0,33.3,2,2,4,3,0,1,1,0,56,0,1,0,0,0,42,0,0,1,0,0,1,2,1,2,1,61.4,36.3,70.0,28.3
2834,0,2,0,1,0,3,70.0,5,1,0,0,0,0,0,0,0,33.3,4,4,1,4,1,0,0,0,30,0,0,1,0,0,28,1,0,1,0,2,3,4,5,5,2,26.5,13.1,35.7,60.6
2835,3,0,1,0,2,0,55.0,1,0,0,1,0,0,0,0,0,33.3,4,4,2,4,0,0,0,1,0,0,1,0,0,1,0,0,1,0,0,46,2,4,4,5,2,45.2,17.6,60.1,42.0
2836,0,0,1,0,3,2,61.7,5,0,0,1,1,0,1,0,0,100.0,5,4,4,4,0,1,0,0,22,0,0,1,0,0,28,0,0,1,0,0,5,3,4,4,2,18.2,2.0,35.4,72.0
2837,2,0,1,3,0,0,63.3,1,0,0,0,0,0,1,0,0,33.3,4,3,2,4,1,1,0,0,52,0,0,1,0,0,28,1,0,0,0,30,2,4,5,2,4,34.9,18.2,41.0,43.4
2838,0,2,3,1,0,0,63.3,4,0,1,0,0,1,0,1,0,100.0,2,2,1,2,0,0,1,1,10,0,1,1,0,0,70,0,0,0,1,0,1,4,5,4,1,22.7,12.8,16.8,62.5
2839,3,1,0,0,0,2,63.3,2,1,1,1,0,0,0,0,0,100.0,2,3,3,2,0,1,0,0,22,0,0,1,0,0,28,0,1,1,0,18,1,3,4,4,2,38.6,23.9,42.3,55.6
2840,0,0,2,0,3,1,61.7,1,0,1,0,0,0,0,0,0,33.3,2,4,4,4,0,1,0,1,0,0,0,0,0,1,0,1,0,1,0,2,1,3,2,4,4,28.9,0.9,49.4,50.4
2841,3,2,1,0,0,0,40.0,5,0,1,0,0,0,1,0,1,100.0,5,3,1,3,0,1,0,0,22,0,1,0,0,0,42,1,1,0,0,76,2,2,5,1,2,61.8,51.6,44.3,46.7
2842,1,2,0,0,0,3,63.3,5,0,0,0,1,0,1,0,0,66.7,4,3,4,3,0,1,0,1,0,1,0,0,0,0,0,1,0,0,1,2,1,2,2,2,2,47.9,11.6,63.7,32.0
2843,3,1,2,0,0,0,40.0,4,0,0,0,0,0,0,1,0,33.3,5,2,1,4,0,1,0,1,0,0,1,0,0,0,42,1,0,1,0,2,2,1,5,5,2,26.0,9.4,40.4,42.2
2844,2,0,0,0,1,3,71.7,2,0,0,1,0,0,1,0,1,100.0,4,4,3,1,0,1,0,0,22,0,1,0,0,0,42,0,0,1,0,0,1,4,2,5,4,2.3,0.0,11.3,80.3
2845,0,3,1,0,2,0,48.3,5,0,1,0,0,0,1,0,0,66.7,2,3,2,3,1,0,0,0,30,1,0,0,0,0,0,1,0,1,0,2,5,1,4,4,3,47.8,25.5,53.2,50.9
2846,3,2,0,1,0,0,60.0,2,0,1,0,0,0,0,0,0,33.3,2,2,3,4,1,1,0,0,52,0,0,0,0,1,0,0,1,0,0,46,2,2,5,2,1,84.3,52.3,90.6,16.8
2847,0,2,1,0,0,3,65.0,2,0,1,0,1,0,0,0,1,100.0,5,2,3,3,0,1,0,0,22,0,0,0,0,1,0,0,1,0,1,18,5,2,5,4,1,49.5,17.5,56.3,51.7
2848,2,3,0,1,0,0,60.0,3,0,0,0,1,0,0,0,0,33.3,1,4,2,2,0,0,0,1,0,1,0,0,0,1,0,1,0,0,0,30,1,3,1,2,1,68.8,26.0,67.2,28.9
2849,0,2,1,3,0,0,63.3,5,0,0,0,0,0,1,0,1,66.7,5,3,2,2,1,0,1,0,64,0,0,1,0,0,28,1,0,1,0,2,5,4,4,4,1,33.9,14.4,35.4,52.5
2850,1,0,0,2,0,3,73.3,2,0,1,0,0,0,0,1,0,66.7,4,3,1,3,0,1,0,1,0,0,0,1,0,0,28,0,1,0,1,18,1,1,1,4,4,23.2,11.6,30.7,57.2
2851,0,3,1,0,0,2,65.0,2,0,0,0,0,1,0,1,1,100.0,4,3,3,3,0,1,0,0,22,0,1,0,0,1,0,1,0,0,0,30,5,4,1,5,4,31.7,10.1,39.5,65.3
2852,3,1,0,2,0,0,60.0,1,1,0,0,0,0,1,0,0,66.7,5,2,3,3,1,1,0,0,52,0,0,1,0,0,28,0,1,0,0,46,3,3,4,2,1,63.8,40.7,70.6,31.5
2853,3,0,0,1,0,2,73.3,2,0,0,1,1,0,0,0,1,100.0,4,2,1,3,1,0,1,0,64,0,0,0,1,1,0,1,0,0,0,30,3,2,1,2,2,65.1,40.8,64.1,43.5
2854,2,0,0,1,0,3,73.3,2,0,0,1,0,0,1,0,0,66.7,2,3,3,4,0,1,0,0,22,0,1,0,0,1,0,1,0,0,0,30,3,1,2,1,1,73.8,43.3,84.9,31.8
2855,1,0,3,2,0,0,63.3,1,1,0,0,0,0,1,0,1,100.0,4,2,3,4,0,1,0,0,22,0,1,0,0,1,0,0,1,1,0,18,3,3,2,4,1,48.8,16.6,62.8,43.7
2856,1,0,3,2,0,0,63.3,3,1,0,0,0,0,0,0,0,33.3,5,3,3,4,1,1,0,0,52,0,1,1,0,0,70,0,1,0,0,46,1,4,2,2,3,33.4,27.5,37.7,47.9
2857,1,0,3,0,2,0,55.0,4,0,0,0,0,0,1,1,0,66.7,4,1,4,3,0,1,0,0,22,1,0,0,0,0,0,0,0,1,1,0,3,2,4,2,1,60.9,16.9,78.7,21.4
2858,3,0,1,0,0,2,65.0,3,0,1,1,0,0,0,0,0,66.7,1,2,2,1,1,0,1,0,64,0,0,0,1,1,0,1,0,0,0,30,1,1,1,5,3,70.4,45.7,63.0,40.5
2859,0,2,0,1,3,0,53.3,5,1,0,1,0,0,0,0,0,66.7,2,3,3,4,1,1,0,0,52,0,1,1,0,0,70,0,1,1,0,18,5,4,1,5,4,16.5,24.8,20.0,76.1
2860,2,0,3,1,0,0,63.3,5,0,0,0,0,1,1,1,0,100.0,2,3,1,2,0,1,0,0,22,0,1,0,0,0,42,0,0,1,0,0,2,3,2,2,4,26.7,9.4,17.9,65.2
2861,2,0,3,0,0,1,65.0,3,0,0,0,0,0,0,0,1,33.3,2,1,2,1,0,1,1,0,56,1,0,0,0,0,0,0,1,1,0,18,3,2,2,5,4,49.8,30.0,46.5,36.7
2862,3,2,1,0,0,0,40.0,5,1,0,0,0,0,1,0,0,66.7,2,3,2,3,0,1,0,0,22,1,0,0,0,0,0,1,0,1,0,2,2,1,5,1,3,51.4,21.2,59.4,33.3
2863,3,2,1,0,0,0,40.0,1,0,1,0,0,0,0,0,1,66.7,2,3,3,1,1,1,0,0,52,0,0,0,0,1,0,1,0,0,0,30,3,2,2,2,3,63.1,36.8,60.2,34.5
2864,0,2,1,0,0,3,65.0,5,0,1,0,0,1,0,0,0,66.7,2,3,4,2,1,1,0,0,52,0,0,1,1,0,48,1,1,0,0,76,5,2,5,2,3,66.5,64.6,57.7,53.7
2865,2,3,1,0,0,0,40.0,2,0,0,1,0,0,0,0,0,33.3,4,2,3,3,1,0,1,0,64,1,0,0,0,0,0,1,1,0,0,76,2,3,5,4,1,83.5,62.8,84.6,20.6
2866,3,1,2,0,0,0,40.0,3,0,0,0,1,0,0,0,0,33.3,4,3,1,3,1,1,0,0,52,1,1,0,0,0,14,0,0,0,1,0,1,1,1,1,3,56.4,19.3,61.2,27.1
2867,0,2,3,0,0,1,65.0,2,0,1,0,1,0,0,0,0,66.7,2,2,2,4,1,1,0,0,52,1,0,0,0,0,0,0,0,0,1,0,3,3,5,2,1,65.0,22.8,66.3,30.0
2868,3,0,0,2,0,1,73.3,3,0,0,1,0,0,0,1,1,100.0,4,4,4,4,1,1,0,0,52,0,0,1,0,0,28,1,1,0,0,76,5,3,1,5,4,44.2,44.4,42.1,80.9
2869,2,0,3,0,0,1,65.0,3,0,1,0,1,0,0,0,1,100.0,1,3,1,4,1,1,0,0,52,1,0,0,0,0,0,1,1,0,0,76,5,3,5,5,1,85.2,64.1,75.2,48.1
2870,2,3,1,0,0,0,40.0,3,0,0,0,0,1,0,0,0,33.3,1,2,1,4,0,1,1,0,56,1,0,0,0,0,0,0,1,1,0,18,5,3,4,2,3,65.4,31.4,66.9,29.9
2871,3,0,0,1,2,0,63.3,2,1,0,0,1,0,1,0,0,100.0,1,2,3,4,0,1,1,0,56,1,1,0,0,0,14,0,1,0,0,46,3,4,5,2,1,77.0,44.5,74.7,37.0
2872,1,0,2,3,0,0,63.3,5,0,0,0,0,1,0,0,0,33.3,5,3,4,4,0,1,0,0,22,0,1,0,0,0,42,0,0,1,0,0,5,4,5,4,2,20.3,1.4,42.3,55.3
2873,3,1,0,0,0,2,63.3,3,0,1,0,0,0,0,0,0,33.3,5,4,1,4,0,1,0,1,0,0,1,1,0,0,70,0,0,1,0,0,1,3,1,5,4,0.0,0.0,4.2,74.2
2874,3,1,2,0,0,0,40.0,4,0,1,1,0,0,0,0,0,66.7,5,3,3,3,0,1,0,0,22,1,0,0,0,0,0,0,0,0,1,0,3,2,1,5,1,43.2,12.5,64.0,40.3
2875,0,0,1,0,2,3,61.7,3,0,0,1,0,0,0,1,0,66.7,2,4,2,3,0,0,1,0,34,1,0,0,0,0,0,1,1,0,0,76,5,4,2,5,3,60.1,44.1,53.0,59.5
2876,2,3,1,0,0,0,40.0,4,0,0,1,0,1,0,0,1,100.0,4,3,3,3,1,0,0,0,30,0,0,1,0,0,28,1,1,0,0,76,3,2,5,5,3,54.1,48.6,53.6,58.8
2877,3,0,2,0,1,0,55.0,3,1,1,0,0,0,1,0,0,100.0,4,3,3,2,1,0,0,0,30,1,0,0,0,0,0,1,0,0,1,2,2,3,5,2,4,33.1,4.7,42.8,51.5
2878,0,3,1,0,0,2,65.0,1,0,0,0,0,0,1,0,0,33.3,1,2,3,4,1,1,0,0,52,1,0,0,0,1,0,1,0,0,0,30,3,1,4,2,3,75.9,45.0,81.0,25.5
2879,0,1,0,0,2,3,61.7,4,1,1,0,0,0,0,0,1,100.0,2,2,3,4,0,0,0,1,0,0,1,0,0,0,42,1,0,0,1,2,1,3,5,4,1,33.7,13.8,47.8,52.1
2880,1,2,0,0,3,0,43.3,2,1,0,0,0,1,0,0,1,100.0,2,2,2,1,1,1,0,0,52,1,0,0,0,0,0,1,0,0,1,2,3,1,5,4,2,53.4,33.3,52.7,43.3
2881,0,2,0,1,3,0,53.3,1,1,1,0,0,0,0,0,0,66.7,2,1,2,3,1,0,0,1,6,0,0,1,0,0,28,0,0,0,1,0,5,3,1,4,2,35.1,12.1,45.8,44.1
2882,0,3,1,0,0,2,65.0,4,0,1,0,0,0,0,0,1,66.7,4,4,1,4,0,0,0,1,0,0,1,1,0,0,70,0,0,1,0,0,5,3,4,1,1,19.6,3.6,22.2,63.7
2883,3,2,1,0,0,0,40.0,3,0,1,0,0,1,0,0,0,66.7,4,3,4,4,1,1,0,0,52,1,0,1,0,0,0,0,1,0,0,46,5,1,4,4,2,63.2,51.9,77.7,45.4
2884,1,3,0,0,2,0,43.3,5,1,0,0,0,0,1,0,1,100.0,2,4,2,3,0,0,0,1,0,1,0,0,0,0,0,0,0,0,1,0,5,2,5,2,2,50.0,12.1,55.3,51.6
2885,2,3,0,0,0,1,63.3,3,0,0,0,1,0,1,0,1,100.0,1,1,4,4,0,1,0,0,22,0,0,1,1,0,48,1,1,0,0,76,3,2,4,4,1,72.5,65.5,69.1,45.5
2886,0,2,3,1,0,0,63.3,3,0,1,0,0,0,0,0,0,33.3,2,2,4,4,0,1,0,0,22,1,0,0,0,0,0,1,1,0,0,76,1,1,5,2,1,91.7,62.1,98.1,15.0
2887,0,0,1,2,0,3,61.7,3,0,0,0,0,0,1,0,0,33.3,4,3,1,4,0,1,0,0,22,0,1,1,0,0,70,0,0,1,0,0,5,3,2,5,2,10.2,8.8,17.5,63.2
2888,2,0,1,0,0,3,65.0,5,1,1,0,1,0,0,0,0,100.0,2,2,1,3,1,1,0,0,52,1,0,0,0,0,0,1,0,0,0,30,3,3,5,2,1,74.2,47.2,65.8,34.9
2889,0,3,1,0,0,2,65.0,4,1,0,0,0,0,0,0,0,33.3,5,4,1,2,1,1,0,0,52,0,0,1,0,1,0,0,1,1,0,18,1,4,5,5,4,30.9,7.2,34.8,48.8
2890,0,0,2,3,1,0,55.0,4,0,0,0,1,0,0,0,0,33.3,2,4,3,3,0,1,0,0,22,0,1,0,0,0,42,1,0,0,0,30,5,2,1,5,2,45.3,32.1,48.5,60.8
2891,1,3,2,0,0,0,40.0,4,0,0,0,0,1,1,0,0,66.7,2,3,4,4,1,0,1,0,64,1,0,0,0,0,0,1,1,0,0,76,1,2,4,1,1,99.0,75.8,100.0,20.0
2892,0,1,3,2,0,0,63.3,5,1,0,0,0,0,0,0,1,66.7,5,4,2,4,0,1,0,0,22,0,1,0,0,0,42,1,0,1,0,2,5,3,2,4,4,8.0,1.4,12.5,78.8
2893,2,3,0,0,0,1,63.3,2,0,0,1,1,0,0,0,1,100.0,2,4,3,3,1,1,0,0,52,1,0,0,0,0,0,1,0,0,1,2,3,4,5,2,1,58.4,22.1,59.5,50.0
2894,1,3,2,0,0,0,40.0,3,0,0,1,0,0,0,0,0,33.3,2,1,1,2,0,1,0,0,22,0,0,0,1,1,0,0,0,1,1,0,5,3,2,4,1,55.3,17.1,58.8,17.8
2895,0,1,0,3,0,2,70.0,2,0,0,0,0,0,0,1,0,33.3,4,4,1,3,0,1,0,0,22,0,1,0,0,0,42,0,0,1,0,0,1,4,4,5,3,15.4,0.0,17.0,63.2
2896,0,0,3,1,0,2,61.7,4,0,0,0,0,1,0,0,0,33.3,5,4,1,3,0,1,0,0,22,0,1,0,0,0,42,0,1,1,0,18,3,4,5,5,1,29.8,13.4,29.9,59.8
2897,0,0,1,3,0,2,61.7,3,0,0,0,0,0,1,0,1,66.7,4,3,3,3,1,0,0,1,6,0,0,1,0,0,28,1,0,1,0,2,3,4,4,5,3,14.7,0.0,27.7,61.6
2898,1,3,2,0,0,0,40.0,3,0,0,1,0,0,1,1,0,100.0,1,3,3,3,1,0,0,0,30,1,0,0,0,0,0,1,0,1,0,2,2,1,1,4,4,40.3,23.7,48.3,54.7
2899,1,3,2,0,0,0,40.0,3,1,0,0,0,0,0,0,0,33.3,2,3,4,4,1,0,0,0,30,0,1,1,0,0,70,1,1,0,0,76,1,4,5,2,3,54.9,44.4,52.7,38.3
2900,3,2,0,1,0,0,60.0,4,0,0,0,1,0,0,0,1,66.7,2,1,1,1,1,0,0,0,30,0,0,0,1,1,0,1,1,0,0,76,3,3,4,4,3,68.7,51.7,56.9,31.1
2901,3,2,1,0,0,0,40.0,4,1,0,0,0,0,0,1,0,66.7,2,2,1,3,1,1,0,0,52,1,0,1,0,0,0,1,0,1,0,2,2,3,4,4,4,41.6,17.5,47.2,39.8
2902,0,2,0,0,1,3,61.7,3,1,0,0,0,0,0,0,0,33.3,5,4,2,3,0,0,1,1,10,0,0,0,0,1,0,0,0,1,0,0,1,2,4,4,3,32.5,0.0,50.4,43.7
2903,1,0,3,0,2,0,55.0,5,0,0,0,1,0,1,0,0,66.7,5,1,4,3,0,1,0,0,22,0,1,0,0,1,0,1,0,0,0,30,5,2,1,1,2,61.1,32.4,76.4,20.2
2904,0,3,2,0,0,1,65.0,4,0,0,1,1,0,0,1,0,100.0,5,3,2,4,0,1,0,1,0,1,1,0,0,0,14,0,0,1,1,0,1,2,2,4,2,26.8,6.4,46.8,55.2
2905,3,1,0,0,0,2,63.3,3,0,0,0,0,0,0,0,1,33.3,2,4,3,3,1,0,1,0,64,0,0,0,0,1,0,0,1,0,0,46,2,1,5,2,2,80.7,55.9,80.5,33.6
2906,1,2,0,3,0,0,60.0,2,0,1,0,1,0,0,0,0,66.7,5,3,1,4,0,1,1,0,56,0,0,1,0,1,0,1,0,0,0,30,2,2,5,2,1,67.6,38.6,74.2,28.9
2907,2,3,1,0,0,0,40.0,3,1,0,1,1,0,0,0,0,100.0,5,3,4,3,1,0,0,0,30,1,0,0,0,1,0,0,1,1,0,18,5,2,4,4,1,49.3,25.9,63.8,48.9
2908,2,0,1,0,0,3,65.0,5,0,0,1,1,0,0,0,0,66.7,2,2,2,4,0,1,0,0,22,1,1,0,0,0,14,1,0,1,0,2,5,1,2,4,1,49.8,32.8,58.6,42.4
2909,3,2,0,0,1,0,43.3,2,0,1,0,0,0,1,0,0,66.7,4,1,2,1,1,1,0,0,52,1,0,0,0,0,0,1,1,0,0,76,5,3,5,2,3,72.4,48.2,64.2,25.2
2910,2,1,0,0,0,3,63.3,3,0,0,1,1,0,0,0,1,100.0,1,1,2,1,1,0,1,0,64,1,0,1,0,0,0,1,0,0,0,30,1,1,5,4,1,80.7,57.9,75.9,32.5
2911,3,0,1,0,0,2,65.0,3,0,1,0,0,0,0,0,0,33.3,5,2,1,3,0,1,0,0,22,0,1,0,0,0,42,0,1,1,0,18,2,3,4,5,1,34.6,17.9,37.8,43.7
2912,2,3,0,1,0,0,60.0,2,0,0,1,1,0,0,0,1,100.0,2,2,4,4,1,1,0,0,52,1,0,0,0,0,0,1,0,0,0,30,3,3,4,1,3,60.6,29.7,69.0,39.0
2913,0,0,0,3,2,1,55.0,3,0,0,1,0,0,0,0,0,33.3,4,2,3,2,0,0,1,0,34,1,0,0,0,0,0,1,1,0,0,76,1,2,5,1,2,86.2,54.8,83.7,10.8
2914,3,0,2,0,1,0,55.0,2,0,1,0,0,0,0,0,0,33.3,2,2,4,4,0,1,1,0,56,0,1,0,0,0,42,0,0,0,1,0,5,3,4,5,1,45.4,27.5,59.6,44.0
2915,3,2,0,1,0,0,60.0,4,0,0,0,1,0,0,0,0,33.3,5,2,2,4,0,1,0,0,22,1,0,0,0,1,0,0,0,1,1,0,3,3,5,5,2,33.4,8.8,56.0,32.5
2916,0,3,1,0,0,2,65.0,3,1,0,0,0,0,0,0,0,33.3,2,4,4,3,0,0,0,1,0,1,0,0,0,0,0,1,0,0,0,30,2,3,4,1,1,64.6,31.2,75.9,28.1
2917,3,0,1,2,0,0,63.3,3,1,0,0,0,0,0,0,0,33.3,2,1,3,3,0,0,1,1,10,0,1,1,0,0,70,1,1,0,0,76,1,3,5,2,3,49.8,46.9,45.4,31.9
2918,1,3,2,0,0,0,40.0,3,0,0,1,0,0,0,1,0,66.7,2,4,4,3,0,1,0,0,22,1,1,0,0,0,14,1,0,1,0,2,2,4,1,5,1,40.4,15.9,55.8,47.9
2919,3,0,1,2,0,0,63.3,3,0,0,0,0,0,0,0,1,33.3,4,3,4,3,1,0,0,1,6,0,0,1,0,0,28,1,1,0,0,76,1,3,4,1,2,69.3,41.4,72.5,22.8
2920,0,0,3,0,2,1,61.7,2,0,0,0,1,0,1,0,0,66.7,5,3,1,3,0,1,0,0,22,0,1,1,0,0,70,1,0,0,1,2,5,3,5,5,4,0.0,0.0,1.2,80.5
2921,3,1,2,0,0,0,40.0,5,0,0,0,1,0,1,0,0,66.7,5,2,4,3,0,1,1,0,56,1,0,0,0,0,0,0,0,1,1,0,3,1,5,4,1,53.1,31.9,70.7,34.2
2922,1,0,3,0,2,0,55.0,3,0,0,0,1,0,0,0,0,33.3,4,4,3,3,1,1,0,0,52,0,1,0,1,0,62,0,1,0,1,18,5,2,1,2,1,44.7,32.5,47.2,53.2
2923,0,1,0,0,3,2,61.7,2,1,0,0,0,0,1,0,1,100.0,5,4,1,4,0,0,0,1,0,1,1,0,0,0,14,0,0,1,0,0,2,3,5,5,2,15.8,0.0,29.0,68.6
2924,2,3,0,1,0,0,60.0,2,1,0,0,1,0,0,0,0,66.7,2,4,2,4,0,1,0,0,22,1,0,1,0,0,0,0,1,0,0,46,3,2,1,1,1,78.9,47.9,80.9,34.8
2925,2,3,0,0,1,0,43.3,3,0,0,0,0,0,1,0,0,33.3,4,3,2,4,0,1,1,0,56,1,0,0,0,0,0,0,0,0,1,0,2,2,2,2,1,60.4,24.7,73.5,24.5
2926,1,0,0,2,0,3,73.3,1,0,0,1,0,0,0,0,0,33.3,5,1,3,4,1,1,0,0,52,0,1,0,1,0,62,1,0,0,1,2,1,3,4,1,4,27.3,0.0,34.0,35.9
2927,0,3,1,0,0,2,65.0,1,0,1,0,0,1,0,0,1,100.0,4,3,3,3,1,0,0,1,6,1,0,0,0,1,0,1,1,0,0,76,3,3,4,1,1,77.5,44.3,78.9,32.0
2928,2,3,0,0,1,0,43.3,4,0,1,0,1,0,0,0,1,100.0,2,1,3,4,0,1,0,0,22,1,0,1,0,0,0,0,1,1,0,18,3,2,4,1,1,71.6,35.6,82.4,22.0
2929,3,2,1,0,0,0,40.0,2,0,0,0,0,0,0,0,1,33.3,2,3,4,3,0,1,1,0,56,0,0,0,0,1,0,1,1,0,0,76,2,1,2,2,1,100.0,72.0,100.0,16.6
2930,3,0,0,2,1,0,63.3,5,0,0,0,0,0,0,0,1,33.3,5,4,1,3,0,1,0,1,0,0,0,1,0,0,28,0,0,1,0,0,5,3,1,5,1,23.9,5.9,31.3,55.8
2931,3,2,0,0,0,1,63.3,3,0,0,0,1,0,1,1,0,100.0,2,3,3,3,0,1,1,0,56,0,0,1,0,0,28,0,1,0,0,46,3,2,5,2,2,63.6,54.5,64.4,49.7
2932,3,2,0,1,0,0,60.0,5,1,0,0,1,0,0,0,0,66.7,4,4,3,3,0,0,1,0,34,0,1,0,0,1,0,1,1,0,0,76,2,4,4,1,1,77.6,50.0,71.7,34.2
2933,0,3,1,0,2,0,48.3,3,1,0,0,0,0,0,1,0,66.7,2,2,2,3,0,1,0,0,22,0,1,0,0,0,42,0,0,0,1,0,3,3,1,1,3,41.8,11.8,40.2,43.8
2934,0,3,2,0,1,0,48.3,3,0,0,0,0,0,0,1,0,33.3,2,2,2,4,0,1,0,1,0,1,0,0,0,0,0,0,0,0,1,0,5,2,2,4,1,55.5,16.0,69.7,33.0
2935,3,2,0,1,0,0,60.0,5,0,0,0,0,0,1,1,0,66.7,4,2,2,4,0,1,1,0,56,0,0,0,1,0,20,1,1,0,0,76,2,4,4,4,2,66.4,54.4,67.2,39.8
2936,0,0,3,1,2,0,55.0,3,0,0,1,0,1,0,0,0,66.7,5,4,1,2,0,1,0,0,22,0,0,1,0,0,28,0,0,1,0,0,5,4,5,5,3,12.5,0.0,14.0,74.7
2937,3,2,1,0,0,0,40.0,3,0,1,0,0,0,0,0,0,33.3,2,1,3,4,0,1,0,1,0,1,0,0,0,0,0,0,1,1,0,18,5,3,2,4,1,56.0,15.3,73.0,23.8
2938,2,1,0,0,3,0,43.3,1,0,0,1,0,1,1,0,0,100.0,5,3,3,1,1,0,1,0,64,1,0,0,0,0,0,0,0,1,1,0,2,2,5,2,4,40.1,14.5,43.8,48.5
2939,3,0,0,2,1,0,63.3,3,1,0,0,0,0,0,0,0,33.3,4,2,2,2,0,0,1,0,34,1,0,0,0,0,0,1,0,0,1,2,3,3,5,5,1,46.4,15.1,57.2,33.8
2940,0,1,2,0,0,3,65.0,3,0,0,1,0,0,1,0,0,66.7,5,3,3,3,0,1,0,0,22,1,0,0,0,0,0,0,1,0,0,46,2,2,5,4,1,56.1,33.3,67.7,40.1
2941,3,1,2,0,0,0,40.0,3,0,0,0,0,0,0,1,0,33.3,4,3,1,2,1,0,1,0,64,1,0,1,0,0,0,1,0,1,0,2,5,3,2,2,2,60.3,19.1,55.5,35.7
2942,1,3,2,0,0,0,40.0,1,0,0,0,1,0,0,0,0,33.3,4,3,1,3,1,1,0,0,52,1,0,1,0,0,0,0,0,1,0,0,3,4,4,2,3,50.1,6.2,48.4,34.0
2943,3,2,0,0,1,0,43.3,1,1,0,1,0,0,0,0,0,66.7,1,2,4,4,0,1,0,1,0,0,0,1,0,0,28,1,0,0,1,2,2,4,4,2,1,48.3,9.5,59.0,30.8
2944,0,0,2,1,0,3,61.7,2,0,0,1,0,0,0,0,0,33.3,1,3,2,1,0,1,0,0,22,1,0,0,0,0,0,0,1,1,0,18,5,2,2,5,3,44.8,26.0,41.4,50.0
2945,0,3,2,1,0,0,63.3,4,0,0,0,0,0,1,0,0,33.3,1,1,4,3,1,1,0,0,52,1,0,0,0,1,0,1,0,0,1,2,2,2,2,2,1,77.0,34.6,91.6,17.2
2946,2,3,0,1,0,0,60.0,3,0,1,0,1,1,0,0,0,100.0,5,2,4,3,1,1,0,0,52,0,0,1,0,1,0,0,0,1,1,0,3,2,5,1,1,55.9,22.3,71.3,31.9
2947,3,1,0,0,2,0,43.3,4,0,0,0,0,0,0,0,1,33.3,5,4,1,1,0,1,0,0,22,0,1,0,0,0,42,0,0,1,0,0,5,4,5,4,1,17.6,7.3,16.8,53.5
2948,1,3,0,2,0,0,60.0,2,0,0,0,1,1,0,0,0,66.7,2,3,2,3,1,1,0,0,52,1,0,0,0,0,0,1,0,0,0,30,2,2,4,1,1,81.3,46.0,77.7,27.0
2949,2,3,1,0,0,0,40.0,4,0,1,1,0,0,0,0,0,66.7,4,4,3,1,1,0,0,0,30,0,1,0,0,0,42,0,0,1,0,0,2,1,4,5,1,32.6,24.2,39.0,59.7
2950,0,2,1,0,0,3,65.0,3,0,0,1,0,0,1,1,0,100.0,2,2,2,3,1,0,1,0,64,1,0,1,0,0,0,1,1,0,0,76,3,1,1,2,2,95.2,74.5,87.5,32.8
2951,0,1,2,0,0,3,65.0,5,0,1,0,0,0,0,0,0,33.3,4,3,1,1,0,0,0,1,0,0,1,0,0,0,42,0,1,1,0,18,3,3,4,5,4,18.6,5.8,8.4,65.1
2952,0,3,1,0,0,2,65.0,1,0,1,0,0,0,0,0,0,33.3,1,2,3,1,1,1,0,0,52,1,0,0,0,0,0,1,0,0,0,30,1,3,5,1,1,84.1,44.9,81.0,10.3
2953,3,1,2,0,0,0,40.0,2,0,0,0,1,0,0,1,0,66.7,4,2,3,3,1,0,0,0,30,1,0,1,0,0,0,1,1,0,0,76,3,4,4,1,1,84.7,43.5,84.7,19.1
2954,2,1,3,0,0,0,40.0,5,0,0,0,1,0,0,0,0,33.3,5,2,4,3,0,1,0,1,0,1,1,0,0,0,14,1,1,0,0,76,1,1,2,4,2,59.9,50.0,81.4,22.3
2955,3,2,1,0,0,0,40.0,2,0,0,1,0,0,1,0,0,66.7,1,3,4,3,1,1,0,0,52,1,0,0,0,0,0,1,1,0,0,76,3,1,5,1,1,100.0,74.7,98.7,25.5
2956,1,2,0,0,0,3,63.3,4,1,1,0,0,0,0,0,0,66.7,5,1,1,2,1,1,0,0,52,0,0,1,0,0,28,0,0,1,1,0,1,4,5,5,4,26.2,6.4,21.7,47.7
2957,2,0,1,0,3,0,55.0,2,0,0,0,0,0,0,0,1,33.3,5,4,3,2,1,1,0,0,52,1,0,0,0,0,0,1,0,0,0,30,1,3,5,5,1,56.7,30.0,59.8,39.8
2958,2,3,0,0,1,0,43.3,5,0,0,1,1,0,0,0,0,66.7,4,3,3,2,1,1,0,0,52,1,0,0,0,0,0,1,0,0,1,2,2,3,4,5,4,30.3,9.1,39.8,55.2
2959,3,0,2,0,1,0,55.0,3,0,0,0,1,0,0,0,0,33.3,2,4,3,1,0,1,0,0,22,0,1,1,0,0,70,0,0,0,1,0,1,2,5,2,3,27.5,12.2,25.7,58.5
2960,3,0,2,1,0,0,63.3,3,1,0,0,0,0,1,0,0,66.7,4,3,3,4,0,1,0,0,22,1,0,0,0,0,0,1,0,0,0,30,3,3,4,5,1,54.8,28.0,64.2,42.6
2961,2,3,0,0,1,0,43.3,2,0,1,0,0,0,0,0,0,33.3,2,3,4,2,1,0,0,1,6,1,0,0,0,0,0,1,0,0,0,30,3,2,1,5,1,62.7,30.8,77.5,34.6
2962,0,3,2,0,0,1,65.0,1,1,1,0,0,0,0,0,0,66.7,5,2,2,3,0,1,0,0,22,1,0,0,0,1,0,1,0,0,1,2,1,2,1,4,4,28.2,5.8,41.5,44.1
2963,3,2,0,0,0,1,63.3,3,1,1,0,0,0,1,0,0,100.0,1,4,4,4,0,1,0,0,22,1,0,0,0,0,0,1,0,0,0,30,1,1,1,2,2,67.5,41.2,82.8,48.4
2964,1,0,2,3,0,0,63.3,1,0,1,1,1,0,0,0,0,100.0,2,3,3,4,0,0,1,1,10,0,0,0,1,1,0,1,1,0,0,76,2,3,5,4,4,60.4,40.9,63.2,55.4
2965,0,2,1,0,0,3,65.0,3,0,0,1,0,0,0,1,1,100.0,2,2,3,2,0,1,0,1,0,1,0,0,0,1,0,1,0,0,1,2,3,3,1,1,1,50.6,9.8,60.9,33.5
2966,2,0,3,0,1,0,55.0,3,0,1,1,1,0,0,0,0,100.0,4,1,3,4,1,1,0,0,52,0,0,0,1,0,20,1,0,0,0,30,2,4,4,2,4,45.4,19.3,55.2,38.7
2967,0,0,2,0,1,3,61.7,3,0,0,0,0,0,0,1,0,33.3,4,4,3,1,0,1,0,0,22,0,1,0,0,0,42,1,1,0,0,76,2,3,5,5,2,47.8,49.1,46.2,52.5
2968,1,3,2,0,0,0,40.0,3,0,1,1,0,0,1,0,0,100.0,2,3,3,3,1,0,0,0,30,1,0,0,0,1,0,1,0,0,1,2,1,2,4,4,1,51.9,26.0,64.9,48.2
2969,3,0,0,2,1,0,63.3,2,1,0,1,0,0,0,1,0,100.0,4,2,3,4,0,1,0,0,22,0,1,0,0,0,42,1,0,0,0,30,1,3,4,5,3,26.9,19.5,36.8,60.4
2970,0,3,0,2,1,0,53.3,3,1,0,0,0,1,0,1,0,100.0,4,3,1,4,0,1,0,0,22,0,1,0,0,0,42,0,0,1,0,0,1,2,4,5,2,24.7,12.8,31.0,65.6
2971,0,3,2,0,1,0,48.3,5,1,1,0,0,0,1,0,0,100.0,4,4,4,3,0,1,0,1,0,0,1,0,0,0,42,1,0,0,0,30,1,4,4,5,1,28.7,23.2,45.2,64.5
2972,1,2,0,0,0,3,63.3,2,0,0,0,1,0,1,1,0,100.0,5,3,4,4,0,0,1,0,34,0,1,0,1,0,62,1,0,1,0,2,1,3,5,4,2,16.7,9.8,27.2,70.4
2973,2,0,3,1,0,0,63.3,1,0,0,0,0,1,1,0,1,100.0,2,3,4,2,1,1,0,0,52,1,0,0,0,1,0,1,0,0,1,2,1,3,5,5,1,51.9,25.8,61.5,54.7
2974,0,3,0,2,0,1,70.0,3,0,1,0,0,1,1,0,0,100.0,4,1,4,4,1,1,0,0,52,0,0,0,1,1,0,1,0,1,0,2,3,1,5,1,1,65.4,33.2,89.1,21.6
2975,0,3,1,0,0,2,65.0,3,0,0,0,0,0,0,1,0,33.3,4,2,3,4,1,0,0,0,30,1,0,0,1,0,0,1,1,0,0,76,3,2,2,4,1,77.7,59.5,89.7,24.0
2976,2,1,0,3,0,0,60.0,5,0,1,0,0,1,0,0,1,100.0,5,4,4,3,0,1,0,0,22,0,0,1,0,0,28,0,0,0,1,0,5,3,4,4,2,20.2,6.6,35.3,75.2
2977,0,3,2,0,0,1,65.0,5,0,1,0,0,1,1,0,0,100.0,4,2,1,3,0,1,0,0,22,1,1,0,0,0,14,0,0,1,0,0,5,4,5,4,2,29.3,6.8,30.9,56.8
2978,0,3,1,2,0,0,63.3,3,0,1,0,1,0,0,0,0,66.7,2,1,3,1,0,0,0,1,0,0,1,1,0,0,70,1,0,1,0,2,2,1,2,4,2,25.0,16.4,32.0,50.8
2979,0,1,2,0,0,3,65.0,3,0,0,0,1,0,1,0,0,66.7,5,4,4,3,1,0,0,1,6,1,0,0,0,0,0,0,0,1,0,0,5,3,5,5,1,31.2,4.5,56.6,56.6
2980,2,1,3,0,0,0,40.0,3,0,0,0,0,0,1,0,0,33.3,4,3,3,2,1,0,0,0,30,0,1,0,0,0,42,1,0,0,1,2,5,3,5,4,1,33.6,17.8,41.1,48.0
2981,2,0,3,1,0,0,63.3,5,1,1,0,1,0,0,0,0,100.0,4,4,3,3,0,1,0,0,22,1,0,0,0,0,0,1,1,0,0,76,3,3,4,4,2,61.1,48.5,65.8,53.7
2982,3,1,2,0,0,0,40.0,3,1,0,1,1,0,0,0,0,100.0,2,2,2,3,0,1,0,0,22,0,0,1,0,0,28,1,1,0,0,76,2,2,5,2,2,76.7,60.1,72.9,34.3
2983,0,1,0,3,0,2,70.0,5,0,0,1,0,0,0,0,0,33.3,2,3,1,4,1,0,0,1,6,0,1,0,0,0,42,1,0,1,0,2,1,4,2,2,4,22.0,0.0,27.8,48.1
2984,1,0,0,2,0,3,73.3,4,0,0,1,0,1,0,0,0,66.7,5,3,1,1,0,0,1,0,34,1,0,1,0,0,0,0,1,0,0,46,3,3,5,4,1,63.4,34.1,61.4,40.6
2985,3,0,0,0,1,2,71.7,3,1,1,0,0,0,1,0,0,100.0,5,3,4,2,1,1,0,0,52,0,1,1,0,0,70,1,0,0,0,30,3,1,5,4,2,34.1,34.4,32.7,73.8
2986,2,3,0,1,0,0,60.0,2,0,1,1,0,0,1,0,0,100.0,4,2,3,4,1,0,1,0,64,1,0,0,0,1,0,1,0,0,0,30,1,1,2,5,1,63.7,46.6,80.7,39.2
2987,0,0,2,0,1,3,61.7,3,1,0,1,0,0,0,0,0,66.7,2,2,3,3,0,1,1,0,56,0,1,0,0,0,42,1,0,0,0,30,3,3,5,4,2,52.6,38.2,53.4,48.9
2988,2,3,1,0,0,0,40.0,3,0,0,0,1,0,0,0,0,33.3,2,3,3,4,0,1,0,0,22,1,0,0,0,0,0,0,1,0,0,46,3,1,5,2,1,77.7,47.2,90.9,27.2
2989,3,1,0,0,0,2,63.3,2,0,1,0,0,0,1,0,1,100.0,2,4,2,4,1,1,0,0,52,0,1,0,0,0,42,0,0,1,0,0,5,4,5,1,3,35.9,12.6,32.2,67.0
2990,1,0,0,0,2,3,71.7,3,0,0,0,1,1,0,1,0,100.0,4,3,1,4,1,1,0,0,52,0,1,0,0,0,42,1,0,0,0,30,5,4,1,1,4,35.3,18.4,30.8,64.1
2991,0,2,3,0,0,1,65.0,3,0,1,1,0,0,1,0,0,100.0,4,4,3,2,0,0,0,1,0,1,0,0,0,1,0,1,0,0,0,30,3,2,5,4,2,43.3,20.4,53.5,59.4
2992,3,1,0,0,2,0,43.3,5,0,0,0,0,0,1,0,0,33.3,1,4,3,3,0,1,1,0,56,1,0,0,0,0,0,1,0,0,0,30,3,2,5,2,2,74.7,48.1,78.7,33.5
2993,0,3,2,1,0,0,63.3,4,0,0,1,0,0,0,0,0,33.3,2,4,3,4,0,1,0,0,22,1,0,0,0,0,0,0,0,1,1,0,5,4,5,2,2,49.0,11.1,60.3,38.5
2994,0,3,2,0,0,1,65.0,1,0,0,0,1,0,0,0,0,33.3,4,2,3,3,0,1,0,0,22,1,0,0,0,0,0,1,0,0,1,2,2,3,1,5,3,31.1,8.0,54.0,37.5
2995,3,1,2,0,0,0,40.0,3,0,0,0,1,0,0,0,0,33.3,4,2,4,4,0,1,0,1,0,1,0,0,0,0,0,0,0,0,1,0,1,1,4,5,1,42.5,13.7,77.1,31.8
2996,3,1,2,0,0,0,40.0,2,0,1,0,0,0,0,0,0,33.3,5,3,2,4,1,1,0,0,52,0,0,1,0,0,28,1,1,0,0,76,1,3,4,2,1,77.4,49.5,77.4,26.9
2997,2,0,1,0,3,0,55.0,3,0,1,0,1,0,0,0,0,66.7,2,1,3,4,0,1,1,0,56,0,0,0,0,1,0,1,0,0,0,30,2,2,5,2,2,80.2,44.2,86.5,16.9
2998,0,3,2,0,0,1,65.0,5,0,0,0,1,0,1,1,0,100.0,5,4,3,4,0,1,0,1,0,1,1,0,0,0,14,0,0,1,0,0,3,4,5,5,2,18.7,0.0,38.4,67.2
2999,3,2,0,0,0,1,63.3,3,0,0,0,1,0,1,0,1,100.0,4,2,4,4,1,0,0,0,30,0,0,1,0,0,28,1,1,0,0,76,2,2,5,2,4,57.9,49.0,62.8,44.3
3000,0,0,3,1,2,0,55.0,5,0,1,1,0,0,1,0,0,100.0,5,3,1,4,0,1,0,0,22,0,1,1,0,0,70,0,0,0,1,0,2,2,5,2,3,13.1,8.1,17.8,69.6
3001,1,3,0,0,2,0,43.3,2,0,1,0,1,1,0,0,0,100.0,2,1,2,1,1,0,0,0,30,1,0,1,0,0,0,0,1,0,0,46,2,2,5,5,1,70.4,44.7,64.9,33.4
3002,2,3,0,0,1,0,43.3,1,0,0,0,1,1,1,0,0,100.0,2,3,3,3,0,1,0,1,0,0,0,1,0,0,28,1,0,1,0,2,3,1,4,1,1,53.4,16.8,60.7,47.7
3003,0,1,3,0,2,0,48.3,2,0,0,1,0,0,0,1,0,66.7,1,1,3,3,0,1,0,0,22,0,1,0,0,0,42,1,0,0,1,2,3,4,1,5,3,23.9,4.0,32.1,49.2
3004,2,0,3,0,0,1,65.0,5,0,0,1,0,0,0,0,0,33.3,4,2,3,3,0,1,1,0,56,0,0,0,1,0,20,1,0,1,0,2,2,2,5,2,4,44.6,21.3,56.1,32.1
3005,3,0,1,0,2,0,55.0,4,0,0,0,0,0,0,1,0,33.3,5,2,4,2,0,1,0,0,22,1,0,0,0,0,0,0,1,0,0,46,1,1,4,1,2,70.0,40.1,85.2,10.0
3006,1,2,3,0,0,0,40.0,3,0,0,0,0,0,0,0,1,33.3,2,1,4,1,1,0,1,0,64,1,0,0,0,1,0,1,1,0,0,76,1,1,1,2,2,98.1,75.6,98.0,6.7
3007,0,0,0,1,2,3,55.0,4,0,0,0,0,1,0,0,0,33.3,1,3,2,4,0,1,0,0,22,1,1,0,0,0,14,0,1,1,0,18,5,4,2,1,3,58.3,18.2,55.7,37.3
3008,0,0,3,2,1,0,55.0,2,0,0,0,1,1,0,0,0,66.7,4,3,2,2,0,0,0,1,0,0,1,1,0,0,70,0,0,1,0,0,3,4,5,4,4,0.0,0.0,1.9,74.7
3009,0,1,2,0,0,3,65.0,3,0,0,0,0,0,1,0,0,33.3,5,1,4,1,1,0,0,0,30,1,0,0,0,0,0,1,0,0,0,30,3,2,1,4,2,50.2,24.1,65.7,21.9
3010,2,1,3,0,0,0,40.0,3,0,0,1,0,0,1,0,0,66.7,4,2,4,3,0,0,1,0,34,0,1,0,0,0,42,0,0,1,0,0,1,2,2,5,2,30.3,13.4,45.2,47.5
3011,0,0,3,1,2,0,55.0,1,0,0,1,0,0,0,0,0,33.3,4,3,4,1,0,1,0,1,0,1,0,0,0,0,0,1,0,0,1,2,5,2,1,4,2,33.5,5.2,52.0,40.7
3012,0,1,0,2,0,3,70.0,3,0,1,0,0,0,0,0,0,33.3,4,2,1,2,0,1,0,0,22,0,1,0,0,0,42,1,0,0,0,30,5,3,1,5,2,34.2,24.6,24.7,53.9
3013,0,2,0,1,0,3,70.0,4,0,0,1,0,0,0,0,0,33.3,5,4,1,3,0,1,0,0,22,0,0,1,0,0,28,1,0,1,0,2,5,1,5,1,4,30.3,9.6,33.9,51.6
3014,0,1,3,0,2,0,48.3,1,0,0,0,1,0,0,0,0,33.3,2,3,4,1,0,1,1,0,56,0,0,0,1,0,20,0,0,1,1,0,1,1,5,1,1,68.5,37.7,71.6,22.3
3015,0,0,1,0,2,3,61.7,2,0,1,0,0,1,0,0,0,66.7,1,3,2,4,0,1,0,0,22,0,1,0,0,1,0,0,0,0,1,0,3,4,4,5,2,39.2,13.7,50.3,49.5
3016,1,0,3,0,0,2,65.0,4,0,0,0,0,0,0,0,1,33.3,4,4,3,4,0,0,1,0,34,0,1,1,0,0,70,0,0,1,0,0,5,2,2,4,2,20.8,18.5,25.9,74.3
3017,2,1,0,0,3,0,43.3,3,0,1,0,0,0,0,0,0,33.3,1,2,1,3,0,1,0,1,0,1,0,0,0,0,0,1,1,0,0,76,2,2,2,4,3,73.5,47.3,66.7,24.9
3018,1,0,2,3,0,0,63.3,3,0,0,1,1,1,0,0,0,100.0,4,2,4,2,0,1,0,1,0,0,0,1,0,0,28,0,1,0,0,46,3,4,5,4,1,41.6,23.3,50.6,50.1
3019,0,2,3,0,0,1,65.0,5,0,0,1,0,1,0,0,1,100.0,4,4,3,4,0,1,0,0,22,0,0,1,1,0,48,0,1,0,1,18,5,4,4,1,2,29.8,14.3,39.3,62.9
3020,0,0,2,0,3,1,61.7,4,0,0,0,1,0,1,0,0,66.7,5,4,1,3,0,1,0,0,22,1,1,0,0,0,14,1,1,0,0,76,5,3,1,5,3,45.5,39.7,40.7,58.3
3021,3,1,2,0,0,0,40.0,2,1,0,0,1,0,1,0,0,100.0,2,4,4,3,1,0,1,0,64,0,1,0,1,0,62,1,0,1,0,2,3,4,5,2,3,33.3,15.8,31.0,70.2
3022,3,2,0,0,0,1,63.3,3,0,0,0,1,1,0,0,0,66.7,5,1,3,4,0,0,1,0,34,0,1,1,0,0,70,1,1,0,0,76,3,3,5,4,1,54.1,51.5,54.4,46.4
3023,0,1,3,0,0,2,65.0,4,0,0,0,0,1,0,1,0,66.7,4,4,1,3,1,0,1,0,64,0,1,1,0,0,70,1,0,1,0,2,1,3,1,2,2,34.2,23.9,26.9,65.4
3024,3,2,0,1,0,0,60.0,3,0,1,0,0,0,0,0,1,66.7,2,4,2,3,0,1,1,0,56,1,1,0,0,0,14,0,0,0,1,0,3,2,2,5,1,51.7,33.1,57.1,60.5
3025,3,0,0,0,2,1,71.7,5,0,0,0,0,0,1,0,0,33.3,5,4,1,4,0,1,0,0,22,0,1,0,0,0,42,0,1,0,0,46,5,3,5,4,1,44.0,34.1,47.1,55.6
3026,0,1,2,0,0,3,65.0,2,0,1,0,1,0,0,0,0,66.7,2,2,4,4,0,1,0,0,22,0,1,0,0,0,42,0,0,1,0,0,5,3,2,1,3,37.5,10.0,51.8,44.5
3027,2,3,0,0,0,1,63.3,3,0,0,1,1,1,0,0,0,100.0,1,3,1,3,0,0,0,1,0,1,1,0,0,0,14,1,1,0,0,76,3,2,1,2,1,80.1,57.3,65.4,38.4
3028,1,2,3,0,0,0,40.0,2,1,0,0,0,0,1,0,0,66.7,5,2,3,2,0,1,0,0,22,0,1,0,0,0,42,1,1,0,0,76,2,3,5,1,1,65.1,45.0,65.6,24.3
3029,2,3,0,0,0,1,63.3,3,0,1,0,1,0,0,0,0,66.7,4,2,2,2,0,1,0,0,22,0,0,1,0,0,28,1,1,0,0,76,3,4,4,4,3,46.8,37.6,45.6,44.6
3030,3,0,2,0,1,0,55.0,3,0,0,0,1,1,0,0,0,66.7,4,4,3,1,0,1,1,0,56,1,0,1,0,0,0,0,1,0,0,46,2,4,4,5,2,53.0,40.4,55.6,46.2
3031,1,3,0,0,2,0,43.3,3,0,0,0,0,1,0,0,0,33.3,2,4,4,3,1,0,0,1,6,1,0,0,0,0,0,1,0,0,1,2,3,2,2,5,1,50.9,17.0,70.4,40.8
3032,1,3,0,0,2,0,43.3,3,0,0,0,0,1,1,0,0,66.7,2,2,3,2,0,0,0,1,0,1,0,0,0,0,0,0,0,1,1,0,5,2,2,4,1,46.5,17.0,57.2,37.6
3033,2,0,3,0,0,1,65.0,4,1,0,0,0,0,0,0,0,33.3,5,3,2,1,0,1,0,0,22,0,1,0,0,1,0,0,0,1,1,0,5,3,2,5,4,21.2,0.8,31.9,54.9
3034,1,2,3,0,0,0,40.0,3,0,1,0,0,0,0,0,1,66.7,2,3,3,3,1,1,0,0,52,1,1,0,0,0,14,1,0,0,0,30,3,2,2,2,1,74.4,40.8,77.4,34.5
3035,3,2,0,1,0,0,60.0,4,0,0,0,1,0,1,0,0,66.7,1,1,3,2,1,0,0,0,30,1,0,0,0,1,0,0,1,1,0,18,2,2,2,1,1,79.6,37.7,78.6,17.1
3036,2,3,1,0,0,0,40.0,4,0,1,1,1,0,0,0,0,100.0,2,3,3,4,1,1,0,0,52,0,1,0,0,0,42,0,1,0,0,46,5,3,5,2,3,58.1,38.9,56.5,53.5
3037,2,1,0,0,0,3,63.3,4,0,0,1,0,1,0,0,0,66.7,4,3,3,4,0,1,0,0,22,0,1,0,0,0,42,0,0,1,0,0,1,4,5,5,4,8.4,0.0,22.0,66.7
3038,3,0,1,0,0,2,65.0,3,0,0,1,0,0,0,0,0,33.3,4,4,3,3,0,1,1,0,56,1,0,1,0,0,0,1,0,1,0,2,1,2,2,2,2,59.2,22.2,64.8,33.0
3039,1,2,0,0,0,3,63.3,1,1,0,0,0,0,1,1,0,100.0,4,3,3,3,0,1,0,0,22,1,0,0,0,0,0,1,1,0,0,76,3,3,4,5,1,66.6,47.7,70.5,45.1
3040,2,3,0,1,0,0,60.0,1,1,0,0,0,0,1,0,1,100.0,5,3,3,4,0,1,0,1,0,1,1,0,0,0,14,1,0,0,1,2,1,3,4,2,1,40.8,1.8,57.8,41.6
3041,1,3,0,2,0,0,60.0,3,1,0,0,1,1,0,0,0,100.0,2,3,3,4,0,1,0,0,22,0,0,1,0,0,28,1,1,0,0,76,1,3,5,5,4,48.5,41.0,49.3,66.5
3042,2,1,3,0,0,0,40.0,4,1,1,0,0,1,0,0,0,100.0,2,2,4,2,1,0,0,0,30,0,1,1,0,0,70,0,1,1,0,18,2,2,5,4,1,36.9,35.9,40.7,58.0
3043,3,2,0,0,0,1,63.3,1,0,0,1,0,1,0,0,0,66.7,5,3,4,4,1,0,1,0,64,1,0,0,0,0,0,1,1,0,0,76,3,3,2,4,3,64.5,47.7,66.7,45.1
3044,1,3,0,2,0,0,60.0,3,0,1,0,0,0,1,0,1,100.0,5,3,4,3,1,0,0,0,30,1,0,0,0,1,0,1,0,1,0,2,3,3,5,2,1,49.3,18.9,62.7,44.8
3045,3,1,0,2,0,0,60.0,1,0,1,1,0,0,0,0,0,66.7,2,2,4,2,0,1,0,1,0,0,1,0,0,0,42,1,0,0,1,2,3,2,1,1,1,47.8,14.6,57.5,33.0
3046,2,3,1,0,0,0,40.0,3,0,0,0,0,0,1,0,0,33.3,4,4,4,3,1,1,0,0,52,1,0,1,0,0,0,1,1,0,0,76,2,4,1,2,2,78.1,47.4,80.1,29.8
3047,2,1,3,0,0,0,40.0,1,1,0,0,0,0,0,1,0,66.7,4,3,3,2,1,0,1,0,64,0,0,1,0,0,28,1,0,1,0,2,3,2,1,2,4,37.9,14.3,42.5,51.4
3048,2,1,0,0,0,3,63.3,5,0,0,1,0,0,1,0,1,100.0,2,3,3,2,0,0,0,1,0,1,0,0,0,0,0,0,1,0,0,46,1,3,5,2,1,64.6,35.7,69.8,36.4
3049,1,2,0,0,0,3,63.3,4,0,0,1,1,0,1,0,0,100.0,5,4,1,3,0,1,0,1,0,1,0,0,0,0,0,1,0,1,0,2,5,4,1,5,1,24.2,4.4,37.8,63.7
3050,1,2,0,0,3,0,43.3,3,0,1,0,1,0,0,0,0,66.7,1,2,1,3,0,1,0,0,22,0,0,0,1,1,0,1,0,0,0,30,1,3,1,1,1,74.9,36.6,70.1,20.5
3051,3,0,2,0,0,1,65.0,2,0,0,0,0,1,1,0,0,66.7,2,2,3,3,1,1,0,0,52,1,1,0,0,0,14,1,0,1,0,2,1,3,1,4,2,48.0,21.1,55.5,38.1
3052,0,2,0,3,0,1,70.0,2,0,0,0,0,0,0,0,1,33.3,5,4,3,4,0,0,1,0,34,0,1,1,0,0,70,0,0,1,0,0,2,4,5,4,2,9.1,0.0,21.6,68.4
3053,2,0,1,0,3,0,55.0,3,0,0,1,1,0,0,0,0,66.7,4,2,1,4,0,1,1,0,56,0,0,0,0,1,0,1,0,0,1,2,1,3,5,2,2,55.8,17.1,61.2,27.4
3054,0,0,1,3,2,0,55.0,2,0,1,0,0,0,1,0,1,100.0,2,4,4,1,0,0,1,1,10,1,0,0,0,0,0,1,1,0,0,76,3,2,2,2,2,76.6,51.8,72.9,47.0
3055,3,0,1,0,2,0,55.0,2,0,1,0,0,0,0,0,0,33.3,1,1,2,3,0,1,0,0,22,1,0,0,0,0,0,1,0,0,0,30,2,3,2,4,4,53.2,24.3,60.9,26.6
3056,1,2,0,0,0,3,63.3,4,0,1,1,0,0,0,0,1,100.0,2,2,3,4,1,0,1,0,64,0,1,0,0,0,42,0,1,0,0,46,5,3,2,2,3,62.3,45.0,56.6,57.3
3057,0,1,2,0,0,3,65.0,5,1,0,0,0,0,0,0,1,66.7,4,3,2,4,0,1,0,0,22,0,1,0,0,0,42,0,0,1,0,0,1,4,4,4,1,27.5,12.9,33.8,54.7
3058,3,2,0,0,0,1,63.3,2,1,0,0,1,0,0,0,0,66.7,5,3,2,1,0,1,1,0,56,1,0,1,0,0,0,1,1,0,0,76,1,3,2,5,2,68.1,48.3,55.2,40.2
3059,0,3,2,0,1,0,48.3,3,1,0,0,0,0,0,0,0,33.3,1,4,3,4,0,0,1,1,10,1,0,0,0,0,0,1,1,0,0,76,2,1,5,1,3,80.7,56.5,84.8,29.7
3060,3,2,1,0,0,0,40.0,2,0,0,1,0,0,0,0,0,33.3,2,2,3,3,1,1,0,0,52,0,0,0,0,1,0,0,1,1,0,18,1,1,4,4,1,71.2,47.9,85.7,18.1
3061,1,0,0,3,2,0,63.3,5,1,0,0,0,0,0,1,0,66.7,2,4,1,2,0,0,1,1,10,0,1,0,0,0,42,1,0,1,0,2,5,4,4,2,4,19.4,5.6,12.8,72.0
3062,1,0,2,0,0,3,65.0,3,1,0,0,0,0,1,0,0,66.7,4,3,4,2,0,1,0,1,0,0,0,0,0,1,0,0,1,0,0,46,3,2,5,1,2,65.8,29.7,75.2,29.5
3063,2,0,3,0,0,1,65.0,3,0,0,0,0,0,0,1,0,33.3,2,2,3,2,0,1,0,0,22,0,1,0,0,0,42,1,0,0,1,2,1,1,2,4,1,45.4,26.9,52.3,40.1
3064,2,3,0,0,0,1,63.3,1,0,1,0,0,1,0,0,0,66.7,4,2,1,2,0,1,0,0,22,0,1,0,0,0,42,0,0,1,0,0,1,2,4,4,3,24.5,7.6,23.7,52.7
3065,2,0,3,0,1,0,55.0,4,0,0,0,0,0,0,1,0,33.3,2,2,4,1,0,1,0,0,22,0,1,1,0,0,70,0,1,0,0,46,2,1,4,2,1,58.5,53.9,54.4,34.6
3066,2,3,0,0,0,1,63.3,3,0,0,0,0,0,1,0,1,66.7,4,1,2,2,1,0,0,1,6,1,0,0,0,1,0,1,0,0,0,30,3,2,2,2,2,58.7,24.8,60.4,20.5
3067,0,0,2,1,0,3,61.7,5,0,1,0,0,0,0,0,1,66.7,5,3,1,3,0,1,0,0,22,0,1,0,0,0,42,0,0,1,0,0,1,3,5,4,4,13.1,0.2,19.9,56.7
3068,0,0,3,2,1,0,55.0,2,1,0,0,0,0,0,1,1,100.0,4,2,1,3,0,1,0,0,22,0,1,0,0,0,42,0,0,1,0,0,2,2,2,2,3,26.5,9.4,30.7,57.8
3069,0,1,2,0,0,3,65.0,3,0,0,0,1,0,1,0,0,66.7,2,2,2,2,1,1,0,0,52,1,0,0,0,1,0,1,0,0,1,2,2,3,1,1,1,72.7,26.7,71.0,24.7
3070,3,0,2,0,0,1,65.0,5,0,1,0,0,0,0,1,1,100.0,1,3,1,1,0,1,0,0,22,0,1,0,0,0,42,1,0,0,0,30,1,3,4,5,4,29.9,27.1,16.9,69.8
3071,2,1,0,0,3,0,43.3,3,0,0,0,1,0,0,1,0,66.7,1,4,1,3,0,1,0,0,22,0,0,1,0,1,0,1,0,0,0,30,5,3,1,2,1,65.9,29.9,59.0,44.4
3072,3,0,2,1,0,0,63.3,4,0,1,0,0,0,0,1,0,66.7,4,4,1,3,0,1,0,0,22,1,0,1,0,0,0,1,0,0,1,2,5,3,4,5,3,29.0,3.4,33.9,61.8
3073,2,1,3,0,0,0,40.0,1,0,0,1,1,0,0,0,0,66.7,4,1,3,4,1,1,0,0,52,1,0,0,0,0,0,1,0,0,0,30,3,1,5,2,3,62.1,36.9,75.1,22.0
3074,3,1,0,0,0,2,63.3,2,1,0,0,1,0,0,0,1,100.0,4,1,1,4,0,1,1,0,56,0,1,0,0,0,42,0,0,1,1,0,1,3,4,4,4,26.6,6.3,30.3,55.7
3075,0,0,1,3,0,2,61.7,4,1,0,0,1,0,1,0,0,100.0,4,4,1,4,0,0,0,1,0,0,0,1,0,0,28,0,0,1,1,0,2,2,2,1,2,38.8,7.0,38.7,55.0
3076,3,0,0,2,0,1,73.3,1,0,1,1,0,0,0,1,0,100.0,5,2,3,4,0,1,0,0,22,0,1,1,0,0,70,0,0,1,0,0,2,2,2,5,2,16.3,8.3,25.0,69.7
3077,0,1,0,3,0,2,70.0,3,0,0,1,0,0,1,0,1,100.0,4,4,1,4,0,0,0,1,0,1,0,1,0,0,0,0,1,0,0,46,5,2,4,4,3,43.0,27.4,46.6,63.0
3078,3,2,1,0,0,0,40.0,2,0,0,0,0,1,0,0,0,33.3,4,4,4,3,0,1,0,0,22,1,1,0,0,0,14,0,1,1,0,18,5,4,5,5,4,27.7,0.0,42.5,59.0
3079,0,2,3,0,0,1,65.0,5,1,1,0,0,0,0,0,0,66.7,5,3,3,4,1,1,0,0,52,1,0,0,0,0,0,1,0,1,0,2,5,4,5,4,2,34.2,14.7,52.6,47.7
3080,2,3,0,0,0,1,63.3,3,0,0,1,0,1,0,1,0,100.0,4,3,1,4,0,1,1,0,56,0,1,0,0,0,42,0,1,0,0,46,2,3,5,4,2,46.9,45.6,48.5,63.5
3081,2,0,1,0,0,3,65.0,4,1,0,0,0,0,0,1,0,66.7,5,3,4,3,1,0,0,1,6,0,1,0,0,0,42,1,0,1,0,2,5,2,2,5,3,14.9,7.7,36.0,67.5
3082,3,1,2,0,0,0,40.0,5,1,0,0,0,1,1,0,0,100.0,5,2,1,4,1,0,0,0,30,0,1,0,0,0,42,0,1,0,0,46,5,4,5,4,2,36.1,28.6,33.4,62.6
3083,2,3,0,1,0,0,60.0,2,1,1,1,0,0,0,0,0,100.0,2,2,4,4,0,1,0,0,22,1,0,0,0,0,0,1,1,0,0,76,2,3,4,2,1,84.1,57.8,86.3,34.0
3084,0,0,1,0,2,3,61.7,3,0,1,0,1,0,1,0,0,100.0,4,4,4,3,1,1,0,0,52,1,1,0,0,0,14,0,0,1,0,0,3,4,2,1,3,44.2,9.3,48.8,56.2
3085,2,3,0,0,0,1,63.3,3,0,0,0,1,0,0,0,0,33.3,4,4,1,2,0,1,1,0,56,1,0,0,0,0,0,1,1,0,0,76,1,4,5,5,1,70.6,55.0,64.2,31.9
3086,1,3,2,0,0,0,40.0,4,0,0,1,0,1,0,0,0,66.7,2,4,4,4,1,1,0,0,52,0,1,0,0,0,42,0,0,1,0,0,1,4,1,5,1,36.0,21.7,50.2,60.1
3087,0,2,3,0,1,0,48.3,3,1,1,0,0,0,0,1,0,100.0,5,4,2,3,0,0,1,1,10,1,0,0,0,0,0,1,0,0,0,30,1,2,4,5,3,37.4,16.2,49.6,56.3
3088,0,0,3,1,2,0,55.0,2,0,0,0,0,0,1,0,0,33.3,5,3,1,3,0,1,0,1,0,1,0,0,0,0,0,0,1,0,1,18,3,3,4,4,3,32.1,0.0,39.6,37.9
3089,2,1,3,0,0,0,40.0,3,0,0,1,0,0,0,0,1,66.7,5,1,4,4,1,1,0,0,52,0,0,0,1,1,0,1,1,0,0,76,3,2,4,2,1,87.4,55.6,98.2,16.0
3090,0,0,3,2,1,0,55.0,1,1,0,0,0,1,0,0,1,100.0,4,3,1,4,1,0,0,0,30,1,1,0,0,0,14,0,0,1,1,0,3,3,2,1,2,42.3,7.9,48.5,49.5
3091,3,1,2,0,0,0,40.0,2,0,1,0,0,0,1,0,0,66.7,2,1,4,2,1,0,0,0,30,0,0,0,1,0,20,1,0,0,1,2,2,3,2,2,1,56.9,21.2,66.4,25.1
3092,0,0,0,1,2,3,55.0,3,0,0,1,1,0,0,1,0,100.0,5,4,1,2,0,1,0,1,0,0,1,1,0,0,70,1,0,1,0,2,1,1,1,1,4,11.5,4.0,4.7,77.4
3093,3,0,1,2,0,0,63.3,1,0,1,0,0,0,1,0,0,66.7,2,3,4,3,1,1,0,0,52,1,0,0,0,0,0,1,0,0,0,30,3,2,2,4,1,68.6,43.8,80.7,37.6
3094,0,3,2,1,0,0,63.3,2,1,1,0,0,0,1,0,0,100.0,5,3,1,4,1,0,0,0,30,0,1,0,0,0,42,0,0,1,1,0,2,4,4,5,3,12.9,0.0,22.3,68.4
3095,2,0,3,0,0,1,65.0,1,1,0,0,0,0,0,0,0,33.3,4,4,3,2,0,1,0,1,0,1,1,0,0,0,14,1,0,1,0,2,2,4,1,1,1,42.2,0.0,48.7,37.0
3096,0,1,0,2,0,3,70.0,5,1,1,0,0,0,0,1,0,100.0,5,4,3,3,0,1,0,1,0,0,0,1,0,0,28,0,0,1,0,0,5,2,2,5,3,13.1,2.4,23.7,81.3
3097,2,3,0,0,1,0,43.3,1,0,1,1,0,0,0,0,1,100.0,1,2,3,2,1,1,0,0,52,1,1,0,0,0,14,1,0,0,1,2,2,1,2,1,4,57.8,20.9,56.6,40.5
3098,0,3,2,0,0,1,65.0,4,1,0,1,0,0,0,0,0,66.7,4,3,2,3,0,0,0,1,0,1,0,0,0,0,0,0,0,1,0,0,5,4,2,5,3,18.7,0.0,36.8,53.7
3099,1,2,3,0,0,0,40.0,2,1,1,0,0,1,0,0,0,100.0,2,2,2,3,0,1,0,0,22,0,0,1,0,0,28,1,1,0,0,76,2,1,4,1,1,85.8,65.1,79.2,28.2
3100,3,0,0,2,1,0,63.3,2,1,0,0,0,0,0,0,0,33.3,5,4,1,2,0,1,0,0,22,1,0,0,0,0,0,0,1,1,0,18,5,4,2,4,2,36.3,7.2,39.7,44.6
3101,2,3,1,0,0,0,40.0,3,0,1,0,1,0,0,0,0,66.7,5,2,4,4,1,1,0,0,52,1,0,0,0,0,0,1,1,0,0,76,3,4,2,1,1,82.7,49.2,93.6,13.5
3102,2,0,3,1,0,0,63.3,1,0,0,0,1,0,0,0,0,33.3,1,3,3,3,0,1,0,0,22,1,0,0,0,0,0,1,0,0,0,30,2,2,4,2,2,72.4,38.7,80.3,25.0
3103,0,3,0,1,2,0,53.3,3,1,0,0,1,0,0,0,0,66.7,2,2,3,3,1,0,0,1,6,1,0,0,0,0,0,0,0,1,0,0,3,3,2,2,1,62.1,15.7,74.0,23.0
3104,2,1,0,0,3,0,43.3,5,0,0,1,0,1,0,0,0,66.7,5,3,1,1,0,1,0,0,22,0,1,0,0,0,42,1,0,1,0,2,1,4,1,4,4,11.7,0.0,5.9,57.3
3105,2,3,1,0,0,0,40.0,4,1,0,0,1,0,0,0,1,100.0,2,4,2,2,0,1,0,1,0,1,0,0,0,1,0,1,0,0,0,30,2,1,4,1,1,67.3,38.3,65.3,41.6
3106,3,0,2,0,0,1,65.0,2,0,0,0,1,1,0,0,1,100.0,2,1,4,4,1,1,0,0,52,1,0,0,1,0,0,1,1,0,0,76,1,1,4,1,1,100.0,72.7,100.0,17.2
3107,1,3,2,0,0,0,40.0,2,0,0,1,1,0,1,0,0,100.0,2,4,4,3,0,0,1,1,10,1,0,0,0,1,0,1,0,0,1,2,3,2,2,4,2,37.9,10.1,56.5,58.4
3108,0,3,2,1,0,0,63.3,4,0,0,0,0,1,0,0,0,33.3,5,4,1,3,0,1,1,0,56,0,1,1,0,0,70,0,0,1,0,0,3,3,5,5,1,26.5,17.0,17.5,68.7
3109,2,1,3,0,0,0,40.0,3,0,0,0,1,1,0,0,0,66.7,4,4,4,4,1,1,0,0,52,1,0,0,0,0,0,0,0,1,1,0,5,2,4,2,3,48.7,14.9,63.0,48.2
3110,3,2,0,1,0,0,60.0,3,0,0,0,0,0,1,0,0,33.3,2,3,3,2,1,0,0,0,30,1,0,1,0,0,0,1,0,0,0,30,3,1,5,4,2,66.8,43.2,74.9,32.3
3111,2,0,3,0,1,0,55.0,1,0,0,0,0,0,0,0,1,33.3,5,4,4,2,0,1,0,0,22,0,1,0,0,0,42,0,1,1,0,18,3,1,1,4,2,28.2,22.4,44.2,56.5
3112,1,0,3,0,0,2,65.0,3,1,0,0,0,0,0,1,0,66.7,1,2,3,4,1,0,1,0,64,1,0,1,0,0,0,1,0,0,0,30,1,3,4,2,1,81.0,45.4,87.4,25.0
3113,0,2,0,1,3,0,53.3,3,1,0,0,0,0,0,0,0,33.3,2,1,3,1,0,1,0,0,22,0,1,1,0,0,70,1,0,0,1,2,2,1,4,5,1,41.5,31.3,41.1,46.2
3114,0,0,1,0,2,3,61.7,5,0,0,0,1,0,0,0,0,33.3,5,2,1,3,0,1,0,1,0,0,0,1,0,0,28,0,0,1,1,0,5,3,2,2,1,33.9,3.9,39.3,32.7
3115,0,1,2,0,0,3,65.0,3,0,0,1,1,0,0,1,0,100.0,4,3,1,4,0,1,0,0,22,0,1,0,0,0,42,0,0,1,0,0,2,4,5,2,2,25.8,0.0,27.2,52.4
3116,3,2,1,0,0,0,40.0,3,0,0,0,1,0,1,0,0,66.7,2,2,4,3,0,1,0,0,22,1,1,0,0,0,14,0,0,0,1,0,3,2,1,2,3,50.7,14.4,61.8,33.4
3117,0,3,2,0,0,1,65.0,2,0,0,0,0,1,0,1,1,100.0,5,3,2,2,0,1,0,0,22,0,0,1,1,0,48,1,0,1,0,2,2,4,5,5,3,4.2,0.0,8.8,74.8
3118,3,0,0,0,1,2,71.7,2,1,0,0,0,0,0,0,0,33.3,5,4,2,1,0,1,0,0,22,0,1,0,0,0,42,0,0,1,0,0,5,4,2,2,4,14.8,0.0,8.0,59.2
3119,0,2,3,0,0,1,65.0,1,1,0,1,0,0,1,0,0,100.0,2,2,2,2,0,1,0,0,22,1,0,0,0,0,0,1,1,0,0,76,3,2,5,4,1,78.6,55.7,72.8,42.2
3120,2,0,3,0,1,0,55.0,3,0,0,0,1,0,1,0,0,66.7,1,1,3,3,0,0,1,0,34,0,1,1,0,0,70,0,1,0,0,46,2,4,5,2,1,56.6,42.9,53.2,40.8
3121,2,0,1,3,0,0,63.3,3,1,1,0,1,0,0,0,0,100.0,2,2,2,4,1,1,0,0,52,0,0,1,0,0,28,1,0,0,0,30,2,1,5,4,3,53.3,46.2,55.6,54.8
3122,1,0,2,0,3,0,55.0,1,0,1,1,0,0,1,0,0,100.0,2,4,3,3,0,1,0,1,0,0,0,0,0,1,0,1,0,0,0,30,3,3,1,2,4,43.0,11.4,50.3,55.6
3123,2,1,0,0,3,0,43.3,3,1,0,1,0,0,0,0,0,66.7,2,1,1,2,0,1,0,0,22,1,0,0,0,1,0,1,1,0,0,76,1,2,5,1,1,95.5,56.5,84.1,4.5
3124,2,3,1,0,0,0,40.0,1,0,0,0,0,1,1,0,0,66.7,2,1,1,3,1,1,0,0,52,0,0,0,1,0,20,1,0,0,0,30,2,4,4,2,1,69.7,34.1,65.6,22.5
3125,2,0,3,0,1,0,55.0,5,0,0,0,0,1,0,0,1,66.7,1,3,3,2,0,1,0,0,22,0,1,1,0,0,70,0,1,0,1,18,5,3,4,1,2,43.9,27.0,38.1,55.0
3126,3,0,1,2,0,0,63.3,3,0,1,0,1,0,0,0,1,100.0,1,4,3,4,1,1,0,0,52,1,0,0,0,1,0,1,1,0,0,76,1,2,5,2,1,92.8,71.8,90.3,44.7
3127,0,3,2,0,1,0,48.3,2,0,1,1,0,1,0,0,0,100.0,2,2,2,4,0,1,1,0,56,0,0,0,0,1,0,1,0,0,0,30,3,1,4,2,3,72.3,42.9,67.9,40.8
3128,0,2,1,0,3,0,48.3,1,0,0,1,0,0,1,0,0,66.7,4,3,1,3,0,1,0,0,22,1,0,1,0,0,0,0,1,0,0,46,3,4,5,2,1,60.5,24.4,58.5,30.3
3129,0,2,0,0,1,3,61.7,2,0,1,0,0,0,0,0,1,66.7,5,2,4,2,1,0,0,1,6,1,0,0,1,0,0,1,1,0,0,76,1,2,4,2,1,74.7,47.1,77.6,20.9
3130,0,0,3,2,1,0,55.0,4,1,0,0,0,0,0,0,1,66.7,4,2,3,3,1,0,0,1,6,1,1,0,0,0,14,1,0,0,0,30,3,1,2,1,2,59.1,30.7,68.4,29.9
3131,1,3,0,2,0,0,60.0,4,0,0,0,0,1,0,0,0,33.3,4,3,4,1,0,1,1,0,56,0,0,1,0,0,28,1,1,0,0,76,3,3,2,4,1,69.1,60.4,64.7,38.6
3132,0,2,0,0,1,3,61.7,3,0,0,1,0,1,0,0,0,66.7,1,4,1,1,0,1,0,0,22,0,1,1,0,0,70,1,0,1,0,2,5,2,2,1,1,40.0,31.3,21.7,59.7
3133,1,2,3,0,0,0,40.0,3,0,0,1,1,0,0,0,1,100.0,4,3,4,4,1,0,1,0,64,1,0,0,0,1,0,1,0,1,0,2,5,4,5,1,4,41.6,7.6,54.3,46.2
3134,1,3,2,0,0,0,40.0,1,0,0,1,0,0,0,1,1,100.0,2,2,3,2,0,1,1,0,56,1,0,0,0,0,0,1,0,0,1,2,3,3,5,2,3,53.6,19.5,58.9,37.6
3135,3,2,1,0,0,0,40.0,2,0,1,0,1,0,0,0,0,66.7,2,3,2,3,1,1,0,0,52,1,0,0,0,1,0,0,1,1,0,18,3,2,2,2,1,73.0,38.5,76.5,33.4
3136,2,1,3,0,0,0,40.0,1,0,0,0,1,0,0,0,0,33.3,5,2,3,2,0,1,0,0,22,1,0,1,0,0,0,1,1,0,0,76,3,1,1,1,3,76.0,50.4,78.2,14.0
3137,3,1,2,0,0,0,40.0,3,0,1,0,0,0,1,0,0,66.7,4,3,1,2,1,1,0,0,52,0,0,1,1,0,48,1,1,0,0,76,3,3,4,5,2,54.6,52.2,38.4,54.8
3138,0,2,1,0,3,0,48.3,5,1,0,0,1,0,0,0,1,100.0,4,3,1,4,1,1,0,0,52,0,1,0,0,0,42,1,0,1,0,2,5,4,5,5,3,16.5,14.6,16.9,77.1
3139,0,2,0,0,1,3,61.7,3,0,1,1,0,0,0,0,0,66.7,4,4,4,3,0,1,0,1,0,1,0,1,0,0,0,1,1,0,0,76,2,3,2,4,2,57.3,35.3,69.9,46.8
3140,2,0,1,0,3,0,55.0,3,0,0,1,0,0,1,0,0,66.7,2,4,3,3,0,1,0,0,22,1,1,0,0,0,14,1,0,0,1,2,3,2,4,5,1,41.7,23.0,55.9,56.1
3141,3,1,0,2,0,0,60.0,4,1,0,0,1,0,1,0,0,100.0,4,3,4,3,1,0,0,1,6,0,0,0,1,0,20,0,1,0,0,46,3,4,2,2,3,41.3,22.5,53.1,51.4
3142,3,0,2,1,0,0,63.3,3,0,0,0,1,1,0,0,0,66.7,2,4,3,1,0,1,0,0,22,0,0,0,0,1,0,1,0,0,0,30,3,2,4,2,1,66.1,34.0,62.7,38.7
3143,0,2,3,1,0,0,63.3,4,0,1,0,0,0,0,0,1,66.7,1,1,1,3,0,1,0,0,22,0,1,0,0,0,42,1,0,1,0,2,1,4,4,4,1,43.5,16.7,40.5,39.1
3144,1,0,2,0,0,3,65.0,4,1,0,1,0,0,0,0,0,66.7,5,3,4,4,0,1,0,0,22,1,0,1,0,0,0,1,0,1,0,2,5,4,2,1,1,44.3,2.2,61.4,33.4
3145,1,2,0,0,3,0,43.3,3,1,1,0,1,0,0,0,0,100.0,4,3,1,4,0,1,0,0,22,0,1,0,0,1,0,0,0,1,0,0,5,2,2,4,1,44.6,16.9,55.4,47.7
3146,3,2,0,0,0,1,63.3,3,1,0,1,0,1,0,0,0,100.0,2,2,2,4,0,1,0,0,22,1,1,0,0,0,14,1,0,0,0,30,5,3,1,2,1,65.4,32.6,71.5,38.7
3147,3,0,2,1,0,0,63.3,3,0,0,0,0,0,0,1,0,33.3,4,3,4,3,1,1,0,0,52,0,1,1,0,0,70,1,0,0,0,30,1,4,5,1,1,47.5,27.3,47.4,41.5
3148,0,1,3,2,0,0,63.3,4,0,0,0,0,0,1,0,0,33.3,4,1,4,2,0,1,0,0,22,1,0,0,0,0,0,1,0,0,0,30,2,2,4,4,3,52.9,28.3,72.2,21.1
3149,0,0,1,2,3,0,55.0,3,1,0,1,0,0,0,1,0,100.0,4,4,1,3,0,1,0,0,22,0,1,0,0,0,42,0,1,1,0,18,1,4,4,4,1,28.7,16.2,26.6,64.0
3150,2,1,3,0,0,0,40.0,2,0,1,0,0,0,0,0,0,33.3,1,3,3,4,0,1,0,0,22,1,0,0,0,0,0,1,1,0,0,76,2,2,5,4,1,90.7,62.2,96.3,23.1
3151,2,3,1,0,0,0,40.0,3,0,0,0,1,1,0,0,0,66.7,2,3,1,1,0,1,0,0,22,1,0,0,0,1,0,1,0,0,0,30,2,3,1,1,4,58.5,25.5,47.6,33.3
3152,0,1,0,3,0,2,70.0,3,1,0,0,1,0,0,0,1,100.0,5,4,2,3,0,0,0,1,0,1,0,0,0,0,0,0,0,1,0,0,2,1,1,4,2,29.4,4.6,48.0,53.8
3153,1,0,0,2,0,3,73.3,2,0,0,0,0,1,0,0,0,33.3,5,4,1,4,1,1,0,0,52,0,1,0,0,0,42,1,0,0,1,2,1,3,2,4,3,20.8,2.6,28.0,58.8
3154,3,1,2,0,0,0,40.0,2,0,1,0,0,0,0,0,0,33.3,2,3,3,3,0,1,1,0,56,0,1,1,0,0,70,1,1,0,0,76,5,2,4,2,4,63.5,53.9,54.9,44.8
3155,0,1,3,0,2,0,48.3,4,0,0,1,0,0,0,0,0,33.3,1,3,3,2,0,0,0,1,0,1,0,0,0,0,0,0,1,0,1,18,5,2,2,1,1,68.1,27.6,77.9,23.9
3156,3,0,0,1,2,0,63.3,3,0,0,1,0,1,0,0,0,66.7,2,1,4,4,0,1,1,0,56,1,0,1,0,0,0,0,0,0,1,0,5,2,4,2,4,52.8,18.5,68.0,33.6
3157,3,0,2,0,1,0,55.0,2,0,1,1,0,0,0,1,0,100.0,5,3,2,3,1,1,0,0,52,0,0,1,0,0,28,0,0,1,0,0,1,3,4,2,4,26.5,2.4,30.2,55.2
3158,1,0,2,3,0,0,63.3,2,0,1,0,1,0,0,0,0,66.7,2,2,1,3,0,1,1,0,56,1,0,0,0,0,0,0,1,1,0,18,3,4,4,2,2,60.3,23.8,54.7,28.7
3159,2,0,1,3,0,0,63.3,2,0,0,0,1,0,0,0,0,33.3,2,2,1,3,1,1,0,0,52,0,1,1,0,0,70,0,1,0,1,18,5,4,4,5,2,29.5,25.1,19.0,58.5
3160,2,3,0,1,0,0,60.0,3,0,1,0,0,0,0,0,0,33.3,2,3,3,4,1,0,0,1,6,1,0,1,0,0,0,1,0,0,0,30,3,1,5,2,1,68.8,39.2,87.4,24.6
3161,2,3,0,1,0,0,60.0,5,1,0,0,0,0,1,0,1,100.0,2,2,4,4,0,1,0,0,22,1,0,0,1,0,0,1,1,0,0,76,3,3,4,5,1,78.2,60.5,84.6,41.2
3162,3,1,2,0,0,0,40.0,5,0,0,0,0,0,1,0,0,33.3,5,2,2,4,0,1,0,1,0,1,0,1,0,0,0,0,0,0,1,0,3,1,5,4,1,48.1,13.5,69.5,25.6
3163,0,1,0,0,3,2,61.7,4,1,0,0,0,0,0,0,0,33.3,4,4,1,1,0,1,0,1,0,0,1,1,0,0,70,0,0,1,0,0,5,1,5,2,3,16.3,9.3,8.8,67.6
3164,3,0,2,1,0,0,63.3,1,1,0,0,0,1,0,1,0,100.0,4,4,3,3,1,1,0,0,52,0,0,1,0,0,28,0,1,1,0,18,3,2,1,5,3,34.3,24.0,40.6,69.8
3165,1,0,3,2,0,0,63.3,1,0,0,1,0,0,0,1,0,66.7,1,1,3,3,0,1,0,0,22,1,0,0,0,0,0,0,1,0,0,46,5,3,4,1,1,88.3,42.8,88.5,15.5
3166,3,1,2,0,0,0,40.0,3,0,0,0,0,0,1,0,0,33.3,2,4,2,3,0,1,0,1,0,1,0,0,0,1,0,0,1,0,0,46,5,1,1,5,1,64.8,42.5,72.6,40.9
3167,2,3,0,1,0,0,60.0,1,0,1,0,1,0,1,0,0,100.0,2,3,2,3,0,1,1,0,56,1,0,0,0,0,0,0,0,0,1,0,1,2,5,4,1,55.6,28.9,61.5,50.7
3168,3,2,0,1,0,0,60.0,4,0,0,0,0,0,1,1,1,100.0,4,4,3,3,1,1,0,0,52,0,0,1,0,0,28,1,0,0,0,30,2,3,5,1,1,56.0,37.0,55.8,51.1
3169,0,3,2,0,1,0,48.3,2,0,0,0,1,0,0,0,1,66.7,2,4,4,4,1,1,0,0,52,0,1,1,0,0,70,1,0,0,0,30,1,3,4,5,4,25.5,27.9,30.1,78.5
3170,1,3,0,0,2,0,43.3,3,0,1,0,0,1,0,0,0,66.7,2,2,2,3,0,1,0,1,0,1,0,0,0,0,0,1,1,0,0,76,3,3,5,1,2,77.8,44.8,75.1,21.1
3171,2,3,0,0,1,0,43.3,3,0,1,0,0,0,0,0,0,33.3,2,2,4,4,0,1,0,0,22,0,0,0,1,0,20,1,0,0,0,30,5,1,5,2,2,66.6,41.2,84.3,24.8
3172,1,3,0,0,0,2,63.3,3,0,0,0,1,0,1,0,1,100.0,4,3,2,1,0,1,0,0,22,1,0,0,0,0,0,1,0,0,0,30,1,1,1,2,1,64.2,33.7,62.8,34.8
3173,0,3,0,2,1,0,53.3,2,0,0,0,0,0,1,0,0,33.3,1,3,4,4,1,1,0,0,52,1,0,0,1,0,0,1,1,0,0,76,3,1,1,2,2,94.7,73.1,100.0,26.9
3174,2,3,1,0,0,0,40.0,1,0,0,0,1,0,0,1,1,100.0,2,2,1,3,0,1,0,0,22,1,0,0,0,1,0,1,0,0,0,30,3,1,4,2,3,61.9,34.5,63.2,38.8
3175,3,2,0,0,0,1,63.3,1,1,0,0,0,1,0,0,0,66.7,2,2,3,1,0,1,0,0,22,0,1,0,0,0,42,0,0,1,0,0,3,1,5,1,2,47.1,21.8,46.2,40.4
3176,2,3,0,0,1,0,43.3,4,0,0,0,0,0,1,0,0,33.3,5,3,2,4,1,0,0,1,6,0,1,0,0,0,42,1,0,1,0,2,2,4,5,5,2,16.1,2.9,32.0,50.4
3177,0,1,2,0,3,0,48.3,4,1,0,0,0,0,0,0,0,33.3,2,4,3,3,1,1,0,0,52,1,0,0,0,1,0,1,0,1,0,2,2,1,1,5,2,55.6,35.1,62.8,42.6
3178,0,0,0,1,3,2,55.0,3,0,0,1,1,0,1,0,0,100.0,5,4,4,4,0,1,0,0,22,0,0,1,0,1,0,0,1,1,0,18,1,2,4,4,1,40.6,25.4,62.3,50.8
3179,0,1,0,3,0,2,70.0,3,0,0,0,1,0,0,0,0,33.3,5,4,4,4,0,1,0,1,0,1,0,0,0,0,0,0,0,0,1,0,2,3,2,5,1,29.5,3.6,58.2,46.3
3180,2,3,0,0,1,0,43.3,2,0,0,0,0,1,0,0,1,66.7,4,3,3,1,0,1,1,0,56,1,0,0,0,1,0,0,1,1,0,18,5,3,4,5,1,52.9,31.1,57.7,44.7
3181,0,0,1,0,3,2,61.7,4,0,0,0,0,0,1,0,1,66.7,4,2,1,3,0,1,1,0,56,0,1,0,0,0,42,0,0,1,1,0,5,3,4,5,1,36.5,21.2,34.4,57.5
3182,3,2,0,0,1,0,43.3,4,0,1,0,0,0,0,0,0,33.3,2,3,3,2,1,0,0,0,30,0,1,0,0,0,42,0,1,1,0,18,5,2,5,5,3,33.3,24.0,39.1,57.3
3183,0,1,2,3,0,0,63.3,2,1,0,1,0,0,0,0,0,66.7,4,2,4,4,0,1,0,0,22,1,1,0,0,0,14,1,1,0,0,76,2,1,4,1,1,79.7,56.7,89.1,20.2
3184,0,0,0,2,3,1,55.0,4,0,1,0,0,0,0,0,0,33.3,5,4,2,4,0,1,0,0,22,0,1,0,0,0,42,0,1,0,0,46,2,3,5,5,1,32.5,31.2,48.1,51.4
3185,2,3,0,1,0,0,60.0,3,0,1,1,0,0,1,0,0,100.0,2,1,4,4,0,1,0,0,22,0,0,1,0,1,0,1,1,0,0,76,3,1,4,2,1,89.9,64.1,98.9,23.3
3186,3,1,0,0,2,0,43.3,2,0,1,0,0,0,0,0,0,33.3,5,2,3,2,0,1,0,0,22,1,0,1,0,0,0,0,1,0,0,46,3,4,4,1,1,71.9,27.3,73.5,14.4
3187,2,0,1,3,0,0,63.3,2,1,0,1,1,0,0,0,0,100.0,1,3,2,1,0,0,1,1,10,0,1,0,0,0,42,1,0,0,1,2,2,2,4,1,2,44.5,16.2,37.6,55.3
3188,2,0,3,0,1,0,55.0,4,0,0,0,0,0,1,0,0,33.3,2,4,2,3,0,1,0,0,22,0,1,0,0,0,42,0,1,1,0,18,2,3,2,5,3,25.7,14.2,29.3,61.6
3189,0,2,3,1,0,0,63.3,4,0,0,0,0,1,0,0,0,33.3,4,3,4,1,1,0,1,0,64,1,0,0,0,0,0,1,1,0,0,76,2,1,5,1,3,85.0,61.7,84.3,22.9
3190,2,1,0,3,0,0,60.0,1,0,0,0,0,0,0,0,1,33.3,4,4,3,3,0,1,0,1,0,1,0,0,0,0,0,0,0,0,1,0,2,2,4,2,1,49.4,12.6,74.6,28.0
3191,0,3,1,0,2,0,48.3,3,0,0,0,1,0,0,0,0,33.3,2,3,1,2,1,0,0,0,30,1,0,0,0,0,0,1,0,0,0,30,2,1,2,1,1,84.5,51.0,80.1,13.0
3192,1,3,2,0,0,0,40.0,2,0,0,0,0,0,1,0,0,33.3,2,1,3,4,1,1,0,0,52,1,0,0,0,0,0,0,1,0,0,46,3,3,2,2,1,85.9,48.4,92.1,13.4
3193,0,1,3,0,0,2,65.0,2,0,0,0,0,1,0,0,0,33.3,2,1,2,2,0,1,0,0,22,0,0,0,1,0,20,0,0,1,1,0,5,4,4,5,4,25.9,0.0,30.0,43.9
3194,3,1,0,2,0,0,60.0,2,0,0,1,0,0,0,0,0,33.3,2,4,4,3,1,1,0,0,52,1,0,0,0,0,0,1,0,0,0,30,3,1,2,1,1,80.9,48.7,92.0,26.0
3195,0,2,0,3,1,0,53.3,3,1,0,1,1,0,0,0,0,100.0,4,2,2,4,1,1,0,0,52,0,1,0,0,0,42,1,0,1,0,2,2,3,2,4,1,40.8,21.6,44.5,50.7
3196,3,0,0,2,1,0,63.3,5,1,0,1,0,1,0,0,0,100.0,5,3,1,3,0,1,0,0,22,0,1,0,0,0,42,1,1,0,0,76,1,3,2,5,4,32.8,37.3,25.8,68.9
3197,0,2,3,0,0,1,65.0,1,0,0,1,1,0,0,0,1,100.0,2,3,3,4,0,1,0,0,22,1,0,0,0,1,0,0,1,0,0,46,3,2,4,2,2,67.1,36.9,78.9,38.0
3198,0,2,0,3,1,0,53.3,4,0,1,1,0,1,0,0,0,100.0,1,3,4,3,0,1,0,0,22,1,0,0,0,1,0,1,0,0,0,30,1,2,1,4,1,68.6,40.4,78.3,41.7
3199,0,1,2,0,3,0,48.3,1,0,0,0,0,0,0,1,0,33.3,2,2,3,4,0,1,0,0,22,1,0,0,0,1,0,1,0,0,0,30,2,3,4,4,1,63.9,30.9,73.5,19.6
3200,0,0,1,0,2,3,61.7,5,0,0,1,0,0,1,0,0,66.7,5,2,2,1,0,1,0,0,22,0,1,0,0,0,42,0,0,1,0,0,1,4,5,4,3,17.8,0.0,22.9,50.5
3201,2,0,1,3,0,0,63.3,3,0,1,0,1,0,0,0,0,66.7,2,2,1,4,1,1,0,0,52,1,0,0,0,0,0,1,1,0,0,76,2,3,4,2,2,84.7,54.9,74.3,29.0
3202,0,1,2,3,0,0,63.3,3,0,0,1,0,0,0,0,1,66.7,4,4,1,2,0,1,0,1,0,0,1,0,0,0,42,1,0,1,0,2,2,3,2,5,4,4.0,0.0,4.3,75.3
3203,0,3,1,0,2,0,48.3,5,0,1,0,0,0,0,1,0,66.7,5,4,3,4,0,1,0,0,22,1,1,0,0,0,14,0,0,1,0,0,2,4,5,5,2,23.4,2.4,40.6,55.3
3204,3,0,0,0,2,1,71.7,1,0,0,0,0,1,1,1,0,100.0,2,3,3,3,1,1,0,0,52,1,0,1,0,0,0,1,1,0,0,76,2,1,5,2,1,95.3,72.0,88.5,34.3
3205,0,0,3,1,0,2,61.7,4,1,0,0,1,0,1,0,0,100.0,5,4,1,4,0,1,0,0,22,0,0,1,0,0,28,1,0,1,0,2,5,4,1,5,3,10.2,0.0,14.9,83.5
3206,0,0,3,0,2,1,61.7,2,0,1,0,0,0,1,0,0,66.7,2,2,2,4,1,1,0,0,52,1,0,0,0,0,0,0,1,0,0,46,3,2,4,4,1,77.9,49.5,78.3,32.1
3207,0,0,3,2,1,0,55.0,5,0,0,0,0,1,0,0,0,33.3,4,3,1,2,0,1,0,0,22,1,0,0,0,1,0,0,1,0,0,46,5,4,4,5,3,42.5,23.2,49.1,45.9
3208,2,1,0,0,0,3,63.3,3,0,1,0,0,0,1,0,0,66.7,2,2,3,3,0,1,1,0,56,1,0,0,0,0,0,1,0,0,0,30,3,3,4,2,1,75.7,40.9,74.0,30.0
3209,0,0,1,0,3,2,61.7,4,0,0,0,0,0,1,0,0,33.3,5,4,1,4,0,1,0,0,22,0,1,0,0,0,42,0,0,1,0,0,3,4,5,4,1,28.4,8.2,30.7,51.8
3210,0,2,3,0,1,0,48.3,1,0,0,0,1,1,0,0,0,66.7,2,1,3,1,0,1,0,0,22,0,0,1,0,1,0,1,0,0,0,30,3,1,1,1,2,78.0,32.3,76.9,16.6
3211,2,1,3,0,0,0,40.0,1,0,0,1,1,0,1,0,0,100.0,1,2,1,3,0,1,0,1,0,0,1,0,0,0,42,1,1,0,0,76,2,1,1,4,1,70.8,57.6,58.6,44.5
3212,3,2,1,0,0,0,40.0,3,0,0,0,1,1,0,0,1,100.0,1,1,1,2,0,0,1,0,34,1,0,0,1,0,0,1,0,0,0,30,2,1,4,2,1,87.5,44.9,78.7,17.6
3213,0,1,0,3,2,0,53.3,1,0,1,0,1,0,0,0,1,100.0,4,2,3,1,0,0,1,1,10,1,0,0,0,0,0,1,0,0,0,30,5,4,4,1,2,50.4,10.0,49.2,38.5
3214,3,2,1,0,0,0,40.0,3,0,1,0,1,0,0,0,0,66.7,2,4,1,3,1,0,0,0,30,0,0,1,0,0,28,1,0,0,0,30,5,3,4,2,3,45.1,29.9,37.9,53.2
3215,0,1,3,0,0,2,65.0,3,1,0,0,0,1,1,0,0,100.0,5,2,3,3,0,1,0,1,0,0,0,1,0,0,28,0,0,1,0,0,1,4,4,2,2,25.0,0.0,40.1,48.3
3216,0,1,3,2,0,0,63.3,3,0,1,0,1,0,0,0,1,100.0,4,3,1,4,0,1,0,0,22,0,1,0,0,0,42,0,0,1,1,0,2,3,4,4,4,13.1,2.0,14.9,69.2
3217,1,2,3,0,0,0,40.0,1,0,0,1,1,0,0,0,1,100.0,2,1,3,4,0,0,1,1,10,1,0,0,0,0,0,0,0,0,1,0,3,1,2,2,1,55.6,21.0,79.5,27.1
3218,2,0,1,3,0,0,63.3,2,0,1,0,0,0,0,0,0,33.3,2,3,1,3,0,1,0,0,22,0,0,1,0,0,28,1,0,0,0,30,2,4,4,4,1,50.1,28.3,51.9,41.8
3219,2,0,1,0,3,0,55.0,1,1,0,0,1,0,0,0,0,66.7,2,3,3,2,0,1,0,0,22,0,1,0,0,0,42,1,0,0,1,2,5,2,1,1,2,43.0,17.0,42.4,47.4
3220,3,0,2,1,0,0,63.3,3,0,0,1,1,0,1,0,0,100.0,1,2,3,1,0,1,0,1,0,1,0,0,0,0,0,1,1,0,0,76,5,3,2,2,1,78.6,54.3,78.2,31.5
3221,0,2,3,1,0,0,63.3,2,1,0,0,1,0,0,0,0,66.7,5,2,1,4,1,0,0,0,30,1,0,0,0,0,0,1,1,0,0,76,3,2,5,1,2,73.5,47.5,74.2,22.3
3222,0,2,0,0,3,1,61.7,1,1,0,0,0,1,0,0,0,66.7,4,4,1,3,0,1,0,0,22,1,0,0,0,0,0,1,0,0,1,2,5,3,5,2,1,46.4,12.7,51.1,46.5
3223,0,2,1,3,0,0,63.3,3,0,0,0,1,0,1,0,0,66.7,2,1,2,4,1,1,0,0,52,1,0,0,0,0,0,1,0,0,0,30,3,1,5,2,1,83.0,49.6,88.5,18.6
3224,3,2,0,0,0,1,63.3,3,0,0,0,1,0,0,0,1,66.7,2,2,4,3,0,1,0,0,22,1,0,0,0,1,0,1,0,0,0,30,2,3,5,1,1,71.9,33.9,80.9,23.4
3225,3,2,1,0,0,0,40.0,1,0,1,1,0,1,0,0,0,100.0,2,3,2,4,1,1,0,0,52,0,0,0,1,1,0,1,0,1,0,2,2,1,2,2,3,58.3,26.5,70.0,43.4
3226,2,0,3,0,1,0,55.0,2,0,0,0,1,0,1,0,0,66.7,4,3,3,2,0,1,0,0,22,0,1,0,0,1,0,0,0,0,1,0,1,3,1,1,1,55.9,11.4,66.9,25.9
3227,0,1,0,3,0,2,70.0,5,0,0,0,0,0,1,0,1,66.7,5,3,1,4,0,1,0,0,22,0,0,1,0,0,28,0,0,1,0,0,5,4,2,4,2,23.9,6.7,31.3,56.0
3228,0,2,0,0,3,1,61.7,5,0,0,0,0,0,1,1,0,66.7,5,4,3,4,0,1,0,1,0,1,1,0,0,0,14,0,0,0,1,0,3,3,4,5,4,12.1,0.0,34.4,63.6
3229,0,3,0,1,2,0,53.3,3,0,0,0,1,0,0,1,0,66.7,2,2,3,2,1,1,0,0,52,0,1,0,0,1,0,0,1,0,1,18,3,2,4,2,2,67.3,37.0,66.6,32.3
3230,1,0,0,3,0,2,73.3,2,0,1,1,1,0,0,0,0,100.0,5,4,2,1,0,1,0,1,0,0,1,0,0,0,42,0,0,1,0,0,5,3,2,5,4,0.0,0.0,2.1,90.6
3231,1,0,2,3,0,0,63.3,5,0,0,1,0,0,0,0,0,33.3,2,2,3,4,1,0,1,0,64,0,0,1,0,1,0,1,0,1,0,2,1,3,5,4,4,45.1,23.5,60.2,36.2
3232,0,2,1,3,0,0,63.3,1,0,0,1,0,0,0,0,0,33.3,2,3,3,1,0,1,0,1,0,1,0,0,0,1,0,1,0,0,1,2,1,4,1,4,1,44.5,4.7,52.6,30.6
3233,0,2,3,0,1,0,48.3,2,0,1,0,0,1,0,0,1,100.0,2,2,3,3,1,1,0,0,52,1,0,1,0,0,0,1,0,0,0,30,3,1,1,2,3,67.7,47.2,76.9,38.5
3234,3,1,0,2,0,0,60.0,3,0,0,1,0,0,0,0,0,33.3,4,4,2,4,0,1,0,0,22,0,0,1,0,0,28,1,1,0,0,76,3,2,5,4,2,61.2,50.5,61.2,50.8
3235,0,3,0,1,0,2,70.0,3,0,0,0,1,0,0,0,0,33.3,1,3,3,3,0,1,0,0,22,0,1,0,0,1,0,1,0,0,0,30,3,3,2,5,1,64.8,35.2,74.4,39.1
3236,1,0,0,2,3,0,63.3,2,0,0,1,0,1,0,0,0,66.7,5,3,3,3,0,1,0,0,22,0,1,1,0,0,70,0,0,1,1,0,1,4,5,4,2,9.3,0.0,19.9,63.4
3237,3,0,1,2,0,0,63.3,2,0,1,0,1,0,1,0,0,100.0,2,3,1,2,1,1,0,0,52,1,0,0,0,0,0,1,1,0,0,76,2,2,2,4,1,86.0,63.7,71.6,40.1
3238,1,0,0,3,0,2,73.3,3,1,1,0,0,0,1,0,0,100.0,4,4,4,4,0,0,1,1,10,1,1,0,0,0,14,0,0,1,1,0,3,1,4,4,3,26.8,11.6,48.5,66.5
3239,0,0,0,1,2,3,55.0,3,0,0,1,0,0,0,0,0,33.3,4,3,4,4,1,1,0,0,52,1,0,1,0,0,0,0,0,1,0,0,3,4,4,5,4,33.6,3.6,57.0,45.0
3240,2,3,0,1,0,0,60.0,3,1,0,0,1,0,0,0,1,100.0,4,4,4,4,0,1,1,0,56,0,0,1,0,0,28,1,0,1,0,2,5,2,2,1,2,45.7,21.0,57.8,62.0
3241,3,1,0,2,0,0,60.0,2,1,0,0,0,1,1,0,0,100.0,1,3,2,3,0,1,0,1,0,1,0,1,0,0,0,1,1,0,0,76,1,1,5,5,1,75.6,62.9,72.6,44.5
3242,3,1,0,2,0,0,60.0,3,0,0,0,0,0,0,0,1,33.3,2,1,3,4,1,1,0,0,52,1,0,1,0,0,0,1,1,0,0,76,3,2,5,2,1,98.6,66.1,99.2,9.9
3243,3,2,1,0,0,0,40.0,3,0,0,0,0,0,1,0,0,33.3,2,2,4,2,1,1,0,0,52,1,0,0,0,1,0,1,1,0,0,76,2,3,1,2,2,92.6,58.1,85.3,17.0
3244,2,1,0,0,0,3,63.3,3,0,0,0,0,0,1,1,0,66.7,1,3,3,3,1,1,0,0,52,0,0,1,1,0,48,1,1,0,0,76,3,1,5,5,3,62.5,69.3,57.3,60.0
3245,1,2,3,0,0,0,40.0,2,1,0,0,0,1,0,0,1,100.0,2,3,3,3,0,1,0,1,0,0,0,1,0,0,28,0,1,0,0,46,3,3,4,5,2,41.5,28.0,41.3,61.4
3246,3,1,2,0,0,0,40.0,3,0,0,0,0,0,1,0,0,33.3,5,2,3,1,0,1,0,0,22,1,0,0,0,0,0,1,0,0,0,30,5,3,1,1,3,52.7,17.1,55.7,23.4
3247,2,0,1,0,0,3,65.0,1,0,0,0,0,0,0,0,1,33.3,5,4,1,3,0,1,0,1,0,0,1,0,0,0,42,1,0,1,0,2,1,4,4,5,3,4.6,0.0,12.7,63.9
3248,3,2,0,0,0,1,63.3,3,0,0,0,0,1,0,0,0,33.3,4,3,1,4,0,0,0,1,0,1,1,0,0,0,14,1,1,0,0,76,5,3,4,5,2,50.5,43.1,52.6,45.3
3249,0,2,0,0,3,1,61.7,3,0,0,0,1,0,0,1,0,66.7,2,1,2,2,0,1,0,0,22,0,0,1,0,0,28,1,1,0,0,76,1,3,4,1,2,84.1,53.0,70.8,19.6
3250,1,0,0,0,2,3,71.7,4,0,0,0,0,0,1,0,0,33.3,2,3,1,4,0,1,0,0,22,1,0,0,0,0,0,1,0,1,0,2,3,1,4,4,2,51.3,24.1,65.1,37.8
3251,2,0,0,1,3,0,63.3,3,0,1,0,0,0,0,0,0,33.3,1,1,2,4,1,0,1,0,64,1,0,0,1,0,0,1,0,0,0,30,3,1,4,2,1,89.4,53.6,87.1,12.2
3252,0,0,1,0,2,3,61.7,5,0,1,0,1,0,1,0,0,100.0,2,4,1,1,0,1,0,0,22,0,0,1,0,0,28,1,0,0,1,2,5,3,4,2,3,32.4,11.4,19.2,70.7
3253,0,2,0,3,0,1,70.0,5,0,0,0,1,1,0,0,1,100.0,4,4,1,4,0,1,0,1,0,0,0,1,0,0,28,0,1,1,0,18,1,4,2,2,4,24.0,4.4,25.1,61.9
3254,3,2,0,0,0,1,63.3,3,1,0,0,0,0,0,0,0,33.3,4,4,3,4,0,1,1,0,56,0,1,0,0,0,42,1,1,0,0,76,3,2,5,5,3,54.3,56.6,56.5,60.0
3255,3,0,2,0,0,1,65.0,3,0,0,1,1,0,1,0,0,100.0,1,4,3,3,0,1,1,0,56,0,1,0,0,0,42,0,0,0,1,0,3,2,1,1,2,54.5,28.9,52.5,64.7
3256,3,0,2,1,0,0,63.3,1,0,0,1,1,0,0,0,0,66.7,1,1,2,2,1,0,0,1,6,0,0,1,0,0,28,1,1,0,0,76,1,3,4,4,2,68.2,47.6,61.1,32.6
3257,2,3,0,0,1,0,43.3,2,0,0,0,1,0,0,0,0,33.3,2,3,2,1,0,0,0,1,0,1,0,0,0,0,0,0,1,0,0,46,3,1,2,2,2,69.7,42.7,71.7,23.3
3258,3,0,1,0,2,0,55.0,2,0,1,0,0,0,0,0,0,33.3,2,4,3,4,1,0,0,1,6,0,0,0,0,1,0,0,1,1,0,18,2,2,4,1,1,70.1,24.0,82.2,25.8
3259,3,1,0,2,0,0,60.0,2,0,1,0,0,0,0,1,1,100.0,4,3,1,4,0,1,0,0,22,1,1,0,0,0,14,1,1,0,0,76,3,1,5,2,1,83.3,58.4,70.1,40.3
3260,1,2,0,0,0,3,63.3,3,0,0,0,0,1,0,0,0,33.3,2,3,4,4,0,1,1,0,56,1,0,1,0,0,0,1,0,0,1,2,3,3,5,5,3,45.6,18.6,61.2,46.1
3261,0,2,3,0,1,0,48.3,2,0,0,0,1,0,0,0,1,66.7,2,2,3,3,1,0,0,0,30,0,0,1,0,0,28,1,0,0,1,2,3,3,5,1,1,51.1,19.8,53.4,35.7
3262,2,1,0,3,0,0,60.0,1,0,0,1,0,1,1,0,0,100.0,5,1,2,2,1,0,0,0,30,1,0,0,0,1,0,1,1,0,0,76,1,3,2,2,2,75.4,42.1,69.4,24.5
3263,3,1,2,0,0,0,40.0,4,1,1,0,1,0,0,0,0,100.0,2,1,4,1,1,0,0,1,6,1,0,0,0,0,0,0,1,0,1,18,3,3,5,2,3,45.6,13.8,52.0,33.8
3264,0,1,2,0,0,3,65.0,5,0,0,1,0,1,0,0,0,66.7,4,4,1,3,1,1,0,0,52,1,0,1,0,0,0,0,0,1,0,0,5,1,5,2,3,49.1,25.7,56.2,49.0
3265,3,0,2,1,0,0,63.3,3,0,1,0,0,0,0,0,0,33.3,4,2,2,1,1,0,0,0,30,1,0,0,0,1,0,1,1,0,0,76,2,1,5,1,3,81.4,54.9,77.2,15.8
3266,1,0,2,0,3,0,55.0,2,1,0,0,0,0,0,0,0,33.3,4,3,4,4,0,1,0,1,0,0,0,0,1,0,20,0,1,0,0,46,3,3,4,1,1,63.3,27.6,76.8,22.8
3267,3,2,0,1,0,0,60.0,2,0,1,0,0,0,0,1,0,66.7,5,3,3,3,1,0,0,0,30,1,0,0,0,0,0,1,1,0,0,76,2,2,2,2,4,61.4,42.2,70.0,38.5
3268,1,2,3,0,0,0,40.0,1,0,1,0,1,0,0,0,0,66.7,5,3,3,2,0,1,0,0,22,0,0,1,0,0,28,1,1,0,0,76,5,1,2,2,2,61.0,47.7,66.6,37.5
3269,0,2,3,0,1,0,48.3,3,1,0,0,0,0,1,0,0,66.7,4,3,4,2,0,1,1,0,56,0,0,1,0,0,28,1,1,0,0,76,3,3,4,5,4,46.2,47.8,45.2,57.0
3270,3,2,0,0,1,0,43.3,3,0,1,1,0,0,0,0,0,66.7,2,2,4,3,1,1,0,0,52,1,0,0,0,0,0,0,1,0,0,46,3,3,5,1,1,83.1,48.4,87.4,18.0
3271,2,0,1,0,3,0,55.0,4,1,0,0,1,0,0,1,0,100.0,2,2,3,4,1,1,0,0,52,1,0,0,0,0,0,1,1,0,0,76,2,2,4,1,3,87.3,61.5,86.9,30.7
3272,0,2,3,1,0,0,63.3,4,1,1,0,0,0,1,0,0,100.0,5,4,2,3,0,1,1,0,56,0,0,1,0,1,0,0,0,1,0,0,1,3,4,5,2,36.4,15.7,46.1,65.8
3273,2,1,3,0,0,0,40.0,2,1,0,1,1,0,0,0,0,100.0,4,4,3,3,1,0,1,0,64,0,1,0,1,0,62,1,0,0,0,30,2,1,1,2,1,56.6,40.8,50.7,63.7
3274,0,3,1,0,2,0,48.3,5,1,0,1,0,0,1,0,0,100.0,4,3,3,4,1,0,1,0,64,0,1,1,0,0,70,1,1,0,0,76,3,2,4,2,1,64.7,66.5,59.6,53.2
3275,0,2,3,0,0,1,65.0,2,0,0,0,1,1,0,1,0,100.0,5,4,1,3,0,0,1,0,34,0,1,1,0,0,70,0,0,1,0,0,5,3,5,5,4,0.0,1.0,0.0,93.3
3276,3,0,1,2,0,0,63.3,3,0,0,1,0,1,0,0,0,66.7,4,3,1,2,1,1,0,0,52,0,1,0,0,0,42,1,1,0,0,76,2,3,5,2,3,59.3,53.6,44.3,44.7
3277,0,1,2,3,0,0,63.3,1,1,0,0,1,1,0,0,0,100.0,5,1,3,3,1,1,0,0,52,0,0,1,0,1,0,0,0,1,0,0,2,3,4,5,4,26.7,4.1,41.4,51.3
3278,2,3,0,1,0,0,60.0,3,0,1,1,0,0,0,0,0,66.7,5,2,3,4,0,1,0,1,0,1,0,0,0,1,0,1,1,0,0,76,2,2,5,1,1,76.5,47.5,86.5,19.0
3279,2,0,0,3,0,1,73.3,5,0,0,0,1,0,0,0,0,33.3,1,1,1,1,0,1,0,0,22,0,0,1,1,0,48,1,1,0,0,76,3,4,2,2,2,66.3,51.4,45.1,28.3
3280,3,1,0,2,0,0,60.0,4,1,0,0,0,0,0,0,0,33.3,2,1,4,1,0,1,1,0,56,0,0,0,0,1,0,1,0,0,0,30,3,1,5,2,1,87.7,55.6,87.9,10.7
3281,0,1,3,2,0,0,63.3,3,0,0,0,1,0,0,1,0,66.7,5,3,3,3,0,1,0,1,0,1,0,1,0,0,0,0,0,0,1,0,3,3,5,5,3,20.0,0.0,41.0,58.8
3282,3,1,0,0,0,2,63.3,5,0,1,0,1,0,0,0,0,66.7,4,3,3,4,1,1,0,0,52,0,1,0,0,0,42,0,1,1,0,18,5,4,2,4,3,33.1,16.2,33.0,66.7
3283,0,2,0,3,1,0,53.3,3,0,1,0,1,0,1,0,0,100.0,1,3,2,1,0,0,1,1,10,1,0,0,0,0,0,1,0,0,0,30,1,2,2,2,1,69.0,34.8,67.1,31.6
3284,1,2,0,0,0,3,63.3,2,0,0,0,0,0,1,0,1,66.7,4,3,3,3,0,1,0,0,22,1,0,0,0,0,0,0,0,1,0,0,5,4,4,4,4,23.3,0.0,38.5,55.4
3285,2,1,3,0,0,0,40.0,2,0,0,0,1,0,1,0,1,100.0,4,3,4,4,0,1,0,0,22,0,0,1,0,0,28,1,0,1,0,2,1,3,5,4,2,29.4,14.0,44.8,57.8
3286,2,3,0,1,0,0,60.0,3,1,0,0,1,0,1,0,0,100.0,1,3,4,3,0,1,0,0,22,0,0,1,0,1,0,0,1,0,0,46,2,3,2,2,1,76.9,44.6,76.3,38.6
3287,0,3,0,0,2,1,61.7,2,1,0,0,0,0,0,0,0,33.3,5,4,1,2,0,1,0,0,22,1,0,0,1,0,0,0,0,0,1,0,5,3,1,5,2,31.4,1.5,33.4,52.4
3288,2,3,1,0,0,0,40.0,3,0,1,0,0,0,1,1,0,100.0,2,4,3,1,0,0,0,1,0,0,1,1,0,0,70,1,0,1,0,2,2,4,2,5,2,10.2,6.3,11.5,79.2
3289,3,2,1,0,0,0,40.0,3,0,0,1,0,0,0,0,1,66.7,5,3,1,3,1,1,0,0,52,1,0,0,0,0,0,1,0,0,1,2,3,2,4,2,2,55.6,17.4,60.1,32.8
3290,3,1,0,0,2,0,43.3,4,0,1,0,0,0,0,1,0,66.7,2,3,3,4,0,1,0,1,0,1,0,1,0,0,0,0,0,0,1,0,3,3,4,2,1,50.9,16.9,67.1,34.6
3291,2,0,1,3,0,0,63.3,1,0,0,0,0,1,1,0,1,100.0,5,2,2,3,0,1,0,0,22,0,1,0,0,0,42,0,0,1,0,0,5,4,5,5,4,7.8,0.0,11.5,71.1
3292,0,0,0,2,1,3,55.0,3,0,0,0,1,0,0,0,0,33.3,5,3,2,1,1,0,0,0,30,0,0,1,0,0,28,1,0,0,0,30,2,3,5,2,4,32.6,12.6,33.9,42.3
3293,0,2,0,0,3,1,61.7,4,0,1,0,0,0,1,0,1,100.0,5,4,1,3,0,0,1,0,34,0,0,1,0,0,28,0,1,1,0,18,5,1,2,4,3,27.8,25.9,24.0,73.5
3294,0,0,0,3,1,2,55.0,4,0,1,1,1,0,0,0,0,100.0,1,4,3,3,0,1,0,0,22,0,1,0,1,0,62,1,0,1,0,2,1,3,1,5,3,17.8,19.7,24.6,80.6
3295,3,2,1,0,0,0,40.0,3,1,0,0,1,0,0,0,1,100.0,4,4,1,2,0,1,1,0,56,1,0,0,0,0,0,1,0,1,0,2,1,4,4,2,3,43.8,11.5,45.0,46.5
3296,3,2,0,0,1,0,43.3,2,1,0,0,1,0,0,0,1,100.0,2,2,4,2,0,1,1,0,56,1,0,0,1,0,0,1,0,0,0,30,5,3,2,2,1,76.1,42.8,74.8,34.4
3297,1,2,0,3,0,0,60.0,3,0,1,1,1,0,0,0,0,100.0,2,3,2,1,1,0,0,0,30,1,0,0,0,0,0,0,1,0,0,46,3,3,1,5,1,63.0,39.0,55.1,49.5
3298,2,0,1,0,3,0,55.0,4,0,0,0,0,0,0,1,0,33.3,5,1,4,1,1,0,1,0,64,1,0,0,0,0,0,1,1,0,0,76,5,1,4,1,2,92.0,64.3,92.1,8.6
3299,2,3,0,1,0,0,60.0,3,0,0,1,0,0,1,0,0,66.7,2,1,3,3,0,1,0,0,22,0,0,0,1,1,0,1,0,1,0,2,2,4,1,1,3,49.7,8.4,62.4,21.0
3300,0,2,0,1,3,0,53.3,4,0,1,0,0,0,0,0,0,33.3,2,3,1,4,0,1,0,0,22,0,0,1,0,0,28,0,0,1,0,0,3,4,1,5,3,25.9,6.7,30.7,51.5
3301,3,0,2,0,0,1,65.0,1,0,0,0,0,0,1,0,0,33.3,2,3,2,1,0,1,0,1,0,0,0,1,0,1,0,1,0,0,0,30,3,2,1,1,2,61.4,22.3,60.7,26.0
3302,3,2,1,0,0,0,40.0,3,1,0,0,0,0,0,0,0,33.3,2,2,4,3,0,1,0,0,22,1,0,1,0,0,0,1,1,0,0,76,3,3,5,4,1,80.9,54.7,84.7,21.5
3303,3,0,0,1,0,2,73.3,3,0,0,0,1,0,1,0,0,66.7,5,2,2,3,0,0,1,1,10,1,0,0,0,0,0,1,0,0,0,30,3,2,1,4,1,57.0,23.3,63.8,38.6
3304,0,0,2,0,1,3,61.7,5,0,0,0,0,0,0,1,0,33.3,4,3,3,4,0,1,0,0,22,1,0,1,0,0,0,0,0,1,1,0,5,4,2,4,4,22.6,0.0,40.8,48.2
3305,3,1,0,0,2,0,43.3,4,0,0,0,0,1,0,0,1,66.7,5,2,1,3,0,0,1,1,10,0,1,0,0,0,42,1,0,1,0,2,5,3,2,5,2,20.6,2.6,25.4,58.5
3306,0,1,2,0,0,3,65.0,5,0,0,1,0,1,0,0,0,66.7,5,3,1,3,0,1,0,1,0,1,1,0,0,0,14,0,1,1,0,18,1,3,4,5,2,31.8,10.6,39.6,49.9
3307,0,3,2,1,0,0,63.3,5,0,1,0,0,0,0,1,0,66.7,4,4,1,2,0,1,0,0,22,0,1,0,0,0,42,0,1,0,1,18,1,2,1,5,1,32.4,27.8,32.4,62.1
3308,1,0,0,3,0,2,73.3,5,0,1,0,0,0,1,0,1,100.0,4,4,1,3,1,1,0,0,52,1,0,0,0,0,0,0,1,1,0,18,5,3,2,4,1,54.1,32.2,52.4,56.0
3309,0,1,2,0,0,3,65.0,3,1,0,0,0,1,0,0,0,66.7,2,1,1,3,0,0,1,0,34,0,1,0,0,0,42,0,0,1,0,0,5,4,4,5,4,23.7,4.6,19.7,58.6
3310,1,0,2,0,3,0,55.0,3,0,0,1,1,0,1,0,0,100.0,2,4,4,4,0,1,0,0,22,0,1,0,0,1,0,1,0,0,1,2,2,2,4,2,3,48.7,15.9,65.6,56.0
3311,0,2,0,1,0,3,70.0,3,0,0,1,0,0,0,0,1,66.7,5,3,4,4,0,1,0,0,22,0,0,1,0,1,0,0,1,1,0,18,5,3,2,4,2,39.6,9.9,55.5,51.4
3312,3,1,2,0,0,0,40.0,2,0,1,1,0,0,0,0,0,66.7,2,2,3,4,0,1,0,1,0,1,0,0,0,1,0,1,1,0,0,76,1,2,1,2,1,86.5,47.4,90.6,16.3
3313,2,1,3,0,0,0,40.0,2,0,1,0,1,0,0,0,0,66.7,5,2,4,2,1,0,1,0,64,1,0,0,0,1,0,1,0,0,0,30,3,3,1,4,1,62.6,34.8,73.2,30.8
3314,0,1,3,0,2,0,48.3,2,0,0,0,0,1,0,0,1,66.7,4,2,4,3,0,1,0,0,22,1,1,0,0,0,14,0,0,1,1,0,5,4,5,4,4,24.0,0.0,38.6,56.4
3315,3,1,2,0,0,0,40.0,4,0,0,0,0,1,0,0,1,66.7,4,4,3,3,0,1,1,0,56,1,0,0,0,0,0,0,0,0,1,0,2,3,5,2,3,48.9,15.2,60.3,42.1
3316,2,0,3,0,0,1,65.0,3,0,0,1,0,0,0,0,0,33.3,4,2,4,3,0,1,0,0,22,1,0,0,0,0,0,1,0,0,0,30,5,3,4,2,1,65.1,30.8,78.0,21.5
3317,3,0,0,1,2,0,63.3,3,1,0,1,0,0,0,1,0,100.0,2,4,4,3,1,1,0,0,52,0,0,0,1,0,20,0,1,0,0,46,5,3,5,4,2,55.3,45.4,58.8,68.4
3318,0,3,2,0,1,0,48.3,4,1,0,0,1,0,0,1,0,100.0,5,4,3,3,0,1,0,0,22,0,1,1,0,0,70,0,0,1,1,0,5,2,4,5,4,0.0,2.6,8.5,89.6
3319,0,1,3,2,0,0,63.3,3,0,0,0,1,0,0,0,0,33.3,2,4,1,3,0,0,0,1,0,1,0,0,1,0,0,1,0,0,1,2,5,3,1,5,1,43.7,12.4,52.0,45.2
3320,3,2,0,1,0,0,60.0,4,1,1,0,1,0,0,0,0,100.0,2,1,1,3,0,1,0,0,22,0,1,0,0,0,42,1,0,1,0,2,3,4,5,2,2,35.1,11.3,36.3,45.8
3321,2,3,0,0,0,1,63.3,1,0,0,0,1,0,0,0,0,33.3,2,2,1,4,0,1,1,0,56,0,0,1,0,0,28,0,1,1,0,18,5,3,5,4,3,52.4,30.6,49.4,44.4
3322,0,0,1,2,0,3,61.7,3,0,0,0,0,0,1,1,0,66.7,5,4,1,4,0,1,0,0,22,1,1,0,0,0,14,0,1,0,0,46,3,4,4,5,3,29.9,14.9,41.2,58.5
3323,2,1,0,0,0,3,63.3,5,1,0,0,0,0,0,1,0,66.7,5,2,3,4,0,1,0,1,0,0,1,0,0,0,42,1,0,0,1,2,5,1,4,4,4,13.1,0.6,36.4,60.0
3324,0,2,1,0,0,3,65.0,5,0,1,0,1,0,0,0,0,66.7,5,4,1,3,0,1,0,1,0,0,1,0,0,0,42,1,0,0,0,30,5,1,4,4,1,32.8,27.7,35.6,63.2
3325,0,2,0,0,3,1,61.7,2,0,1,0,0,0,0,1,0,66.7,4,2,3,2,1,1,0,0,52,0,0,0,0,1,0,1,1,0,0,76,2,2,1,4,1,79.6,62.0,79.3,34.8
3326,0,0,0,3,1,2,55.0,4,0,0,0,0,0,0,1,0,33.3,5,4,2,4,0,1,0,0,22,0,1,0,0,1,0,1,1,0,0,76,1,4,2,2,1,77.7,43.4,79.2,23.2
3327,2,3,1,0,0,0,40.0,3,0,0,1,0,1,0,1,0,100.0,4,3,3,4,1,1,0,0,52,0,0,1,0,0,28,1,0,0,0,30,3,2,4,4,2,48.5,37.6,59.6,61.5
3328,0,3,2,0,0,1,65.0,5,0,0,0,0,1,0,1,0,66.7,5,3,1,1,0,1,0,0,22,0,0,1,0,0,28,1,0,0,0,30,2,3,4,5,2,31.6,26.3,31.3,56.2
3329,0,2,3,0,1,0,48.3,4,0,1,0,0,0,1,0,0,66.7,4,2,3,1,0,0,0,1,0,1,0,0,0,1,0,0,1,0,0,46,2,3,1,1,3,61.4,19.7,66.1,26.0
3330,1,0,0,3,2,0,63.3,2,0,0,0,1,0,1,1,0,100.0,2,1,1,2,1,0,1,0,64,1,0,0,0,0,0,1,0,0,0,30,2,3,4,4,1,66.0,42.7,60.0,32.0
3331,3,0,2,1,0,0,63.3,2,1,0,0,1,0,0,0,0,66.7,4,3,3,1,0,0,1,0,34,1,0,0,0,1,0,1,0,0,0,30,5,4,2,5,2,45.3,19.1,46.3,53.8
3332,3,1,2,0,0,0,40.0,3,0,1,0,0,0,0,0,1,66.7,1,3,3,4,1,1,0,0,52,0,0,0,0,1,0,1,0,0,0,30,5,4,4,4,4,47.2,25.3,52.5,51.9
3333,2,3,0,1,0,0,60.0,5,0,0,0,0,1,1,0,1,100.0,5,3,1,3,1,0,0,0,30,0,1,0,0,0,42,0,0,1,0,0,3,2,1,1,2,30.7,12.2,31.4,54.4
3334,3,0,2,0,0,1,65.0,3,0,0,0,0,0,0,0,1,33.3,5,4,2,3,1,0,0,1,6,1,0,0,0,0,0,1,0,1,0,2,3,3,5,5,2,27.4,1.1,46.2,49.2
3335,3,0,1,0,0,2,65.0,1,0,0,0,0,0,0,0,1,33.3,2,3,4,2,1,1,0,0,52,1,0,0,1,0,0,1,0,0,0,30,1,3,4,2,1,72.1,37.9,82.1,16.1
3336,0,0,3,1,2,0,55.0,2,1,0,0,0,1,0,0,0,66.7,5,3,2,3,0,1,0,0,22,1,0,1,0,0,0,0,1,1,0,18,2,3,1,4,4,27.9,4.0,43.3,47.5
3337,3,1,0,2,0,0,60.0,5,0,1,0,0,1,0,0,0,66.7,5,4,4,3,0,1,0,1,0,1,0,0,0,0,0,0,1,1,0,18,1,1,5,2,1,45.2,25.8,66.6,39.6
3338,2,0,1,3,0,0,63.3,4,0,0,0,1,0,1,0,0,66.7,4,4,1,4,1,1,0,0,52,1,0,0,0,0,0,1,0,1,0,2,2,2,1,2,3,47.2,16.5,55.5,45.0
3339,2,1,0,3,0,0,60.0,4,1,0,0,1,0,0,0,1,100.0,5,3,1,3,0,1,1,0,56,0,1,0,1,0,62,0,0,1,0,0,5,4,4,5,4,3.7,5.7,2.5,86.3
3340,2,3,1,0,0,0,40.0,2,0,1,0,1,0,1,0,0,100.0,2,3,4,3,0,1,0,1,0,1,0,0,0,1,0,1,0,0,0,30,3,2,5,2,1,63.1,26.2,70.5,39.0
3341,0,3,2,0,0,1,65.0,4,0,0,0,1,0,1,0,0,66.7,5,2,4,2,0,0,1,1,10,0,1,0,0,0,42,0,0,1,0,0,5,3,1,2,4,15.7,0.0,24.4,54.8
3342,1,0,2,0,3,0,55.0,4,1,0,1,0,0,0,0,0,66.7,5,1,1,3,0,1,0,0,22,1,1,0,0,0,14,0,0,1,0,0,5,3,5,5,1,37.6,7.2,47.6,38.9
3343,0,2,3,1,0,0,63.3,4,1,0,1,0,0,0,0,0,66.7,2,4,1,3,1,1,0,0,52,0,1,0,0,1,0,1,0,1,0,2,2,3,4,4,4,35.9,16.6,41.0,58.4
3344,3,0,1,0,0,2,65.0,5,1,0,0,0,0,0,1,0,66.7,2,3,3,1,0,0,0,1,0,1,0,0,0,0,0,0,0,1,0,0,3,1,2,4,1,52.0,28.1,64.6,40.6
3345,1,2,3,0,0,0,40.0,2,0,1,0,0,0,0,0,0,33.3,2,2,2,4,0,0,1,0,34,0,1,0,0,1,0,1,0,0,0,30,3,3,4,2,1,75.3,34.3,80.3,15.7
3346,0,0,1,2,3,0,55.0,1,0,1,0,1,0,0,0,0,66.7,4,3,1,2,1,0,0,0,30,1,0,1,0,0,0,1,0,0,1,2,1,4,4,4,3,33.0,1.9,33.8,47.8
3347,1,2,3,0,0,0,40.0,4,0,0,0,1,1,0,0,0,66.7,4,1,1,4,0,1,1,0,56,0,0,1,0,0,28,1,0,0,0,30,1,3,1,2,2,57.9,33.5,57.8,22.3
3348,3,0,2,0,1,0,55.0,1,0,0,1,0,0,0,1,0,66.7,2,3,1,1,1,1,0,0,52,1,1,0,0,0,14,1,0,0,1,2,2,1,5,4,4,40.5,24.9,40.7,49.9
3349,1,0,3,0,0,2,65.0,1,0,0,1,1,0,0,0,1,100.0,4,2,4,1,1,0,0,0,30,1,0,0,0,0,0,1,0,0,0,30,3,2,4,4,1,57.3,30.9,63.0,46.0
3350,0,1,0,2,3,0,53.3,5,0,1,0,0,0,1,0,1,100.0,5,3,3,4,0,0,0,1,0,0,1,0,0,0,42,0,0,1,0,0,3,3,1,4,3,7.5,0.0,20.5,72.4
3351,0,3,0,2,0,1,70.0,4,0,1,0,0,0,0,1,0,66.7,1,3,2,4,0,1,0,0,22,0,1,1,0,0,70,1,1,0,0,76,1,3,5,4,3,47.3,52.1,37.8,59.5
3352,0,3,2,0,0,1,65.0,4,0,1,1,1,0,0,0,0,100.0,1,4,2,3,1,0,0,0,30,0,0,1,0,0,28,0,1,0,0,46,3,2,1,5,2,49.2,47.5,44.6,70.7
3353,3,0,0,2,0,1,73.3,3,0,1,0,1,0,0,0,0,66.7,5,4,3,3,1,0,0,0,30,1,0,1,0,0,0,1,0,0,1,2,2,2,5,5,2,37.0,13.9,46.0,53.6
3354,3,2,0,1,0,0,60.0,3,0,0,0,0,0,1,0,0,33.3,2,2,4,3,0,0,1,0,34,1,0,0,0,1,0,0,1,0,1,18,1,2,1,1,1,76.5,34.9,86.5,16.5
3355,2,0,1,3,0,0,63.3,2,0,0,0,0,0,1,0,0,33.3,2,3,3,4,1,0,1,0,64,1,0,0,0,0,0,0,1,0,0,46,3,2,5,2,2,85.9,53.9,89.2,25.7
3356,3,2,1,0,0,0,40.0,3,0,0,0,1,0,0,1,1,100.0,2,3,3,4,1,1,0,0,52,0,0,0,0,1,0,1,0,0,0,30,3,4,4,4,1,61.5,34.8,66.7,46.4
3357,2,3,0,1,0,0,60.0,2,1,0,0,0,0,0,1,1,100.0,5,4,1,4,1,0,0,0,30,1,1,0,0,0,14,0,1,1,0,18,2,3,5,5,1,40.3,23.5,42.9,61.1
3358,0,2,1,0,0,3,65.0,5,0,1,1,0,0,0,0,1,100.0,5,3,4,4,0,1,0,1,0,1,1,0,0,0,14,0,0,1,0,0,2,4,1,4,4,13.9,0.0,34.9,64.8
3359,3,0,0,0,1,2,71.7,3,0,1,1,1,0,0,0,0,100.0,2,1,3,4,1,1,0,0,52,1,1,0,0,0,14,1,1,0,0,76,3,2,5,2,4,71.8,55.9,73.7,35.0
3360,0,2,0,3,0,1,70.0,3,0,1,0,1,0,0,0,0,66.7,4,4,3,1,0,1,0,0,22,1,0,0,1,0,0,1,0,1,0,2,3,1,4,2,4,38.8,8.5,45.7,56.4
3361,3,0,0,2,0,1,73.3,4,1,0,0,0,0,1,0,0,66.7,4,2,1,4,0,1,0,0,22,0,1,0,0,0,42,0,0,1,0,0,1,4,4,1,2,34.0,1.2,36.5,42.2
3362,1,0,2,0,3,0,55.0,3,0,0,1,0,1,0,1,0,100.0,4,3,1,3,0,1,0,0,22,1,1,0,0,0,14,1,0,0,0,30,2,2,4,5,2,42.1,31.4,43.2,55.8
3363,3,0,0,0,1,2,71.7,4,1,0,0,0,1,0,1,0,100.0,4,3,2,1,0,1,0,0,22,0,0,1,0,0,28,0,0,1,0,0,1,4,1,4,3,21.9,5.6,20.0,63.6
3364,0,3,0,1,2,0,53.3,1,0,0,0,0,0,0,1,1,66.7,4,4,3,3,1,1,0,0,52,1,0,0,0,1,0,1,0,0,0,30,3,2,2,2,1,71.1,37.7,75.5,37.7
3365,1,0,0,3,2,0,63.3,3,0,0,1,1,0,0,0,0,66.7,2,4,3,1,1,1,0,0,52,0,1,0,0,1,0,1,1,0,0,76,3,2,5,2,1,92.1,67.9,80.5,44.2
3366,2,3,1,0,0,0,40.0,5,1,0,0,0,0,0,1,1,100.0,4,2,4,2,0,1,0,0,22,1,0,0,0,0,0,0,1,0,1,18,3,1,2,1,2,57.3,25.7,73.6,32.9
3367,3,1,2,0,0,0,40.0,2,0,0,1,0,1,0,0,0,66.7,4,3,1,4,0,1,0,0,22,0,0,0,0,1,0,1,0,0,1,2,2,3,4,5,3,26.2,1.7,39.4,48.9
3368,3,1,2,0,0,0,40.0,3,0,1,1,0,0,1,0,0,100.0,4,1,3,1,0,1,0,0,22,0,0,0,0,1,0,1,0,0,0,30,2,2,4,1,3,56.4,26.9,60.5,27.9
3369,3,1,0,0,0,2,63.3,5,0,1,0,1,0,0,0,0,66.7,2,2,1,3,0,1,0,0,22,1,0,0,0,0,0,1,0,1,0,2,5,4,5,5,3,33.2,10.7,39.2,48.0
3370,0,2,3,1,0,0,63.3,2,0,0,1,0,0,1,0,0,66.7,5,3,1,1,1,1,0,0,52,1,0,0,0,1,0,1,0,1,0,2,2,1,4,5,3,41.2,17.3,41.8,50.2
3371,1,0,2,0,0,3,65.0,4,0,0,1,0,1,1,0,0,100.0,2,4,3,3,1,1,0,0,52,0,0,0,0,1,0,0,1,1,0,18,3,3,5,2,4,49.1,22.3,49.7,56.8
3372,0,3,2,1,0,0,63.3,3,1,0,0,0,0,0,0,1,66.7,4,2,2,1,0,1,1,0,56,0,0,1,0,0,28,1,1,0,0,76,2,4,4,1,4,58.2,40.0,44.8,44.3
3373,3,2,0,0,0,1,63.3,4,1,0,1,0,0,0,1,0,100.0,4,4,1,1,0,1,0,1,0,0,0,0,0,1,0,1,0,1,0,2,3,3,4,4,3,21.9,0.0,21.8,66.8
3374,0,0,2,0,3,1,61.7,3,0,1,0,0,0,0,0,0,33.3,1,3,4,1,0,1,0,1,0,0,0,1,0,0,28,1,0,0,0,30,2,2,1,2,1,61.9,31.5,67.2,28.5
3375,0,2,3,0,1,0,48.3,4,1,1,0,1,0,0,0,0,100.0,5,3,1,2,0,1,0,1,0,0,1,0,0,0,42,1,0,0,0,30,5,4,2,2,2,29.1,9.2,27.0,55.4
3376,3,0,2,0,1,0,55.0,2,0,0,1,0,0,1,0,0,66.7,4,2,4,4,1,0,1,0,64,1,0,0,0,1,0,1,0,0,0,30,3,3,5,2,3,67.8,30.7,77.8,30.1
3377,3,0,2,0,1,0,55.0,3,0,0,0,1,0,0,0,0,33.3,4,1,4,2,0,1,0,0,22,1,0,0,0,0,0,1,0,0,0,30,5,3,2,4,3,47.9,20.4,62.0,26.3
3378,0,3,2,0,0,1,65.0,5,0,0,0,1,0,0,0,0,33.3,4,4,3,4,0,0,0,1,0,1,1,0,0,0,14,0,0,1,0,0,5,3,4,4,1,33.5,8.1,57.3,49.5
3379,3,2,1,0,0,0,40.0,2,0,0,0,0,1,1,0,0,66.7,4,3,3,1,1,1,0,0,52,0,0,0,0,1,0,1,1,0,0,76,1,2,4,4,1,82.4,58.7,75.5,32.7
3380,0,1,2,0,0,3,65.0,4,0,1,1,0,0,0,0,0,66.7,5,3,3,4,0,0,1,0,34,0,1,0,0,0,42,0,1,1,0,18,5,4,2,4,4,16.3,9.2,24.0,69.7
3381,2,1,0,0,0,3,63.3,3,0,0,0,0,0,1,0,0,33.3,5,3,2,3,1,0,0,0,30,1,0,0,0,0,0,1,0,1,0,2,3,3,2,4,4,30.0,2.3,41.4,41.7
3382,0,1,0,2,0,3,70.0,2,0,0,0,0,1,0,0,1,66.7,4,3,4,1,1,1,0,0,52,0,0,0,0,1,0,1,1,0,0,76,2,1,4,2,1,89.9,67.8,87.4,27.7
3383,2,3,0,0,0,1,63.3,3,0,0,0,0,1,0,0,0,33.3,2,3,2,2,0,1,0,0,22,0,1,0,0,0,42,0,0,1,0,0,3,4,4,4,1,37.3,11.5,34.2,44.0
3384,2,3,1,0,0,0,40.0,3,0,0,0,0,0,0,1,0,33.3,4,3,2,3,1,0,0,0,30,0,0,1,0,1,0,1,1,0,0,76,2,4,4,2,1,80.6,45.9,78.1,16.6
3385,2,3,1,0,0,0,40.0,3,0,0,0,0,0,0,0,1,33.3,5,3,1,3,0,1,0,1,0,0,1,0,0,0,42,0,0,1,0,0,2,3,5,5,4,6.5,0.0,13.3,55.1
3386,3,0,0,2,0,1,73.3,3,1,1,0,1,0,0,0,0,100.0,2,2,4,1,1,1,0,0,52,1,0,0,0,0,0,1,0,0,0,30,5,2,2,4,1,68.7,46.3,71.7,49.0
3387,3,0,0,2,0,1,73.3,4,1,0,0,1,0,0,0,0,66.7,2,4,3,3,0,0,0,1,0,1,0,0,0,0,0,1,0,1,0,2,3,2,5,1,1,59.8,16.5,71.0,40.1
3388,1,0,2,3,0,0,63.3,2,0,0,0,0,0,0,1,0,33.3,4,3,1,4,0,1,0,0,22,1,0,0,0,0,0,1,1,0,0,76,2,3,2,4,4,53.3,37.7,58.8,35.7
3389,2,3,1,0,0,0,40.0,3,0,0,0,1,0,0,0,1,66.7,4,2,1,4,0,1,1,0,56,1,0,1,0,0,0,1,1,0,0,76,5,3,1,2,2,79.7,56.7,79.4,23.3
3390,2,0,3,0,0,1,65.0,3,0,0,0,1,0,0,0,0,33.3,5,3,3,3,1,0,1,0,64,0,1,0,0,0,42,0,0,1,0,0,5,3,2,1,3,37.8,15.2,47.1,45.3
3391,0,3,1,0,0,2,65.0,3,1,0,1,0,0,0,0,0,66.7,4,2,4,3,1,1,0,0,52,0,1,1,0,0,70,0,1,0,1,18,1,2,5,2,1,48.7,35.2,53.1,46.1
3392,1,3,2,0,0,0,40.0,3,0,0,0,1,0,0,0,1,66.7,4,2,3,4,1,0,0,0,30,1,0,0,0,0,0,0,1,0,0,46,3,4,2,1,2,64.0,27.7,73.5,21.7
3393,0,3,2,0,0,1,65.0,2,1,1,0,0,1,0,0,0,100.0,2,2,3,1,1,1,0,0,52,0,1,0,1,0,62,1,0,1,0,2,1,2,4,2,2,40.5,30.1,33.5,57.0
3394,0,1,0,2,3,0,53.3,4,0,0,0,0,1,0,0,0,33.3,1,3,1,4,0,1,0,0,22,0,1,0,0,0,42,0,0,1,0,0,1,4,2,2,2,43.2,14.1,46.1,39.9
3395,0,1,0,2,3,0,53.3,4,0,0,0,1,1,0,1,0,100.0,5,4,1,3,0,1,0,0,22,1,1,0,0,0,14,0,0,1,1,0,5,4,5,4,1,31.0,5.7,33.6,62.9
3396,3,0,1,0,0,2,65.0,3,0,1,0,1,0,0,0,1,100.0,2,2,4,3,0,1,0,1,0,0,0,1,0,1,0,1,0,0,1,2,2,4,2,2,4,38.3,0.0,49.8,41.6
3397,3,1,0,0,2,0,43.3,2,0,1,0,0,0,0,0,0,33.3,4,2,3,1,0,1,0,0,22,1,0,1,0,0,0,1,0,0,1,2,5,2,4,2,1,54.8,14.9,63.4,21.3
3398,1,0,3,2,0,0,63.3,3,0,0,1,1,0,1,0,0,100.0,4,2,4,3,0,1,1,0,56,1,0,0,0,1,0,1,0,0,0,30,1,2,5,2,2,65.0,35.5,72.1,31.4
3399,0,3,0,2,0,1,70.0,3,0,0,0,1,1,1,0,0,100.0,2,4,1,4,0,1,0,1,0,0,1,1,0,0,70,1,0,1,0,2,3,4,5,5,4,2.1,0.0,0.6,90.3
3400,3,2,0,0,0,1,63.3,2,1,0,0,0,0,0,0,0,33.3,5,4,3,3,1,1,0,0,52,1,0,0,0,0,0,0,0,1,1,0,2,1,5,2,4,40.9,10.7,57.9,42.4
3401,1,0,0,0,3,2,71.7,1,0,0,0,0,1,0,1,1,100.0,5,3,4,4,1,0,1,0,64,1,0,0,0,1,0,0,0,0,1,0,1,3,4,4,1,44.9,19.4,62.4,48.1
3402,3,1,2,0,0,0,40.0,1,0,0,0,0,0,1,0,0,33.3,2,4,4,2,0,0,1,1,10,1,0,0,0,1,0,0,0,1,1,0,3,4,1,4,1,46.5,8.2,62.5,39.3
3403,0,2,0,0,3,1,61.7,3,1,0,0,0,1,1,0,0,100.0,4,4,2,2,0,1,0,0,22,1,0,0,0,1,0,0,0,1,0,0,1,3,1,4,1,39.9,13.5,45.7,58.2
3404,3,2,0,0,1,0,43.3,2,0,0,0,1,0,1,0,0,66.7,2,3,3,4,0,1,0,0,22,0,0,0,1,1,0,1,0,1,0,2,2,2,5,2,2,53.7,16.7,65.6,42.0
3405,2,1,3,0,0,0,40.0,3,0,0,0,0,0,1,0,0,33.3,5,2,1,2,1,1,0,0,52,1,0,0,0,0,0,0,1,1,0,18,5,4,4,2,2,53.7,21.5,52.7,25.1
3406,3,2,1,0,0,0,40.0,4,0,0,0,0,1,0,0,0,33.3,5,4,2,3,0,0,1,1,10,1,1,0,0,0,14,0,0,1,0,0,5,3,1,5,2,29.2,0.0,42.9,51.1
3407,2,0,3,1,0,0,63.3,1,1,0,1,0,0,0,0,1,100.0,2,2,3,3,0,1,0,1,0,1,0,0,0,0,0,0,1,1,0,18,5,2,1,2,2,53.0,21.4,62.9,41.0
3408,2,1,0,3,0,0,60.0,2,0,0,0,0,1,0,0,0,33.3,5,1,2,4,1,1,0,0,52,0,1,0,0,0,42,1,0,1,0,2,5,3,5,5,4,12.6,6.5,29.5,51.9
3409,0,3,1,2,0,0,63.3,3,0,0,1,0,0,0,1,1,100.0,4,4,2,4,1,1,0,0,52,1,0,0,0,0,0,1,0,0,0,30,2,3,4,2,2,57.5,32.7,62.4,55.4
3410,0,0,2,3,1,0,55.0,4,1,0,0,0,0,0,0,0,33.3,5,4,1,4,0,1,0,1,0,0,1,0,0,0,42,0,0,1,0,0,5,4,1,4,2,15.0,1.4,26.3,58.3
3411,0,0,2,0,1,3,61.7,1,0,0,1,0,1,0,1,0,100.0,5,4,3,3,0,1,0,0,22,0,1,1,0,0,70,1,0,1,0,2,5,3,2,5,2,10.3,7.6,17.6,83.6
3412,3,2,1,0,0,0,40.0,1,0,0,1,0,0,1,0,0,66.7,1,4,4,3,0,0,0,1,0,0,0,0,0,1,0,1,0,0,1,2,3,1,1,1,2,58.5,17.8,70.2,39.0
3413,0,3,0,2,1,0,53.3,3,0,1,0,0,0,0,0,0,33.3,1,1,4,4,0,0,1,0,34,1,0,0,0,1,0,1,0,0,0,30,5,3,5,2,1,77.6,43.2,93.1,17.0
3414,3,0,0,2,0,1,73.3,5,1,1,1,0,0,0,0,0,100.0,5,4,1,4,0,1,0,0,22,0,1,0,0,0,42,0,0,1,0,0,1,4,1,5,2,15.3,5.6,16.7,72.8
3415,3,2,1,0,0,0,40.0,4,1,0,1,0,0,0,0,0,66.7,4,3,4,3,0,0,1,1,10,1,0,1,0,0,0,0,1,0,0,46,3,1,5,4,3,55.6,32.7,64.2,45.5
3416,3,1,0,0,2,0,43.3,5,0,0,1,0,0,0,1,0,66.7,2,3,4,3,1,1,0,0,52,1,0,0,0,0,0,1,0,0,1,2,5,1,1,5,1,57.0,41.3,73.3,49.9
3417,1,0,0,0,2,3,71.7,1,0,0,0,0,0,1,0,0,33.3,2,3,1,3,0,0,1,1,10,1,0,0,0,0,0,1,0,1,0,2,5,3,4,2,1,54.1,10.9,53.3,37.2
3418,3,2,1,0,0,0,40.0,5,0,0,0,0,0,1,1,0,66.7,5,3,1,1,0,0,0,1,0,0,0,1,0,1,0,1,0,1,0,2,5,2,4,2,2,41.7,6.0,43.4,42.2
3419,0,0,1,2,3,0,55.0,5,0,0,0,0,0,0,0,1,33.3,5,3,1,4,0,0,1,1,10,0,0,1,0,0,28,0,1,1,0,18,1,4,2,4,2,32.5,11.4,39.1,39.3
3420,2,0,0,0,1,3,71.7,2,0,1,0,0,0,0,0,1,66.7,2,2,2,2,0,1,1,0,56,0,1,1,0,0,70,1,0,0,0,30,2,2,4,4,1,54.3,49.2,40.1,52.1
3421,0,3,1,0,2,0,48.3,3,0,0,0,1,0,0,0,0,33.3,4,3,2,3,1,1,0,0,52,0,0,0,1,1,0,1,1,0,0,76,2,2,4,4,1,83.9,64.7,83.7,25.6
3422,2,1,0,0,3,0,43.3,2,0,0,1,1,0,0,0,0,66.7,2,2,2,4,1,1,0,0,52,0,0,0,0,1,0,0,1,0,0,46,3,3,5,2,1,79.2,50.4,81.8,21.6
3423,3,1,2,0,0,0,40.0,2,1,1,0,1,0,0,0,0,100.0,4,3,3,2,0,0,0,1,0,1,0,0,0,0,0,0,1,1,0,18,5,1,5,2,1,59.5,19.6,71.5,39.4
3424,0,1,2,0,0,3,65.0,1,0,0,0,0,1,0,0,0,33.3,4,4,1,4,1,0,0,1,6,0,1,0,0,0,42,1,1,0,0,76,5,4,5,4,2,44.2,35.2,37.1,57.4
3425,3,0,2,0,0,1,65.0,3,0,0,0,0,1,1,0,0,66.7,2,3,4,3,0,1,0,0,22,1,0,1,0,0,0,1,0,0,0,30,5,1,4,2,1,76.4,40.3,82.1,38.2
3426,1,3,2,0,0,0,40.0,1,0,1,0,1,0,0,1,0,100.0,4,3,1,1,0,1,0,0,22,1,0,0,0,1,0,1,0,0,1,2,3,2,4,1,3,39.7,8.2,42.7,44.7
3427,1,2,0,3,0,0,60.0,2,0,1,0,0,0,1,0,0,66.7,2,2,1,2,0,1,1,0,56,1,1,0,0,0,14,1,0,0,0,30,3,3,5,2,1,73.6,39.4,64.2,32.1
3428,3,0,1,0,2,0,55.0,3,0,0,0,0,0,1,1,0,66.7,4,2,1,4,0,0,1,0,34,0,0,1,1,0,48,1,0,0,1,2,2,1,5,4,2,37.0,22.4,45.2,48.3
3429,3,1,2,0,0,0,40.0,2,0,0,0,1,0,0,0,0,33.3,4,4,3,2,0,1,1,0,56,0,1,1,0,0,70,1,0,0,0,30,2,4,5,4,3,29.9,21.9,23.3,59.2
3430,3,1,0,0,0,2,63.3,3,0,0,0,0,1,1,0,1,100.0,2,2,2,1,0,1,0,0,22,0,0,0,0,1,0,1,0,0,1,2,1,3,2,1,1,66.0,21.1,63.6,24.8
3431,1,2,0,3,0,0,60.0,3,1,0,1,0,0,0,0,0,66.7,4,1,4,4,0,1,1,0,56,0,1,0,0,0,42,1,1,0,0,76,2,3,4,5,2,63.8,57.8,67.4,38.4
3432,3,0,0,0,1,2,71.7,2,1,0,0,1,0,0,0,0,66.7,5,2,1,1,0,1,0,1,0,1,1,0,0,0,14,0,0,1,0,0,5,1,5,4,2,34.9,7.9,35.8,50.4
3433,0,1,2,0,0,3,65.0,2,1,0,1,1,0,0,0,0,100.0,4,4,1,3,1,1,0,0,52,1,0,0,0,0,0,0,0,1,0,0,1,1,2,2,1,62.0,24.0,65.8,46.1
3434,2,3,0,0,0,1,63.3,3,0,0,0,1,0,0,0,0,33.3,2,2,3,4,0,1,1,0,56,1,0,1,0,0,0,1,1,0,0,76,3,3,5,1,3,89.0,53.5,85.9,18.8
3435,1,3,0,0,0,2,63.3,2,0,0,1,0,1,0,0,0,66.7,2,3,1,4,0,1,1,0,56,0,0,0,0,1,0,1,0,1,0,2,5,3,5,2,4,48.5,15.7,48.9,48.2
3436,1,2,0,0,0,3,63.3,1,0,0,0,1,0,0,0,0,33.3,5,2,2,4,0,1,0,0,22,0,1,1,0,0,70,0,0,1,0,0,5,4,4,5,2,9.3,0.0,19.1,60.5
3437,3,0,1,0,0,2,65.0,3,0,0,1,1,0,0,1,0,100.0,4,3,1,3,0,1,0,0,22,0,1,1,0,0,70,0,1,0,0,46,5,4,4,2,3,23.5,20.9,13.7,72.2
3438,3,1,2,0,0,0,40.0,5,0,0,0,0,1,0,0,0,33.3,4,3,1,1,0,1,0,0,22,0,0,1,0,0,28,0,0,1,0,0,5,4,1,5,4,22.2,0.0,17.6,55.6
3439,1,3,2,0,0,0,40.0,2,0,1,1,0,0,0,0,0,66.7,5,2,3,4,0,1,0,0,22,0,1,0,0,1,0,0,0,1,0,0,3,1,4,2,1,58.1,22.3,76.5,26.9
3440,1,0,3,2,0,0,63.3,1,0,0,0,0,1,1,0,1,100.0,2,1,1,4,0,0,1,0,34,0,1,0,0,0,42,0,1,0,0,46,5,3,2,4,3,47.0,36.4,40.6,55.0
3441,0,0,2,0,1,3,61.7,3,1,0,1,0,0,0,0,0,66.7,5,3,1,3,0,1,0,0,22,0,1,0,0,0,42,1,0,1,0,2,5,4,4,4,3,16.7,0.0,16.3,64.0
3442,0,3,0,1,0,2,70.0,2,0,0,0,0,1,1,0,1,100.0,5,3,1,4,1,1,0,0,52,0,1,1,0,0,70,1,0,0,1,2,5,3,5,4,3,16.8,9.0,16.9,75.7
3443,0,0,1,2,3,0,55.0,4,1,0,0,1,0,0,0,0,66.7,5,3,1,3,1,1,0,0,52,0,1,0,0,0,42,0,1,1,0,18,5,1,4,5,3,28.6,29.3,30.5,66.7
3444,2,3,0,1,0,0,60.0,3,0,0,0,0,0,1,0,0,33.3,2,2,3,4,1,1,0,0,52,0,0,0,1,1,0,1,0,0,0,30,5,4,2,2,1,77.9,37.6,80.2,13.3
3445,3,1,2,0,0,0,40.0,3,1,0,1,0,1,0,0,0,100.0,1,3,3,2,0,1,0,1,0,1,0,0,0,1,0,0,0,1,0,0,3,3,2,1,1,55.9,18.7,62.1,36.0
3446,0,0,2,3,1,0,55.0,3,0,1,0,0,0,0,0,0,33.3,4,3,1,3,0,1,0,0,22,1,1,0,0,0,14,0,1,1,0,18,5,2,1,4,2,43.0,19.1,50.2,40.4
3447,2,1,3,0,0,0,40.0,3,1,1,0,0,0,0,0,0,66.7,2,2,2,3,0,1,0,0,22,1,0,0,0,0,0,1,0,0,1,2,3,3,2,4,1,55.9,16.8,62.1,32.3
3448,3,0,2,0,1,0,55.0,3,0,0,1,0,1,1,0,0,100.0,1,3,1,1,0,0,0,1,0,0,1,0,0,0,42,0,0,0,1,0,2,2,1,1,1,47.0,13.8,40.7,50.8
3449,1,0,3,2,0,0,63.3,1,0,0,1,1,0,0,0,0,66.7,2,2,1,4,0,1,0,0,22,1,0,0,0,1,0,1,1,0,0,76,3,3,5,2,1,82.4,51.3,80.4,22.8
3450,0,3,2,0,0,1,65.0,1,0,0,0,0,0,1,0,0,33.3,2,4,2,1,0,1,0,0,22,1,0,0,0,0,0,0,1,0,1,18,1,4,2,5,2,48.0,16.9,47.4,44.2
3451,0,1,2,3,0,0,63.3,3,0,0,1,0,0,1,1,0,100.0,2,2,1,4,0,1,0,0,22,1,0,0,1,0,0,1,1,0,0,76,2,2,4,2,2,79.5,56.7,71.2,32.0
3452,1,0,0,3,2,0,63.3,3,1,0,0,1,0,1,0,0,100.0,4,3,2,4,0,1,1,0,56,0,0,1,0,0,28,0,1,1,0,18,3,3,2,4,4,27.9,18.5,33.5,71.4
3453,1,3,2,0,0,0,40.0,3,0,0,0,0,0,0,1,1,66.7,1,2,3,4,1,1,0,0,52,1,0,0,0,0,0,1,1,0,0,76,5,2,1,4,1,91.3,66.8,87.7,30.7
3454,2,0,0,0,3,1,71.7,3,0,0,0,0,1,0,0,1,66.7,4,4,2,3,1,1,0,0,52,1,0,0,0,0,0,1,1,0,0,76,2,4,5,5,1,72.6,54.2,66.7,45.6
3455,1,3,0,0,2,0,43.3,2,0,1,0,1,1,0,0,0,100.0,4,2,3,3,0,1,0,0,22,1,0,0,1,0,0,1,0,0,0,30,2,3,4,2,2,53.1,26.0,66.4,35.1
3456,0,2,0,3,0,1,70.0,3,1,0,0,0,0,0,0,0,33.3,1,2,2,3,1,1,0,0,52,1,0,0,0,0,0,1,1,0,0,76,3,2,5,1,2,94.4,66.7,90.3,12.9
3457,0,1,0,0,3,2,61.7,4,0,1,0,0,0,0,1,0,66.7,5,4,1,1,1,1,0,0,52,0,1,0,0,0,42,0,1,0,0,46,3,4,1,5,2,36.4,27.7,20.4,62.6
3458,3,1,2,0,0,0,40.0,2,0,0,0,0,0,1,0,0,33.3,5,3,3,4,0,1,0,0,22,0,0,1,0,0,28,1,1,0,0,76,3,3,4,5,1,58.1,40.4,65.7,37.7
3459,2,3,1,0,0,0,40.0,3,1,0,0,1,0,0,0,0,66.7,5,3,3,1,0,1,0,0,22,1,0,0,0,1,0,0,0,1,1,0,5,2,4,2,1,50.1,13.5,57.5,37.0
3460,2,3,0,0,0,1,63.3,5,0,0,0,0,1,1,0,0,66.7,5,4,1,4,1,0,0,0,30,1,0,1,0,0,0,1,0,0,1,2,2,2,1,4,2,39.6,16.0,49.6,48.9
3461,1,0,0,3,2,0,63.3,2,0,0,0,0,0,0,0,1,33.3,5,3,1,4,0,1,0,0,22,0,0,1,0,0,28,1,0,1,0,2,1,4,1,4,4,19.9,0.0,30.6,54.6
3462,2,0,0,0,3,1,71.7,3,1,0,0,0,0,1,0,0,66.7,4,2,4,4,1,0,1,0,64,1,0,0,0,0,0,1,0,0,0,30,5,1,4,2,1,80.0,44.4,92.9,30.4
3463,0,3,1,0,0,2,65.0,4,0,0,0,0,0,0,1,1,66.7,2,3,3,3,1,1,0,0,52,0,1,0,0,0,42,0,1,0,1,18,1,4,2,4,1,51.9,30.2,50.1,52.6
3464,0,1,2,3,0,0,63.3,3,0,0,0,0,1,0,0,0,33.3,2,4,2,3,0,1,0,0,22,1,0,0,0,0,0,1,0,0,1,2,2,2,2,1,1,67.3,28.6,72.7,29.4
3465,1,3,2,0,0,0,40.0,2,0,1,0,0,0,1,0,0,66.7,4,3,1,4,0,1,0,0,22,0,1,0,0,0,42,0,0,1,0,0,2,1,5,5,3,22.9,12.1,31.3,56.6
3466,2,3,0,0,0,1,63.3,5,1,0,0,0,0,0,0,0,33.3,4,2,3,4,1,0,0,0,30,0,0,0,1,0,20,1,0,0,0,30,3,3,1,1,1,63.3,32.8,70.4,22.3
3467,1,0,0,2,0,3,73.3,2,0,0,0,1,0,1,0,1,100.0,2,1,2,4,0,1,1,0,56,0,1,0,0,1,0,0,0,1,0,0,5,4,4,5,2,48.7,16.3,55.0,48.7
3468,0,1,3,0,2,0,48.3,1,0,0,0,0,0,0,0,1,33.3,5,4,2,4,0,1,0,0,22,0,1,0,0,1,0,0,1,1,0,18,3,3,4,5,2,39.5,11.1,49.6,48.7
3469,2,3,0,1,0,0,60.0,4,0,1,0,0,0,0,0,0,33.3,5,4,2,2,1,1,0,0,52,1,0,1,0,0,0,0,0,1,0,0,3,3,5,1,3,43.7,7.4,44.0,36.9
3470,2,3,0,0,0,1,63.3,2,0,1,0,0,0,0,0,0,33.3,4,1,1,4,1,1,0,0,52,0,1,0,0,0,42,1,0,0,0,30,3,4,4,1,4,44.7,22.3,46.3,28.4
3471,3,0,2,1,0,0,63.3,4,0,0,1,0,0,0,0,0,33.3,5,3,1,4,0,1,0,0,22,1,1,0,0,0,14,1,0,0,1,2,5,3,5,4,1,41.9,13.0,49.3,42.3
3472,2,1,3,0,0,0,40.0,3,1,1,1,0,0,0,0,0,100.0,2,4,4,4,0,1,1,0,56,0,0,1,0,0,28,1,1,0,0,76,3,3,4,1,3,76.0,55.4,66.3,48.7
3473,0,0,3,1,2,0,55.0,4,0,1,0,0,0,0,0,0,33.3,2,3,1,4,0,1,0,0,22,1,0,1,0,0,0,1,1,0,0,76,5,3,5,5,1,73.0,52.4,71.0,35.0
3474,3,1,0,0,0,2,63.3,1,1,0,0,1,0,1,0,0,100.0,1,3,2,4,0,1,1,0,56,1,0,0,0,1,0,0,1,0,0,46,2,3,4,2,4,70.1,38.6,62.5,45.6
3475,1,3,0,0,2,0,43.3,3,1,0,0,0,0,0,0,0,33.3,5,3,1,3,1,0,0,1,6,0,0,1,0,0,28,0,1,1,0,18,5,4,2,5,2,29.0,4.7,25.5,48.9
3476,2,0,3,1,0,0,63.3,1,0,0,0,0,1,0,0,0,33.3,2,3,1,3,1,1,0,0,52,0,0,0,1,0,20,1,0,0,0,30,5,2,1,1,2,64.2,38.5,57.4,34.9
3477,0,2,1,0,0,3,65.0,2,0,0,1,0,0,0,0,1,66.7,5,3,1,3,0,1,0,0,22,0,1,0,0,0,42,1,0,1,0,2,1,4,4,1,1,34.6,4.2,36.8,40.2
3478,3,2,0,0,1,0,43.3,3,0,0,0,0,1,0,1,0,66.7,1,4,1,3,0,0,0,1,0,1,1,0,0,0,14,1,0,0,1,2,1,2,5,4,1,46.1,16.0,53.2,49.0
3479,2,0,1,3,0,0,63.3,3,1,0,1,0,0,0,0,1,100.0,2,3,3,2,1,1,0,0,52,1,0,0,0,0,0,1,0,0,0,30,5,3,5,4,2,53.7,42.6,61.2,57.3
3480,0,2,1,0,3,0,48.3,4,0,0,0,1,0,0,0,0,33.3,5,2,4,4,1,1,0,0,52,0,0,0,0,1,0,1,0,0,0,30,3,2,5,2,1,71.5,37.7,88.9,15.1
3481,0,0,1,3,0,2,61.7,4,0,0,1,1,0,0,0,0,66.7,5,2,3,1,0,0,0,1,0,0,1,0,0,0,42,1,0,0,1,2,5,4,2,5,4,1.8,0.0,9.2,64.3
3482,3,1,2,0,0,0,40.0,3,0,1,0,0,0,0,0,1,66.7,5,2,2,4,0,1,0,0,22,0,0,1,1,0,48,1,1,0,0,76,3,3,5,4,2,50.5,43.2,49.8,42.8
3483,2,3,0,0,0,1,63.3,3,1,1,0,1,0,0,0,0,100.0,2,2,4,3,0,0,1,1,10,0,0,1,1,0,48,1,0,1,0,2,5,3,2,2,2,31.1,11.1,36.6,59.9
3484,3,0,1,2,0,0,63.3,3,0,0,1,0,1,0,0,0,66.7,5,4,3,2,0,1,0,0,22,0,1,0,0,0,42,1,0,0,1,2,5,3,5,4,3,18.1,2.4,22.6,69.4
3485,3,0,0,0,1,2,71.7,3,1,0,0,1,0,1,0,0,100.0,5,4,3,2,1,0,1,0,64,0,0,1,1,0,48,1,0,0,0,30,2,3,5,2,2,46.9,31.5,34.0,68.7
3486,2,3,1,0,0,0,40.0,5,1,0,0,0,0,0,0,0,33.3,5,2,3,3,0,0,0,1,0,1,0,0,0,0,0,0,0,0,1,0,3,1,2,4,2,37.1,11.3,58.6,31.3
3487,2,0,3,0,1,0,55.0,3,0,0,0,1,1,0,0,0,66.7,1,2,3,3,0,1,0,1,0,0,0,1,0,1,0,1,0,0,0,30,2,3,1,2,1,70.1,27.2,74.3,30.4
3488,2,0,3,0,1,0,55.0,3,0,0,1,0,1,0,0,1,100.0,2,3,4,3,1,1,0,0,52,0,0,1,0,1,0,1,1,0,0,76,5,4,5,4,1,80.1,59.3,77.8,49.0
3489,3,2,0,1,0,0,60.0,5,0,0,0,1,0,1,1,0,100.0,2,3,2,3,0,0,1,0,34,0,1,0,0,0,42,1,1,0,0,76,1,3,1,2,2,62.2,62.9,52.4,47.6
3490,1,0,2,3,0,0,63.3,3,1,1,0,0,0,0,0,1,100.0,5,3,4,2,0,0,0,1,0,0,1,0,0,0,42,0,0,1,0,0,5,4,1,4,2,10.3,0.0,24.4,65.9
3491,3,0,1,2,0,0,63.3,3,1,0,0,0,1,1,0,0,100.0,2,3,3,2,1,0,0,1,6,1,0,1,0,0,0,1,1,0,0,76,5,2,1,1,2,80.8,56.5,72.2,40.3
3492,2,3,0,0,1,0,43.3,4,0,0,1,1,0,0,1,0,100.0,2,1,4,3,0,1,0,1,0,1,0,1,0,0,0,1,0,1,0,2,2,3,5,2,1,59.2,16.4,70.5,25.4
3493,3,0,2,1,0,0,63.3,1,1,1,1,0,0,0,0,0,100.0,1,1,2,3,1,1,0,0,52,1,1,0,0,0,14,0,1,0,0,46,1,4,1,2,1,73.6,47.1,69.0,23.9
3494,0,3,1,2,0,0,63.3,5,0,1,0,0,1,0,1,0,100.0,5,4,2,3,0,0,0,1,0,0,1,0,0,0,42,0,0,1,0,0,1,2,2,4,4,3.9,0.0,12.7,78.7
3495,0,3,0,2,1,0,53.3,4,1,0,0,0,0,1,0,1,100.0,4,2,2,4,1,0,0,1,6,1,0,0,0,0,0,1,1,0,0,76,5,4,5,2,1,66.6,39.9,71.3,32.9
3496,0,3,0,0,2,1,61.7,3,0,0,0,1,0,0,0,0,33.3,2,3,3,4,0,1,0,0,22,1,0,0,0,0,0,1,0,0,0,30,2,2,2,2,1,69.7,35.0,80.6,28.3
3497,2,1,3,0,0,0,40.0,3,0,1,0,0,0,0,0,1,66.7,2,1,3,3,1,0,0,0,30,0,1,1,0,0,70,1,1,0,0,76,2,3,5,2,2,60.6,53.7,54.2,36.8
3498,2,3,0,0,0,1,63.3,3,0,0,1,0,0,0,0,0,33.3,5,4,2,2,0,1,0,1,0,1,0,0,0,0,0,1,1,0,0,76,3,3,2,1,1,73.7,45.7,68.2,25.4
3499,3,2,1,0,0,0,40.0,4,0,1,0,0,0,0,0,0,33.3,5,3,2,3,1,0,1,0,64,0,1,1,0,0,70,0,0,1,0,0,1,4,4,5,4,13.9,6.0,13.6,61.1
3500,0,3,1,0,2,0,48.3,1,0,0,0,0,0,0,0,1,33.3,1,1,3,3,1,0,0,1,6,1,0,0,0,0,0,1,0,0,0,30,5,2,5,1,3,70.2,25.3,78.1,17.3
3501,0,1,2,0,0,3,65.0,4,0,0,0,0,1,0,0,0,33.3,5,4,4,3,0,1,0,1,0,0,1,0,0,0,42,0,0,1,0,0,1,3,5,5,2,16.3,0.0,36.0,54.9
3502,0,1,0,0,2,3,61.7,5,0,1,0,0,0,0,0,0,33.3,5,4,1,4,0,1,0,1,0,0,1,1,0,0,70,0,0,1,1,0,2,2,5,4,2,9.7,7.4,17.1,66.5
3503,3,2,1,0,0,0,40.0,2,0,0,1,0,0,0,0,0,33.3,2,1,1,4,1,0,0,1,6,0,0,1,0,0,28,1,1,0,0,76,1,3,2,4,1,74.2,51.6,75.3,16.4
3504,0,3,0,1,0,2,70.0,4,1,0,0,0,0,1,0,0,66.7,5,4,3,3,0,0,0,1,0,0,1,0,0,0,42,0,0,1,0,0,5,3,5,5,4,1.1,0.0,15.6,74.2
3505,1,2,0,3,0,0,60.0,3,0,0,0,0,1,0,0,1,66.7,2,4,4,3,1,0,0,1,6,1,0,1,0,0,0,1,0,0,0,30,1,2,4,2,2,62.5,28.6,69.6,42.3
3506,2,1,3,0,0,0,40.0,3,0,0,0,0,1,1,0,1,100.0,2,2,3,3,1,0,1,0,64,0,1,0,0,1,0,0,0,1,0,0,2,3,4,4,4,42.8,19.0,47.4,54.0
3507,3,1,0,0,2,0,43.3,3,0,1,1,0,0,1,0,0,100.0,2,3,2,3,0,1,0,0,22,1,0,0,0,0,0,1,0,0,0,30,3,1,5,2,1,75.0,45.9,76.5,39.7
3508,3,2,1,0,0,0,40.0,3,0,1,0,0,0,0,0,0,33.3,1,2,3,4,0,1,0,0,22,1,0,0,0,0,0,1,0,1,0,2,3,2,5,1,2,65.3,20.0,76.3,18.5
3509,0,0,3,0,2,1,61.7,3,1,0,0,0,1,1,0,0,100.0,2,2,2,1,0,1,0,0,22,1,0,0,0,0,0,1,0,0,0,30,2,4,4,4,1,54.8,24.1,50.5,43.8
3510,0,1,0,0,3,2,61.7,4,0,1,0,0,0,0,0,1,66.7,4,4,1,4,0,1,0,0,22,1,1,0,0,0,14,0,1,0,0,46,3,3,2,1,1,60.9,33.0,57.0,38.9
3511,0,0,0,2,3,1,55.0,5,0,1,0,1,1,0,0,0,100.0,4,2,3,4,0,1,0,0,22,0,1,0,0,0,42,0,0,1,0,0,1,4,2,1,2,29.4,6.4,45.6,44.6
3512,0,2,1,3,0,0,63.3,3,1,0,1,0,1,0,0,0,100.0,4,4,3,4,0,1,1,0,56,0,0,0,0,1,0,1,1,0,0,76,3,4,5,4,4,56.9,45.1,60.1,59.4
3513,0,3,2,1,0,0,63.3,1,0,1,0,0,0,1,0,1,100.0,2,4,4,3,1,1,0,0,52,1,0,0,0,0,0,1,0,0,0,30,3,3,4,2,1,64.5,38.2,72.9,51.0
3514,2,1,0,0,0,3,63.3,3,0,1,0,0,0,0,0,0,33.3,5,2,3,4,0,1,0,0,22,0,0,1,1,0,48,1,1,0,0,76,3,3,5,2,4,45.1,41.9,49.5,39.4
3515,3,0,2,0,1,0,55.0,1,0,0,0,0,0,1,0,0,33.3,2,2,2,1,1,1,0,0,52,0,1,1,0,0,70,1,0,0,1,2,2,2,2,1,2,48.8,25.6,42.2,31.8
3516,3,2,0,0,0,1,63.3,3,0,0,1,0,0,0,1,1,100.0,4,2,2,3,0,1,1,0,56,0,0,1,0,0,28,0,1,0,0,46,1,4,5,2,3,54.9,31.1,45.5,44.8
3517,0,2,0,0,3,1,61.7,3,1,1,0,0,0,0,0,1,100.0,2,3,1,2,1,0,0,0,30,0,1,0,1,0,62,0,1,1,0,18,5,4,4,2,2,35.3,18.5,21.7,70.3
3518,3,1,0,0,0,2,63.3,3,1,0,0,0,1,0,1,0,100.0,5,3,1,3,0,1,0,1,0,0,1,0,0,0,42,0,0,1,1,0,5,2,2,5,4,2.9,0.0,8.2,77.4
3519,3,0,1,2,0,0,63.3,2,0,0,0,1,0,0,0,0,33.3,4,3,2,3,1,1,0,0,52,1,0,1,0,0,0,1,0,1,0,2,3,3,5,5,3,40.6,12.8,47.8,48.0
3520,2,3,0,1,0,0,60.0,2,0,0,0,1,0,1,0,1,100.0,2,1,4,3,0,1,0,1,0,0,0,1,0,1,0,1,0,0,0,30,1,1,5,2,2,65.0,31.1,79.1,23.3
3521,2,3,1,0,0,0,40.0,1,0,0,0,0,0,1,0,0,33.3,5,1,3,3,0,1,0,0,22,1,0,0,0,0,0,0,0,0,1,0,2,2,4,4,3,34.0,5.9,57.5,24.5
3522,0,2,1,0,0,3,65.0,1,0,0,0,0,0,1,1,1,100.0,4,4,1,2,1,1,0,0,52,0,1,1,0,0,70,0,0,1,1,0,5,4,4,4,1,20.9,15.3,9.4,83.3
3523,2,1,0,3,0,0,60.0,3,1,0,0,0,0,0,0,0,33.3,4,3,1,4,1,0,1,0,64,1,0,0,1,0,0,1,1,0,0,76,3,4,5,2,2,78.9,54.4,71.0,24.9
3524,0,0,1,2,0,3,61.7,5,1,0,0,1,0,0,0,0,66.7,2,4,1,3,0,1,1,0,56,0,1,0,0,0,42,0,0,1,0,0,5,3,2,5,3,21.4,20.1,20.1,75.9
3525,2,3,0,0,0,1,63.3,3,0,0,1,0,0,0,0,0,33.3,2,2,2,3,0,0,0,1,0,1,0,0,0,0,0,0,1,0,0,46,2,3,2,4,2,58.0,29.1,59.6,30.3
3526,2,0,0,1,3,0,63.3,3,0,1,0,1,0,0,0,0,66.7,1,2,2,2,0,1,0,1,0,0,0,1,0,1,0,1,0,0,0,30,3,2,4,4,1,63.6,33.7,64.5,34.9
3527,2,0,0,3,1,0,63.3,4,0,0,0,1,0,1,0,0,66.7,5,3,1,4,0,1,0,0,22,0,1,1,0,0,70,0,0,1,1,0,1,4,5,4,2,7.3,4.0,13.6,62.1
3528,2,3,0,0,0,1,63.3,3,0,0,0,1,0,0,0,0,33.3,5,3,3,1,1,0,0,0,30,0,1,0,0,0,42,0,0,1,0,0,5,3,4,1,4,23.6,0.0,25.9,48.6
3529,0,2,0,1,3,0,53.3,2,1,0,0,0,0,1,0,0,66.7,5,3,3,4,1,0,1,0,64,0,0,1,0,1,0,1,0,1,0,2,3,4,4,2,3,43.7,9.0,59.4,41.5
3530,3,1,2,0,0,0,40.0,3,1,0,0,1,1,0,0,0,100.0,4,4,4,3,1,1,0,0,52,0,1,1,0,0,70,1,1,0,0,76,1,4,5,2,1,59.9,54.6,52.1,55.7
3531,0,1,2,0,0,3,65.0,3,1,0,0,1,0,0,0,0,66.7,5,1,2,1,0,0,0,1,0,1,1,0,0,0,14,1,0,1,0,2,5,4,5,5,2,24.3,0.0,29.8,42.9
3532,0,0,2,3,1,0,55.0,4,0,0,0,0,0,1,0,0,33.3,2,3,2,1,0,1,0,1,0,0,1,0,0,0,42,1,0,1,0,2,2,1,4,5,1,35.0,27.2,41.7,48.2
3533,2,1,3,0,0,0,40.0,4,0,0,0,0,0,0,0,1,33.3,5,4,1,4,0,1,0,0,22,1,1,0,0,0,14,1,0,1,0,2,5,3,4,5,2,26.3,6.9,36.6,54.8
3534,1,3,2,0,0,0,40.0,1,0,0,0,0,0,0,1,0,33.3,1,4,3,4,1,1,0,0,52,1,0,0,0,0,0,0,1,1,0,18,3,4,5,2,1,72.7,26.6,72.6,35.0
3535,0,1,2,3,0,0,63.3,2,1,0,0,0,1,0,0,1,100.0,5,3,1,2,1,0,0,0,30,1,1,0,0,0,14,0,0,1,0,0,1,3,5,2,2,38.9,9.8,39.0,48.3
3536,1,3,0,2,0,0,60.0,3,0,0,0,0,0,1,0,1,66.7,2,3,3,3,1,0,1,0,64,1,0,1,0,0,0,1,0,1,0,2,3,4,4,1,4,51.5,15.4,49.8,40.4
3537,0,2,0,3,0,1,70.0,2,0,0,0,0,0,1,0,0,33.3,5,3,1,1,0,1,0,1,0,1,0,0,0,0,0,1,0,1,0,2,5,2,4,5,4,19.8,0.0,26.5,54.7
3538,0,0,3,0,2,1,61.7,4,0,0,0,0,0,1,1,0,66.7,5,4,3,3,0,0,1,0,34,1,1,0,0,0,14,1,0,0,1,2,5,4,2,1,2,38.7,3.9,47.6,53.6
3539,2,0,1,0,3,0,55.0,5,0,0,0,0,1,0,1,1,100.0,4,4,1,3,0,0,1,0,34,0,0,1,0,0,28,0,1,1,0,18,5,3,4,5,2,27.5,21.5,30.9,72.9
3540,0,3,0,1,0,2,70.0,4,1,0,1,0,0,0,0,0,66.7,5,3,3,2,0,1,0,0,22,0,0,0,1,0,20,0,0,1,1,0,1,4,5,5,3,18.5,0.0,29.3,56.6
3541,2,1,3,0,0,0,40.0,3,0,0,1,1,1,0,0,0,100.0,4,1,4,2,0,1,0,0,22,0,1,0,0,1,0,0,1,0,0,46,3,2,4,5,3,53.4,33.4,63.0,39.8
3542,2,1,3,0,0,0,40.0,5,0,0,0,0,0,0,0,1,33.3,5,3,1,3,0,1,0,0,22,0,1,0,0,0,42,0,0,1,0,0,3,3,5,1,4,21.3,0.0,28.1,40.4
3543,3,1,0,2,0,0,60.0,3,0,0,0,1,0,1,0,0,66.7,2,3,3,3,1,1,0,0,52,1,0,1,0,0,0,1,1,0,0,76,3,3,1,1,1,92.9,66.3,88.1,25.8
3544,2,3,1,0,0,0,40.0,3,0,0,1,1,0,1,0,0,100.0,1,4,2,3,0,0,0,1,0,1,0,0,0,0,0,1,0,0,0,30,3,1,2,2,1,73.3,43.6,76.0,45.2
3545,3,0,1,2,0,0,63.3,4,1,0,1,0,0,0,0,1,100.0,4,1,2,4,0,1,0,1,0,0,1,0,0,0,42,1,1,0,0,76,5,3,4,4,1,54.8,43.7,61.3,46.3
3546,1,3,0,2,0,0,60.0,3,0,1,0,1,0,0,0,1,100.0,4,3,2,4,0,0,1,0,34,0,1,0,0,0,42,1,1,0,0,76,3,2,5,1,1,71.1,56.2,65.7,43.8
3547,0,2,3,0,0,1,65.0,3,0,1,0,0,0,1,1,0,100.0,2,2,3,4,0,1,0,0,22,1,0,0,1,0,0,1,1,0,0,76,3,2,4,4,2,73.0,58.5,72.5,44.4
3548,3,2,0,0,1,0,43.3,3,0,1,0,0,1,0,0,1,100.0,4,3,3,4,0,1,0,1,0,0,1,1,0,0,70,1,0,0,1,2,3,4,5,1,4,6.5,0.0,13.2,72.0
3549,2,3,0,1,0,0,60.0,4,0,0,1,1,0,0,0,0,66.7,1,2,3,1,1,1,0,0,52,0,0,1,0,1,0,1,1,0,0,76,3,4,5,5,1,86.1,67.0,74.4,32.7
3550,2,1,0,3,0,0,60.0,3,1,0,0,0,0,0,0,0,33.3,4,2,2,1,0,1,0,0,22,1,0,0,0,0,0,1,0,1,0,2,5,1,5,4,2,44.2,16.3,51.7,38.1
3551,0,3,2,1,0,0,63.3,2,0,0,0,0,0,1,0,0,33.3,2,2,2,3,1,0,1,0,64,0,1,1,0,0,70,0,1,0,1,18,5,4,5,4,4,22.8,22.4,21.9,59.7
3552,0,2,0,1,0,3,70.0,1,0,0,0,1,0,1,0,0,66.7,2,2,3,2,0,1,0,1,0,1,0,0,0,0,0,1,0,0,1,2,5,3,1,2,3,41.8,0.0,48.8,43.3
3553,1,2,0,3,0,0,60.0,2,0,0,0,1,0,1,1,0,100.0,1,2,3,2,0,1,0,0,22,1,0,0,0,1,0,0,1,0,1,18,5,1,2,4,2,62.6,35.1,67.9,47.8
3554,0,1,2,3,0,0,63.3,5,0,1,0,0,0,0,0,0,33.3,4,3,3,3,1,0,0,0,30,0,1,0,0,0,42,0,0,1,1,0,5,2,1,1,2,38.1,21.3,52.5,44.2
3555,2,3,0,1,0,0,60.0,1,0,0,1,1,0,1,0,0,100.0,4,2,4,2,1,0,0,1,6,1,1,0,0,0,14,1,0,0,0,30,2,3,5,1,3,43.4,12.4,51.4,41.8
3556,2,0,1,0,3,0,55.0,3,0,0,0,1,1,0,0,0,66.7,5,3,3,1,0,1,1,0,56,1,0,0,0,0,0,1,0,0,0,30,3,2,4,1,2,63.5,34.0,63.2,35.1
3557,0,3,2,0,0,1,65.0,1,0,1,1,0,0,0,1,0,100.0,2,1,3,4,1,0,0,1,6,1,0,0,1,0,0,0,1,1,0,18,1,2,2,1,1,67.5,19.0,84.8,19.5
3558,3,2,1,0,0,0,40.0,3,0,0,0,0,0,1,0,0,33.3,2,2,3,3,0,1,0,0,22,1,0,0,0,0,0,1,1,0,0,76,3,1,5,4,1,90.7,65.8,92.2,16.9
3559,2,0,1,0,3,0,55.0,2,0,1,0,1,0,0,0,1,100.0,2,2,4,3,0,1,0,0,22,1,0,0,0,0,0,1,0,0,0,30,3,1,1,2,1,72.2,46.5,86.1,31.6
3560,1,3,0,0,0,2,63.3,3,1,0,0,0,0,0,0,0,33.3,2,3,3,3,1,1,0,0,52,0,0,1,0,0,28,1,1,0,0,76,2,3,2,4,2,71.4,54.2,67.8,40.2
3561,0,0,3,2,0,1,61.7,1,0,0,0,0,0,0,1,0,33.3,5,4,1,4,0,1,0,0,22,0,1,0,0,0,42,0,1,1,0,18,1,2,4,2,3,33.2,11.2,38.9,49.5
3562,0,2,3,1,0,0,63.3,3,0,1,0,0,0,1,1,0,100.0,2,4,2,2,0,1,0,0,22,1,0,0,0,0,0,1,1,0,0,76,1,3,5,2,1,81.5,55.0,71.0,44.2
3563,3,0,0,2,1,0,63.3,4,0,1,0,0,0,0,0,0,33.3,5,4,3,4,0,1,1,0,56,0,0,1,0,0,28,1,0,1,0,2,5,3,4,5,2,30.2,12.3,47.6,58.2
3564,0,2,3,0,0,1,65.0,4,0,0,1,0,0,0,0,0,33.3,5,3,3,4,0,0,0,1,0,1,0,0,0,0,0,0,1,0,0,46,3,2,2,5,3,45.2,24.2,62.5,38.7
3565,1,2,0,0,0,3,63.3,3,0,0,1,1,1,0,0,0,100.0,2,1,3,3,1,0,1,0,64,0,0,1,0,0,28,0,1,1,0,18,1,3,5,4,1,61.3,41.3,60.7,42.9
3566,0,2,0,3,1,0,53.3,2,0,0,0,0,0,1,0,0,33.3,5,4,3,4,1,1,0,0,52,1,0,1,0,0,0,1,1,0,0,76,3,2,5,2,4,68.0,47.4,78.6,38.9
3567,1,3,0,0,2,0,43.3,1,0,0,1,1,0,1,0,0,100.0,2,2,1,4,0,1,0,0,22,1,0,0,0,0,0,1,1,0,0,76,2,2,4,4,1,82.5,56.8,79.1,35.2
3568,3,1,2,0,0,0,40.0,3,1,0,0,0,1,0,1,0,100.0,2,3,3,3,0,0,0,1,0,1,0,0,0,0,0,1,0,0,0,30,5,2,5,1,3,52.4,29.3,61.9,46.3
3569,0,1,2,0,3,0,48.3,2,0,0,0,1,1,0,1,0,100.0,5,4,3,3,0,0,0,1,0,0,1,0,0,0,42,1,0,1,0,2,2,4,4,4,3,13.8,0.0,22.9,67.1
3570,0,3,2,1,0,0,63.3,2,0,0,1,0,0,0,0,0,33.3,4,3,1,2,0,1,1,0,56,1,0,1,0,0,0,1,1,0,0,76,5,3,5,5,1,75.3,57.2,66.6,35.0
3571,0,2,1,3,0,0,63.3,3,0,0,1,0,0,0,0,0,33.3,1,3,1,4,1,0,0,1,6,0,1,0,0,1,0,0,0,1,0,0,5,2,5,4,4,37.7,10.2,50.5,51.0
3572,2,1,3,0,0,0,40.0,3,1,0,0,0,0,0,0,0,33.3,1,3,4,3,1,0,1,0,64,1,0,0,1,0,0,0,1,0,0,46,3,2,5,2,2,88.8,51.9,90.3,24.9
3573,3,1,0,0,0,2,63.3,3,1,0,0,0,0,0,0,0,33.3,4,3,2,3,1,0,0,1,6,1,1,0,0,0,14,1,1,0,0,76,2,2,4,1,2,72.5,46.9,72.2,24.8
3574,0,2,1,0,0,3,65.0,4,0,0,1,0,0,1,0,0,66.7,4,2,2,1,0,1,0,1,0,0,1,1,0,0,70,0,0,1,0,0,2,3,2,5,3,4.4,0.0,10.8,63.1
3575,3,0,1,2,0,0,63.3,3,0,0,0,1,1,0,0,0,66.7,1,3,1,1,0,1,1,0,56,1,0,0,0,0,0,1,1,0,0,76,2,3,2,5,1,84.9,68.3,68.4,44.4
3576,1,2,3,0,0,0,40.0,3,0,0,1,0,0,0,0,0,33.3,4,2,2,4,1,1,0,0,52,0,0,1,0,1,0,1,0,0,1,2,2,4,5,2,4,47.8,9.5,55.8,24.0
3577,3,1,2,0,0,0,40.0,3,0,0,0,1,0,0,0,0,33.3,4,2,4,3,0,1,0,0,22,1,0,0,0,0,0,0,0,0,1,0,5,3,1,5,2,36.0,6.8,55.9,33.0
3578,0,0,3,0,2,1,61.7,1,0,1,0,0,1,0,0,0,66.7,5,4,4,4,0,1,0,0,22,0,0,0,0,1,0,0,0,1,0,0,1,2,4,4,2,36.5,6.9,58.6,48.3
3579,0,1,2,0,0,3,65.0,1,0,1,1,0,0,0,0,0,66.7,2,2,3,4,0,0,0,1,0,1,1,0,0,0,14,1,0,0,1,2,3,3,5,5,1,36.5,12.1,55.0,46.5
3580,1,0,0,2,3,0,63.3,3,1,0,0,0,0,0,0,0,33.3,2,1,4,2,0,1,1,0,56,1,0,0,0,0,0,0,0,1,0,0,3,2,5,2,1,72.2,33.0,84.2,10.2
3581,0,2,0,0,1,3,61.7,4,0,0,0,0,0,1,0,0,33.3,2,4,3,3,0,1,0,1,0,1,1,0,0,0,14,0,0,1,0,0,2,3,4,5,2,35.0,7.9,47.5,53.0
3582,0,2,3,1,0,0,63.3,2,0,0,0,0,1,0,0,0,33.3,5,2,1,4,0,1,0,0,22,1,0,1,0,0,0,1,1,0,0,76,2,2,2,4,3,62.2,43.9,69.8,27.3
3583,3,0,0,2,0,1,73.3,1,0,0,0,0,0,1,0,0,33.3,5,1,1,1,0,1,1,0,56,1,0,0,0,1,0,0,1,0,0,46,1,1,5,5,2,67.0,41.6,65.6,21.7
3584,0,2,0,1,0,3,70.0,5,1,0,0,0,0,0,0,0,33.3,5,3,4,1,0,1,0,0,22,1,0,0,0,0,0,0,0,0,1,0,1,1,2,1,1,59.2,17.1,73.5,19.9
3585,2,3,1,0,0,0,40.0,3,0,0,0,0,0,1,0,0,33.3,2,2,3,3,1,0,0,0,30,1,1,0,0,0,14,0,0,1,0,0,1,4,4,2,3,43.5,7.5,57.6,26.9
3586,2,0,0,3,0,1,73.3,2,1,0,0,1,0,0,0,0,66.7,4,1,4,3,0,1,0,0,22,0,0,1,1,0,48,1,1,0,0,76,1,3,4,4,2,57.7,46.7,54.5,38.7
3587,3,0,2,0,0,1,65.0,4,0,0,1,0,0,1,0,0,66.7,2,3,3,3,0,1,0,0,22,1,0,0,0,0,0,1,0,0,0,30,3,1,1,5,2,53.9,42.5,63.0,52.0
3588,2,3,0,0,1,0,43.3,2,1,0,0,1,0,1,0,0,100.0,1,1,3,2,1,1,0,0,52,0,0,0,0,1,0,1,0,0,0,30,2,1,2,2,1,85.7,56.5,88.0,23.2
3589,1,0,3,0,2,0,55.0,2,1,0,0,0,1,0,0,0,66.7,2,2,3,1,1,0,1,0,64,1,0,0,0,0,0,1,0,0,0,30,3,4,4,2,2,71.4,36.2,60.6,28.9
3590,2,0,3,0,1,0,55.0,2,0,1,0,1,0,0,1,0,100.0,1,3,3,3,0,1,1,0,56,1,0,0,0,0,0,1,0,0,0,30,3,1,1,4,4,56.4,42.8,61.1,54.7
3591,0,0,2,3,0,1,61.7,4,0,1,0,0,0,1,0,1,100.0,4,3,4,4,0,1,1,0,56,0,0,1,0,1,0,0,0,1,0,0,5,3,2,5,3,37.6,13.1,57.3,64.0
3592,3,2,1,0,0,0,40.0,1,0,1,1,0,0,0,1,0,100.0,2,2,3,4,1,0,0,1,6,1,0,0,1,0,0,1,1,0,0,76,1,2,1,5,1,78.5,50.9,80.5,37.3
3593,1,0,0,2,3,0,63.3,3,0,0,0,1,0,0,1,0,66.7,4,4,3,4,0,1,1,0,56,1,1,0,0,0,14,1,0,0,0,30,3,3,4,2,1,59.2,33.5,67.2,48.0
3594,1,3,0,0,2,0,43.3,3,0,0,0,1,0,1,0,0,66.7,1,2,4,3,0,1,0,0,22,1,1,0,0,0,14,1,0,0,0,30,3,3,4,2,1,71.7,36.0,78.3,25.0
3595,1,0,3,2,0,0,63.3,3,0,1,0,1,1,0,0,0,100.0,1,1,2,4,0,0,1,1,10,1,0,1,0,0,0,0,0,1,0,0,3,2,5,2,1,59.2,20.5,67.8,32.2
3596,3,2,0,0,1,0,43.3,3,1,1,0,0,0,0,0,0,66.7,1,4,3,3,0,1,0,0,22,1,0,0,1,0,0,1,0,0,0,30,1,2,4,5,2,55.3,40.6,65.9,49.5
3597,1,2,0,3,0,0,60.0,4,0,1,0,0,0,0,0,0,33.3,2,1,3,4,1,0,1,0,64,1,0,1,0,0,0,0,0,1,1,0,1,3,4,4,2,61.6,28.9,73.7,19.3
3598,1,3,2,0,0,0,40.0,3,0,0,0,1,0,0,0,0,33.3,2,2,3,2,0,1,0,1,0,1,0,0,0,1,0,1,0,0,0,30,3,1,5,2,2,63.1,34.1,76.5,19.1
3599,2,1,0,0,3,0,43.3,2,0,0,1,1,0,0,0,0,66.7,2,2,2,4,1,1,0,0,52,1,0,0,0,0,0,1,0,0,0,30,3,3,2,1,2,72.7,33.9,73.6,27.3
3600,1,2,0,0,0,3,63.3,3,0,0,0,1,0,0,0,1,66.7,5,4,1,2,1,0,0,1,6,0,1,0,1,0,62,0,0,1,0,0,3,4,5,1,2,21.7,0.0,15.4,56.9
3601,3,1,2,0,0,0,40.0,1,0,0,0,1,0,0,0,1,66.7,1,3,2,3,1,0,0,1,6,1,1,0,0,0,14,1,1,0,0,76,1,2,4,2,2,74.2,53.8,68.7,34.3
3602,1,0,2,0,0,3,65.0,3,0,0,0,0,0,0,1,0,33.3,5,4,1,4,0,1,0,0,22,0,1,0,0,0,42,0,0,1,0,0,5,3,1,2,4,19.4,0.0,22.4,57.6
3603,1,3,2,0,0,0,40.0,1,0,0,1,0,0,0,0,0,33.3,2,3,4,4,0,0,1,1,10,1,0,1,0,0,0,0,0,1,1,0,1,3,4,1,1,55.1,8.2,75.0,17.0
3604,3,2,0,0,1,0,43.3,3,0,0,1,0,1,1,0,0,100.0,4,3,2,3,0,1,0,0,22,1,0,1,0,0,0,1,1,0,0,76,5,4,5,2,2,70.0,38.7,63.2,39.6
3605,3,2,1,0,0,0,40.0,3,0,1,0,1,1,0,0,0,100.0,4,2,2,3,0,1,0,0,22,1,0,0,0,0,0,1,0,0,0,30,3,2,2,2,1,63.9,33.4,69.8,29.2
3606,1,3,2,0,0,0,40.0,3,0,0,0,0,1,1,0,0,66.7,4,3,3,1,0,1,0,0,22,1,0,0,0,0,0,1,0,0,0,30,3,3,2,2,1,65.0,25.3,71.2,26.7
3607,3,1,2,0,0,0,40.0,5,0,1,0,0,0,1,0,0,66.7,4,2,3,4,1,0,1,0,64,0,1,0,1,0,62,1,0,0,0,30,5,2,5,4,1,41.8,41.5,48.4,53.4
3608,0,1,0,2,3,0,53.3,5,0,0,0,0,0,1,0,0,33.3,4,3,1,4,1,0,0,0,30,0,1,1,0,0,70,0,1,1,0,18,5,2,5,4,1,29.3,30.1,31.9,55.3
3609,0,0,0,1,2,3,55.0,2,0,1,0,1,0,1,0,0,100.0,2,2,2,1,1,0,1,0,64,1,0,0,0,0,0,1,1,0,0,76,1,3,5,2,1,93.6,69.3,80.9,21.0
3610,1,0,3,0,2,0,55.0,4,0,0,0,1,0,1,0,0,66.7,4,1,1,1,0,1,1,0,56,0,1,0,1,0,62,1,1,0,0,76,3,3,1,1,4,55.5,48.1,35.7,40.6
3611,3,0,2,0,0,1,65.0,1,0,0,1,1,0,1,0,0,100.0,1,1,2,1,1,0,0,0,30,1,0,1,0,0,0,0,0,1,1,0,2,3,5,2,4,47.4,11.6,44.7,35.8
3612,0,1,3,0,0,2,65.0,2,0,0,1,1,0,1,0,0,100.0,4,3,1,4,0,0,1,1,10,0,1,1,0,0,70,1,0,0,1,2,3,3,5,2,3,9.0,0.6,12.4,73.3
3613,3,1,2,0,0,0,40.0,5,0,0,0,1,0,0,0,0,33.3,2,2,3,1,0,1,0,1,0,0,1,0,1,0,62,0,0,1,0,0,3,4,2,2,4,17.7,0.0,18.0,47.1
3614,0,3,2,0,1,0,48.3,4,0,0,0,0,1,0,1,0,66.7,4,3,2,4,0,1,0,0,22,0,1,0,1,0,62,0,0,1,0,0,5,4,5,5,1,18.1,9.8,25.2,67.3
3615,0,0,2,3,1,0,55.0,2,0,0,0,0,0,0,1,0,33.3,5,4,1,3,0,1,0,1,0,1,0,0,0,0,0,1,0,0,1,2,1,4,4,2,4,24.0,0.0,31.1,42.5
3616,2,0,0,1,3,0,63.3,5,0,0,0,0,0,1,0,0,33.3,5,1,2,4,0,1,0,0,22,0,1,0,0,0,42,1,0,0,1,2,1,2,4,1,1,46.3,16.5,60.5,18.6
3617,0,0,3,0,2,1,61.7,2,0,0,0,1,0,1,1,0,100.0,2,4,1,1,0,1,0,0,22,0,1,0,0,0,42,1,0,1,0,2,3,2,1,5,3,15.7,18.7,7.5,84.7
3618,1,3,0,0,0,2,63.3,3,0,1,1,0,0,0,0,0,66.7,1,2,2,3,1,1,0,0,52,1,0,1,0,0,0,1,0,0,0,30,3,1,2,5,1,75.2,54.1,77.3,39.7
3619,0,2,1,0,0,3,65.0,4,0,0,1,0,0,1,0,0,66.7,5,4,3,4,0,1,0,1,0,0,1,0,0,0,42,0,0,1,0,0,2,4,5,5,1,10.0,0.0,25.9,68.7
3620,0,3,1,2,0,0,63.3,3,0,0,0,0,0,1,0,1,66.7,4,2,3,3,1,0,1,0,64,0,0,1,1,0,48,1,0,0,1,2,3,1,5,2,2,50.3,30.1,57.3,42.4
3621,1,2,3,0,0,0,40.0,5,0,0,0,0,1,0,0,1,66.7,4,3,3,3,0,1,0,0,22,0,0,1,0,1,0,0,1,1,0,18,1,1,4,2,3,55.3,23.0,70.5,31.6
3622,0,2,0,3,0,1,70.0,3,1,0,1,1,0,0,0,0,100.0,4,3,3,4,0,1,0,1,0,0,1,1,0,0,70,1,0,1,0,2,2,3,5,5,3,0.6,0.0,13.5,79.7
3623,1,0,2,0,3,0,55.0,4,0,1,1,1,0,0,0,0,100.0,2,2,1,2,1,0,0,0,30,1,1,0,0,0,14,1,0,0,1,2,3,1,1,1,2,58.1,27.0,50.8,37.5
3624,2,3,0,0,1,0,43.3,4,1,0,0,0,1,0,0,0,66.7,4,4,1,3,0,0,0,1,0,0,1,0,0,0,42,0,0,1,0,0,3,4,4,5,1,16.0,1.5,18.6,62.9
3625,3,1,0,0,0,2,63.3,2,0,0,0,0,1,0,0,0,33.3,2,2,1,2,1,0,1,0,64,0,0,1,0,0,28,1,1,0,0,76,5,3,5,2,1,90.5,67.8,71.2,29.9
3626,0,3,0,2,1,0,53.3,2,0,1,0,1,0,0,0,0,66.7,1,3,1,4,1,1,0,0,52,1,0,0,0,1,0,1,0,0,0,30,1,3,5,2,2,73.5,39.7,72.4,30.4
3627,2,1,3,0,0,0,40.0,3,0,0,1,1,0,1,0,0,100.0,4,4,4,4,1,0,1,0,64,0,1,0,0,1,0,1,1,0,0,76,2,2,5,1,1,91.7,66.8,94.4,31.6
3628,0,3,1,0,0,2,65.0,4,0,0,0,0,0,1,0,0,33.3,4,2,3,4,1,1,0,0,52,0,0,1,1,0,48,0,1,0,0,46,3,1,2,4,1,65.5,50.5,64.7,40.2
3629,3,1,2,0,0,0,40.0,4,0,0,0,0,1,0,0,0,33.3,5,4,1,3,1,1,0,0,52,0,0,1,0,0,28,0,0,1,1,0,1,3,5,5,4,20.4,6.8,26.3,54.7
3630,0,0,2,3,0,1,61.7,2,0,1,0,1,0,1,0,0,100.0,2,2,2,4,0,1,0,0,22,1,0,0,0,0,0,1,0,1,0,2,1,1,2,2,1,65.7,28.0,74.3,29.3
3631,3,0,1,0,2,0,55.0,3,0,0,0,0,1,0,0,0,33.3,1,3,4,1,1,0,0,1,6,1,0,0,0,0,0,1,0,0,1,2,3,4,4,4,1,52.7,19.2,64.4,31.8
3632,1,2,0,0,0,3,63.3,4,1,1,0,0,0,1,0,0,100.0,5,4,1,1,0,0,1,1,10,0,0,1,0,0,28,0,0,1,0,0,1,3,5,4,1,23.5,6.7,19.6,66.8
3633,0,0,1,2,3,0,55.0,2,0,0,0,0,1,0,1,1,100.0,2,3,2,3,0,0,1,0,34,0,0,1,0,0,28,1,0,0,0,30,3,2,5,2,1,63.9,40.1,59.5,46.1
3634,1,3,0,0,0,2,63.3,1,0,0,0,1,0,0,0,0,33.3,2,3,4,3,0,0,1,1,10,1,0,0,0,0,0,0,0,0,1,0,2,3,1,4,1,52.5,6.7,71.4,34.1
3635,3,1,0,0,2,0,43.3,3,1,0,0,1,0,0,1,0,100.0,4,4,3,1,0,1,0,1,0,1,1,0,0,0,14,1,0,0,1,2,3,1,4,1,2,40.9,10.4,48.0,52.4
3636,3,2,0,0,0,1,63.3,3,0,0,1,1,0,0,0,0,66.7,1,2,4,1,1,1,0,0,52,1,0,0,1,0,0,0,1,0,1,18,3,3,5,2,1,77.0,38.0,79.3,29.0
3637,0,3,1,2,0,0,63.3,4,0,1,0,0,0,0,0,1,66.7,4,3,2,2,0,1,0,0,22,0,1,1,0,0,70,0,0,1,0,0,5,1,5,5,1,25.3,20.5,29.9,67.1
3638,0,1,0,0,2,3,61.7,5,1,0,0,1,0,0,0,1,100.0,2,4,3,3,0,0,0,1,0,0,1,1,0,0,70,0,0,1,0,0,5,3,4,4,3,6.8,8.2,9.6,86.3
3639,3,0,0,0,1,2,71.7,1,0,0,0,1,0,0,0,0,33.3,4,4,3,3,0,1,0,0,22,1,0,0,1,0,0,1,0,0,0,30,3,2,4,2,1,64.3,33.7,74.4,34.9
3640,0,3,2,1,0,0,63.3,3,0,0,0,0,0,0,0,1,33.3,4,4,2,4,0,1,0,0,22,0,1,1,0,0,70,0,1,0,1,18,1,3,1,4,3,18.4,13.8,25.0,65.7
3641,0,2,1,0,3,0,48.3,4,0,1,1,0,0,0,0,0,66.7,4,4,2,2,0,1,0,0,22,0,0,1,1,0,48,1,1,0,0,76,1,2,4,2,2,69.0,56.4,55.7,44.7
3642,0,1,2,0,3,0,48.3,1,0,0,0,0,0,1,0,0,33.3,2,4,1,2,0,0,0,1,0,0,1,0,0,1,0,1,0,1,0,2,3,3,4,5,4,28.1,0.6,35.0,50.5
3643,3,1,2,0,0,0,40.0,2,0,1,0,0,0,0,1,1,100.0,2,4,2,2,0,1,0,1,0,0,0,1,0,0,28,0,1,0,1,18,2,3,2,4,1,40.1,15.8,40.1,57.9
3644,0,1,3,0,2,0,48.3,3,0,1,0,1,0,1,0,0,100.0,2,3,2,2,1,0,1,0,64,0,1,0,0,0,42,1,0,0,0,30,2,3,1,5,3,46.8,33.2,34.2,64.5
3645,0,1,3,2,0,0,63.3,3,0,0,0,0,0,0,0,1,33.3,4,3,3,3,0,1,0,0,22,0,1,1,0,0,70,1,0,1,0,2,1,4,1,5,2,13.8,5.7,20.2,59.2
3646,3,2,0,0,1,0,43.3,2,0,1,0,0,1,0,0,1,100.0,2,2,3,4,0,0,0,1,0,0,0,1,0,1,0,1,0,0,0,30,3,2,1,5,2,49.7,26.8,66.5,45.4
3647,0,2,0,1,0,3,70.0,5,1,1,0,1,0,0,0,0,100.0,5,2,3,1,1,0,0,1,6,0,1,0,0,0,42,0,1,0,0,46,5,3,5,4,4,21.6,23.3,25.8,64.8
3648,2,0,1,0,0,3,65.0,3,0,0,0,1,0,1,1,0,100.0,4,3,2,2,0,1,0,0,22,0,0,0,0,1,0,0,1,0,1,18,3,3,2,2,2,53.7,20.2,51.2,37.6
3649,2,0,3,1,0,0,63.3,1,0,1,0,0,0,0,1,0,66.7,1,3,2,2,0,1,0,1,0,1,0,0,0,0,0,1,0,0,0,30,3,3,4,2,2,57.4,25.1,56.6,39.5
3650,3,2,0,0,0,1,63.3,3,0,0,1,0,0,0,0,0,33.3,2,2,4,4,0,1,0,0,22,1,0,0,0,0,0,0,1,0,0,46,2,1,2,2,1,78.3,50.8,98.3,18.3
3651,2,1,0,0,0,3,63.3,1,0,0,0,0,0,1,0,0,33.3,1,3,3,3,1,0,0,1,6,1,0,0,0,0,0,0,0,1,1,0,3,2,2,2,1,60.4,17.3,73.6,26.3
3652,3,0,2,1,0,0,63.3,2,0,0,0,0,0,1,1,1,100.0,5,3,3,4,1,0,0,0,30,0,1,1,0,0,70,0,0,1,1,0,5,2,5,1,1,30.4,15.6,36.2,61.9
3653,1,3,0,0,2,0,43.3,3,0,0,0,1,0,0,0,1,66.7,2,3,3,3,1,0,0,0,30,1,0,0,0,0,0,1,0,0,1,2,2,2,2,2,1,59.4,28.6,68.8,31.2
3654,0,0,2,3,1,0,55.0,5,1,1,0,0,0,0,0,0,66.7,4,4,1,2,1,0,0,0,30,0,0,0,1,1,0,0,0,1,0,0,5,4,5,4,2,31.5,10.4,33.9,56.6
3655,3,2,0,1,0,0,60.0,1,0,0,1,0,0,0,1,0,66.7,5,3,4,4,0,1,0,0,22,1,0,0,0,0,0,0,0,1,1,0,2,1,5,4,2,40.6,14.2,63.6,45.4
3656,3,1,2,0,0,0,40.0,1,1,1,0,1,0,0,0,0,100.0,2,1,4,1,0,1,0,1,0,0,0,1,0,0,28,1,0,0,0,30,3,3,2,4,1,48.1,19.1,54.8,39.1
3657,0,3,2,0,0,1,65.0,4,0,1,0,0,0,1,0,0,66.7,1,3,3,2,0,0,0,1,0,1,0,1,0,0,0,1,0,1,0,2,5,4,2,5,2,40.2,8.1,52.3,51.3
3658,3,2,0,1,0,0,60.0,3,0,0,0,0,0,1,1,0,66.7,5,3,1,4,1,1,0,0,52,0,0,1,0,0,28,1,0,1,0,2,5,3,2,2,3,33.0,13.4,35.6,57.1
3659,2,3,0,1,0,0,60.0,1,1,1,0,1,0,0,0,0,100.0,4,2,1,4,1,1,0,0,52,0,1,0,0,0,42,1,0,0,0,30,5,3,4,4,4,31.1,24.9,30.3,65.1
3660,3,1,0,0,2,0,43.3,3,0,0,1,1,0,0,0,0,66.7,2,2,4,4,0,1,0,0,22,1,0,0,0,1,0,1,0,0,0,30,2,3,2,2,3,56.5,27.6,74.8,28.4
3661,0,2,3,0,0,1,65.0,1,1,0,0,0,0,0,0,0,33.3,2,4,3,4,0,1,0,0,22,0,1,0,0,0,42,0,0,1,0,0,1,2,5,5,2,37.3,15.5,44.4,59.2
3662,2,0,0,3,0,1,73.3,2,0,1,0,0,0,0,0,0,33.3,5,3,1,4,0,1,0,1,0,0,1,0,0,0,42,0,0,1,0,0,5,4,1,5,1,18.2,0.0,24.1,60.2
3663,1,3,0,0,2,0,43.3,4,0,1,1,0,0,0,1,0,100.0,4,3,4,2,0,0,0,1,0,1,1,0,0,0,14,0,0,0,1,0,1,2,1,1,3,31.7,2.7,52.5,48.0
3664,3,0,2,0,0,1,65.0,3,0,1,0,0,0,0,0,0,33.3,4,4,2,3,0,1,0,1,0,0,0,1,0,0,28,1,1,0,0,76,2,3,5,5,1,54.4,46.9,52.4,45.2
3665,1,3,0,0,0,2,63.3,3,0,0,0,0,0,0,0,1,33.3,5,1,1,4,1,1,0,0,52,0,1,0,0,0,42,0,0,1,1,0,5,4,1,5,4,14.4,0.0,19.4,52.0
3666,2,1,3,0,0,0,40.0,3,1,1,0,0,0,0,0,0,66.7,2,2,3,1,0,1,1,0,56,0,1,0,0,0,42,1,1,0,0,76,3,3,5,2,1,84.9,67.1,68.9,35.0
3667,0,2,3,0,0,1,65.0,4,0,0,0,0,0,0,0,1,33.3,2,2,4,2,0,1,0,0,22,0,1,0,0,0,42,1,0,0,0,30,2,3,2,1,1,62.3,35.4,58.3,23.5
3668,0,1,2,3,0,0,63.3,3,1,0,0,0,1,0,0,0,66.7,2,2,4,4,0,0,1,1,10,1,1,0,0,0,14,0,1,0,1,18,5,1,1,1,1,63.8,34.5,81.6,30.3
3669,2,3,0,0,0,1,63.3,4,0,0,1,0,1,1,0,0,100.0,5,4,1,3,0,1,0,0,22,1,0,0,0,0,0,0,0,1,0,0,2,2,5,5,2,29.4,14.9,38.1,66.4
3670,3,1,2,0,0,0,40.0,3,0,0,1,1,0,0,0,0,66.7,4,3,3,3,0,1,1,0,56,0,0,1,0,1,0,1,1,0,0,76,1,2,5,1,3,80.4,59.5,82.3,25.7
3671,3,0,1,0,2,0,55.0,3,0,0,0,0,0,1,1,0,66.7,5,2,3,4,1,0,1,0,64,0,1,1,0,0,70,0,1,0,0,46,2,4,5,2,1,51.8,36.4,49.5,41.9
3672,0,2,1,0,0,3,65.0,2,0,1,0,0,0,1,0,0,66.7,5,3,2,3,1,1,0,0,52,1,0,0,0,0,0,1,1,0,0,76,1,2,2,4,4,63.7,42.4,63.1,40.7
3673,3,2,1,0,0,0,40.0,3,1,0,0,0,0,0,0,0,33.3,4,2,1,1,0,1,1,0,56,0,0,0,1,0,20,1,1,0,0,76,1,3,4,4,1,82.6,59.4,68.4,18.4
3674,1,3,0,0,0,2,63.3,5,1,0,0,1,0,0,1,0,100.0,4,4,2,3,0,1,1,0,56,0,1,0,0,0,42,0,0,1,0,0,5,4,2,5,1,24.8,15.8,24.6,80.3
3675,1,0,3,0,0,2,65.0,5,1,0,0,0,1,1,0,0,100.0,2,3,1,3,0,0,0,1,0,0,1,0,0,0,42,1,0,1,0,2,5,3,4,4,4,17.8,3.1,19.3,76.9
3676,0,0,3,0,1,2,61.7,2,0,1,0,1,0,1,0,0,100.0,4,3,4,3,0,1,0,1,0,0,1,0,0,0,42,1,0,0,1,2,1,4,4,4,3,11.9,0.0,26.9,60.9
3677,0,3,2,0,1,0,48.3,1,0,0,1,0,0,0,1,0,66.7,4,3,1,1,0,1,1,0,56,1,0,1,0,0,0,1,0,1,0,2,2,3,2,5,2,38.1,17.0,33.8,49.6
3678,2,3,0,1,0,0,60.0,2,0,1,0,0,0,0,0,0,33.3,4,1,3,4,0,0,1,1,10,1,1,0,0,0,14,1,0,0,0,30,2,1,5,2,1,61.2,32.4,81.7,11.4
3679,3,1,0,2,0,0,60.0,3,0,0,0,1,0,0,0,0,33.3,5,3,2,2,1,0,0,0,30,1,0,0,0,0,0,1,0,0,0,30,1,2,4,1,2,65.3,31.7,66.8,25.3
3680,0,2,1,0,0,3,65.0,3,1,1,0,0,0,1,0,0,100.0,4,4,3,3,1,0,0,1,6,1,1,0,0,0,14,1,1,0,0,76,5,2,1,1,1,72.5,51.0,66.6,51.6
3681,3,1,0,0,0,2,63.3,3,0,1,0,1,0,1,0,0,100.0,1,4,1,3,0,1,1,0,56,1,1,0,0,0,14,0,1,1,0,18,5,2,4,4,4,47.7,30.9,37.5,68.8
3682,3,0,0,0,2,1,71.7,5,0,0,1,0,1,0,0,1,100.0,5,4,3,1,0,1,0,1,0,0,1,0,0,0,42,0,0,1,0,0,2,4,1,5,2,7.1,0.0,15.8,77.4
3683,0,0,2,1,0,3,61.7,1,1,0,0,0,0,0,1,0,66.7,1,4,1,4,0,0,1,0,34,0,1,0,0,0,42,0,0,1,0,0,5,3,2,4,2,38.1,18.5,32.8,68.6
3684,0,1,3,0,2,0,48.3,2,1,0,1,0,0,0,0,0,66.7,1,2,3,4,0,1,0,0,22,1,0,1,0,0,0,1,1,0,0,76,2,3,1,2,3,76.6,48.7,73.6,30.1
3685,3,0,1,2,0,0,63.3,1,0,0,1,0,0,0,0,0,33.3,2,2,3,3,0,1,0,0,22,1,0,0,0,0,0,0,0,1,1,0,2,1,5,2,1,65.9,24.2,81.0,26.4
3686,0,0,0,1,3,2,55.0,1,0,0,1,0,0,0,0,0,33.3,5,2,1,2,1,0,0,0,30,0,1,0,0,0,42,0,1,1,0,18,1,3,4,2,2,40.4,13.3,39.6,31.9
3687,3,1,2,0,0,0,40.0,2,1,0,0,0,0,1,0,1,100.0,4,1,3,2,1,0,0,1,6,1,0,0,0,1,0,0,1,0,1,18,3,3,2,2,1,55.2,13.1,65.7,25.4
3688,3,2,0,0,0,1,63.3,3,0,1,1,0,0,0,0,1,100.0,4,2,2,3,1,0,1,0,64,0,1,0,0,0,42,1,1,0,0,76,1,4,1,4,2,61.4,54.0,48.6,50.8
3689,3,1,0,2,0,0,60.0,3,0,0,0,0,0,0,0,1,33.3,2,4,4,3,1,1,0,0,52,0,0,1,0,0,28,0,1,0,0,46,1,3,5,4,2,60.4,42.0,63.9,45.5
3690,1,2,0,0,0,3,63.3,1,1,1,0,0,0,0,0,0,66.7,2,2,4,4,1,0,0,0,30,0,0,1,0,0,28,1,0,0,0,30,3,3,4,2,2,58.0,29.3,65.2,39.8
3691,0,2,3,1,0,0,63.3,4,0,0,0,0,0,0,0,1,33.3,4,3,1,4,0,0,0,1,0,0,1,0,0,0,42,1,0,0,0,30,2,3,4,4,2,31.1,17.2,40.7,42.0
3692,2,3,0,0,0,1,63.3,2,1,0,0,1,0,1,0,0,100.0,5,4,1,4,1,1,0,0,52,1,1,0,0,0,14,0,0,1,1,0,5,3,5,5,2,24.8,13.2,31.7,71.4
3693,1,3,0,2,0,0,60.0,5,0,1,0,1,0,0,0,1,100.0,4,3,4,2,1,0,0,0,30,0,1,1,0,0,70,0,0,1,1,0,5,2,4,5,2,15.1,18.0,19.6,84.2
3694,0,2,3,0,1,0,48.3,5,1,0,0,0,0,1,0,1,100.0,5,3,1,3,1,0,0,1,6,0,1,1,0,0,70,0,0,1,0,0,2,4,1,2,2,13.6,0.0,11.8,62.6
3695,0,3,1,0,0,2,65.0,3,1,1,0,1,0,0,0,0,100.0,4,3,4,3,0,1,0,0,22,1,0,0,0,1,0,0,0,0,1,0,2,3,2,2,2,42.8,7.1,58.2,49.0
3696,3,2,0,1,0,0,60.0,1,0,0,1,1,1,0,0,0,100.0,4,2,4,4,1,1,0,0,52,1,0,0,1,0,0,0,0,0,1,0,5,1,1,2,3,50.6,18.9,68.8,47.2
3697,2,3,1,0,0,0,40.0,3,1,0,0,1,1,0,0,0,100.0,2,3,3,3,1,1,0,0,52,0,0,1,0,0,28,0,1,1,0,18,1,3,4,2,1,62.2,36.2,66.3,39.9
3698,3,0,0,1,2,0,63.3,1,0,0,1,1,1,0,0,0,100.0,2,1,2,3,1,0,0,1,6,0,1,0,1,0,62,0,1,0,1,18,5,3,1,4,1,30.1,22.0,33.4,59.7
3699,0,0,3,0,2,1,61.7,1,1,1,0,0,0,1,0,0,100.0,5,3,2,4,0,1,0,0,22,0,0,1,0,0,28,0,1,0,0,46,5,4,4,5,2,35.5,15.5,38.6,68.6
3700,0,0,2,1,0,3,61.7,4,1,0,0,0,0,0,1,0,66.7,5,1,1,4,0,1,0,0,22,1,0,0,0,0,0,0,0,1,0,0,1,3,4,2,1,49.6,12.3,64.4,17.8
3701,0,2,3,0,0,1,65.0,2,0,0,0,1,0,0,1,0,66.7,1,1,3,1,1,0,0,0,30,0,0,1,0,0,28,1,0,0,0,30,3,4,4,2,3,51.8,20.1,44.3,39.5
3702,3,1,0,0,2,0,43.3,3,0,0,0,0,1,0,0,1,66.7,2,2,2,2,1,1,0,0,52,0,0,1,0,0,28,1,1,0,0,76,3,4,2,4,1,81.8,63.3,65.4,34.8
3703,3,1,0,0,2,0,43.3,2,0,1,0,1,1,0,0,0,100.0,4,2,3,1,1,0,0,1,6,1,0,0,0,0,0,1,0,0,0,30,3,3,1,2,4,41.5,12.4,49.3,38.6
3704,0,0,3,1,0,2,61.7,1,0,0,0,0,1,0,0,1,66.7,4,3,1,3,0,0,0,1,0,0,1,0,0,0,42,1,0,0,0,30,2,2,2,4,4,28.0,8.2,29.7,57.7
3705,1,3,0,0,2,0,43.3,2,1,0,0,0,0,0,0,0,33.3,4,4,4,3,1,1,0,0,52,1,0,0,0,0,0,0,1,0,1,18,3,2,5,5,2,53.1,30.0,61.2,47.3
3706,3,0,0,1,0,2,73.3,3,0,0,0,1,0,0,0,0,33.3,2,1,4,2,1,1,0,0,52,1,0,0,0,1,0,1,0,0,0,30,3,3,5,2,1,81.7,40.9,83.8,6.4
3707,3,0,1,0,0,2,65.0,3,0,0,1,0,0,1,0,1,100.0,5,2,1,4,0,1,0,0,22,1,1,0,0,0,14,0,0,1,0,0,5,3,5,4,2,30.0,7.2,38.7,53.5
3708,3,0,1,2,0,0,63.3,3,0,0,0,1,1,0,0,1,100.0,2,3,3,4,0,0,1,1,10,1,0,0,0,0,0,1,0,0,0,30,2,3,2,2,1,67.4,28.5,74.6,38.2
3709,2,3,0,1,0,0,60.0,3,0,0,1,0,0,0,0,0,33.3,1,4,1,4,0,1,0,1,0,0,0,0,0,1,0,1,0,0,1,2,2,2,2,1,1,59.9,18.1,68.7,27.3
3710,1,2,3,0,0,0,40.0,2,0,0,0,1,0,1,0,0,66.7,2,2,1,2,1,0,0,0,30,0,0,1,1,0,48,1,1,0,0,76,2,3,4,5,2,60.2,51.9,43.2,48.4
3711,2,3,1,0,0,0,40.0,3,1,1,1,0,0,0,0,0,100.0,2,1,3,4,0,1,1,0,56,1,0,0,0,0,0,1,0,0,1,2,2,3,1,1,3,59.2,18.3,68.9,30.3
3712,3,0,2,1,0,0,63.3,1,0,0,0,0,0,0,1,0,33.3,2,2,3,1,1,1,0,0,52,1,0,0,0,1,0,0,0,0,1,0,5,3,1,2,2,62.7,21.8,64.9,29.6
3713,0,1,2,0,0,3,65.0,2,0,0,1,0,0,0,0,0,33.3,5,4,3,1,0,1,0,0,22,0,1,1,0,0,70,0,0,1,0,0,1,4,4,5,4,0.0,0.0,1.6,76.1
3714,0,2,3,1,0,0,63.3,3,0,0,0,1,0,0,0,0,33.3,1,1,1,1,0,1,0,1,0,1,0,1,0,0,0,1,0,0,0,30,2,2,1,1,1,83.8,38.3,77.6,5.2
3715,3,1,0,2,0,0,60.0,2,1,0,0,1,0,1,0,0,100.0,5,1,1,4,0,1,0,0,22,0,1,0,0,1,0,1,1,0,0,76,1,4,4,5,1,67.6,45.2,69.5,30.3
3716,0,2,1,0,3,0,48.3,3,1,0,0,0,0,0,0,1,66.7,4,2,3,1,1,0,0,1,6,1,0,0,0,0,0,0,1,0,0,46,2,3,1,2,1,67.0,27.6,70.8,16.7
3717,1,3,0,2,0,0,60.0,2,0,1,1,0,0,0,0,0,66.7,2,2,4,3,0,1,0,0,22,1,0,0,0,0,0,0,1,0,0,46,3,2,5,1,1,85.0,46.2,91.1,19.5
3718,0,1,2,0,3,0,48.3,3,0,0,0,1,0,1,1,0,100.0,4,4,3,3,0,1,1,0,56,1,0,0,0,0,0,1,0,0,0,30,3,3,4,4,2,55.2,33.4,61.0,55.4
3719,0,1,0,3,2,0,53.3,4,1,0,0,0,1,0,0,0,66.7,4,2,1,4,1,1,0,0,52,0,0,1,1,0,48,1,1,0,0,76,3,1,5,2,3,70.9,67.5,58.7,39.8
3720,3,1,0,0,2,0,43.3,3,1,0,0,0,0,0,0,0,33.3,4,2,3,2,0,0,1,1,10,0,0,1,0,0,28,1,0,0,0,30,3,2,1,4,2,42.9,24.5,56.5,36.4
3721,1,2,0,0,0,3,63.3,1,0,0,0,1,0,1,0,1,100.0,2,3,1,3,0,1,1,0,56,1,0,0,0,1,0,1,1,0,0,76,3,4,5,4,1,79.4,52.5,70.6,43.3
3722,0,1,3,0,0,2,65.0,5,0,0,0,0,0,0,1,0,33.3,5,3,3,2,0,0,1,1,10,0,1,0,1,0,62,1,0,0,1,2,2,4,2,5,2,15.6,3.5,24.6,56.4
3723,3,0,2,0,0,1,65.0,4,0,0,0,0,1,0,0,0,33.3,5,3,1,4,0,1,0,0,22,0,1,0,0,0,42,0,0,1,1,0,5,3,5,4,4,11.1,0.0,16.9,57.9
3724,2,3,1,0,0,0,40.0,2,0,0,0,0,1,0,0,0,33.3,5,4,1,3,1,1,0,0,52,0,0,1,0,0,28,1,1,0,0,76,5,4,2,2,2,58.5,41.8,49.0,40.8
3725,1,0,2,0,0,3,65.0,1,0,0,1,0,0,0,0,1,66.7,4,3,2,2,0,1,0,0,22,0,1,0,0,1,0,1,0,1,0,2,2,4,5,5,1,31.4,2.6,41.8,45.0
3726,1,2,3,0,0,0,40.0,2,1,0,0,0,1,0,0,1,100.0,4,3,4,3,0,0,1,1,10,0,1,0,0,0,42,0,1,1,0,18,5,4,5,5,4,12.1,4.4,21.8,73.8
3727,1,3,2,0,0,0,40.0,5,0,0,0,0,1,0,0,0,33.3,4,4,3,2,1,1,0,0,52,1,0,0,0,0,0,0,1,1,0,18,5,1,2,1,1,72.3,40.8,78.2,28.1
3728,1,3,0,0,0,2,63.3,2,0,0,0,0,1,0,0,1,66.7,5,2,4,3,0,1,0,0,22,0,1,0,0,0,42,0,0,1,0,0,5,2,5,2,2,27.2,5.5,50.6,47.8
3729,1,0,2,3,0,0,63.3,1,1,0,0,0,0,0,0,0,33.3,5,4,1,3,1,1,0,0,52,0,1,1,0,0,70,0,0,1,0,0,2,2,4,4,1,29.9,21.9,30.1,58.7
3730,3,0,2,0,1,0,55.0,3,1,1,0,0,0,0,0,0,66.7,5,3,3,3,0,1,0,0,22,0,0,0,1,1,0,1,1,0,0,76,3,3,2,2,1,71.7,45.5,85.4,25.7
3731,2,3,0,1,0,0,60.0,4,0,0,0,1,0,0,0,0,33.3,4,2,3,4,1,0,0,1,6,1,0,0,0,0,0,1,0,0,0,30,3,3,1,1,1,60.8,22.6,77.2,11.3
3732,1,0,3,0,2,0,55.0,4,1,1,0,1,0,0,0,0,100.0,2,2,2,4,1,0,1,0,64,1,1,0,0,0,14,0,1,0,0,46,3,4,5,5,3,55.2,40.4,53.6,53.1
3733,3,2,0,0,1,0,43.3,2,0,1,0,0,0,1,0,0,66.7,2,1,3,2,1,1,0,0,52,0,0,1,0,1,0,1,0,0,0,30,1,3,5,2,2,75.5,34.2,75.3,16.4
3734,1,3,2,0,0,0,40.0,3,0,0,1,0,0,0,0,1,66.7,2,1,2,4,0,1,1,0,56,0,1,0,0,0,42,1,1,0,0,76,5,3,4,2,1,88.5,65.2,83.7,29.3
3735,3,2,0,0,1,0,43.3,5,0,1,0,0,0,0,0,0,33.3,4,1,4,2,0,1,0,0,22,0,0,1,1,0,48,1,0,0,0,30,1,2,1,2,1,59.2,35.5,60.6,20.8
3736,3,2,0,0,0,1,63.3,3,0,0,0,1,0,0,0,0,33.3,1,2,3,4,0,1,0,1,0,0,0,0,0,1,0,0,0,0,1,0,2,2,2,2,3,52.4,11.7,73.7,22.9
3737,0,3,0,0,1,2,61.7,3,0,0,0,0,1,0,0,1,66.7,2,3,1,1,0,1,0,0,22,1,1,0,0,0,14,0,1,0,1,18,3,1,2,2,1,60.9,36.9,54.6,41.8
3738,2,1,0,0,0,3,63.3,3,0,0,1,0,0,0,0,0,33.3,2,4,3,4,0,1,1,0,56,0,1,0,1,0,62,1,0,1,0,2,3,3,2,1,3,35.7,16.6,38.2,57.8
3739,3,0,0,2,0,1,73.3,4,0,1,1,0,0,0,0,0,66.7,4,2,1,4,0,1,0,1,0,0,1,1,0,0,70,0,0,1,0,0,5,3,5,5,2,8.5,0.0,16.7,67.8
3740,0,1,0,0,2,3,61.7,2,0,1,0,0,1,0,0,1,100.0,5,4,4,3,1,0,0,0,30,1,0,0,1,0,0,1,1,0,0,76,2,3,2,2,1,68.8,45.9,72.4,44.8
3741,0,3,1,2,0,0,63.3,5,0,1,0,1,1,0,0,0,100.0,2,4,1,4,1,1,0,0,52,0,1,0,0,0,42,0,1,1,0,18,5,3,4,4,1,46.3,35.6,42.8,72.4
3742,2,0,0,1,0,3,73.3,3,0,0,0,1,1,0,0,0,66.7,5,4,2,4,0,0,1,1,10,0,1,1,0,0,70,0,1,0,0,46,5,3,4,1,3,27.1,17.5,26.7,64.3
3743,1,2,3,0,0,0,40.0,3,1,1,0,1,0,0,0,0,100.0,5,4,2,2,1,0,1,0,64,1,0,0,0,0,0,1,0,0,0,30,2,4,1,2,2,55.9,23.3,49.5,46.2
3744,0,3,0,2,1,0,53.3,3,0,1,0,0,0,0,1,1,100.0,4,4,4,3,0,1,0,0,22,1,1,0,0,0,14,1,0,0,0,30,5,1,1,1,1,56.9,38.8,70.4,57.0
3745,0,0,1,3,0,2,61.7,4,1,0,1,0,0,0,0,1,100.0,5,1,2,4,0,1,0,0,22,0,1,0,0,0,42,1,0,1,0,2,1,2,2,5,3,17.3,5.9,34.3,56.4
3746,2,1,0,3,0,0,60.0,3,0,0,1,1,0,1,0,0,100.0,2,4,1,4,1,0,1,0,64,0,0,1,0,0,28,1,1,0,0,76,3,4,4,4,4,62.0,48.0,44.4,68.0
3747,0,3,1,0,2,0,48.3,5,0,0,1,0,0,0,0,1,66.7,4,3,2,1,1,0,0,1,6,0,1,0,0,0,42,1,0,0,0,30,5,3,1,5,2,23.0,19.2,27.0,62.4
3748,2,3,1,0,0,0,40.0,3,0,0,0,1,0,1,1,0,100.0,2,1,1,4,1,1,0,0,52,1,0,0,0,0,0,1,0,0,0,30,3,4,1,2,3,61.4,28.1,64.3,27.6
3749,3,2,1,0,0,0,40.0,3,0,0,0,1,0,1,0,0,66.7,1,3,4,2,0,0,0,1,0,1,0,1,0,0,0,1,0,0,0,30,5,1,1,1,3,67.3,34.5,72.0,36.6
3750,3,2,1,0,0,0,40.0,2,0,1,1,1,0,0,0,0,100.0,2,3,2,2,1,0,0,0,30,0,0,0,1,1,0,1,1,0,0,76,3,2,5,2,2,81.2,55.8,76.5,34.8
3751,0,0,3,2,1,0,55.0,3,1,0,0,0,0,0,1,0,66.7,5,3,1,3,1,0,0,0,30,0,0,1,0,0,28,1,0,1,0,2,2,4,1,2,1,40.1,5.2,40.1,39.7
3752,1,0,3,2,0,0,63.3,3,0,0,1,1,0,0,0,0,66.7,5,3,2,1,0,1,0,0,22,1,0,0,0,1,0,0,1,1,0,18,5,4,1,1,1,54.4,11.5,55.5,32.1
3753,1,0,3,0,2,0,55.0,2,0,0,1,0,0,0,0,0,33.3,2,4,1,4,0,1,0,0,22,1,0,0,0,0,0,0,0,1,0,0,2,2,2,5,4,36.9,7.8,44.7,49.6
3754,3,0,1,0,2,0,55.0,4,1,0,0,0,0,0,1,0,66.7,1,3,4,3,0,1,0,1,0,1,1,0,0,0,14,0,1,1,0,18,5,3,4,5,2,42.7,22.8,52.4,54.5
3755,2,0,3,0,0,1,65.0,2,0,0,1,0,0,1,0,0,66.7,2,2,3,4,0,1,1,0,56,1,1,0,0,0,14,1,1,0,0,76,3,2,4,5,1,81.3,65.9,78.7,37.3
3756,0,0,1,0,2,3,61.7,5,1,0,0,0,0,0,0,0,33.3,5,4,1,4,0,1,0,1,0,1,0,0,0,0,0,1,0,1,0,2,5,3,5,4,3,20.9,0.0,35.8,53.7
3757,2,1,3,0,0,0,40.0,1,0,1,0,1,1,0,0,0,100.0,2,2,4,3,0,0,0,1,0,1,0,0,0,0,0,1,0,0,0,30,2,2,5,2,4,48.7,19.5,63.9,40.5
3758,3,0,2,0,1,0,55.0,3,0,1,0,0,0,0,1,0,66.7,4,1,4,3,1,1,0,0,52,0,0,0,1,0,20,1,1,0,0,76,3,3,4,5,2,67.9,54.4,79.2,32.0
3759,3,0,2,0,0,1,65.0,5,0,0,0,0,1,0,0,0,33.3,5,3,2,4,0,1,0,0,22,1,1,0,0,0,14,0,0,1,0,0,2,3,4,5,2,27.2,7.0,42.9,45.6
3760,3,1,0,0,2,0,43.3,3,0,0,0,0,0,1,0,1,66.7,4,1,4,4,1,0,0,0,30,0,0,1,0,0,28,1,1,0,0,76,1,3,4,2,1,78.0,53.2,87.5,16.9
3761,0,3,2,0,1,0,48.3,5,0,1,0,0,0,1,0,0,66.7,5,4,2,3,0,1,1,0,56,0,1,0,0,0,42,0,1,1,0,18,1,4,5,5,1,36.1,22.4,39.1,64.2
3762,2,0,1,0,0,3,65.0,4,0,0,1,0,0,0,0,0,33.3,2,2,1,2,0,1,0,1,0,1,0,0,0,0,0,1,1,0,0,76,1,2,2,1,3,80.6,45.8,73.4,14.0
3763,3,2,0,0,1,0,43.3,2,1,0,0,1,0,0,0,1,100.0,2,1,1,3,1,0,0,0,30,1,0,1,0,0,0,1,0,0,0,30,3,1,2,4,1,73.6,42.9,74.3,28.8
3764,0,2,0,1,3,0,53.3,3,0,0,1,0,0,0,0,0,33.3,2,1,2,3,1,0,0,0,30,1,0,0,0,0,0,1,0,0,0,30,1,2,4,2,1,78.2,35.8,78.0,4.2
3765,0,3,2,0,0,1,65.0,3,0,0,0,0,0,0,1,1,66.7,4,2,1,1,1,1,0,0,52,0,0,1,0,0,28,1,1,0,0,76,5,2,4,4,4,53.5,51.0,40.8,52.2
3766,3,1,0,0,0,2,63.3,1,0,0,0,0,0,1,1,0,66.7,5,2,3,2,0,1,0,0,22,0,1,0,0,0,42,1,0,1,0,2,1,4,4,2,1,36.9,5.3,44.7,38.4
3767,1,2,3,0,0,0,40.0,2,0,1,1,0,0,0,0,1,100.0,5,1,4,1,1,0,1,0,64,0,1,0,0,1,0,1,0,0,0,30,3,3,5,2,2,61.7,32.4,68.8,26.1
3768,0,0,0,3,1,2,55.0,3,0,1,0,0,0,0,0,0,33.3,4,4,1,3,1,0,0,0,30,0,0,1,0,0,28,0,0,1,0,0,1,2,4,4,2,31.5,7.6,41.4,48.5
3769,3,1,0,0,0,2,63.3,1,0,1,0,0,0,1,0,0,66.7,2,3,3,3,0,1,1,0,56,1,0,0,0,0,0,0,1,1,0,18,3,3,1,4,3,57.0,27.6,54.9,49.7
3770,0,1,0,0,2,3,61.7,3,1,0,0,1,0,1,0,0,100.0,1,3,3,3,0,1,0,0,22,1,0,1,0,0,0,1,0,0,0,30,1,4,4,2,3,52.8,20.3,52.5,45.9
3771,0,3,2,0,0,1,65.0,1,0,0,1,0,0,0,0,1,66.7,5,4,4,1,0,1,0,0,22,1,0,0,0,0,0,1,0,0,0,30,3,3,1,2,1,48.8,22.7,60.8,48.1
3772,3,1,0,0,2,0,43.3,3,1,1,0,1,0,0,0,0,100.0,2,1,2,3,0,0,1,1,10,1,0,0,1,0,0,1,0,1,0,2,1,3,5,4,1,50.6,20.0,59.3,34.6
3773,0,0,3,2,1,0,55.0,4,0,0,1,0,0,0,0,0,33.3,5,3,1,1,0,1,0,0,22,0,1,0,0,0,42,1,1,0,0,76,5,4,4,5,1,55.2,42.3,32.2,51.0
3774,1,3,0,0,2,0,43.3,4,0,1,0,0,0,0,0,0,33.3,4,2,3,3,0,1,0,0,22,1,0,0,0,1,0,1,0,0,1,2,3,2,5,2,2,52.4,12.8,68.9,17.9
3775,0,1,3,2,0,0,63.3,3,0,0,0,1,0,0,0,0,33.3,5,3,1,4,0,1,0,0,22,0,1,0,0,0,42,0,1,1,0,18,5,4,5,1,1,44.1,9.7,43.1,40.0
3776,1,3,2,0,0,0,40.0,5,0,1,0,0,0,0,0,0,33.3,5,4,2,1,0,1,1,0,56,0,1,0,0,0,42,1,1,0,0,76,5,1,5,2,1,73.3,70.4,62.6,39.5
3777,0,1,0,3,0,2,70.0,3,1,0,0,1,0,0,1,0,100.0,2,4,4,3,0,1,0,0,22,1,1,0,0,0,14,1,0,1,0,2,2,2,1,2,2,42.4,23.0,53.4,60.3
3778,1,3,0,0,0,2,63.3,4,0,0,1,0,1,0,0,0,66.7,5,3,3,2,1,1,0,0,52,0,1,0,0,0,42,0,1,0,0,46,5,3,5,4,3,38.4,29.1,38.5,61.8
3779,1,2,3,0,0,0,40.0,2,0,0,0,1,1,0,0,1,100.0,2,2,3,2,1,1,0,0,52,0,0,1,1,0,48,1,0,1,0,2,1,4,4,4,1,42.1,19.5,40.7,48.8
3780,3,2,0,0,1,0,43.3,3,1,0,0,1,0,1,0,0,100.0,2,2,3,1,1,1,0,0,52,1,0,0,1,0,0,0,1,0,0,46,1,1,4,1,3,73.4,46.5,71.4,30.8
3781,3,2,0,0,0,1,63.3,3,0,0,0,1,0,0,0,0,33.3,4,3,4,1,1,0,0,0,30,1,0,0,0,0,0,0,1,0,1,18,3,2,4,2,2,55.0,26.8,67.3,30.3
3782,0,3,2,0,0,1,65.0,4,1,0,0,1,1,0,0,0,100.0,5,3,1,2,0,1,0,0,22,0,1,0,0,0,42,0,0,1,1,0,5,4,4,5,4,0.8,0.0,0.0,83.8
3783,1,3,0,0,0,2,63.3,4,1,0,0,1,0,1,0,0,100.0,1,2,1,2,0,0,0,1,0,1,1,0,0,0,14,1,0,0,0,30,2,2,5,5,2,54.1,28.8,45.9,53.2
3784,3,0,1,0,2,0,55.0,4,0,0,0,0,0,1,0,0,33.3,5,3,1,3,1,0,1,0,64,0,1,1,0,0,70,1,0,0,0,30,1,2,5,1,4,36.3,31.2,30.2,42.4
3785,3,0,0,1,0,2,73.3,2,1,1,0,0,1,0,0,0,100.0,2,1,3,4,1,0,0,0,30,1,0,0,0,0,0,1,1,0,0,76,2,2,5,2,1,94.5,60.4,93.8,27.0
3786,2,1,3,0,0,0,40.0,3,1,0,0,0,1,0,0,0,66.7,5,3,4,4,0,1,0,1,0,1,0,0,0,1,0,1,0,0,0,30,2,3,4,1,1,55.3,17.0,71.4,29.2
3787,0,3,0,2,0,1,70.0,1,0,0,0,0,0,1,0,1,66.7,4,3,1,3,0,1,0,0,22,0,1,0,0,0,42,0,0,1,0,0,2,4,4,4,4,12.7,0.0,14.6,61.8
3788,2,3,0,0,0,1,63.3,4,0,0,0,1,0,0,0,0,33.3,2,3,3,4,0,1,1,0,56,0,1,0,1,0,62,0,1,0,0,46,3,3,4,4,2,51.8,49.3,50.5,55.6
3789,0,1,2,3,0,0,63.3,3,0,0,1,0,1,1,0,0,100.0,2,2,2,4,1,0,1,0,64,1,0,0,0,1,0,1,0,0,0,30,3,2,1,2,1,77.6,46.0,80.1,32.3
3790,2,1,0,0,0,3,63.3,2,0,1,0,0,1,0,0,0,66.7,5,4,2,2,0,0,1,1,10,1,1,0,0,0,14,0,1,0,1,18,3,4,5,5,3,20.6,0.3,26.2,64.0
3791,0,0,3,1,2,0,55.0,3,1,0,0,0,0,0,0,1,66.7,4,3,4,2,0,0,0,1,0,0,0,1,0,0,28,0,1,0,1,18,3,1,5,1,4,35.9,14.1,40.0,48.1
3792,0,0,1,3,2,0,55.0,1,0,0,1,0,0,1,0,0,66.7,2,1,3,2,1,1,0,0,52,0,0,0,0,1,0,0,0,0,1,0,1,2,2,2,2,65.6,24.6,74.0,23.8
3793,3,0,2,0,0,1,65.0,1,0,0,1,0,0,1,0,0,66.7,2,2,3,3,0,1,0,1,0,1,0,1,0,0,0,1,0,0,0,30,1,4,1,4,3,49.7,11.0,55.2,37.7
3794,2,0,1,3,0,0,63.3,5,0,0,1,0,1,0,0,1,100.0,5,3,3,4,0,0,0,1,0,0,1,0,0,0,42,1,0,1,0,2,5,3,4,5,3,11.3,1.3,24.6,76.7
3795,3,1,0,0,0,2,63.3,3,0,0,0,0,0,0,1,0,33.3,1,4,3,4,0,1,0,0,22,1,0,0,0,0,0,1,0,0,0,30,3,3,1,2,1,71.5,36.9,76.1,32.7
3796,1,0,3,2,0,0,63.3,3,0,1,0,1,0,0,0,1,100.0,2,3,1,1,1,0,0,0,30,0,1,0,0,0,42,0,1,0,0,46,2,2,1,5,1,53.6,49.6,39.9,60.2
3797,2,3,0,0,1,0,43.3,2,0,0,0,0,0,0,1,0,33.3,2,3,4,4,0,1,0,0,22,1,0,0,0,0,0,1,0,0,0,30,2,1,5,1,2,71.0,38.4,89.1,22.5
3798,0,2,0,3,0,1,70.0,4,0,0,1,1,0,0,0,0,66.7,4,3,4,4,0,1,0,0,22,1,0,0,0,0,0,0,1,0,0,46,2,2,1,1,1,69.2,37.6,81.6,29.9
3799,3,2,1,0,0,0,40.0,3,0,0,1,0,0,0,0,0,33.3,2,2,2,4,0,1,0,1,0,1,0,0,0,0,0,1,0,1,0,2,3,1,4,5,1,50.2,25.9,67.5,27.9
3800,2,3,1,0,0,0,40.0,2,0,0,0,0,0,0,0,1,33.3,4,1,2,3,1,0,1,0,64,0,1,0,0,0,42,0,1,1,0,18,5,3,5,2,3,46.4,20.4,45.6,31.8
3801,2,1,0,0,3,0,43.3,2,0,0,0,0,0,1,0,0,33.3,5,2,3,4,1,1,0,0,52,0,0,0,1,0,20,0,0,0,1,0,1,1,2,4,1,48.7,26.2,67.3,32.6
3802,0,3,0,0,1,2,61.7,3,0,1,0,0,0,1,0,1,100.0,4,4,3,4,0,0,1,1,10,0,1,0,0,0,42,1,0,1,0,2,5,4,2,5,2,13.9,0.1,23.4,82.6
3803,3,0,0,2,1,0,63.3,3,1,0,1,1,0,0,0,0,100.0,2,2,4,2,0,1,0,0,22,1,0,1,0,0,0,0,1,1,0,18,3,1,2,2,1,70.0,38.0,77.8,31.8
3804,2,1,0,0,0,3,63.3,4,0,0,1,1,1,0,0,0,100.0,4,3,1,2,0,1,1,0,56,1,1,0,0,0,14,0,0,1,0,0,5,3,5,1,3,41.2,16.9,36.7,52.4
3805,1,3,0,2,0,0,60.0,3,0,1,1,0,0,1,0,0,100.0,2,2,3,3,0,1,1,0,56,1,0,0,0,0,0,0,1,0,0,46,3,1,5,1,4,72.5,49.1,79.4,40.4
3806,3,1,2,0,0,0,40.0,3,0,0,0,0,0,1,0,1,66.7,4,3,4,4,1,1,0,0,52,0,0,1,0,1,0,1,0,1,0,2,2,4,4,4,3,40.0,5.2,60.1,40.8
3807,2,0,3,1,0,0,63.3,3,0,1,0,1,0,1,0,0,100.0,2,4,2,4,0,1,0,0,22,0,0,0,0,1,0,1,1,0,0,76,1,2,5,2,2,77.8,61.8,76.5,42.8
3808,0,1,3,0,0,2,65.0,2,0,0,0,1,0,1,1,0,100.0,4,4,1,4,0,1,0,0,22,0,1,0,0,0,42,0,0,1,0,0,2,3,5,4,4,8.0,1.4,13.3,78.2
3809,2,3,0,1,0,0,60.0,4,0,0,0,0,0,1,0,0,33.3,5,4,4,4,0,1,0,1,0,0,0,1,0,1,0,1,0,0,0,30,5,2,1,2,2,47.7,22.4,66.7,38.5
3810,2,0,1,0,3,0,55.0,1,1,1,0,0,0,0,0,0,66.7,2,2,4,1,0,0,0,1,0,1,0,0,0,1,0,0,1,0,0,46,1,3,4,2,3,66.8,30.1,68.8,24.4
3811,3,1,2,0,0,0,40.0,3,1,0,0,0,1,1,0,0,100.0,2,2,4,1,0,1,0,0,22,1,1,0,0,0,14,1,0,1,0,2,3,1,4,4,4,31.2,15.8,43.3,54.9
3812,0,0,3,2,0,1,61.7,1,1,0,1,0,0,1,0,0,100.0,4,3,2,3,0,0,0,1,0,1,1,0,0,0,14,0,1,0,1,18,1,2,5,4,2,38.8,13.5,49.2,53.5
3813,3,1,2,0,0,0,40.0,3,0,0,1,0,0,0,0,0,33.3,2,2,3,2,0,1,0,1,0,1,1,0,0,0,14,0,1,0,0,46,2,1,1,1,3,60.3,36.3,67.5,23.2
3814,2,0,1,0,3,0,55.0,3,0,1,0,0,0,1,0,0,66.7,2,2,4,1,0,1,0,0,22,0,1,0,0,0,42,1,0,0,0,30,5,1,5,4,1,52.1,41.5,55.6,49.6
3815,0,2,1,0,3,0,48.3,2,0,0,0,0,1,0,0,0,33.3,2,3,4,1,0,1,0,0,22,1,0,1,0,0,0,1,1,0,0,76,5,2,5,1,1,97.4,58.1,94.3,17.4
3816,0,0,2,1,0,3,61.7,1,1,0,0,0,0,0,1,0,66.7,4,3,1,4,0,1,0,0,22,1,1,0,0,0,14,1,0,1,0,2,2,3,4,4,1,42.4,6.9,50.8,48.1
3817,0,1,0,2,3,0,53.3,3,0,1,0,1,1,0,0,0,100.0,2,3,3,4,0,1,1,0,56,0,0,1,0,0,28,0,1,1,0,18,3,1,4,4,3,44.9,33.4,53.9,61.2
3818,3,2,1,0,0,0,40.0,3,0,0,0,0,0,0,0,1,33.3,2,2,3,3,0,1,0,0,22,1,1,0,0,0,14,1,0,0,1,2,5,1,1,2,1,63.8,31.4,72.6,23.2
3819,0,1,2,3,0,0,63.3,2,1,1,0,0,0,0,0,0,66.7,4,2,1,4,0,1,0,0,22,0,1,1,0,0,70,0,1,0,1,18,1,3,5,4,2,23.2,15.2,27.0,59.1
3820,0,0,1,3,0,2,61.7,3,0,0,0,0,0,1,0,1,66.7,4,4,2,2,0,1,0,0,22,1,0,0,0,0,0,1,0,0,0,30,2,3,1,2,4,44.4,15.9,46.3,47.8
3821,0,1,3,2,0,0,63.3,4,1,0,1,0,1,0,0,0,100.0,5,2,1,3,0,0,1,0,34,0,1,0,0,0,42,0,0,1,1,0,5,3,4,5,2,19.5,7.4,24.5,68.6
3822,1,0,3,0,0,2,65.0,5,0,0,1,0,0,0,0,0,33.3,5,4,4,3,1,1,0,0,52,0,0,1,0,0,28,1,0,0,0,30,3,1,4,5,3,38.1,32.8,50.2,55.6
3823,3,2,0,1,0,0,60.0,3,0,1,0,1,0,1,0,0,100.0,4,2,1,4,1,0,1,0,64,0,0,1,0,0,28,0,1,1,0,18,3,2,4,2,1,61.3,37.3,58.8,40.5
3824,1,2,3,0,0,0,40.0,3,0,0,0,0,1,0,1,0,66.7,1,2,3,2,1,0,0,1,6,1,0,0,1,0,0,1,0,0,1,2,2,2,5,4,1,54.7,23.1,69.0,26.9
3825,0,3,2,1,0,0,63.3,3,0,0,0,0,1,0,0,0,33.3,1,3,1,3,1,0,0,1,6,1,0,0,0,1,0,0,1,0,0,46,2,4,4,2,4,52.8,22.2,53.7,34.5
3826,1,2,0,3,0,0,60.0,3,0,1,0,1,0,0,0,0,66.7,4,2,3,3,0,1,0,0,22,1,0,0,0,0,0,1,1,0,0,76,2,3,1,4,1,73.9,52.6,85.5,26.8
3827,0,0,3,1,2,0,55.0,3,1,1,0,0,0,0,1,0,100.0,4,2,2,2,0,0,1,0,34,0,1,1,0,0,70,1,0,1,0,2,1,4,4,4,2,17.1,5.2,15.0,60.4
3828,0,1,3,0,2,0,48.3,3,0,1,0,0,1,0,0,0,66.7,1,3,4,4,0,1,0,1,0,0,1,0,0,0,42,1,0,0,1,2,1,2,5,5,4,22.6,9.6,36.1,62.7
3829,3,0,0,1,0,2,73.3,4,1,1,0,0,0,0,1,0,100.0,5,2,3,2,0,0,0,1,0,1,0,0,0,0,0,1,1,0,0,76,5,1,4,2,1,72.6,53.8,73.0,37.6
3830,0,1,0,3,0,2,70.0,4,0,1,1,1,0,0,0,0,100.0,5,3,1,3,0,1,0,0,22,1,0,0,0,0,0,1,0,0,1,2,5,2,4,5,1,33.0,17.7,40.4,57.6
3831,1,0,2,3,0,0,63.3,2,1,0,0,0,0,0,0,0,33.3,5,1,3,4,0,0,1,0,34,0,0,0,1,1,0,1,1,0,0,76,5,4,4,2,1,83.0,48.1,88.4,6.6
3832,3,1,0,0,0,2,63.3,3,0,0,1,0,0,0,0,0,33.3,5,3,3,4,1,0,0,0,30,1,0,0,0,1,0,1,0,1,0,2,5,2,5,4,3,34.0,9.3,59.6,41.1
3833,3,0,0,2,0,1,73.3,3,0,0,0,0,1,1,0,0,66.7,4,4,2,3,1,0,0,0,30,0,0,0,1,0,20,1,0,1,0,2,2,3,2,4,1,38.6,13.7,44.8,54.4
3834,2,0,1,3,0,0,63.3,5,1,0,0,0,0,0,0,0,33.3,2,4,1,4,0,1,0,1,0,0,1,1,0,0,70,1,0,1,0,2,2,3,4,4,2,18.9,7.0,20.4,63.2
3835,0,3,0,2,1,0,53.3,3,0,0,1,0,0,1,0,0,66.7,5,3,2,4,0,1,0,0,22,0,1,1,0,0,70,0,0,1,0,0,2,3,4,4,4,4.4,0.0,12.0,69.0
3836,2,3,0,0,1,0,43.3,3,1,0,1,0,1,0,0,0,100.0,4,1,2,4,0,1,0,0,22,1,0,0,0,0,0,1,1,0,0,76,3,4,2,1,3,70.7,33.0,67.3,30.8
3837,2,0,0,1,0,3,73.3,4,1,1,0,0,0,0,0,0,66.7,5,2,4,4,0,1,0,1,0,1,0,1,0,0,0,0,0,0,1,0,2,2,5,2,1,47.0,10.3,70.1,29.1
3838,3,2,1,0,0,0,40.0,1,1,1,0,0,0,0,1,0,100.0,5,2,3,1,0,1,0,1,0,0,1,1,0,0,70,1,0,0,1,2,5,2,1,1,3,13.5,1.6,14.4,62.7
3839,1,2,0,0,3,0,43.3,3,0,0,0,0,1,0,0,0,33.3,2,2,3,4,0,1,1,0,56,1,0,0,0,0,0,0,0,0,1,0,3,3,1,1,2,62.7,25.5,79.4,17.5
3840,1,2,0,3,0,0,60.0,1,0,1,0,0,0,1,0,1,100.0,4,1,3,4,0,1,1,0,56,1,0,0,0,0,0,1,1,0,0,76,2,1,1,2,3,80.1,58.2,91.6,24.5
3841,2,0,3,0,0,1,65.0,5,0,0,0,1,0,1,1,0,100.0,2,4,1,2,0,1,1,0,56,1,0,0,0,0,0,0,1,1,0,18,1,4,2,2,2,62.7,34.1,50.1,50.3
3842,0,0,1,0,2,3,61.7,4,0,0,0,0,1,0,1,0,66.7,5,3,3,4,0,1,0,1,0,1,0,0,0,0,0,0,0,1,0,0,2,3,4,5,4,17.8,0.0,42.2,50.7
3843,1,3,0,2,0,0,60.0,1,0,0,0,0,1,0,0,1,66.7,2,4,1,4,0,1,0,0,22,0,0,1,0,0,28,1,1,0,0,76,2,3,5,1,1,76.5,54.1,64.9,42.8
3844,1,2,0,0,0,3,63.3,3,0,0,1,1,0,0,0,0,66.7,4,4,1,1,0,1,0,0,22,0,0,1,0,0,28,1,0,0,0,30,2,2,4,4,2,42.1,27.2,33.2,57.7
3845,1,3,2,0,0,0,40.0,4,0,0,1,0,0,0,0,0,33.3,4,2,1,3,0,1,1,0,56,0,1,0,0,0,42,1,0,1,0,2,1,3,2,2,3,37.2,15.3,37.9,36.1
3846,2,0,0,3,0,1,73.3,1,1,1,0,1,0,0,0,0,100.0,2,2,4,3,0,1,1,0,56,0,1,0,1,0,62,1,0,0,0,30,2,2,1,4,2,45.2,48.3,47.2,62.7
3847,0,1,2,3,0,0,63.3,3,0,0,0,0,0,1,0,0,33.3,2,1,4,1,1,0,0,0,30,0,1,1,0,0,70,1,1,0,0,76,3,1,4,1,4,64.2,52.1,56.4,37.6
3848,2,0,1,3,0,0,63.3,3,0,0,0,0,1,0,0,0,33.3,4,2,4,4,0,1,0,0,22,1,0,0,1,0,0,0,1,0,0,46,3,2,4,5,1,61.7,37.6,84.2,28.0
3849,1,3,0,0,2,0,43.3,3,0,0,0,1,0,0,0,0,33.3,4,4,1,3,1,0,0,1,6,0,0,1,0,0,28,1,1,0,0,76,2,3,4,1,3,60.7,35.6,52.2,30.7
3850,0,0,3,0,2,1,61.7,4,0,1,0,0,0,0,0,0,33.3,5,4,1,3,1,0,0,1,6,0,1,0,0,0,42,1,0,1,0,2,5,3,5,5,2,13.3,1.9,18.3,63.3
3851,1,0,2,3,0,0,63.3,2,1,0,0,0,0,0,1,0,66.7,2,3,4,1,1,1,0,0,52,0,0,1,0,0,28,1,1,0,0,76,5,3,2,4,3,70.1,56.1,56.2,52.6
3852,2,3,0,1,0,0,60.0,1,1,0,0,0,0,1,0,0,66.7,1,2,3,1,1,1,0,0,52,1,0,0,0,0,0,1,0,0,0,30,3,4,4,1,2,76.4,27.8,72.2,28.6
3853,0,0,1,0,3,2,61.7,1,0,1,0,0,1,1,0,0,100.0,4,1,3,4,1,1,0,0,52,0,1,0,0,0,42,0,1,0,0,46,5,4,4,1,4,40.3,27.6,43.2,52.3
3854,0,3,0,1,2,0,53.3,1,0,0,0,0,0,1,0,0,33.3,4,4,3,1,1,0,0,0,30,1,0,0,0,0,0,1,0,1,0,2,1,2,4,5,3,33.4,11.0,45.3,44.6
3855,0,0,2,0,1,3,61.7,1,0,0,0,0,0,0,1,0,33.3,5,4,1,4,0,0,0,1,0,1,0,0,0,0,0,1,0,1,0,2,5,3,2,2,4,31.1,0.0,43.6,48.3
3856,2,3,1,0,0,0,40.0,3,0,1,0,0,0,0,0,1,66.7,5,3,2,4,0,1,0,0,22,0,1,1,0,0,70,0,0,1,0,0,1,4,5,2,2,19.0,1.9,26.3,51.0
3857,1,0,3,0,0,2,65.0,3,0,1,0,0,1,0,1,0,100.0,5,3,3,4,0,1,0,0,22,0,1,0,0,1,0,0,1,0,1,18,5,4,5,5,2,32.7,8.7,45.1,60.9
3858,0,2,3,0,0,1,65.0,3,0,0,0,1,1,1,0,0,100.0,4,3,1,4,1,1,0,0,52,1,0,0,0,0,0,1,1,0,0,76,2,3,2,2,2,75.9,54.5,70.4,41.0
3859,3,0,0,0,1,2,71.7,3,0,0,0,0,1,0,0,0,33.3,4,2,1,4,1,1,0,0,52,0,0,1,0,0,28,1,1,0,0,76,2,2,4,4,2,73.0,57.9,66.9,32.8
3860,3,1,0,0,2,0,43.3,3,0,0,0,1,0,0,0,0,33.3,4,3,3,4,1,1,0,0,52,1,0,1,0,0,0,0,1,0,0,46,5,3,1,2,3,63.8,35.4,70.3,29.7
3861,3,2,0,0,1,0,43.3,2,1,0,0,1,0,0,0,0,66.7,4,2,3,4,1,1,0,0,52,1,0,1,0,0,0,0,1,0,0,46,3,3,5,1,1,82.8,38.2,86.1,18.0
3862,0,1,0,0,3,2,61.7,5,1,0,0,0,0,0,0,0,33.3,4,3,2,4,1,0,0,1,6,0,1,0,0,0,42,1,0,1,0,2,1,1,5,4,1,38.6,19.1,52.2,41.5
3863,2,0,3,0,0,1,65.0,1,0,0,0,1,0,0,0,0,33.3,4,2,4,2,0,0,0,1,0,1,0,0,0,0,0,1,0,0,0,30,3,2,4,2,1,65.7,23.8,77.2,19.8
3864,2,3,0,1,0,0,60.0,1,0,1,0,0,0,0,0,0,33.3,1,2,2,2,0,1,1,0,56,1,0,0,0,1,0,1,1,0,0,76,2,2,4,2,1,100.0,67.0,91.9,13.1
3865,2,3,0,1,0,0,60.0,4,0,0,0,1,0,1,1,0,100.0,2,4,3,4,0,1,0,0,22,0,0,1,0,0,28,1,0,0,1,2,1,3,5,2,1,48.2,18.7,57.7,54.4
3866,3,2,0,0,1,0,43.3,5,1,1,0,0,0,0,1,0,100.0,2,2,3,4,0,0,0,1,0,0,1,0,0,0,42,0,0,1,0,0,2,3,4,5,2,24.0,7.8,40.8,57.3
3867,0,1,0,3,2,0,53.3,4,0,0,0,0,0,0,0,1,33.3,2,2,3,3,1,0,0,0,30,0,0,1,0,1,0,1,0,0,1,2,3,1,2,2,1,68.0,33.0,82.7,20.9
3868,2,0,1,3,0,0,63.3,1,0,0,1,0,0,1,1,0,100.0,2,3,3,3,0,0,1,0,34,1,0,0,0,1,0,0,0,0,1,0,2,1,1,2,2,58.0,24.5,64.5,44.7
3869,2,3,1,0,0,0,40.0,3,0,0,0,0,0,1,0,0,33.3,4,4,3,4,0,0,0,1,0,1,0,0,0,1,0,0,0,1,1,0,3,4,5,2,2,36.8,0.0,59.2,33.1
3870,2,0,3,0,0,1,65.0,2,1,0,0,0,0,0,0,0,33.3,5,3,3,4,1,0,1,0,64,0,0,1,0,0,28,0,1,1,0,18,5,3,5,5,2,42.6,29.1,50.5,53.3
3871,3,1,2,0,0,0,40.0,3,1,0,1,0,0,0,1,0,100.0,1,2,1,4,1,0,1,0,64,1,0,0,1,0,0,1,1,0,0,76,3,3,5,1,4,83.0,56.7,66.7,34.5
3872,3,1,0,0,0,2,63.3,3,0,0,0,1,0,0,0,1,66.7,4,2,3,3,0,1,0,0,22,1,0,1,0,0,0,1,0,0,0,30,2,2,5,1,1,66.4,30.9,72.7,23.4
3873,3,0,0,1,0,2,73.3,5,1,0,0,0,1,0,0,0,66.7,4,4,1,1,0,1,1,0,56,1,1,0,0,0,14,0,1,0,0,46,1,1,5,5,4,43.1,47.3,35.4,63.3
3874,0,0,1,2,3,0,55.0,5,0,0,0,0,0,0,0,1,33.3,4,3,4,4,0,1,0,1,0,0,1,1,0,0,70,0,0,1,0,0,1,2,1,4,3,14.4,6.7,30.0,58.2
3875,2,3,1,0,0,0,40.0,3,0,1,1,0,0,0,0,0,66.7,4,2,2,4,1,0,0,0,30,0,0,0,0,1,0,0,1,0,0,46,2,2,4,2,3,63.6,33.8,73.9,25.2
3876,3,0,2,1,0,0,63.3,4,0,1,0,1,0,0,0,0,66.7,2,3,3,3,1,0,0,0,30,1,0,0,1,0,0,1,0,0,0,30,3,3,1,4,3,55.3,29.4,61.5,44.5
3877,0,0,0,3,1,2,55.0,5,1,0,0,0,0,0,1,1,100.0,5,4,4,4,0,1,0,0,22,0,1,1,0,0,70,0,0,1,1,0,5,4,4,2,2,12.5,1.7,23.3,73.4
3878,3,2,1,0,0,0,40.0,5,0,0,1,1,0,0,0,0,66.7,2,3,4,1,0,1,0,1,0,1,0,0,0,0,0,0,0,1,1,0,3,2,1,5,1,44.2,16.0,55.8,46.8
3879,0,2,0,3,0,1,70.0,3,1,0,1,0,0,0,0,0,66.7,1,2,4,4,0,1,0,0,22,0,0,1,0,0,28,1,1,0,0,76,2,4,2,2,1,74.4,51.9,77.3,32.5
3880,0,0,3,2,0,1,61.7,5,0,1,1,0,0,0,0,0,66.7,5,4,1,4,1,1,0,0,52,0,1,0,0,0,42,1,0,0,0,30,5,3,2,4,3,29.0,26.8,36.4,64.3
3881,0,1,0,0,3,2,61.7,4,0,0,0,0,0,0,1,1,66.7,4,3,3,2,0,1,0,0,22,0,1,1,0,0,70,0,0,1,0,0,5,4,4,5,3,5.7,0.0,10.9,74.8
3882,3,2,1,0,0,0,40.0,2,0,1,0,0,0,0,0,0,33.3,2,2,4,3,1,0,0,0,30,1,0,1,0,0,0,1,0,0,1,2,3,1,5,1,1,72.0,32.3,90.2,17.1
3883,2,3,0,0,1,0,43.3,3,0,0,0,0,0,1,0,0,33.3,4,4,3,4,0,1,0,0,22,0,1,0,0,1,0,1,0,1,0,2,3,3,5,5,3,27.8,6.7,49.9,50.1
3884,0,2,0,0,3,1,61.7,3,0,1,0,1,0,0,1,0,100.0,5,1,3,3,0,1,1,0,56,0,0,1,0,0,28,1,1,0,0,76,1,2,4,1,2,73.5,58.8,79.3,30.1
3885,1,0,2,0,3,0,55.0,2,0,0,0,1,1,0,1,0,100.0,4,3,3,3,1,0,1,0,64,0,1,0,1,0,62,1,0,0,0,30,5,1,5,2,4,34.5,33.5,33.0,73.9
3886,3,0,2,1,0,0,63.3,4,0,0,1,1,0,1,0,0,100.0,1,2,4,2,1,0,0,0,30,1,0,0,0,0,0,1,1,0,0,76,2,3,5,1,1,98.4,64.0,93.6,28.1
3887,2,0,1,3,0,0,63.3,3,0,0,0,0,1,1,0,0,66.7,1,3,3,4,0,1,0,1,0,0,1,0,1,0,62,0,0,1,0,0,5,4,4,1,2,33.6,2.1,34.5,54.9
3888,2,3,0,0,0,1,63.3,3,1,0,0,1,0,1,0,0,100.0,4,1,1,1,0,1,0,0,22,0,0,0,0,1,0,0,1,0,1,18,3,1,4,5,3,39.7,26.9,44.5,46.1
3889,2,3,0,1,0,0,60.0,2,0,1,0,1,1,0,0,0,100.0,2,4,4,3,1,0,0,0,30,0,0,1,0,0,28,1,1,0,0,76,3,4,5,2,3,61.4,42.4,53.8,57.4
3890,1,0,2,3,0,0,63.3,1,1,0,0,0,1,1,0,0,100.0,4,2,3,4,1,1,0,0,52,0,0,1,1,0,48,0,1,0,0,46,3,4,4,5,2,37.7,34.3,40.5,71.1
3891,2,1,3,0,0,0,40.0,3,0,0,0,1,0,0,1,0,66.7,4,4,4,3,1,1,0,0,52,0,0,0,1,0,20,1,0,1,0,2,3,2,5,4,1,42.8,25.1,56.8,48.4
3892,3,0,1,0,2,0,55.0,2,0,0,1,0,1,0,0,0,66.7,4,1,2,2,0,1,1,0,56,0,0,1,0,0,28,1,1,0,0,76,5,3,1,5,2,65.3,56.1,59.6,38.0
3893,1,3,2,0,0,0,40.0,1,0,0,0,0,0,0,1,0,33.3,2,3,3,3,1,0,0,0,30,1,0,0,0,0,0,1,1,0,0,76,3,2,5,1,1,93.5,58.3,91.7,16.5
3894,2,1,3,0,0,0,40.0,3,0,0,1,1,0,0,1,0,100.0,4,4,2,2,1,1,0,0,52,0,0,1,0,0,28,1,1,0,0,76,1,4,5,2,1,70.7,52.8,59.6,48.2
3895,1,2,0,0,0,3,63.3,2,0,0,1,0,0,0,0,0,33.3,1,2,2,4,0,1,1,0,56,0,1,0,0,0,42,0,0,0,1,0,2,3,5,5,2,46.7,22.0,51.6,47.5
3896,0,3,1,0,0,2,65.0,5,0,1,0,1,0,0,0,1,100.0,5,4,1,3,1,1,0,0,52,0,1,1,0,0,70,0,1,1,0,18,2,1,1,4,1,32.9,35.7,27.0,79.6
3897,2,3,1,0,0,0,40.0,2,0,1,1,0,0,0,1,0,100.0,4,3,4,2,0,1,0,0,22,1,0,1,0,0,0,1,0,0,0,30,3,3,5,2,1,63.0,26.2,66.8,36.1
3898,0,0,1,3,2,0,55.0,5,1,0,1,0,0,0,0,1,100.0,5,4,4,1,0,1,0,0,22,0,1,0,0,0,42,0,0,1,1,0,5,4,4,1,3,17.8,0.0,18.3,65.8
3899,3,2,1,0,0,0,40.0,1,1,0,1,0,0,0,0,1,100.0,2,1,3,3,0,1,1,0,56,1,0,0,0,0,0,1,1,0,0,76,5,3,2,5,1,83.5,64.5,78.9,31.6
3900,0,0,1,0,3,2,61.7,2,0,0,0,1,1,1,0,0,100.0,5,3,2,2,1,1,0,0,52,0,1,0,0,0,42,1,0,1,0,2,1,4,2,2,4,19.9,0.0,22.2,61.7
3901,2,1,0,0,0,3,63.3,3,1,0,0,0,0,0,0,0,33.3,5,3,1,3,0,1,1,0,56,0,1,1,0,0,70,1,0,0,0,30,2,4,5,4,4,19.9,14.9,12.1,57.6
3902,0,1,2,0,0,3,65.0,3,1,0,0,0,0,0,1,1,100.0,2,1,1,2,0,1,0,1,0,1,0,0,0,0,0,1,0,0,1,2,5,2,5,4,2,39.2,14.5,42.9,43.7
3903,2,0,3,0,1,0,55.0,2,1,0,0,1,0,1,0,0,100.0,4,4,3,3,1,1,0,0,52,1,0,0,0,0,0,1,0,0,0,30,3,2,1,5,4,41.3,24.4,41.6,67.7
3904,2,3,1,0,0,0,40.0,3,0,0,0,1,0,0,1,0,66.7,2,4,3,3,1,1,0,0,52,0,1,0,1,0,62,1,0,0,0,30,1,3,5,2,2,50.7,39.8,46.7,52.5
3905,0,1,3,2,0,0,63.3,4,0,0,0,0,0,0,0,1,33.3,5,3,1,3,0,1,0,0,22,0,1,0,0,0,42,0,0,1,0,0,5,4,2,4,2,18.7,1.9,22.7,54.1
3906,0,1,0,0,2,3,61.7,3,0,0,0,0,0,1,0,0,33.3,2,2,1,1,0,1,0,1,0,1,0,0,1,0,0,1,0,0,1,2,5,3,2,2,1,56.1,14.3,57.8,22.7
3907,3,2,1,0,0,0,40.0,2,0,0,1,0,0,0,0,0,33.3,1,2,1,3,0,1,1,0,56,1,0,0,0,0,0,1,0,0,1,2,3,2,2,2,1,76.4,35.9,78.4,19.9
3908,2,3,1,0,0,0,40.0,4,0,0,0,0,0,0,1,1,66.7,2,2,3,4,0,1,0,0,22,0,0,0,1,1,0,1,1,0,0,76,1,3,4,1,3,84.1,47.9,83.7,20.0
3909,2,1,3,0,0,0,40.0,4,0,0,1,0,0,0,0,0,33.3,2,3,3,4,0,1,0,0,22,0,1,1,0,0,70,1,0,1,0,2,3,4,5,1,4,22.5,1.1,25.8,53.6
3910,0,0,0,3,2,1,55.0,5,0,1,0,0,0,0,0,0,33.3,4,4,1,4,0,1,0,0,22,0,1,0,0,0,42,1,0,1,0,2,5,3,2,2,3,29.0,9.9,32.9,58.0
3911,0,0,1,2,0,3,61.7,3,0,1,0,0,0,1,0,0,66.7,2,4,3,1,0,1,0,0,22,0,0,1,0,0,28,1,1,0,0,76,3,2,5,5,2,55.5,52.2,47.1,59.4
3912,0,3,1,0,2,0,48.3,1,0,0,0,1,0,0,0,0,33.3,1,1,3,3,1,0,0,1,6,1,0,0,0,0,0,1,0,0,1,2,1,4,2,5,1,51.8,4.6,65.6,22.5
3913,1,3,0,0,0,2,63.3,1,0,1,0,1,0,0,0,0,66.7,2,1,3,1,0,0,1,1,10,1,0,0,0,1,0,1,0,0,0,30,3,3,5,2,1,71.1,32.6,66.8,20.9
3914,0,0,2,0,3,1,61.7,3,1,0,1,0,1,0,0,0,100.0,4,4,1,1,1,0,0,0,30,1,0,0,0,0,0,1,0,1,0,2,2,3,5,2,2,42.9,6.2,34.4,53.1
3915,1,0,3,0,0,2,65.0,3,0,0,0,1,0,0,0,1,66.7,4,4,3,3,1,1,0,0,52,1,0,0,0,1,0,1,0,0,1,2,1,1,4,1,1,64.8,33.0,76.8,34.8
3916,1,3,2,0,0,0,40.0,1,0,0,1,0,0,0,0,0,33.3,5,3,3,3,1,1,0,0,52,1,0,0,1,0,0,1,1,0,0,76,3,3,5,1,1,86.6,52.5,85.1,18.4
3917,0,2,3,0,1,0,48.3,3,0,0,0,1,1,0,0,0,66.7,4,2,3,1,1,1,0,0,52,1,0,0,0,1,0,1,0,1,0,2,2,1,4,2,1,69.0,32.0,78.3,23.6
3918,3,2,0,0,1,0,43.3,2,0,0,0,0,0,0,1,0,33.3,5,3,4,3,1,0,0,0,30,0,0,1,0,0,28,0,1,1,0,18,2,2,4,4,1,44.5,22.9,62.8,37.1
3919,2,0,0,1,0,3,73.3,2,0,1,0,1,0,1,0,0,100.0,4,2,4,4,0,1,0,0,22,1,0,0,0,0,0,1,0,0,1,2,2,4,2,1,1,49.2,2.8,63.6,36.0
3920,0,2,3,0,1,0,48.3,4,0,0,0,0,0,1,0,0,33.3,4,2,1,3,0,0,0,1,0,1,0,1,0,0,0,1,0,1,0,2,3,4,4,4,2,34.0,0.0,44.7,28.2
3921,2,3,1,0,0,0,40.0,4,1,1,0,0,0,1,0,0,100.0,5,3,2,4,0,1,0,0,22,1,0,0,0,0,0,0,0,1,0,0,3,3,5,5,1,35.1,10.2,48.9,54.5
3922,0,0,3,1,2,0,55.0,3,1,0,0,1,0,1,0,0,100.0,2,1,4,4,0,1,0,1,0,0,0,0,0,1,0,1,1,0,0,76,3,4,4,5,2,62.7,38.5,78.3,35.5
3923,1,0,3,2,0,0,63.3,2,0,0,0,1,0,0,1,0,66.7,4,3,4,2,0,1,0,0,22,0,0,1,0,0,28,1,0,1,0,2,3,4,4,5,4,11.8,0.0,23.7,68.2
3924,3,1,0,0,0,2,63.3,5,1,0,0,0,0,0,0,0,33.3,5,3,1,2,1,0,1,0,64,0,1,0,0,0,42,0,0,1,0,0,5,4,4,5,4,15.5,6.6,10.9,62.2
3925,0,0,3,2,0,1,61.7,3,0,0,0,1,0,0,0,0,33.3,2,3,3,2,0,1,0,0,22,0,1,1,0,0,70,0,0,1,0,0,5,3,4,4,3,13.9,12.6,15.9,62.1
3926,3,1,2,0,0,0,40.0,3,0,0,0,1,0,0,0,1,66.7,2,2,3,4,0,1,0,1,0,1,0,0,1,0,0,1,1,0,0,76,3,1,1,2,1,86.8,61.2,97.2,20.3
3927,3,1,0,2,0,0,60.0,2,0,1,0,1,0,1,0,0,100.0,5,3,3,4,0,0,1,1,10,0,0,0,1,0,20,1,0,0,1,2,1,2,2,2,1,44.2,13.6,59.6,43.2
3928,1,0,3,2,0,0,63.3,4,0,0,1,0,1,0,0,1,100.0,5,3,3,4,1,1,0,0,52,0,1,1,0,0,70,1,0,1,0,2,5,4,4,4,1,21.3,18.8,25.2,77.3
3929,3,1,2,0,0,0,40.0,3,0,0,1,1,0,1,0,0,100.0,4,1,4,2,1,0,1,0,64,0,0,0,0,1,0,1,1,0,0,76,2,3,2,4,1,83.4,65.4,87.1,25.1
3930,1,3,0,0,0,2,63.3,4,1,0,0,0,0,0,0,0,33.3,2,3,1,4,1,0,1,0,64,0,1,1,0,0,70,1,0,0,0,30,1,2,4,1,1,59.9,54.6,52.8,39.1
3931,2,3,1,0,0,0,40.0,3,0,0,0,1,0,1,0,1,100.0,4,4,1,3,1,0,0,0,30,0,0,0,0,1,0,1,1,0,0,76,3,2,5,5,3,54.6,44.2,53.4,54.9
3932,0,3,2,0,0,1,65.0,3,0,1,0,1,1,0,0,0,100.0,2,4,4,4,1,0,1,0,64,0,0,1,0,0,28,1,1,0,0,76,1,4,5,2,3,68.8,58.1,65.1,57.4
3933,3,1,2,0,0,0,40.0,3,0,0,0,1,0,0,0,0,33.3,1,1,3,1,1,0,1,0,64,1,0,0,0,1,0,1,1,0,0,76,2,1,4,2,1,100.0,83.4,94.7,4.5
3934,3,1,2,0,0,0,40.0,3,0,0,1,1,0,1,0,0,100.0,5,3,3,1,1,0,0,0,30,0,1,1,0,0,70,0,1,0,1,18,3,2,2,2,1,35.9,28.7,32.1,61.1
3935,0,1,0,2,3,0,53.3,5,0,1,0,0,0,0,0,0,33.3,2,4,1,1,0,1,0,0,22,1,0,1,0,0,0,1,0,0,0,30,2,3,5,1,1,70.8,32.4,64.4,23.3
3936,1,2,0,3,0,0,60.0,3,0,0,1,1,0,1,0,0,100.0,2,1,3,1,0,1,0,0,22,1,0,0,0,0,0,1,0,0,1,2,2,1,4,1,2,63.5,26.2,68.7,31.4
3937,0,3,1,0,0,2,65.0,4,0,0,0,0,1,1,0,0,66.7,1,3,3,3,0,1,0,1,0,1,0,0,0,0,0,0,0,0,1,0,2,4,1,4,2,40.1,3.5,51.6,43.8
3938,2,0,3,0,1,0,55.0,3,0,0,0,0,1,0,0,0,33.3,2,1,3,3,0,1,1,0,56,1,1,0,0,0,14,1,0,0,1,2,3,1,5,4,1,63.3,36.2,80.1,19.8
3939,3,0,0,1,2,0,63.3,4,0,0,0,1,0,0,1,0,66.7,2,2,2,4,0,1,0,1,0,1,0,1,0,0,0,1,1,0,0,76,1,3,1,2,1,80.8,47.1,83.8,19.1
3940,1,3,2,0,0,0,40.0,3,0,0,0,1,1,0,0,0,66.7,1,2,2,3,0,1,0,1,0,1,0,0,0,0,0,1,0,0,1,2,3,3,5,2,1,61.8,15.9,67.4,22.6
3941,2,0,3,1,0,0,63.3,3,1,0,0,0,1,0,0,0,66.7,2,3,4,3,0,1,0,0,22,0,0,0,0,1,0,0,0,1,0,0,5,4,2,5,4,23.9,0.0,42.7,56.8
3942,3,1,0,2,0,0,60.0,4,0,0,0,1,0,0,0,0,33.3,2,2,2,4,1,1,0,0,52,1,0,0,0,0,0,1,1,0,0,76,3,1,5,1,1,99.7,74.1,98.4,15.5
3943,3,2,1,0,0,0,40.0,2,0,0,1,0,1,0,0,0,66.7,5,1,1,4,0,1,1,0,56,1,0,0,1,0,0,0,1,1,0,18,2,2,5,4,1,60.8,28.7,69.1,26.8
3944,1,0,0,2,0,3,73.3,3,0,0,1,1,0,1,0,0,100.0,4,2,4,4,0,1,0,1,0,0,1,0,0,0,42,1,0,0,1,2,3,1,1,1,1,36.5,14.2,58.9,49.2
3945,2,3,0,0,1,0,43.3,2,0,0,0,0,0,1,0,1,66.7,2,3,3,3,1,1,0,0,52,1,0,1,0,0,0,1,0,1,0,2,2,2,5,2,1,64.8,28.1,76.1,27.3
3946,1,3,2,0,0,0,40.0,2,0,1,0,0,0,0,0,0,33.3,4,2,2,4,1,1,0,0,52,0,0,1,0,1,0,1,0,1,0,2,3,1,5,2,1,66.1,27.9,81.8,15.2
3947,0,0,3,1,2,0,55.0,3,0,1,0,0,1,0,0,0,66.7,5,4,2,4,1,0,0,0,30,1,1,0,0,0,14,0,0,1,0,0,1,4,2,2,2,32.2,0.0,39.5,46.2
3948,0,3,0,1,0,2,70.0,3,0,0,1,1,1,0,0,0,100.0,2,4,2,4,0,0,0,1,0,1,0,0,0,0,0,0,0,0,1,0,5,3,5,5,3,22.5,2.4,35.2,66.5
3949,3,2,0,0,1,0,43.3,3,0,0,0,1,0,0,0,0,33.3,4,1,4,2,1,0,0,1,6,1,0,0,0,1,0,1,0,1,0,2,2,2,5,2,1,60.6,14.0,76.7,9.8
3950,0,0,2,3,1,0,55.0,3,0,0,0,0,1,1,0,1,100.0,2,2,1,4,0,1,0,1,0,0,0,1,0,0,28,0,0,1,1,0,1,4,2,4,3,22.4,0.6,28.7,54.0
3951,0,2,1,3,0,0,63.3,4,1,0,0,0,0,0,1,0,66.7,5,4,1,3,0,0,0,1,0,0,1,0,0,0,42,1,0,0,0,30,3,2,2,5,1,31.9,27.0,38.1,62.0
3952,2,3,0,0,0,1,63.3,2,0,1,0,0,1,0,0,0,66.7,5,4,2,2,0,1,0,1,0,0,0,1,1,0,48,1,0,0,1,2,5,4,5,5,2,2.5,0.0,9.3,71.6
3953,1,2,0,0,0,3,63.3,3,0,0,1,1,0,0,0,0,66.7,2,3,3,1,1,0,1,0,64,1,0,0,1,0,0,1,0,0,0,30,3,3,4,1,1,83.2,44.7,77.1,29.3
3954,1,0,3,0,2,0,55.0,3,0,1,0,0,0,0,0,0,33.3,5,3,3,1,0,1,1,0,56,1,0,0,0,1,0,1,0,0,1,2,2,2,5,1,1,62.5,25.9,69.4,19.2
3955,0,1,0,2,3,0,53.3,3,0,0,0,0,0,1,0,0,33.3,5,4,1,4,0,1,0,0,22,0,1,0,0,0,42,0,0,1,0,0,2,2,2,4,1,32.6,18.0,36.3,51.6
3956,2,1,0,0,0,3,63.3,1,0,0,0,0,1,0,0,0,33.3,4,4,1,3,1,0,0,1,6,0,0,1,0,0,28,1,0,1,0,2,3,4,5,4,1,29.3,2.9,38.0,47.2
3957,3,1,2,0,0,0,40.0,4,0,0,0,1,0,0,0,0,33.3,4,3,3,2,0,1,1,0,56,0,1,1,0,0,70,1,0,1,0,2,5,1,5,1,1,44.8,30.0,45.7,46.6
3958,0,3,1,0,2,0,48.3,3,1,0,1,0,0,0,0,0,66.7,4,1,3,3,1,1,0,0,52,1,1,0,0,0,14,0,0,0,1,0,3,2,4,2,1,63.6,25.9,74.3,27.9
3959,2,0,0,3,0,1,73.3,3,0,0,0,1,0,0,0,1,66.7,2,1,4,4,1,1,0,0,52,1,0,0,0,0,0,0,1,0,0,46,2,3,5,1,3,74.9,42.5,81.6,19.9
3960,3,2,1,0,0,0,40.0,3,1,0,0,1,0,0,0,0,66.7,2,1,3,3,0,1,0,0,22,1,0,1,0,0,0,1,0,0,1,2,2,3,5,5,2,45.5,15.9,62.5,31.2
3961,1,0,3,0,2,0,55.0,5,0,1,0,0,0,1,0,0,66.7,2,3,2,2,0,0,1,0,34,1,0,1,0,0,0,1,0,0,0,30,1,2,1,2,1,71.6,41.4,72.6,26.0
3962,3,2,1,0,0,0,40.0,3,0,0,0,1,0,0,0,0,33.3,5,3,4,4,0,1,0,1,0,1,0,0,0,0,0,1,1,0,0,76,3,3,1,4,1,67.0,41.6,85.5,26.3
3963,3,1,2,0,0,0,40.0,3,0,1,0,0,0,0,0,0,33.3,4,3,2,4,0,1,1,0,56,1,1,0,0,0,14,1,1,0,0,76,2,2,4,5,3,65.6,54.0,71.5,39.4
3964,2,3,0,0,0,1,63.3,4,0,0,0,0,0,0,1,0,33.3,2,4,3,1,1,1,0,0,52,1,0,0,0,1,0,1,1,0,0,76,1,2,1,4,2,87.0,65.3,77.4,32.8
3965,3,0,0,1,0,2,73.3,4,1,0,0,0,1,1,0,0,100.0,5,4,3,4,0,1,0,1,0,1,0,1,0,0,0,0,1,1,0,18,1,4,4,4,2,32.0,5.9,48.5,54.7
3966,3,1,2,0,0,0,40.0,3,0,0,0,1,0,0,0,0,33.3,5,2,4,4,1,1,0,0,52,1,0,0,0,0,0,1,1,0,0,76,5,3,4,2,1,81.8,55.0,92.4,17.2
3967,2,0,1,0,0,3,65.0,2,0,1,1,1,0,0,0,0,100.0,2,3,2,3,0,1,1,0,56,0,1,0,0,0,42,0,0,0,1,0,1,4,1,4,4,21.2,9.4,24.9,67.8
3968,2,0,1,0,0,3,65.0,2,0,0,1,1,0,1,0,0,100.0,4,4,3,4,0,1,1,0,56,0,1,0,0,0,42,1,0,1,0,2,5,3,2,1,1,45.2,18.1,47.6,60.4
3969,3,2,1,0,0,0,40.0,3,1,0,0,0,0,0,0,0,33.3,2,3,2,4,1,0,1,0,64,0,1,1,0,0,70,1,1,0,0,76,3,3,5,2,2,74.5,65.3,57.8,43.5
3970,1,2,0,0,3,0,43.3,1,0,1,0,0,0,1,0,0,66.7,2,3,4,1,1,1,0,0,52,0,0,0,1,0,20,0,1,0,1,18,3,2,5,2,1,65.8,35.7,65.1,33.9
3971,0,2,0,0,1,3,61.7,5,0,1,1,0,0,1,0,0,100.0,1,4,4,1,0,0,1,1,10,0,0,0,0,1,0,1,1,0,0,76,1,3,4,1,1,86.8,60.2,82.9,35.9
3972,2,0,3,1,0,0,63.3,3,0,0,1,1,0,0,0,0,66.7,5,3,1,4,0,1,0,0,22,0,1,0,0,0,42,1,0,1,0,2,5,4,1,5,3,9.4,0.9,16.0,72.6
3973,3,2,1,0,0,0,40.0,3,0,0,0,1,0,0,1,0,66.7,4,2,3,3,1,1,0,0,52,0,0,1,0,0,28,1,1,0,0,76,1,3,4,2,1,74.8,60.7,79.9,25.5
3974,0,0,0,3,1,2,55.0,4,1,1,0,0,0,1,0,0,100.0,1,3,1,4,0,1,0,1,0,0,1,0,0,0,42,1,0,1,0,2,5,4,4,5,2,24.9,6.9,24.3,73.4
3975,2,3,0,1,0,0,60.0,5,0,0,0,1,0,0,0,0,33.3,5,2,2,3,0,1,0,1,0,0,1,0,0,0,42,0,1,0,0,46,1,4,2,1,4,29.8,13.3,36.2,33.2
3976,0,2,1,0,3,0,48.3,4,1,0,1,0,0,0,1,0,100.0,5,4,1,4,0,0,1,1,10,1,1,0,0,0,14,0,0,1,0,0,5,3,4,5,3,12.4,2.4,24.1,73.9
3977,2,1,0,3,0,0,60.0,3,0,0,0,1,0,0,0,0,33.3,2,3,2,3,0,1,0,0,22,1,0,0,0,0,0,1,1,0,0,76,3,2,1,1,1,89.6,61.0,89.4,20.1
3978,0,3,2,1,0,0,63.3,3,1,0,0,0,0,0,0,0,33.3,4,3,2,4,1,0,0,1,6,0,1,0,0,0,42,1,1,0,0,76,3,2,1,2,2,60.4,47.0,59.9,35.9
3979,2,3,0,1,0,0,60.0,3,1,1,0,0,0,1,0,0,100.0,4,2,1,4,1,0,0,0,30,0,0,1,0,1,0,1,0,1,0,2,2,2,1,1,2,56.2,18.6,62.5,32.9
3980,2,1,0,3,0,0,60.0,1,0,0,0,1,1,0,0,1,100.0,1,3,2,4,1,0,0,1,6,1,0,0,0,0,0,0,1,0,0,46,5,2,2,2,1,76.3,36.9,76.3,40.6
3981,0,3,1,0,0,2,65.0,3,0,0,0,0,0,0,1,0,33.3,5,4,4,4,0,1,0,0,22,0,1,0,0,0,42,1,0,1,0,2,5,4,2,5,2,7.6,1.7,32.8,68.8
3982,0,3,1,0,2,0,48.3,4,1,0,0,0,0,0,0,0,33.3,5,4,3,4,0,0,1,1,10,1,1,0,0,0,14,0,0,1,0,0,5,2,2,5,3,21.4,2.5,37.9,55.6
3983,0,2,3,0,0,1,65.0,4,1,0,0,0,0,0,0,0,33.3,5,1,2,4,0,1,0,1,0,0,1,0,0,0,42,1,0,0,1,2,5,4,5,5,2,15.0,0.0,36.2,43.7
3984,3,1,2,0,0,0,40.0,5,0,0,0,1,0,0,0,0,33.3,2,1,4,3,1,1,0,0,52,0,0,0,0,1,0,0,1,0,1,18,2,1,4,1,2,78.1,46.0,95.3,7.1
3985,1,2,3,0,0,0,40.0,4,0,0,0,0,0,1,1,1,100.0,1,3,2,2,1,1,0,0,52,1,0,0,0,0,0,1,0,0,0,30,5,2,2,2,3,70.1,39.6,62.7,45.2
3986,0,0,2,1,0,3,61.7,2,0,1,1,0,0,1,0,0,100.0,4,3,1,3,0,1,0,0,22,1,0,1,0,0,0,0,1,1,0,18,3,4,5,5,4,21.4,0.8,29.9,63.9
3987,1,0,3,0,2,0,55.0,4,0,0,0,0,0,1,1,1,100.0,2,3,4,1,1,0,0,1,6,1,0,0,0,1,0,0,1,0,0,46,3,3,1,2,2,60.3,32.6,62.5,44.9
3988,1,2,3,0,0,0,40.0,2,0,0,0,0,0,0,0,1,33.3,1,4,3,2,0,1,0,0,22,1,1,0,0,0,14,1,0,0,1,2,2,3,5,1,3,53.8,10.0,53.2,35.6
3989,3,0,1,0,0,2,65.0,5,1,0,0,0,0,1,0,0,66.7,4,3,2,4,0,1,0,0,22,0,1,1,0,0,70,0,0,1,0,0,3,4,5,4,3,5.7,1.7,10.7,72.2
3990,1,3,0,0,0,2,63.3,3,0,0,0,0,1,0,0,0,33.3,1,2,4,1,0,1,1,0,56,1,0,0,0,0,0,1,0,0,0,30,1,1,2,1,1,92.0,53.4,89.2,11.4
3991,3,2,0,0,1,0,43.3,1,0,1,0,0,0,0,0,0,33.3,4,3,2,4,0,1,0,0,22,1,0,0,0,0,0,1,1,0,0,76,3,1,2,4,2,78.0,51.1,83.5,25.7
3992,0,0,2,1,0,3,61.7,5,1,1,0,0,1,0,0,0,100.0,5,4,2,1,0,0,0,1,0,0,1,1,0,0,70,0,0,1,1,0,3,3,5,5,2,2.3,1.9,0.3,84.7
3993,3,1,2,0,0,0,40.0,3,0,1,0,1,0,0,0,0,66.7,5,2,4,4,1,1,0,0,52,0,1,0,0,0,42,1,0,0,1,2,3,2,5,2,1,41.5,24.2,61.7,37.1
3994,1,0,0,0,3,2,71.7,3,0,1,0,0,0,0,1,0,66.7,4,2,3,2,0,1,1,0,56,0,1,0,0,0,42,0,0,1,0,0,5,3,5,5,4,20.6,3.2,24.2,64.8
3995,2,0,3,0,0,1,65.0,4,0,0,0,1,1,0,0,0,66.7,2,3,3,4,1,1,0,0,52,0,1,1,0,0,70,0,0,1,1,0,2,4,5,5,2,23.8,17.1,30.5,71.2
3996,0,2,0,1,0,3,70.0,3,1,1,1,0,0,0,0,0,100.0,4,4,3,1,0,1,1,0,56,1,1,0,0,0,14,1,0,0,1,2,5,3,2,5,3,25.9,15.9,28.9,77.0
3997,2,1,0,0,0,3,63.3,3,0,1,0,0,1,1,0,0,100.0,4,3,4,3,0,0,1,0,34,0,0,1,0,0,28,1,1,0,0,76,3,2,5,2,2,62.8,55.1,66.1,47.2
3998,2,3,1,0,0,0,40.0,2,1,0,0,0,0,1,1,0,100.0,2,2,4,3,0,1,0,0,22,1,0,0,0,1,0,0,0,0,1,0,1,3,1,5,2,40.1,12.2,55.9,47.0
3999,3,2,0,0,0,1,63.3,2,0,1,0,0,0,0,0,0,33.3,2,2,3,4,0,1,0,0,22,1,0,0,0,0,0,0,1,0,0,46,2,3,1,1,1,76.6,42.2,86.8,13.7
4000,0,0,3,2,0,1,61.7,5,0,1,1,0,0,1,0,0,100.0,1,4,1,4,0,1,0,1,0,0,0,1,0,0,28,0,0,1,0,0,2,3,2,5,4,13.8,4.9,15.3,76.3
4001,3,2,1,0,0,0,40.0,3,1,0,0,0,0,0,1,0,66.7,4,2,1,4,1,1,0,0,52,0,1,1,0,0,70,0,1,0,0,46,1,3,5,2,4,38.0,32.3,33.4,45.8
4002,3,0,0,1,2,0,63.3,5,1,0,1,0,0,1,0,0,100.0,4,2,4,1,0,0,1,0,34,0,1,0,0,0,42,1,1,0,0,76,2,4,5,5,1,55.7,53.0,50.1,51.7
4003,1,3,0,0,0,2,63.3,5,0,0,0,1,0,0,0,0,33.3,5,4,1,3,0,1,0,1,0,0,1,0,0,0,42,1,0,0,0,30,2,3,4,5,1,29.9,17.8,33.3,54.0
4004,2,3,0,0,1,0,43.3,4,0,0,0,1,0,0,0,0,33.3,4,1,3,4,0,0,1,0,34,1,0,0,0,0,0,0,0,1,1,0,3,4,5,2,3,45.7,8.0,66.3,19.6
4005,0,3,0,0,1,2,61.7,4,1,0,0,0,0,0,0,0,33.3,5,4,1,3,0,1,0,0,22,0,1,0,0,0,42,1,1,0,0,76,1,4,4,5,4,39.3,38.1,31.3,56.8
4006,2,3,1,0,0,0,40.0,3,0,1,1,0,0,0,0,0,66.7,2,3,2,1,0,1,0,0,22,1,0,0,0,0,0,1,1,0,0,76,1,3,4,4,1,80.0,49.9,76.2,25.0
4007,0,2,3,0,0,1,65.0,5,1,0,0,1,0,0,0,1,100.0,5,3,4,4,0,1,0,0,22,0,1,0,0,0,42,1,0,1,0,2,5,3,5,4,2,21.0,5.6,32.1,68.9
4008,3,0,2,1,0,0,63.3,3,0,0,0,0,1,0,0,0,33.3,2,3,1,4,1,1,0,0,52,1,0,0,0,1,0,1,1,0,0,76,1,3,4,1,4,79.5,51.3,78.2,22.6
4009,3,2,0,0,0,1,63.3,2,0,0,0,1,0,0,0,1,66.7,4,3,1,3,0,1,0,0,22,0,1,0,0,0,42,0,0,1,1,0,1,2,1,2,3,32.5,5.7,30.3,49.1
4010,1,0,0,2,0,3,73.3,4,0,1,0,1,0,0,0,0,66.7,5,3,2,3,0,1,0,0,22,0,1,0,0,0,42,0,0,1,0,0,2,3,5,5,3,11.1,0.2,27.8,63.8
4011,3,0,2,0,0,1,65.0,4,0,0,0,0,1,0,0,1,66.7,4,3,1,4,0,1,0,0,22,0,1,0,0,0,42,1,0,1,0,2,5,4,2,4,3,20.1,3.1,22.0,62.3
4012,1,0,2,0,0,3,65.0,1,0,0,0,1,0,1,0,0,66.7,4,1,3,1,1,0,0,1,6,0,0,0,0,1,0,0,1,0,1,18,2,2,1,5,2,42.0,14.8,57.4,31.2
4013,3,0,2,0,0,1,65.0,2,0,1,0,0,1,0,0,0,66.7,4,4,3,4,0,0,0,1,0,1,0,0,0,0,0,0,0,1,1,0,3,4,1,1,3,36.7,0.0,48.9,46.6
4014,2,0,1,3,0,0,63.3,3,0,0,0,0,0,0,1,0,33.3,2,4,4,3,0,1,1,0,56,1,1,0,0,0,14,1,0,1,0,2,2,3,4,4,1,53.3,27.9,64.1,42.8
4015,0,0,3,0,1,2,61.7,1,0,1,0,0,0,1,0,0,66.7,1,4,1,3,1,1,0,0,52,0,0,0,0,1,0,0,0,0,1,0,2,2,4,4,1,59.6,32.5,58.7,48.6
4016,2,0,3,0,0,1,65.0,2,0,0,1,0,0,1,0,1,100.0,4,4,1,3,1,1,0,0,52,0,0,1,1,0,48,1,0,0,0,30,2,4,1,2,2,43.3,24.9,29.1,61.5
4017,2,1,0,0,0,3,63.3,5,1,1,0,0,0,0,0,0,66.7,5,3,3,2,0,1,0,0,22,0,1,0,0,0,42,0,0,1,1,0,3,3,4,5,1,19.0,12.7,37.0,57.9
4018,1,3,2,0,0,0,40.0,4,0,0,1,0,1,1,0,0,100.0,2,4,3,1,0,0,0,1,0,0,0,0,0,1,0,1,0,0,0,30,5,1,1,1,3,53.3,28.0,56.6,55.2
4019,0,2,3,1,0,0,63.3,3,0,0,1,0,1,0,0,1,100.0,5,3,2,4,1,1,0,0,52,0,0,1,0,0,28,1,1,0,0,76,1,2,4,4,2,59.0,51.2,58.5,50.1
4020,3,2,1,0,0,0,40.0,4,1,0,1,0,1,0,0,0,100.0,4,2,3,4,0,1,0,1,0,0,1,0,0,0,42,0,0,1,0,0,3,4,5,5,4,4.9,0.0,18.7,65.5
4021,3,2,1,0,0,0,40.0,4,0,1,1,1,0,0,0,0,100.0,5,4,3,4,0,1,0,0,22,0,1,0,0,0,42,0,0,1,0,0,1,3,5,4,2,19.4,7.3,33.8,67.4
4022,0,3,1,0,0,2,65.0,1,1,0,0,1,0,0,0,0,66.7,2,2,3,4,1,1,0,0,52,0,0,1,0,1,0,1,1,0,0,76,5,4,5,4,2,76.4,51.4,77.2,35.3
4023,2,3,1,0,0,0,40.0,3,0,0,0,0,0,1,0,1,66.7,5,2,1,1,0,1,1,0,56,0,0,1,0,0,28,1,1,0,0,76,3,1,4,2,4,64.2,51.7,51.2,36.7
4024,0,0,2,3,1,0,55.0,4,1,0,0,0,0,1,0,0,66.7,5,4,2,3,0,1,1,0,56,0,0,1,0,0,28,1,0,0,1,2,2,4,1,4,3,19.7,8.1,29.9,60.3
4025,3,1,0,0,0,2,63.3,2,0,1,0,1,1,0,0,0,100.0,2,3,3,1,1,0,0,0,30,1,0,1,0,0,0,0,0,1,1,0,2,3,2,2,1,55.4,13.7,58.7,41.1
4026,2,1,0,3,0,0,60.0,4,1,0,0,1,0,0,0,0,66.7,4,1,1,4,1,0,0,0,30,0,1,1,0,0,70,0,1,0,0,46,3,4,5,4,2,35.9,30.7,32.6,44.5
4027,3,0,2,0,1,0,55.0,1,0,1,1,1,0,0,0,0,100.0,4,1,3,3,0,1,0,0,22,0,0,1,0,0,28,1,0,0,1,2,1,3,4,2,1,49.2,11.9,60.0,31.2
4028,2,0,3,0,0,1,65.0,3,1,0,0,0,0,0,0,1,66.7,5,2,3,1,0,0,1,1,10,1,0,0,0,0,0,0,1,0,1,18,1,2,4,1,1,61.3,20.4,72.2,16.2
4029,2,3,1,0,0,0,40.0,3,1,0,0,0,1,0,0,0,66.7,4,3,1,4,0,1,0,1,0,0,1,0,0,0,42,0,0,1,1,0,5,4,4,4,1,20.5,5.4,30.2,55.3
4030,1,3,2,0,0,0,40.0,3,0,1,0,0,1,0,0,0,66.7,4,4,3,2,0,0,0,1,0,1,0,0,0,0,0,1,0,0,1,2,2,4,1,1,1,46.5,5.6,54.8,33.7
4031,3,0,0,1,2,0,63.3,2,0,0,0,1,1,0,0,0,66.7,2,2,3,2,0,0,1,0,34,1,0,0,0,0,0,0,1,0,1,18,2,3,2,1,3,60.5,21.4,69.2,25.9
4032,2,0,3,1,0,0,63.3,2,0,1,0,1,0,0,0,0,66.7,4,3,4,2,1,1,0,0,52,1,0,1,0,0,0,1,1,0,0,76,3,3,2,4,2,70.8,49.6,70.5,41.8
4033,1,3,0,2,0,0,60.0,2,0,0,0,0,0,0,1,0,33.3,2,3,1,3,1,0,1,0,64,1,0,0,0,1,0,1,0,0,0,30,2,2,4,1,1,86.4,52.6,82.2,18.9
4034,1,2,0,0,0,3,63.3,3,1,0,0,0,0,1,1,0,100.0,2,1,3,4,0,1,0,0,22,0,0,1,0,1,0,1,0,1,0,2,5,4,4,4,2,43.9,10.7,60.9,46.0
4035,0,3,0,0,1,2,61.7,3,0,0,1,1,1,0,0,0,100.0,4,4,2,4,1,1,0,0,52,1,0,0,0,0,0,1,1,0,0,76,2,2,1,1,1,86.5,58.7,79.0,38.1
4036,2,1,0,0,3,0,43.3,4,0,0,0,1,0,0,0,0,33.3,4,3,2,3,1,1,0,0,52,0,1,1,0,0,70,0,0,0,1,0,5,4,1,2,2,26.5,14.1,28.8,56.7
4037,3,0,1,0,2,0,55.0,4,0,1,1,0,0,0,0,0,66.7,4,3,3,4,0,1,0,0,22,0,0,1,1,0,48,1,0,0,0,30,2,3,4,5,3,21.9,18.4,27.0,60.9
4038,0,0,2,3,0,1,61.7,5,1,0,0,1,0,0,0,0,66.7,4,3,2,3,0,1,0,0,22,1,1,0,0,0,14,0,1,1,0,18,5,2,4,5,1,46.0,32.0,52.8,56.9
4039,1,0,3,0,2,0,55.0,4,0,0,1,1,1,0,0,0,100.0,2,3,3,3,0,1,0,0,22,0,0,1,0,1,0,0,1,0,0,46,1,2,4,2,1,74.0,50.0,76.6,34.1
4040,2,3,0,0,1,0,43.3,5,1,0,1,0,0,0,0,0,66.7,5,3,3,1,1,1,0,0,52,0,1,1,0,0,70,0,0,0,1,0,5,4,2,4,3,11.5,6.7,9.0,72.9
4041,1,3,0,0,0,2,63.3,3,0,0,1,0,0,1,0,1,100.0,2,4,2,4,1,0,1,0,64,1,0,0,0,1,0,0,0,0,1,0,3,3,5,2,2,56.1,29.1,57.2,54.4
4042,3,2,0,0,1,0,43.3,3,0,1,1,1,0,0,0,0,100.0,2,1,1,4,0,1,1,0,56,0,0,1,0,0,28,0,1,0,0,46,1,2,5,1,3,70.0,45.3,65.9,28.1
4043,3,1,2,0,0,0,40.0,3,0,1,0,0,0,0,0,0,33.3,5,4,4,4,0,0,1,0,34,0,1,0,0,1,0,0,0,1,0,0,5,4,5,4,3,32.0,0.0,54.5,46.9
4044,1,3,2,0,0,0,40.0,5,0,0,1,1,0,0,0,0,66.7,2,3,1,3,1,0,0,1,6,1,0,0,0,0,0,0,1,0,0,46,3,1,2,2,4,60.5,35.3,60.1,38.8
4045,3,0,0,0,1,2,71.7,4,0,1,0,1,0,0,1,0,100.0,5,4,4,3,0,0,1,1,10,1,0,0,0,0,0,0,1,1,0,18,2,1,1,2,4,30.9,14.2,48.2,58.9
4046,2,0,3,0,1,0,55.0,3,0,0,0,1,0,1,0,0,66.7,1,2,4,3,0,1,0,0,22,1,0,0,0,0,0,1,0,1,0,2,3,3,5,2,1,70.5,23.9,82.9,24.7
4047,1,3,0,0,0,2,63.3,1,1,1,0,0,0,0,0,1,100.0,4,4,3,2,1,1,0,0,52,0,0,0,1,1,0,0,1,0,1,18,3,1,2,1,3,56.6,30.3,58.1,50.0
4048,1,0,3,2,0,0,63.3,3,0,1,0,0,0,0,1,0,66.7,1,1,2,4,1,0,1,0,64,1,0,0,0,0,0,0,0,1,1,0,5,3,5,1,2,63.7,31.7,71.7,26.0
4049,3,2,0,1,0,0,60.0,3,0,0,0,0,0,1,0,0,33.3,2,3,3,4,1,0,1,0,64,1,0,1,0,0,0,0,1,1,0,18,3,4,4,2,2,67.2,25.5,74.5,26.6
4050,3,0,0,2,0,1,73.3,3,0,0,0,0,0,1,0,1,66.7,2,1,2,3,0,1,0,1,0,1,0,0,0,0,0,1,0,0,0,30,1,2,2,5,1,63.8,33.4,74.9,25.1
4051,3,2,0,0,1,0,43.3,2,0,0,1,1,0,0,1,0,100.0,2,3,1,3,1,1,0,0,52,1,0,0,0,0,0,0,0,1,1,0,1,2,5,1,2,63.1,25.8,61.2,34.8
4052,3,0,1,0,2,0,55.0,4,0,0,0,0,1,0,1,0,66.7,5,1,3,1,0,0,0,1,0,1,0,0,0,0,0,1,1,0,0,76,5,1,5,2,4,66.3,38.1,71.0,24.0
4053,0,3,1,0,2,0,48.3,2,0,0,0,1,0,1,0,0,66.7,2,3,3,4,0,1,1,0,56,1,0,0,0,1,0,1,0,1,0,2,3,3,2,2,1,65.5,25.0,70.0,36.8
4054,2,3,1,0,0,0,40.0,2,0,1,0,0,0,1,0,0,66.7,5,4,4,4,0,1,0,0,22,0,0,1,1,0,48,1,1,0,0,76,5,3,5,4,2,50.8,41.5,55.4,55.6
4055,3,0,0,2,0,1,73.3,3,1,0,1,0,1,0,0,0,100.0,5,4,1,3,0,1,1,0,56,1,0,0,0,0,0,0,0,0,1,0,5,4,5,1,1,49.0,14.3,53.7,50.9
4056,3,1,0,0,0,2,63.3,3,0,1,1,0,0,0,0,1,100.0,5,3,3,4,1,1,0,0,52,1,1,0,0,0,14,1,0,1,0,2,5,3,5,5,2,31.1,17.0,43.2,67.4
4057,1,2,3,0,0,0,40.0,4,1,0,0,0,0,1,0,0,66.7,1,2,3,1,0,0,1,0,34,1,0,0,1,0,0,1,1,0,0,76,3,2,4,1,1,97.2,72.0,92.2,12.8
4058,3,0,2,0,0,1,65.0,3,1,1,0,0,0,0,0,1,100.0,4,4,3,3,0,1,0,1,0,1,0,0,0,0,0,1,0,0,1,2,2,3,2,2,1,44.4,11.4,62.4,44.9
4059,1,3,2,0,0,0,40.0,1,0,0,0,1,1,1,0,0,100.0,4,4,1,4,0,1,1,0,56,1,0,0,0,0,0,1,0,0,0,30,2,3,2,2,1,65.9,32.1,66.6,42.1
4060,0,1,0,0,2,3,61.7,4,1,0,0,0,0,0,0,0,33.3,2,3,1,4,0,1,1,0,56,1,0,0,0,0,0,0,0,1,0,0,5,4,4,4,4,42.5,13.6,48.5,49.6
4061,2,0,1,0,3,0,55.0,3,1,0,0,0,0,0,0,0,33.3,4,4,2,3,0,1,0,0,22,0,1,0,0,0,42,1,0,0,0,30,1,2,5,4,1,46.4,28.7,51.3,46.7
4062,2,1,0,0,0,3,63.3,3,0,1,0,0,0,0,0,0,33.3,2,2,2,3,1,0,0,1,6,1,0,0,0,0,0,1,0,0,0,30,5,2,5,2,2,63.4,25.1,66.5,24.6
4063,0,0,2,1,3,0,55.0,3,0,0,0,0,0,1,0,0,33.3,2,3,3,2,1,0,0,1,6,0,1,1,0,0,70,0,1,0,0,46,5,3,5,4,2,33.8,30.1,32.3,61.7
4064,1,2,0,3,0,0,60.0,2,0,0,0,0,1,1,0,0,66.7,4,1,1,3,1,1,0,0,52,0,1,0,0,0,42,1,1,0,0,76,2,1,4,4,2,62.4,63.1,58.0,33.1
4065,0,1,0,0,2,3,61.7,5,1,0,1,1,0,0,0,0,100.0,4,4,2,4,0,1,1,0,56,0,0,0,0,1,0,0,0,1,0,0,5,4,4,4,3,33.8,14.3,42.2,62.9
4066,0,3,1,0,0,2,65.0,3,1,0,0,0,0,1,1,0,100.0,4,3,3,4,0,1,1,0,56,0,1,0,0,0,42,1,0,1,0,2,2,2,2,5,2,30.2,19.1,41.1,69.4
4067,2,3,0,1,0,0,60.0,3,0,0,0,1,0,1,0,0,66.7,4,4,1,2,0,1,0,0,22,1,0,0,0,0,0,1,0,0,1,2,2,3,4,2,1,49.6,12.3,49.7,38.9
4068,3,2,1,0,0,0,40.0,3,1,0,0,0,0,0,0,0,33.3,2,3,4,3,0,1,0,1,0,0,0,1,0,0,28,1,1,0,0,76,2,2,5,2,3,67.7,46.1,63.0,34.4
4069,2,3,1,0,0,0,40.0,1,0,1,1,0,0,1,0,0,100.0,2,2,4,1,1,0,0,0,30,0,0,1,0,0,28,1,1,0,0,76,5,2,5,2,3,67.6,54.8,58.6,48.8
4070,2,1,0,0,3,0,43.3,4,0,1,0,1,0,0,0,0,66.7,2,1,3,3,1,0,0,1,6,1,0,0,0,0,0,1,0,0,0,30,2,2,2,2,1,71.2,33.7,78.9,20.4
4071,3,0,0,2,1,0,63.3,3,0,1,0,0,0,0,0,0,33.3,1,3,1,1,1,0,1,0,64,0,0,0,0,1,0,0,1,1,0,18,3,3,4,4,1,74.7,42.8,63.8,31.3
4072,3,1,2,0,0,0,40.0,3,1,0,0,1,0,1,0,0,100.0,5,3,3,4,0,1,1,0,56,1,0,1,0,0,0,1,0,0,1,2,3,3,5,2,3,42.9,12.6,56.4,46.8
4073,1,2,0,3,0,0,60.0,2,0,0,0,0,0,0,1,1,66.7,4,4,4,4,1,0,0,0,30,1,1,0,0,0,14,1,0,0,0,30,3,4,5,1,2,48.7,17.2,62.1,46.4
4074,0,2,0,3,0,1,70.0,3,1,0,1,0,1,0,0,0,100.0,5,4,4,4,0,1,1,0,56,0,0,1,0,0,28,0,0,1,1,0,5,4,2,5,4,9.3,4.0,30.6,80.4
4075,0,0,1,2,3,0,55.0,5,0,1,1,0,0,0,0,0,66.7,5,4,1,4,0,1,0,0,22,1,0,1,0,0,0,1,0,1,0,2,5,2,4,5,3,27.3,11.2,35.9,65.5
4076,3,2,1,0,0,0,40.0,2,0,1,0,0,0,1,0,1,100.0,4,3,3,3,1,0,1,0,64,1,0,0,0,0,0,1,1,0,0,76,2,4,5,5,4,55.1,44.2,51.9,54.7
4077,0,3,0,1,2,0,53.3,4,1,0,0,0,1,1,0,0,100.0,4,4,3,3,0,1,0,1,0,0,1,0,0,0,42,0,0,0,1,0,5,4,5,2,2,23.3,0.0,30.1,69.7
4078,2,1,0,0,0,3,63.3,5,1,0,0,1,0,1,0,0,100.0,4,2,2,3,1,0,0,0,30,0,0,0,1,0,20,1,0,0,0,30,2,2,4,2,2,51.4,29.9,54.2,42.7
4079,3,2,0,0,1,0,43.3,3,1,0,0,0,0,1,0,0,66.7,2,4,4,3,0,1,0,0,22,0,0,1,0,0,28,1,1,0,0,76,5,4,4,5,2,56.6,50.9,55.5,60.3
4080,2,3,1,0,0,0,40.0,3,0,0,1,1,0,0,0,0,66.7,4,3,3,4,1,1,0,0,52,1,1,0,0,0,14,1,1,0,0,76,1,3,4,4,1,71.4,58.6,73.1,35.6
4081,0,0,1,2,3,0,55.0,2,0,0,0,0,0,0,1,1,66.7,5,4,4,3,0,1,0,0,22,0,1,0,0,0,42,0,0,1,0,0,2,3,1,5,2,19.0,4.9,26.6,62.8
4082,2,3,0,1,0,0,60.0,3,0,1,0,0,0,0,0,0,33.3,5,4,4,4,0,0,1,0,34,1,0,0,0,1,0,1,1,0,0,76,2,2,4,2,1,84.8,58.5,91.9,25.0
4083,2,0,3,1,0,0,63.3,4,0,0,0,0,0,0,1,0,33.3,4,3,3,1,0,1,0,1,0,0,0,1,0,1,0,1,0,0,0,30,2,2,2,4,4,42.8,13.1,49.3,39.9
4084,3,0,0,0,1,2,71.7,1,1,0,0,0,0,0,1,0,66.7,5,1,1,4,0,1,0,0,22,0,0,1,0,1,0,0,0,1,0,0,5,1,4,5,4,30.3,1.7,47.9,47.8
4085,3,1,0,0,0,2,63.3,3,0,1,0,0,0,1,0,1,100.0,2,3,3,1,0,1,0,1,0,1,0,0,0,0,0,1,1,0,0,76,5,4,1,2,1,76.1,42.0,65.4,41.8
4086,2,1,3,0,0,0,40.0,3,0,0,0,1,0,0,0,0,33.3,4,3,2,3,0,1,0,0,22,1,0,1,0,0,0,1,1,0,0,76,3,4,5,2,1,75.1,43.3,76.8,19.3
4087,1,3,0,0,0,2,63.3,2,0,0,1,1,0,0,1,0,100.0,4,3,3,4,0,1,1,0,56,0,0,0,1,0,20,1,0,1,0,2,3,3,5,4,1,42.7,24.6,52.0,60.0
4088,0,0,3,1,2,0,55.0,3,0,1,1,0,1,0,0,0,100.0,2,3,3,3,0,0,1,0,34,1,1,0,0,0,14,1,0,1,0,2,1,3,4,4,1,51.2,20.5,62.5,46.9
4089,3,1,0,0,2,0,43.3,3,0,1,0,1,0,0,0,0,66.7,2,1,3,3,1,0,0,0,30,1,0,0,0,0,0,0,1,0,0,46,3,3,2,2,1,80.7,41.8,83.8,18.5
4090,3,0,2,0,1,0,55.0,2,0,1,1,0,0,0,0,0,66.7,2,3,3,4,0,1,0,0,22,1,0,1,0,0,0,0,1,0,0,46,2,3,2,1,1,80.4,39.4,87.3,27.3
4091,2,1,3,0,0,0,40.0,2,1,0,1,0,0,0,0,0,66.7,2,2,3,3,1,0,0,0,30,0,0,1,0,0,28,1,1,0,0,76,3,3,5,4,3,65.0,51.5,60.0,42.8
4092,3,2,1,0,0,0,40.0,3,0,0,0,1,0,0,0,1,66.7,2,3,4,4,1,0,1,0,64,0,1,0,1,0,62,1,0,0,1,2,3,3,4,2,1,46.2,28.7,51.6,52.3
4093,2,1,0,0,3,0,43.3,3,0,1,1,1,0,0,0,0,100.0,2,2,4,4,1,0,1,0,64,1,0,0,0,1,0,1,1,0,0,76,3,2,5,5,1,86.8,68.3,94.7,33.9
4094,3,0,2,1,0,0,63.3,2,0,0,0,0,0,0,0,1,33.3,2,2,4,3,0,1,0,0,22,1,0,0,0,0,0,0,0,0,1,0,1,3,1,4,1,55.5,18.3,71.4,22.6
4095,2,0,0,3,0,1,73.3,1,0,0,0,0,0,1,0,0,33.3,2,2,1,4,0,1,1,0,56,0,1,1,0,0,70,0,0,1,0,0,5,3,4,4,4,20.1,15.0,16.3,66.6
4096,3,1,0,0,2,0,43.3,1,0,0,0,1,0,1,0,0,66.7,4,4,4,3,1,1,0,0,52,1,1,0,0,0,14,0,1,1,0,18,3,1,4,4,3,48.2,36.1,59.8,54.1
4097,3,0,1,2,0,0,63.3,4,0,0,1,0,0,1,0,1,100.0,5,3,2,3,0,0,1,1,10,1,1,0,0,0,14,1,0,1,0,2,3,4,5,4,2,26.2,1.5,33.4,57.4
4098,0,2,0,3,1,0,53.3,2,0,0,0,1,0,0,0,1,66.7,2,3,1,4,1,0,0,0,30,1,0,1,0,0,0,1,0,0,0,30,3,1,5,2,1,77.9,39.3,79.7,32.5
4099,0,3,0,2,0,1,70.0,4,0,0,0,0,0,1,0,0,33.3,5,2,3,3,0,1,0,1,0,0,1,0,0,0,42,0,1,1,0,18,3,4,4,4,3,15.9,1.6,29.8,45.6
4100,3,2,0,1,0,0,60.0,3,0,0,0,0,1,0,0,0,33.3,4,2,4,3,0,1,0,1,0,0,0,0,0,1,0,0,1,0,0,46,5,2,5,2,4,49.8,21.7,62.0,32.7
4101,3,0,0,2,0,1,73.3,3,0,0,0,1,0,0,0,0,33.3,4,1,1,1,1,1,0,0,52,0,0,0,0,1,0,1,0,1,0,2,2,4,5,2,4,45.1,2.4,45.2,21.0
4102,2,1,0,0,3,0,43.3,3,0,0,0,1,0,1,1,0,100.0,4,1,4,1,1,0,0,1,6,1,1,0,0,0,14,1,0,0,0,30,2,2,1,4,2,45.3,22.4,54.4,39.4
4103,2,3,0,0,1,0,43.3,2,0,0,1,0,0,0,0,0,33.3,2,3,3,4,1,0,1,0,64,1,0,0,0,1,0,1,0,0,0,30,3,1,5,2,4,68.8,39.3,78.0,35.1
4104,0,1,3,0,2,0,48.3,3,0,1,0,0,0,0,0,0,33.3,5,2,2,2,0,1,0,0,22,1,0,0,0,1,0,1,1,0,0,76,3,2,1,1,1,85.8,53.6,83.4,9.4
4105,2,3,1,0,0,0,40.0,1,1,0,0,0,1,0,1,0,100.0,2,3,3,3,0,1,1,0,56,1,0,0,0,1,0,1,0,0,1,2,2,1,5,5,2,50.4,29.4,63.2,58.0
4106,2,1,3,0,0,0,40.0,3,0,0,0,0,0,0,0,1,33.3,2,4,2,4,1,1,0,0,52,0,0,1,0,0,28,0,1,0,0,46,5,4,5,2,1,70.5,42.3,60.5,39.7
4107,2,3,1,0,0,0,40.0,3,0,0,0,0,0,1,0,0,33.3,5,2,3,2,0,1,1,0,56,0,0,0,1,0,20,0,1,1,0,18,2,3,2,5,1,47.0,25.7,56.7,33.4
4108,3,1,0,0,2,0,43.3,3,0,1,0,0,0,1,0,0,66.7,4,2,2,4,1,1,0,0,52,0,0,1,0,0,28,0,1,1,0,18,2,4,4,5,4,24.2,15.5,35.5,50.4
4109,3,2,1,0,0,0,40.0,3,0,1,1,1,0,0,0,0,100.0,2,3,3,3,1,1,0,0,52,1,1,0,0,0,14,1,1,0,0,76,1,2,2,4,1,81.3,69.2,80.0,40.5
4110,0,2,3,1,0,0,63.3,2,0,1,0,0,0,1,0,0,66.7,4,3,4,3,1,0,1,0,64,1,0,0,0,0,0,1,1,0,0,76,1,1,4,2,1,92.3,71.3,95.9,23.7
4111,3,0,2,0,0,1,65.0,3,0,1,0,0,1,0,0,0,66.7,5,3,1,4,0,1,0,0,22,1,1,0,0,0,14,1,0,1,0,2,5,4,5,4,1,38.1,2.9,50.0,46.4
4112,1,3,0,0,2,0,43.3,2,0,1,0,0,0,1,0,1,100.0,2,2,2,4,0,1,0,0,22,1,0,1,0,0,0,1,1,0,0,76,2,2,5,2,1,92.3,62.4,85.8,27.6
4113,3,0,0,1,2,0,63.3,5,0,1,0,0,1,0,0,1,100.0,2,3,1,2,0,0,0,1,0,1,0,0,0,0,0,1,0,1,0,2,5,4,2,5,2,32.2,6.3,37.9,59.3
4114,0,3,0,0,1,2,61.7,3,0,1,0,0,0,1,0,0,66.7,5,1,3,2,1,0,0,0,30,1,0,0,0,1,0,0,1,1,0,18,2,2,4,4,3,45.3,18.7,56.5,32.9
4115,0,1,0,0,2,3,61.7,4,0,1,0,1,1,0,0,0,100.0,5,3,3,3,0,1,0,0,22,0,1,1,0,0,70,1,0,1,0,2,5,4,4,2,2,14.3,3.4,16.8,69.0
4116,3,1,2,0,0,0,40.0,2,0,0,0,0,1,0,0,0,33.3,2,2,2,4,1,0,0,1,6,1,0,0,0,0,0,1,0,0,1,2,1,2,4,1,1,67.5,19.4,81.0,9.3
4117,3,2,1,0,0,0,40.0,4,0,0,0,1,0,0,0,0,33.3,5,3,3,2,0,1,0,1,0,1,0,0,0,1,0,0,0,0,1,0,3,3,4,5,4,19.3,0.0,37.3,43.4
4118,0,3,0,1,2,0,53.3,2,1,1,1,0,0,0,0,0,100.0,5,1,1,1,0,1,0,1,0,0,1,0,0,0,42,0,0,1,0,0,5,3,5,5,1,18.4,0.1,21.7,58.5
4119,0,1,2,0,0,3,65.0,3,0,1,0,0,0,0,1,1,100.0,5,1,4,3,0,1,0,1,0,0,1,0,1,0,62,0,1,1,0,18,3,4,4,5,4,2.3,0.0,15.6,69.1
4120,0,3,2,0,1,0,48.3,4,0,0,1,0,0,0,0,1,66.7,4,4,2,3,0,1,0,0,22,1,1,0,0,0,14,1,0,1,0,2,5,2,5,5,3,27.6,5.0,35.0,62.9
4121,3,1,2,0,0,0,40.0,3,0,1,0,0,0,0,0,0,33.3,1,3,3,2,0,1,0,0,22,1,0,1,0,0,0,1,0,0,0,30,1,2,1,5,2,58.1,36.4,65.3,36.1
4122,3,1,0,0,0,2,63.3,1,0,0,0,0,0,0,0,1,33.3,5,2,3,4,0,1,0,1,0,0,0,1,0,0,28,0,0,1,0,0,1,1,2,5,1,30.0,15.1,63.2,34.1
4123,1,0,2,0,0,3,65.0,2,0,0,0,0,1,1,0,0,66.7,5,4,3,4,0,1,0,0,22,0,1,0,0,0,42,1,0,1,0,2,5,3,5,2,1,31.3,10.7,37.2,58.6
4124,1,0,0,0,3,2,71.7,3,0,1,1,1,0,0,0,0,100.0,1,2,4,4,1,1,0,0,52,1,0,0,1,0,0,1,1,0,0,76,3,3,2,5,1,81.9,63.7,85.3,38.6
4125,0,1,2,0,3,0,48.3,3,0,1,0,0,1,1,0,0,100.0,4,4,3,3,0,1,0,0,22,0,1,1,0,0,70,0,0,1,0,0,5,3,4,2,2,19.3,6.7,21.3,75.1
4126,2,3,1,0,0,0,40.0,2,0,0,0,1,1,0,0,1,100.0,4,3,4,3,1,1,0,0,52,0,0,1,0,0,28,1,1,0,0,76,3,2,5,5,2,56.1,55.3,60.4,57.6
4127,0,0,3,1,2,0,55.0,3,0,1,1,1,0,0,0,0,100.0,1,1,2,3,0,1,0,1,0,1,0,0,0,0,0,1,0,0,1,2,3,4,4,4,1,50.1,6.4,61.0,37.4
4128,0,2,1,0,0,3,65.0,2,1,0,1,0,1,0,0,0,100.0,5,3,1,3,0,1,0,0,22,0,1,0,0,1,0,1,0,1,0,2,3,2,5,5,3,24.9,4.4,36.3,62.8
4129,3,2,0,1,0,0,60.0,1,0,0,1,1,0,0,0,0,66.7,5,3,3,3,0,1,0,0,22,1,0,0,0,0,0,0,0,1,1,0,3,2,2,5,1,38.0,10.0,57.7,49.1
4130,3,2,0,1,0,0,60.0,3,0,0,0,1,0,0,0,0,33.3,1,2,3,3,0,0,1,0,34,0,0,0,0,1,0,1,0,1,0,2,2,4,5,2,2,57.8,14.6,65.0,24.4
4131,2,0,3,0,0,1,65.0,4,0,1,0,1,0,1,0,0,100.0,2,3,4,4,0,1,0,0,22,0,1,0,1,0,62,1,0,0,1,2,1,1,2,4,1,32.3,29.4,42.9,66.3
4132,3,1,0,0,2,0,43.3,3,0,0,0,0,0,0,1,0,33.3,4,2,4,3,0,1,0,0,22,1,0,0,0,1,0,0,0,0,1,0,3,2,4,1,1,62.9,14.2,80.4,18.6
4133,3,0,0,2,0,1,73.3,2,0,0,0,0,0,1,0,0,33.3,4,4,3,4,0,1,0,0,22,0,1,1,0,0,70,1,0,1,0,2,1,3,5,5,4,0.2,0.0,10.4,72.5
4134,1,3,0,0,0,2,63.3,1,1,1,0,1,0,0,0,0,100.0,5,2,3,4,0,1,0,0,22,1,1,0,0,0,14,0,0,1,0,0,5,4,2,5,4,10.1,0.0,30.2,62.5
4135,2,0,3,1,0,0,63.3,1,0,0,1,1,0,1,0,0,100.0,1,2,2,4,0,1,0,1,0,1,0,0,0,0,0,1,0,0,0,30,3,2,5,2,1,67.1,28.1,73.9,36.8
4136,0,0,1,3,0,2,61.7,5,1,0,0,0,0,0,0,1,66.7,5,3,1,2,1,0,0,0,30,0,0,1,0,0,28,1,0,0,0,30,3,4,5,5,3,25.1,16.4,24.6,54.8
4137,2,3,0,0,0,1,63.3,4,0,1,0,1,0,0,0,0,66.7,4,3,4,4,0,1,0,0,22,0,1,0,0,0,42,0,0,1,0,0,1,3,4,5,4,14.8,4.3,33.0,64.3
4138,1,2,0,0,0,3,63.3,4,0,1,0,0,0,1,0,0,66.7,4,3,3,4,0,1,1,0,56,0,0,1,0,0,28,0,1,1,0,18,5,4,5,5,1,46.1,26.9,52.3,59.1
4139,3,0,0,0,1,2,71.7,3,0,1,1,0,0,0,0,0,66.7,5,3,3,4,1,0,1,0,64,1,0,1,0,0,0,0,0,1,1,0,5,3,5,1,1,59.6,20.8,69.0,37.2
4140,0,1,0,2,3,0,53.3,5,0,0,0,0,0,0,0,1,33.3,4,2,4,3,0,1,0,0,22,1,0,0,1,0,0,1,0,0,1,2,3,2,5,4,1,48.8,14.2,71.4,23.4
4141,2,0,3,0,0,1,65.0,4,0,0,0,0,1,1,0,1,100.0,5,3,1,3,0,1,0,0,22,0,1,0,0,0,42,1,0,1,0,2,1,3,2,4,4,7.4,2.0,10.7,70.7
4142,0,3,0,0,1,2,61.7,2,0,0,0,1,0,0,0,0,33.3,5,2,1,3,0,1,0,0,22,0,1,1,0,0,70,0,0,1,0,0,1,4,4,4,2,10.4,3.8,14.4,48.9
4143,0,3,0,0,1,2,61.7,3,1,0,0,1,0,0,0,0,66.7,5,1,3,4,0,1,0,1,0,1,0,1,0,0,0,0,1,0,0,46,3,3,1,2,2,52.3,16.3,71.2,22.2
4144,0,2,0,3,0,1,70.0,3,1,0,0,0,0,0,0,0,33.3,4,2,4,2,0,0,0,1,0,1,0,0,0,0,0,1,0,0,0,30,3,2,2,4,2,51.0,18.9,70.9,31.8
4145,0,0,2,0,1,3,61.7,4,0,0,0,1,0,0,0,0,33.3,5,4,1,3,1,0,1,0,64,0,1,0,0,0,42,0,0,1,0,0,5,3,5,2,2,31.7,15.9,33.5,57.3
4146,3,2,0,0,0,1,63.3,3,0,1,0,0,0,0,0,0,33.3,2,2,1,2,0,1,0,0,22,1,0,0,0,1,0,1,0,0,0,30,2,2,4,1,2,73.6,30.6,71.3,18.3
4147,1,3,0,0,2,0,43.3,3,0,0,0,0,0,0,1,0,33.3,4,2,1,1,0,1,0,1,0,0,0,0,0,1,0,1,0,0,0,30,3,4,4,5,2,44.4,10.9,44.4,31.5
4148,3,0,1,0,0,2,65.0,2,0,0,0,0,1,0,0,0,33.3,2,4,4,3,0,1,1,0,56,1,0,0,0,0,0,1,0,0,0,30,2,4,5,4,1,65.9,36.2,65.2,39.5
4149,0,2,0,1,0,3,70.0,4,1,0,0,0,0,0,1,0,66.7,5,3,4,3,0,1,0,0,22,1,0,1,0,0,0,0,0,1,0,0,5,3,5,1,3,39.7,8.1,54.2,45.2
4150,1,0,2,0,0,3,65.0,3,0,0,0,0,1,1,0,0,66.7,5,3,2,3,0,0,1,1,10,0,1,1,0,0,70,1,0,0,0,30,5,4,5,5,4,3.6,2.4,4.8,79.8
4151,2,1,0,0,0,3,63.3,3,1,0,0,1,0,0,0,1,100.0,2,3,1,4,1,0,1,0,64,0,0,1,0,0,28,1,1,0,0,76,3,2,1,2,3,73.8,64.7,57.6,58.7
4152,3,1,2,0,0,0,40.0,1,0,0,1,0,0,0,0,0,33.3,4,2,1,2,0,1,0,0,22,1,0,0,0,0,0,1,1,0,0,76,2,3,1,2,2,73.6,46.5,69.7,18.7
4153,2,0,0,0,3,1,71.7,4,0,0,0,0,0,1,0,0,33.3,5,3,4,4,1,1,0,0,52,0,1,0,0,0,42,0,0,1,0,0,1,4,2,5,4,14.4,0.0,29.9,54.3
4154,3,0,1,0,0,2,65.0,2,0,1,0,0,0,0,0,0,33.3,4,3,2,3,0,1,0,0,22,1,0,0,0,0,0,1,1,0,0,76,3,2,5,5,2,66.4,55.1,70.0,33.6
4155,3,2,0,1,0,0,60.0,2,0,0,0,0,0,1,1,0,66.7,2,3,4,3,1,0,1,0,64,1,0,0,0,1,0,0,0,1,1,0,2,3,2,4,1,56.9,27.4,76.1,41.8
4156,2,0,3,1,0,0,63.3,4,0,1,0,0,0,0,0,0,33.3,4,2,4,4,1,1,0,0,52,1,0,0,0,1,0,1,1,0,0,76,2,1,4,4,2,83.3,66.5,97.2,18.4
4157,2,0,1,3,0,0,63.3,3,0,0,0,1,0,0,0,1,66.7,4,2,4,1,0,1,1,0,56,1,0,0,0,0,0,0,1,0,0,46,2,1,1,2,1,83.5,50.3,87.5,24.2
4158,0,2,3,0,0,1,65.0,3,0,1,0,0,0,1,0,0,66.7,5,3,1,1,0,1,0,0,22,0,1,0,0,0,42,1,0,0,0,30,5,4,5,4,4,20.3,10.2,10.3,65.0
4159,1,2,0,3,0,0,60.0,5,0,1,0,1,0,0,1,0,100.0,5,4,3,4,0,1,0,0,22,0,1,1,0,0,70,1,0,1,0,2,5,4,5,5,2,2.8,0.9,14.4,85.2
4160,1,3,2,0,0,0,40.0,3,0,1,0,0,0,0,0,0,33.3,2,3,4,4,1,1,0,0,52,0,1,0,0,1,0,0,1,1,0,18,1,3,5,4,4,49.3,20.2,67.2,40.0
4161,1,3,2,0,0,0,40.0,4,0,0,0,0,1,0,0,0,33.3,4,3,3,3,0,1,0,0,22,0,1,1,0,0,70,0,1,0,1,18,1,2,2,4,3,23.7,21.3,31.8,55.9
4162,1,2,3,0,0,0,40.0,3,0,0,0,1,0,0,0,0,33.3,4,2,2,2,1,1,0,0,52,1,0,0,0,0,0,1,0,0,0,30,3,2,1,2,2,70.5,38.1,69.2,19.3
4163,1,3,0,0,0,2,63.3,3,0,0,0,1,0,1,0,1,100.0,4,3,2,2,0,1,0,0,22,0,0,0,1,1,0,1,1,0,0,76,3,2,5,5,1,65.8,52.2,70.3,47.5
4164,0,3,0,2,1,0,53.3,5,1,0,0,0,0,0,0,0,33.3,4,3,4,1,0,1,0,0,22,0,0,1,0,0,28,0,0,1,0,0,1,3,1,2,4,30.4,4.4,35.9,41.4
4165,0,3,0,0,2,1,61.7,3,0,1,0,0,0,0,0,0,33.3,4,2,3,1,1,0,0,1,6,1,0,0,0,0,0,1,1,0,0,76,5,2,4,4,1,72.8,50.7,79.2,22.6
4166,0,2,3,0,1,0,48.3,3,1,0,0,0,0,0,0,0,33.3,4,3,4,4,1,1,0,0,52,1,0,0,0,0,0,1,0,0,0,30,1,3,5,1,3,60.2,30.8,80.3,25.1
4167,3,0,0,0,2,1,71.7,1,1,0,0,1,0,0,0,0,66.7,4,4,3,3,1,0,1,0,64,0,1,0,0,0,42,0,1,1,0,18,5,3,4,5,2,35.1,23.6,39.0,73.2
4168,2,3,0,1,0,0,60.0,1,1,0,1,1,0,0,0,0,100.0,4,4,4,4,0,1,0,1,0,0,0,0,0,1,0,1,0,0,0,30,5,2,2,2,2,46.9,17.8,60.6,56.1
4169,3,1,2,0,0,0,40.0,4,1,0,0,1,0,1,0,0,100.0,1,1,4,2,0,1,1,0,56,1,1,0,0,0,14,1,0,1,0,2,1,2,2,4,2,52.6,29.9,64.3,42.4
4170,0,3,1,0,0,2,65.0,4,1,1,0,0,0,0,0,0,66.7,5,3,3,3,1,1,0,0,52,0,0,0,1,0,20,0,0,1,0,0,3,4,4,4,2,31.5,12.4,44.9,52.1
4171,3,2,0,1,0,0,60.0,1,1,0,0,0,0,0,0,0,33.3,1,2,2,4,1,1,0,0,52,1,0,0,0,1,0,1,0,0,1,2,5,4,5,2,1,64.5,20.7,67.9,25.9
4172,1,3,2,0,0,0,40.0,1,0,1,0,0,0,0,1,0,66.7,4,2,3,4,0,1,0,0,22,0,1,0,1,0,62,1,0,0,0,30,3,1,4,2,2,43.6,30.4,52.2,43.7
4173,3,1,0,0,0,2,63.3,2,1,1,0,0,0,0,0,1,100.0,4,3,1,3,1,1,0,0,52,0,1,0,1,0,62,1,0,1,0,2,3,4,5,2,1,34.8,15.0,19.2,64.8
4174,3,1,2,0,0,0,40.0,1,0,1,0,0,0,0,0,0,33.3,4,3,4,1,0,0,1,0,34,1,0,0,0,1,0,0,1,0,1,18,2,3,4,2,2,54.4,17.1,66.5,24.5
4175,3,0,1,0,2,0,55.0,4,0,0,0,0,0,0,1,0,33.3,2,4,3,1,1,0,0,0,30,0,0,0,1,1,0,1,0,0,0,30,1,3,4,2,3,64.5,30.4,61.9,34.3
4176,0,1,2,0,3,0,48.3,4,1,0,0,0,0,1,0,0,66.7,2,1,2,1,1,0,0,1,6,1,0,0,0,0,0,1,0,0,0,30,2,1,1,5,2,51.6,33.3,60.6,31.2
4177,0,0,3,2,0,1,61.7,3,0,0,1,0,0,0,0,0,33.3,2,3,4,1,0,1,0,0,22,1,0,0,0,1,0,1,0,0,1,2,2,3,1,4,1,53.0,19.2,63.6,33.6
4178,0,0,0,3,2,1,55.0,5,0,0,0,0,1,1,0,0,66.7,4,2,1,3,0,1,0,0,22,0,1,0,0,0,42,0,0,1,0,0,1,4,4,5,3,18.7,4.3,20.9,51.4
4179,0,3,0,2,0,1,70.0,2,0,0,0,0,1,0,1,0,66.7,4,3,1,4,0,0,1,1,10,0,0,1,0,0,28,1,0,1,0,2,5,2,4,5,3,22.4,3.2,31.4,63.9
4180,2,0,0,3,1,0,63.3,5,0,0,1,0,0,0,1,0,66.7,4,3,3,3,1,1,0,0,52,0,1,0,0,0,42,0,0,0,1,0,2,3,5,4,1,37.2,21.1,43.2,53.9
4181,3,2,1,0,0,0,40.0,2,0,1,0,0,0,1,0,0,66.7,2,3,3,4,1,0,1,0,64,1,0,0,0,1,0,0,1,1,0,18,1,4,5,4,2,58.5,28.4,67.4,38.2
4182,3,1,2,0,0,0,40.0,2,0,0,0,0,0,1,0,0,33.3,4,2,4,1,1,1,0,0,52,0,0,1,0,0,28,1,1,0,0,76,3,2,5,2,1,82.2,59.1,77.1,21.1
4183,0,2,1,0,0,3,65.0,1,1,0,0,0,0,0,0,0,33.3,2,4,4,4,1,0,0,1,6,0,1,0,0,0,42,0,0,1,0,0,5,4,2,2,3,28.4,0.0,34.0,56.3
4184,1,0,0,2,0,3,73.3,3,1,0,0,0,1,0,0,0,66.7,4,4,2,3,0,1,1,0,56,0,0,1,0,0,28,1,0,1,0,2,1,3,4,2,1,47.6,29.6,45.9,54.3
4185,3,2,0,0,0,1,63.3,3,1,0,0,0,0,0,0,0,33.3,2,4,3,4,0,0,0,1,0,1,0,0,0,0,0,0,1,0,1,18,5,1,4,2,1,57.7,28.7,78.3,37.4
4186,1,3,0,0,2,0,43.3,3,0,0,0,0,0,0,0,1,33.3,4,2,4,4,0,0,0,1,0,1,0,0,0,0,0,0,1,0,1,18,3,3,2,1,1,57.9,16.8,84.7,16.7
4187,3,0,1,2,0,0,63.3,5,0,0,0,1,0,1,0,0,66.7,2,2,1,3,0,1,1,0,56,1,0,0,0,1,0,1,1,0,0,76,2,1,1,1,2,93.8,73.8,83.7,19.9
4188,2,0,3,0,0,1,65.0,4,1,0,0,0,0,0,0,0,33.3,5,2,1,4,1,1,0,0,52,0,1,0,0,0,42,1,0,0,1,2,1,3,5,4,3,27.5,10.0,32.3,46.2
4189,0,0,2,1,3,0,55.0,2,0,1,1,1,0,0,0,0,100.0,2,3,1,3,0,1,1,0,56,1,0,1,0,0,0,1,1,0,0,76,1,2,2,2,3,85.8,59.3,72.9,37.4
4190,0,2,1,0,3,0,48.3,3,0,1,1,0,0,1,0,0,100.0,2,2,3,3,1,1,0,0,52,1,0,0,0,0,0,1,1,0,0,76,3,4,4,4,1,84.2,63.1,86.7,29.6
4191,3,1,0,0,2,0,43.3,3,1,0,0,1,0,1,0,0,100.0,4,2,4,3,0,1,0,0,22,1,0,0,0,0,0,1,0,0,0,30,5,2,4,2,1,62.6,31.6,73.1,36.9
4192,2,0,1,3,0,0,63.3,4,0,0,0,0,0,1,0,0,33.3,4,1,3,3,0,1,1,0,56,0,1,0,0,0,42,0,0,1,0,0,5,4,5,2,4,32.2,6.1,38.4,43.0
4193,0,0,1,0,2,3,61.7,3,0,1,0,0,1,0,0,0,66.7,5,2,1,3,0,1,0,0,22,0,1,0,0,0,42,1,1,0,0,76,3,2,4,5,4,35.1,42.0,34.5,54.0
4194,0,0,3,1,0,2,61.7,1,0,0,1,1,0,0,0,0,66.7,2,3,4,4,1,1,0,0,52,0,1,1,0,0,70,1,0,0,0,30,3,2,4,2,4,39.3,28.8,40.6,62.0
4195,0,3,2,0,1,0,48.3,3,0,1,1,1,0,0,0,0,100.0,2,2,3,3,1,0,1,0,64,0,0,1,0,0,28,1,0,0,0,30,1,3,4,5,2,55.2,38.5,51.7,55.0
4196,1,2,0,0,3,0,43.3,1,0,0,0,1,1,1,0,0,100.0,5,3,3,1,0,1,0,0,22,1,0,0,0,0,0,1,0,0,0,30,3,3,1,4,2,39.0,17.2,44.4,50.8
4197,2,0,0,0,3,1,71.7,3,0,1,0,0,1,0,0,0,66.7,5,2,3,4,1,0,0,0,30,0,1,0,0,1,0,1,0,0,0,30,3,3,5,1,3,58.0,17.0,65.8,31.3
4198,3,0,1,0,2,0,55.0,3,0,0,0,1,0,0,0,1,66.7,4,3,1,4,1,1,0,0,52,1,0,0,0,0,0,1,1,0,0,76,1,3,4,4,2,71.1,55.5,68.3,36.0
4199,0,2,1,0,3,0,48.3,3,1,0,1,0,1,0,0,0,100.0,5,2,4,3,0,1,1,0,56,0,0,1,0,0,28,0,1,1,0,18,1,3,4,1,4,39.0,16.3,43.2,50.4
4200,0,2,0,1,3,0,53.3,4,0,1,0,1,0,0,0,1,100.0,2,4,3,3,0,1,0,1,0,1,0,0,0,1,0,1,0,0,1,2,2,3,1,2,1,53.1,16.9,65.3,43.8
4201,2,0,3,1,0,0,63.3,5,1,0,0,0,0,0,0,0,33.3,1,4,3,4,0,0,1,0,34,0,1,1,0,0,70,0,0,1,0,0,3,2,1,4,3,23.6,26.4,34.2,67.3
4202,1,0,2,0,0,3,65.0,1,0,0,1,1,0,0,0,1,100.0,2,4,1,4,0,1,0,0,22,0,1,0,0,0,42,1,1,0,0,76,2,2,2,4,2,57.5,56.3,50.0,70.6
4203,1,2,0,3,0,0,60.0,4,0,0,0,0,0,1,1,0,66.7,4,3,1,3,0,1,0,0,22,0,1,1,0,0,70,0,1,0,0,46,1,3,4,2,2,37.6,26.3,24.2,55.3
4204,3,1,2,0,0,0,40.0,3,1,0,0,1,0,0,0,0,66.7,1,4,4,3,1,0,0,0,30,0,0,1,0,0,28,1,0,0,0,30,3,3,4,1,1,63.7,39.3,63.9,38.6
4205,2,3,0,0,1,0,43.3,2,0,0,0,1,0,0,0,0,33.3,1,1,3,2,1,1,0,0,52,1,0,0,1,0,0,0,1,0,1,18,3,1,4,5,1,76.8,50.4,87.2,25.2
4206,0,2,1,3,0,0,63.3,1,0,1,0,0,0,0,0,0,33.3,2,2,2,3,0,1,0,0,22,1,0,1,0,0,0,1,1,0,0,76,3,1,4,2,1,93.1,60.3,93.5,15.2
4207,2,1,3,0,0,0,40.0,3,0,0,0,1,0,1,0,0,66.7,2,2,1,3,0,1,1,0,56,1,0,0,0,1,0,1,0,0,0,30,5,4,5,2,2,67.1,30.8,64.4,30.7
4208,1,0,0,0,2,3,71.7,3,1,0,0,0,0,0,0,0,33.3,1,1,2,3,1,1,0,0,52,1,0,1,0,0,0,1,0,0,0,30,5,3,4,5,4,58.3,37.1,55.4,38.8
4209,3,2,1,0,0,0,40.0,3,0,0,0,0,1,0,0,0,33.3,2,2,2,1,1,0,1,0,64,0,0,0,1,0,20,0,0,0,1,0,3,4,5,2,1,65.2,26.1,57.9,24.6
4210,2,0,3,0,1,0,55.0,4,0,1,1,0,0,0,0,1,100.0,5,2,3,4,0,0,0,1,0,1,1,0,0,0,14,0,1,0,0,46,2,3,1,1,2,56.0,22.4,67.5,33.0
4211,0,2,3,0,1,0,48.3,3,0,0,0,0,0,1,0,0,33.3,1,2,1,4,0,1,0,0,22,1,0,0,0,0,0,1,0,1,0,2,3,1,1,2,2,67.9,25.2,71.6,22.3
4212,0,2,3,0,1,0,48.3,3,0,0,0,1,0,0,0,0,33.3,4,4,4,2,0,1,0,0,22,0,1,0,0,0,42,1,1,0,0,76,5,2,1,4,2,53.8,49.6,54.2,54.0
4213,1,3,2,0,0,0,40.0,1,0,1,0,0,0,0,0,0,33.3,5,2,3,2,0,1,0,1,0,0,0,0,0,1,0,1,0,0,0,30,1,3,5,2,1,53.3,14.4,64.9,19.6
4214,3,1,0,2,0,0,60.0,4,1,0,0,1,1,0,0,0,100.0,2,3,4,3,1,1,0,0,52,1,0,0,0,0,0,0,1,0,1,18,1,4,5,2,2,58.1,26.7,70.1,42.4
4215,2,0,3,0,1,0,55.0,3,1,0,1,0,1,0,0,0,100.0,5,1,2,3,0,1,0,1,0,0,1,0,0,0,42,0,1,0,1,18,3,3,5,5,4,13.5,2.3,18.0,60.2
4216,3,2,1,0,0,0,40.0,2,0,0,0,0,0,1,0,0,33.3,1,1,3,3,0,1,1,0,56,0,1,0,0,0,42,1,1,0,0,76,3,4,4,2,1,87.5,66.2,79.5,15.3
4217,2,3,0,0,1,0,43.3,2,0,1,1,1,0,0,0,0,100.0,2,2,4,4,1,0,1,0,64,1,0,0,0,0,0,0,0,0,1,0,5,1,2,5,1,61.5,41.3,77.0,47.5
4218,0,1,3,2,0,0,63.3,3,1,1,0,1,0,0,0,0,100.0,5,3,2,3,1,0,0,0,30,0,0,0,0,1,0,1,0,1,0,2,5,4,4,4,1,33.3,1.2,47.8,56.1
4219,3,1,2,0,0,0,40.0,3,0,0,0,0,0,0,0,1,33.3,2,4,1,3,0,1,0,1,0,1,0,0,0,0,0,1,0,0,0,30,2,3,5,5,2,46.1,26.9,50.6,40.3
4220,3,1,0,2,0,0,60.0,3,0,1,0,0,0,1,1,0,100.0,1,4,4,3,0,1,1,0,56,0,1,0,0,1,0,1,0,0,1,2,3,2,2,2,2,58.5,31.4,68.2,53.9
4221,1,3,0,2,0,0,60.0,4,0,0,0,0,0,0,1,1,66.7,1,3,2,2,0,1,0,1,0,1,0,0,0,0,0,1,0,0,0,30,2,2,5,2,1,64.6,37.5,68.3,36.8
4222,2,3,0,0,1,0,43.3,1,0,0,0,0,0,1,0,0,33.3,2,2,2,3,1,1,0,0,52,0,0,0,1,1,0,1,0,0,0,30,3,3,4,5,2,65.4,33.4,66.0,30.2
4223,1,3,0,2,0,0,60.0,5,0,1,1,0,1,0,0,0,100.0,4,3,4,3,0,1,1,0,56,0,1,0,0,0,42,0,0,1,0,0,3,3,5,5,2,28.9,23.4,37.5,73.7
4224,0,2,0,3,0,1,70.0,2,0,0,0,0,1,1,0,0,66.7,4,3,3,4,0,1,0,0,22,0,0,1,0,0,28,1,0,1,0,2,2,2,5,2,1,42.8,15.3,56.5,44.1
4225,0,0,1,0,2,3,61.7,3,1,1,0,1,0,0,0,0,100.0,5,1,1,3,0,1,0,0,22,0,1,0,0,0,42,1,0,0,1,2,1,1,4,5,2,29.9,14.5,35.5,50.4
4226,3,0,1,0,2,0,55.0,3,1,0,0,0,0,0,0,0,33.3,4,2,3,3,1,0,0,1,6,1,0,0,0,0,0,1,0,0,1,2,3,1,4,1,1,62.8,16.5,76.4,17.3
4227,0,3,1,0,0,2,65.0,1,1,0,1,0,0,0,0,0,66.7,2,2,3,3,0,1,0,1,0,1,0,0,0,0,0,0,1,0,0,46,5,4,4,2,3,61.7,20.0,64.9,32.9
4228,3,0,0,2,0,1,73.3,5,0,0,0,0,0,0,1,0,33.3,4,4,2,2,0,1,0,0,22,0,0,1,0,0,28,0,1,1,0,18,1,4,4,5,4,19.4,0.0,17.5,58.2
4229,3,1,0,0,2,0,43.3,5,0,1,0,0,0,0,0,0,33.3,4,2,2,3,0,1,0,0,22,0,0,1,0,0,28,0,0,1,0,0,5,3,5,5,2,29.1,13.3,40.1,40.9
4230,0,1,3,0,0,2,65.0,1,0,0,0,1,1,1,0,0,100.0,4,3,1,2,0,0,0,1,0,0,1,0,0,1,0,1,0,0,0,30,5,2,5,2,1,54.2,20.1,49.6,47.1
4231,3,2,1,0,0,0,40.0,3,1,1,0,1,0,0,0,0,100.0,4,4,3,1,1,0,0,1,6,1,0,0,0,0,0,0,0,1,0,0,1,2,1,5,2,27.1,6.5,33.6,59.2
4232,1,0,0,3,2,0,63.3,5,1,0,0,0,0,0,1,1,100.0,4,2,2,1,0,1,1,0,56,0,1,0,0,0,42,0,0,1,0,0,2,4,4,5,2,27.9,15.2,26.3,61.7
4233,2,3,0,0,1,0,43.3,3,0,0,0,1,1,0,0,0,66.7,2,4,2,1,0,1,0,0,22,1,0,0,0,1,0,1,0,0,0,30,3,3,1,4,1,59.3,33.4,53.2,45.0
4234,0,3,1,0,0,2,65.0,2,1,0,0,0,0,0,0,0,33.3,5,3,1,3,0,1,0,0,22,0,1,1,0,0,70,1,0,1,0,2,2,2,5,2,3,16.4,3.5,21.6,49.1
4235,3,2,0,0,1,0,43.3,3,1,0,1,0,0,1,0,0,100.0,1,4,1,3,1,0,1,0,64,1,0,0,0,0,0,1,0,0,1,2,1,2,1,5,2,57.6,37.4,52.2,57.9
4236,3,0,1,0,2,0,55.0,3,1,0,1,0,0,0,0,0,66.7,2,3,3,1,0,1,0,0,22,1,0,0,0,0,0,1,0,0,0,30,1,2,4,5,1,59.4,38.1,63.9,38.3
4237,0,2,1,0,3,0,48.3,2,1,1,0,0,0,0,0,0,66.7,1,4,4,4,0,1,0,0,22,1,0,0,0,0,0,1,0,1,0,2,2,1,5,1,1,66.6,31.3,78.8,37.6
4238,1,0,0,3,0,2,73.3,3,0,0,0,0,1,0,0,0,33.3,5,3,1,4,0,0,1,1,10,0,1,0,0,0,42,0,0,1,0,0,5,3,4,5,4,4.4,0.0,16.3,65.5
4239,1,0,2,0,0,3,65.0,3,0,1,0,1,1,0,0,0,100.0,5,3,1,4,0,1,0,0,22,1,0,1,0,0,0,1,0,0,0,30,5,2,1,5,3,35.4,19.4,38.3,63.6
4240,0,3,2,1,0,0,63.3,1,0,0,1,1,0,0,0,1,100.0,2,3,4,3,0,1,0,0,22,0,0,0,0,1,0,1,0,0,0,30,2,2,5,5,1,54.7,38.3,69.1,49.3
4241,0,1,0,3,0,2,70.0,3,0,1,0,1,1,0,0,0,100.0,2,3,3,3,0,0,1,0,34,0,1,1,0,0,70,1,1,0,0,76,3,2,4,2,2,61.7,61.3,50.9,63.0
4242,0,2,3,0,0,1,65.0,4,0,1,0,1,0,0,0,1,100.0,5,3,1,2,0,1,1,0,56,0,1,0,0,0,42,0,0,1,0,0,3,4,5,1,3,29.6,8.8,17.0,60.2
4243,3,2,0,1,0,0,60.0,1,0,0,0,1,0,0,0,0,33.3,4,1,4,1,0,1,0,0,22,1,0,1,0,0,0,1,1,0,0,76,5,4,4,2,2,72.6,35.7,76.4,12.4
4244,1,3,0,2,0,0,60.0,3,0,0,0,0,0,1,1,0,66.7,4,3,3,3,0,1,0,0,22,0,0,1,0,0,28,1,1,0,0,76,5,1,5,2,3,60.6,51.5,64.6,49.0
4245,2,1,3,0,0,0,40.0,3,0,1,1,1,0,0,0,0,100.0,2,1,1,3,0,1,0,0,22,0,0,1,1,0,48,0,1,0,0,46,3,1,5,2,1,66.3,48.9,55.0,44.1
4246,1,3,2,0,0,0,40.0,4,0,1,0,1,0,1,0,0,100.0,4,2,1,3,0,1,0,0,22,0,0,0,1,1,0,1,1,0,0,76,3,2,2,2,1,80.0,54.8,73.2,25.5
4247,0,2,1,0,3,0,48.3,1,1,0,0,1,1,0,0,0,100.0,1,2,3,3,1,0,0,1,6,1,1,0,0,0,14,1,0,1,0,2,2,2,5,1,1,56.4,23.3,62.2,38.5
4248,1,0,0,0,3,2,71.7,3,0,1,1,1,0,0,0,0,100.0,1,3,3,4,1,0,1,0,64,1,0,1,0,0,0,1,0,0,0,30,2,1,5,2,1,84.6,60.8,90.0,41.0
4249,2,0,3,0,0,1,65.0,3,0,0,0,1,0,0,0,0,33.3,2,2,4,3,0,1,0,0,22,1,0,0,0,0,0,1,0,0,0,30,2,3,2,2,1,72.2,28.5,80.1,15.8
4250,0,3,2,1,0,0,63.3,2,0,0,0,0,0,0,0,1,33.3,2,2,1,4,0,1,0,0,22,1,0,0,0,0,0,1,1,0,0,76,3,3,4,1,2,84.7,49.4,80.9,13.3
4251,0,2,0,1,0,3,70.0,4,1,0,0,0,1,0,1,0,100.0,4,4,1,4,0,0,1,1,10,0,1,0,0,0,42,0,1,0,1,18,5,3,4,4,4,11.7,7.4,9.4,82.4
4252,2,0,3,1,0,0,63.3,4,0,1,0,0,0,0,0,0,33.3,1,2,3,3,1,1,0,0,52,0,1,0,0,0,42,1,0,1,0,2,3,1,2,1,1,67.2,40.4,67.9,30.3
4253,3,1,0,2,0,0,60.0,3,0,1,0,1,0,1,0,0,100.0,2,2,2,3,0,1,0,0,22,1,0,0,0,0,0,1,0,0,0,30,1,2,5,1,1,69.9,33.8,74.3,25.6
4254,0,0,2,0,1,3,61.7,4,0,1,0,1,0,0,1,0,100.0,4,3,3,4,1,0,0,1,6,0,1,1,0,0,70,1,0,0,0,30,1,3,1,4,4,10.9,12.6,15.1,69.5
4255,2,0,0,0,3,1,71.7,4,1,1,0,0,0,1,0,0,100.0,5,3,1,4,0,0,0,1,0,0,0,1,0,0,28,0,0,1,0,0,1,2,4,2,1,34.5,8.7,46.6,51.5
4256,3,0,0,0,2,1,71.7,2,0,0,0,1,1,0,0,1,100.0,5,3,1,2,0,0,0,1,0,0,0,0,0,1,0,0,0,1,0,0,5,3,1,4,3,17.3,0.0,27.5,63.6
4257,0,1,3,0,2,0,48.3,2,0,0,0,1,0,1,0,0,66.7,5,1,1,3,0,1,0,0,22,1,0,0,0,0,0,0,1,0,0,46,3,4,1,1,2,61.0,22.4,67.3,15.3
4258,0,0,2,0,1,3,61.7,4,0,0,1,0,0,1,0,0,66.7,4,4,1,3,0,1,0,1,0,0,1,1,0,0,70,0,1,0,0,46,5,4,5,5,4,12.5,14.3,4.7,77.7
4259,3,0,0,2,0,1,73.3,3,1,0,0,0,0,0,0,0,33.3,4,2,1,1,0,0,1,1,10,1,0,0,0,0,0,1,0,1,0,2,2,4,5,2,3,40.1,0.0,38.3,28.8
4260,2,1,3,0,0,0,40.0,4,0,1,0,0,0,1,0,0,66.7,4,3,4,2,1,0,0,0,30,0,1,0,0,0,42,1,0,1,0,2,3,3,4,4,2,26.1,12.2,36.7,52.6
4261,2,3,1,0,0,0,40.0,3,1,0,0,0,0,1,0,1,100.0,2,3,1,1,0,1,0,0,22,0,1,0,0,0,42,0,0,0,1,0,3,4,1,2,1,36.2,16.8,27.2,54.8
4262,2,0,1,0,0,3,65.0,3,0,0,0,1,0,0,0,1,66.7,2,4,4,1,0,1,0,1,0,1,0,0,0,1,0,1,0,0,0,30,3,2,1,2,1,65.5,25.1,70.0,41.6
4263,1,2,0,0,0,3,63.3,2,0,0,0,0,0,0,1,0,33.3,2,2,2,3,0,1,1,0,56,0,0,1,0,0,28,1,0,0,1,2,1,3,4,1,1,65.1,30.0,64.3,23.6
4264,2,3,0,0,0,1,63.3,5,0,1,0,0,1,0,0,0,66.7,4,3,4,2,0,0,0,1,0,0,1,1,0,0,70,1,0,0,0,30,5,4,1,5,3,8.0,12.3,15.7,77.7
4265,3,0,0,2,0,1,73.3,4,0,1,0,0,0,0,0,0,33.3,1,4,1,2,0,0,0,1,0,0,1,0,0,0,42,0,0,1,0,0,5,3,5,2,3,31.6,6.6,24.5,54.6
4266,0,3,0,1,0,2,70.0,4,0,0,1,0,1,1,0,0,100.0,4,3,1,3,0,1,1,0,56,0,1,1,0,0,70,0,0,1,0,0,5,4,1,4,2,13.4,12.8,9.6,81.3
4267,1,2,0,0,3,0,43.3,1,0,0,0,0,0,0,1,0,33.3,2,4,3,4,0,1,1,0,56,0,0,1,0,0,28,1,1,0,0,76,2,4,5,2,2,70.9,55.7,67.0,35.7
4268,3,0,2,0,0,1,65.0,1,0,1,1,0,0,1,0,0,100.0,1,2,3,4,0,0,1,0,34,1,0,0,0,0,0,1,0,0,0,30,3,3,2,2,1,74.1,32.9,80.5,35.9
4269,3,0,1,2,0,0,63.3,3,0,0,1,0,0,1,0,0,66.7,4,4,1,3,0,1,0,0,22,0,0,1,0,0,28,1,1,0,0,76,3,3,4,2,1,63.7,52.7,54.7,43.3
4270,3,2,0,1,0,0,60.0,2,0,0,0,0,1,0,0,1,66.7,4,2,4,3,1,0,1,0,64,1,0,0,0,1,0,1,1,0,0,76,1,4,4,1,2,81.3,50.7,84.9,18.2
4271,3,2,0,0,0,1,63.3,3,0,1,0,0,0,1,0,1,100.0,2,1,3,3,0,1,1,0,56,0,0,1,0,0,28,0,1,0,0,46,2,3,5,4,1,69.6,54.6,67.5,41.1
4272,2,0,3,0,1,0,55.0,2,0,0,1,0,0,1,0,0,66.7,4,4,1,3,1,0,0,1,6,1,0,0,0,1,0,0,1,0,0,46,2,2,5,1,2,62.6,29.6,61.4,35.1
4273,0,3,1,0,0,2,65.0,3,0,0,1,0,0,0,0,0,33.3,5,3,1,2,0,1,0,0,22,0,0,1,0,0,28,0,1,0,0,46,2,4,4,4,4,31.3,14.6,26.9,46.1
4274,0,1,0,2,3,0,53.3,5,0,0,0,1,0,1,0,0,66.7,2,2,4,4,0,1,0,0,22,1,0,1,0,0,0,1,0,0,0,30,2,1,4,2,2,66.8,38.1,81.6,28.4
4275,3,2,0,0,0,1,63.3,3,0,1,0,0,0,0,1,1,100.0,2,3,3,4,0,1,0,0,22,1,0,1,0,0,0,1,1,0,0,76,2,4,2,2,2,73.2,47.9,76.9,35.3
4276,0,3,2,1,0,0,63.3,4,0,0,0,1,0,0,0,1,66.7,5,3,1,3,0,0,1,0,34,0,1,1,0,0,70,0,1,0,0,46,2,4,2,5,4,10.3,19.1,12.1,67.8
4277,1,0,0,3,2,0,63.3,4,0,1,0,0,0,0,0,0,33.3,5,3,4,3,0,1,0,0,22,1,0,0,0,0,0,1,1,0,0,76,2,1,1,4,2,68.3,55.3,89.3,29.9
4278,2,1,3,0,0,0,40.0,1,0,0,1,0,0,0,0,0,33.3,2,3,3,3,0,1,0,0,22,1,0,1,0,0,0,1,0,0,1,2,1,2,1,1,2,64.3,14.4,74.7,21.8
4279,0,2,1,0,0,3,65.0,2,0,1,0,0,1,0,1,0,100.0,4,3,3,4,1,0,0,0,30,0,1,1,0,0,70,1,0,1,0,2,5,3,4,4,4,6.8,8.7,16.0,83.6
4280,2,0,3,1,0,0,63.3,3,0,0,0,1,0,0,0,0,33.3,5,3,3,1,0,1,0,0,22,1,0,0,0,0,0,1,1,0,0,76,2,1,2,1,2,80.2,49.4,80.9,15.9
4281,2,1,0,3,0,0,60.0,3,0,0,0,0,0,0,1,0,33.3,4,3,1,4,1,0,1,0,64,0,0,1,1,0,48,1,0,0,0,30,1,3,5,2,4,40.3,26.9,32.9,44.7
4282,0,0,1,2,0,3,61.7,4,0,0,0,1,0,0,0,0,33.3,5,4,4,4,0,1,1,0,56,0,1,0,0,0,42,0,0,0,1,0,5,4,5,4,3,17.3,9.6,35.9,62.6
4283,2,3,0,0,1,0,43.3,5,1,1,1,0,0,0,0,0,100.0,2,2,3,2,0,1,0,1,0,1,0,0,0,0,0,0,0,1,1,0,3,1,4,5,4,31.7,13.8,46.5,58.3
4284,1,0,2,0,3,0,55.0,1,0,0,0,0,1,0,0,0,33.3,2,1,1,3,0,1,0,0,22,0,1,0,0,0,42,0,1,0,1,18,2,1,2,4,2,53.4,31.1,51.6,31.8
4285,1,3,2,0,0,0,40.0,3,1,0,0,0,0,0,0,0,33.3,4,2,4,2,0,1,1,0,56,0,1,0,0,1,0,1,1,0,0,76,1,1,4,2,3,86.5,57.9,88.5,12.9
4286,2,1,3,0,0,0,40.0,5,1,1,0,0,0,1,0,0,100.0,5,3,3,1,0,1,0,1,0,1,1,0,0,0,14,1,0,1,0,2,5,1,1,1,2,39.5,10.9,49.2,47.0
4287,1,3,0,2,0,0,60.0,3,0,0,0,0,0,0,0,1,33.3,5,2,2,4,1,0,1,0,64,0,0,1,0,0,28,1,0,1,0,2,2,1,5,1,1,62.3,36.0,74.0,25.3
4288,1,0,0,2,3,0,63.3,3,0,1,0,0,0,0,0,0,33.3,4,2,4,4,0,1,0,0,22,0,0,0,0,1,0,1,0,0,0,30,3,3,2,4,4,44.1,14.9,60.7,35.2
4289,2,1,0,0,0,3,63.3,3,0,0,0,1,0,0,1,0,66.7,5,3,1,4,1,0,0,0,30,0,0,1,0,0,28,0,0,1,0,0,5,3,1,5,2,23.8,7.3,28.7,62.3
4290,0,3,2,0,0,1,65.0,3,0,0,0,0,1,1,0,0,66.7,5,4,1,3,1,1,0,0,52,0,1,0,0,0,42,0,1,1,0,18,5,4,4,5,2,23.1,23.0,21.6,72.2
4291,3,2,1,0,0,0,40.0,4,0,1,0,1,0,0,0,0,66.7,1,3,4,4,1,0,0,0,30,0,0,1,0,0,28,0,1,0,0,46,2,2,4,2,1,76.3,50.3,77.3,36.5
4292,2,0,0,0,3,1,71.7,3,1,0,1,1,0,0,0,0,100.0,2,2,2,1,0,1,0,0,22,1,0,0,0,1,0,1,0,0,0,30,3,1,4,2,2,67.1,40.7,63.1,39.8
4293,0,1,3,0,2,0,48.3,3,0,0,1,0,1,0,0,0,66.7,5,3,1,4,0,0,1,0,34,0,0,1,1,0,48,1,1,0,0,76,1,2,1,4,1,58.9,55.8,54.7,44.5
4294,3,0,0,2,1,0,63.3,4,0,1,0,0,1,0,0,0,66.7,1,3,3,3,1,0,1,0,64,0,1,0,0,0,42,1,1,0,0,76,5,3,1,2,1,82.1,73.7,69.1,42.1
4295,1,2,3,0,0,0,40.0,1,1,0,0,0,0,0,0,1,66.7,4,4,1,3,0,1,0,0,22,1,0,0,0,1,0,1,0,0,0,30,2,1,1,5,1,55.6,38.2,61.9,45.5
4296,2,0,3,0,1,0,55.0,3,0,0,1,0,0,1,0,0,66.7,4,4,4,4,1,0,1,0,64,0,0,1,0,0,28,1,0,0,0,30,5,2,4,2,3,49.3,33.9,58.5,56.7
4297,0,1,0,0,3,2,61.7,4,1,0,0,0,1,0,1,0,100.0,4,3,3,3,1,1,0,0,52,0,1,0,1,0,62,1,0,1,0,2,2,4,4,5,1,24.9,21.6,27.6,70.1
4298,1,3,2,0,0,0,40.0,2,1,0,0,1,0,1,0,0,100.0,4,1,3,4,0,1,1,0,56,0,0,1,0,0,28,1,1,0,0,76,2,3,5,4,4,59.1,47.1,67.9,39.6
4299,0,0,3,0,2,1,61.7,1,0,1,0,1,0,1,0,0,100.0,4,4,1,4,0,0,0,1,0,0,1,1,0,0,70,0,0,1,0,0,2,2,4,1,3,16.2,3.5,16.5,73.9
4300,1,3,2,0,0,0,40.0,3,0,0,0,0,0,1,0,0,33.3,5,3,2,2,1,0,1,0,64,0,1,1,0,0,70,0,0,0,1,0,1,3,1,5,4,15.3,12.0,10.6,61.3
4301,3,2,0,1,0,0,60.0,3,0,1,0,1,0,0,0,0,66.7,4,4,4,4,1,0,0,0,30,1,0,1,0,0,0,1,0,0,0,30,3,3,2,2,1,62.2,29.3,75.6,41.9
4302,2,1,3,0,0,0,40.0,3,1,0,0,1,0,0,0,0,66.7,4,3,4,1,1,1,0,0,52,0,0,1,1,0,48,1,0,0,1,2,3,3,5,2,3,33.3,11.1,36.1,50.5
4303,2,3,0,0,0,1,63.3,5,0,0,0,0,0,1,1,0,66.7,5,4,3,4,0,1,0,1,0,0,1,0,0,0,42,0,0,1,0,0,5,4,4,4,4,0.4,0.0,17.2,76.2
4304,3,1,0,0,0,2,63.3,3,0,0,0,1,1,1,0,0,100.0,2,2,2,2,0,1,0,0,22,0,1,0,0,0,42,1,0,0,0,30,5,2,5,2,1,58.8,35.2,49.3,50.2
4305,1,0,0,0,3,2,71.7,3,0,0,0,0,0,1,1,0,66.7,2,4,1,3,0,1,1,0,56,0,1,1,0,0,70,1,0,0,1,2,2,4,5,5,3,16.5,15.1,7.7,79.8
4306,0,3,2,0,1,0,48.3,3,0,0,0,0,1,0,1,0,66.7,2,3,3,4,1,1,0,0,52,0,1,0,1,0,62,0,1,1,0,18,3,3,5,4,2,40.4,30.5,38.2,60.4
4307,0,0,3,0,1,2,61.7,4,0,1,1,0,0,0,0,0,66.7,5,4,3,4,0,0,1,1,10,1,0,0,0,0,0,0,0,1,0,0,2,2,2,4,2,34.0,5.7,54.0,53.5
4308,2,0,1,3,0,0,63.3,3,0,1,0,0,0,0,0,0,33.3,2,2,4,2,0,1,0,1,0,0,1,0,0,1,0,1,0,0,0,30,1,3,1,1,1,75.0,26.3,82.3,12.7
4309,0,0,2,3,0,1,61.7,4,0,0,0,0,0,0,1,0,33.3,5,4,1,2,0,1,0,0,22,1,1,0,0,0,14,0,0,0,1,0,2,2,1,5,4,13.9,2.2,23.8,56.7
4310,2,0,3,1,0,0,63.3,3,0,1,1,1,0,0,0,0,100.0,2,3,3,3,0,1,0,0,22,0,0,1,0,0,28,0,1,0,0,46,1,3,5,1,1,68.0,44.4,71.8,39.3
4311,3,0,2,0,1,0,55.0,2,0,0,1,0,0,0,0,0,33.3,4,3,3,3,0,1,0,0,22,0,1,0,0,0,42,1,0,0,1,2,5,4,5,1,3,28.4,0.7,34.3,42.7
4312,1,3,2,0,0,0,40.0,3,0,0,0,1,1,0,0,0,66.7,4,4,4,4,1,0,1,0,64,1,0,0,1,0,0,1,0,1,0,2,3,2,4,4,1,52.9,28.1,65.7,49.2
4313,1,0,2,0,3,0,55.0,1,0,0,0,1,0,0,0,0,33.3,5,3,4,1,0,1,0,1,0,1,0,0,0,0,0,0,0,1,1,0,2,1,1,2,1,48.6,4.8,71.2,25.6
4314,3,2,1,0,0,0,40.0,3,0,0,0,1,0,0,0,0,33.3,4,2,2,1,0,1,1,0,56,0,1,1,0,0,70,0,1,0,0,46,5,4,4,1,1,53.9,45.5,44.0,35.4
4315,2,0,1,0,0,3,65.0,2,0,1,0,0,1,0,0,0,66.7,5,3,2,4,0,0,1,0,34,0,1,0,0,0,42,0,0,1,0,0,5,3,4,5,2,21.3,3.4,28.5,67.0
4316,3,0,0,1,0,2,73.3,1,0,1,0,0,0,1,0,0,66.7,5,2,3,3,0,1,0,0,22,1,0,1,0,0,0,0,1,0,1,18,2,4,4,4,4,29.9,0.0,40.8,49.4
4317,3,0,2,1,0,0,63.3,2,0,1,0,0,1,0,0,0,66.7,1,3,4,3,0,1,0,1,0,1,0,0,0,1,0,1,0,1,0,2,3,3,2,1,1,62.2,9.7,72.0,32.8
4318,3,1,0,0,2,0,43.3,5,1,0,0,1,0,0,1,0,100.0,2,4,3,3,0,1,1,0,56,0,1,0,0,0,42,1,0,0,1,2,2,2,4,1,4,38.0,21.5,37.4,66.8
4319,3,2,1,0,0,0,40.0,2,0,1,0,1,0,0,0,0,66.7,2,1,1,4,1,0,1,0,64,0,1,0,0,0,42,1,1,0,0,76,2,2,5,2,2,81.2,70.0,70.9,23.0
4320,0,0,0,3,2,1,55.0,2,0,0,0,0,0,1,0,0,33.3,2,2,3,4,0,1,0,1,0,0,1,1,0,0,70,1,0,0,0,30,5,3,4,4,4,22.4,11.6,30.6,56.7
4321,3,1,0,2,0,0,60.0,3,0,0,1,1,1,0,0,0,100.0,2,2,2,1,0,0,0,1,0,0,0,1,0,0,28,1,0,0,1,2,3,2,4,1,1,53.1,20.9,48.1,35.9
4322,0,0,2,1,0,3,61.7,4,1,0,0,0,1,0,0,0,66.7,4,4,1,3,0,1,0,0,22,1,1,0,0,0,14,0,0,1,0,0,2,3,4,1,3,36.9,5.2,44.7,47.3
4323,3,0,2,0,0,1,65.0,5,0,0,1,0,0,0,0,1,66.7,5,4,3,4,0,1,0,0,22,0,1,1,0,0,70,1,0,1,0,2,1,3,4,1,3,18.9,7.8,26.5,61.9
4324,2,3,0,0,1,0,43.3,3,0,1,1,0,0,1,0,0,100.0,4,3,4,4,0,1,1,0,56,1,0,0,0,0,0,1,0,0,0,30,3,1,2,4,1,62.6,44.7,76.1,53.0
4325,3,2,0,1,0,0,60.0,4,0,0,0,0,0,1,0,0,33.3,4,3,2,2,0,1,0,0,22,1,0,0,0,0,0,1,0,0,1,2,5,2,4,2,1,52.8,17.7,62.4,32.9
4326,2,0,3,1,0,0,63.3,3,1,1,0,0,0,0,0,0,66.7,2,2,1,1,0,1,0,0,22,0,0,0,0,1,0,0,0,0,1,0,1,3,1,2,1,61.8,16.9,60.3,20.7
4327,0,0,2,3,0,1,61.7,5,1,0,1,0,0,0,1,0,100.0,4,2,1,4,0,1,0,1,0,0,0,1,0,0,28,0,1,0,1,18,5,3,2,4,2,28.6,9.7,33.2,62.1
4328,3,0,0,2,0,1,73.3,3,0,0,1,0,0,0,0,0,33.3,4,3,2,1,1,1,0,0,52,1,1,0,0,0,14,1,1,0,0,76,5,2,4,1,2,79.6,59.9,69.3,33.4
4329,2,1,3,0,0,0,40.0,2,0,0,1,0,1,0,0,0,66.7,4,1,3,2,0,1,0,0,22,1,0,1,0,0,0,1,1,0,0,76,2,1,1,2,1,84.2,57.6,93.7,8.2
4330,1,3,2,0,0,0,40.0,3,0,0,0,0,0,1,0,0,33.3,2,2,2,3,0,1,0,0,22,1,0,0,0,0,0,1,1,0,0,76,3,3,5,5,1,80.1,59.6,77.6,24.0
4331,3,1,0,0,0,2,63.3,4,1,0,0,0,0,0,0,0,33.3,5,4,1,4,0,0,1,1,10,0,1,1,0,0,70,1,0,1,0,2,1,3,5,5,3,6.0,1.9,15.0,66.9
4332,0,2,1,3,0,0,63.3,3,1,0,0,1,0,0,0,0,66.7,2,4,3,2,1,0,0,0,30,1,0,0,0,0,0,0,0,1,0,0,2,3,5,2,3,41.2,15.8,47.1,49.5
4333,0,0,3,0,2,1,61.7,2,1,1,0,0,0,1,0,0,100.0,4,4,3,4,0,0,1,0,34,0,1,0,0,0,42,0,0,1,0,0,5,3,4,5,2,14.0,10.9,29.0,79.3
4334,1,0,0,3,2,0,63.3,4,1,0,0,0,1,1,0,0,100.0,2,3,3,4,0,1,0,1,0,0,1,0,0,1,0,1,0,1,0,2,5,3,5,5,4,21.5,0.0,37.3,67.7
4335,3,0,1,0,0,2,65.0,3,0,1,0,0,0,1,1,0,100.0,5,4,2,4,0,0,0,1,0,1,0,1,0,0,0,0,1,1,0,18,5,3,2,2,1,47.6,16.2,52.6,56.5
4336,3,0,0,0,2,1,71.7,2,0,0,0,1,1,0,1,0,100.0,5,3,1,2,0,0,0,1,0,0,0,1,0,0,28,0,1,0,0,46,3,4,4,5,3,23.4,9.8,21.2,59.7
4337,2,3,0,0,0,1,63.3,3,0,1,0,0,0,1,0,0,66.7,5,4,1,4,0,0,1,0,34,0,0,1,0,0,28,0,0,1,0,0,5,3,1,1,2,39.2,8.1,39.2,54.2
4338,1,3,0,2,0,0,60.0,3,1,0,1,0,0,0,0,1,100.0,2,4,4,3,0,1,1,0,56,1,1,0,0,0,14,1,0,0,0,30,3,1,2,2,2,62.5,46.2,70.5,51.3
4339,1,0,0,2,3,0,63.3,1,0,0,0,0,0,0,0,1,33.3,4,2,2,4,1,1,0,0,52,0,0,0,1,1,0,1,0,1,0,2,1,4,1,4,1,54.3,17.8,65.1,22.9
4340,0,2,0,1,3,0,53.3,3,0,0,1,0,0,0,0,1,66.7,5,3,1,2,0,1,0,0,22,0,1,1,0,0,70,0,0,1,1,0,5,3,5,1,1,25.6,8.3,24.3,56.9
4341,3,2,0,0,1,0,43.3,1,0,0,0,1,0,0,0,0,33.3,4,4,4,4,1,0,0,1,6,1,1,0,0,0,14,1,1,0,0,76,3,4,5,1,3,60.9,33.3,68.4,34.9
4342,1,0,3,0,2,0,55.0,1,0,0,0,0,0,1,0,0,33.3,4,2,3,1,1,1,0,0,52,1,1,0,0,0,14,1,0,0,0,30,1,1,2,1,1,71.0,42.9,75.4,16.9
4343,2,3,0,1,0,0,60.0,3,0,0,0,0,0,0,1,0,33.3,2,2,2,3,0,1,0,0,22,1,0,0,0,0,0,1,0,0,0,30,5,1,5,2,1,74.5,39.9,82.9,20.6
4344,1,0,2,0,0,3,65.0,4,1,0,0,0,0,0,1,1,100.0,5,4,4,4,0,1,0,0,22,0,1,1,0,0,70,0,0,1,0,0,1,1,2,4,2,14.2,14.0,28.8,83.1
4345,2,3,0,0,1,0,43.3,3,1,1,0,1,0,0,0,0,100.0,5,2,1,1,0,1,0,0,22,0,0,1,0,0,28,1,0,0,0,30,3,2,1,4,3,37.6,21.1,33.8,54.7
4346,0,0,3,2,0,1,61.7,2,0,0,0,0,0,1,1,1,100.0,5,4,1,2,0,1,0,0,22,0,0,1,0,0,28,0,0,0,1,0,5,4,2,5,2,17.7,0.0,16.1,75.8
4347,0,2,1,0,3,0,48.3,3,0,1,0,1,0,0,0,0,66.7,2,3,1,3,0,1,0,0,22,1,0,1,0,0,0,1,1,0,0,76,2,1,4,2,1,90.2,65.0,87.4,25.0
4348,3,1,0,2,0,0,60.0,3,0,1,0,0,0,0,0,1,66.7,2,2,3,3,0,1,0,0,22,1,0,0,0,0,0,1,1,0,0,76,2,2,1,2,1,87.6,56.6,88.2,22.2
4349,0,3,0,1,0,2,70.0,3,0,0,1,1,0,1,0,0,100.0,2,4,1,4,0,0,1,0,34,1,0,0,0,0,0,0,0,0,1,0,1,3,2,2,2,49.3,19.4,50.6,54.8
4350,1,2,0,0,0,3,63.3,3,0,0,0,1,0,0,0,0,33.3,2,3,3,3,1,0,0,0,30,1,0,0,0,1,0,1,0,0,0,30,3,3,5,4,1,66.4,34.3,70.3,31.5
4351,1,3,0,2,0,0,60.0,4,1,0,0,0,0,1,1,0,100.0,4,4,1,3,0,1,0,0,22,1,1,0,0,0,14,1,0,1,0,2,1,4,5,4,1,36.5,9.6,36.8,57.4
4352,3,0,1,2,0,0,63.3,1,0,0,0,1,1,1,0,0,100.0,2,2,4,2,1,0,0,1,6,1,0,1,0,0,0,1,0,0,1,2,2,2,4,4,2,38.9,9.6,52.5,48.2
4353,2,3,0,0,0,1,63.3,1,0,0,0,1,0,0,0,0,33.3,1,3,3,2,0,1,0,0,22,1,0,0,0,1,0,1,0,0,1,2,3,1,1,4,2,55.6,24.3,68.0,37.5
4354,3,1,0,0,0,2,63.3,3,0,0,1,1,0,0,0,0,66.7,4,3,3,2,1,0,1,0,64,0,1,0,0,0,42,0,1,0,1,18,1,3,4,4,3,37.6,22.1,39.4,53.3
4355,1,3,2,0,0,0,40.0,3,0,0,0,1,0,0,0,1,66.7,5,1,3,1,0,1,1,0,56,1,0,0,0,1,0,1,1,0,0,76,3,3,4,1,2,83.8,51.6,76.1,13.4
4356,1,0,3,0,2,0,55.0,2,0,0,0,0,0,0,1,0,33.3,1,3,3,3,0,0,1,0,34,1,0,0,0,0,0,1,0,0,0,30,3,3,5,2,1,80.1,39.3,78.1,23.8
4357,0,2,3,1,0,0,63.3,4,1,1,0,0,0,0,0,0,66.7,4,2,4,2,1,1,0,0,52,0,1,0,0,0,42,0,0,1,0,0,5,4,5,2,3,34.1,8.9,38.3,48.4
4358,3,1,0,0,2,0,43.3,3,1,0,0,0,0,0,0,0,33.3,4,4,3,4,0,1,0,0,22,1,0,1,0,0,0,1,1,0,0,76,5,3,5,5,1,68.8,49.6,76.4,36.8
4359,3,2,1,0,0,0,40.0,1,0,0,0,1,1,0,0,0,66.7,4,4,1,2,1,0,0,0,30,1,0,0,0,0,0,1,1,0,0,76,5,4,5,5,2,58.0,40.3,51.0,48.3
4360,2,1,0,0,3,0,43.3,2,0,0,0,0,1,0,0,0,33.3,5,4,1,4,0,1,0,0,22,0,1,1,0,0,70,0,0,1,0,0,2,3,4,5,2,9.3,0.0,14.4,65.5
4361,2,1,0,0,3,0,43.3,5,1,1,1,0,0,0,0,0,100.0,2,4,3,2,0,1,1,0,56,0,1,0,0,0,42,1,0,1,0,2,5,2,5,4,1,44.2,36.3,40.8,71.3
4362,1,2,3,0,0,0,40.0,3,0,0,1,0,0,0,1,1,100.0,5,1,4,4,0,1,0,0,22,0,0,1,1,0,48,1,0,0,0,30,3,3,5,4,1,39.4,22.1,57.3,42.4
4363,0,0,2,0,3,1,61.7,3,0,0,0,0,0,0,0,1,33.3,5,4,3,4,0,1,0,0,22,0,1,0,0,1,0,0,1,0,1,18,2,1,5,4,2,48.8,22.5,68.7,37.7
4364,0,1,0,3,0,2,70.0,1,1,0,0,0,0,0,0,1,66.7,5,3,4,4,0,1,0,1,0,0,1,0,0,0,42,1,0,0,0,30,1,3,5,5,3,14.8,1.6,37.5,60.2
4365,2,0,1,0,0,3,65.0,1,1,0,0,0,1,1,0,0,100.0,5,4,3,4,0,1,0,0,22,0,1,0,0,0,42,1,0,0,0,30,5,4,2,4,2,28.2,13.4,30.2,79.2
4366,3,2,0,0,0,1,63.3,2,0,0,1,0,0,0,0,0,33.3,5,4,2,3,0,1,0,0,22,1,0,0,0,0,0,0,0,1,0,0,5,3,4,5,1,35.4,7.7,48.4,43.8
4367,0,0,3,1,2,0,55.0,3,1,0,0,0,1,1,0,0,100.0,1,2,1,1,0,1,0,1,0,1,0,0,0,0,0,0,0,1,0,0,3,2,5,1,1,58.1,17.7,52.5,34.1
4368,2,0,3,0,0,1,65.0,5,0,1,1,0,0,1,0,0,100.0,4,1,4,3,0,0,0,1,0,0,1,0,0,0,42,0,0,1,0,0,5,4,5,5,4,4.1,0.0,18.3,65.4
4369,1,0,0,0,3,2,71.7,5,1,0,0,0,0,1,1,0,100.0,5,4,3,3,0,1,0,0,22,0,1,0,0,0,42,0,0,1,0,0,3,4,2,5,2,13.2,0.8,26.3,76.1
4370,0,0,2,1,0,3,61.7,5,0,1,1,0,0,0,0,1,100.0,5,3,2,2,1,1,0,0,52,0,1,0,0,1,0,0,0,1,0,0,5,4,1,4,2,35.4,11.9,42.4,56.5
4371,3,1,2,0,0,0,40.0,4,0,1,0,1,0,0,0,1,100.0,2,3,3,3,1,0,0,0,30,1,0,1,0,0,0,1,0,0,1,2,3,2,4,1,3,56.0,18.8,62.6,42.4
4372,1,2,3,0,0,0,40.0,2,1,1,0,1,0,0,0,0,100.0,5,4,4,3,0,1,1,0,56,1,0,0,0,1,0,0,1,0,1,18,5,3,1,2,2,46.3,24.3,57.3,55.1
4373,2,0,3,1,0,0,63.3,5,0,1,1,0,0,1,0,0,100.0,4,3,1,4,0,1,1,0,56,0,1,0,0,0,42,1,0,1,0,2,1,3,1,5,1,35.5,25.0,35.4,61.4
4374,2,0,3,1,0,0,63.3,2,0,1,1,0,0,1,0,0,100.0,4,2,3,4,0,0,1,0,34,0,1,1,0,0,70,1,0,1,0,2,5,3,4,2,3,17.5,9.6,21.5,69.8
4375,0,3,2,0,0,1,65.0,4,0,0,0,0,0,1,0,0,33.3,4,4,3,4,0,0,0,1,0,1,1,0,0,0,14,0,0,1,0,0,5,4,2,5,2,18.4,0.6,41.1,54.8
4376,3,0,1,0,2,0,55.0,3,0,1,0,0,0,0,0,0,33.3,2,2,3,3,1,0,1,0,64,0,0,1,1,0,48,1,0,0,0,30,1,3,1,2,1,64.2,46.7,62.2,30.5
4377,0,2,0,3,1,0,53.3,1,1,0,0,0,0,0,0,0,33.3,2,2,3,2,0,1,0,0,22,1,0,0,0,0,0,1,0,0,0,30,2,3,2,4,3,52.6,22.5,60.9,25.8
4378,1,3,0,0,0,2,63.3,3,0,0,0,0,0,0,0,1,33.3,4,3,1,4,0,1,0,0,22,0,1,0,0,0,42,1,0,0,0,30,5,2,5,2,2,42.8,28.7,52.2,42.0
4379,0,2,0,1,0,3,70.0,3,0,1,0,0,1,0,0,0,66.7,5,3,1,4,0,1,0,0,22,1,0,0,0,0,0,1,0,1,0,2,5,4,5,5,1,33.7,6.5,45.2,51.2
4380,0,2,1,0,0,3,65.0,5,1,0,0,0,0,0,0,0,33.3,5,3,1,2,0,1,0,0,22,1,0,0,0,0,0,0,0,1,0,0,5,4,5,2,2,40.2,0.9,44.9,34.1
4381,3,0,1,0,0,2,65.0,3,0,0,0,0,0,0,1,0,33.3,2,2,4,4,0,1,0,0,22,1,0,0,1,0,0,1,0,1,0,2,2,3,4,4,1,57.9,19.3,73.8,27.2
4382,2,1,0,3,0,0,60.0,3,0,0,0,1,0,0,0,0,33.3,2,3,3,4,1,0,0,1,6,1,0,0,1,0,0,1,1,0,0,76,1,2,4,2,2,83.6,54.3,89.3,21.8
4383,2,3,0,1,0,0,60.0,3,0,0,1,1,1,0,0,0,100.0,2,2,2,4,1,0,0,0,30,1,0,0,0,0,0,1,0,0,0,30,3,1,1,2,1,74.9,43.8,79.1,37.9
4384,0,0,1,3,0,2,61.7,5,0,0,1,0,0,0,0,0,33.3,4,3,1,4,0,1,0,1,0,0,1,0,0,0,42,1,0,1,0,2,5,2,4,2,4,18.2,1.6,25.4,55.0
4385,0,0,1,2,0,3,61.7,4,0,0,0,1,1,0,1,0,100.0,2,4,1,3,0,1,0,0,22,0,1,0,0,0,42,0,0,1,0,0,5,4,1,1,2,33.4,7.9,25.8,70.2
4386,0,3,2,1,0,0,63.3,5,0,0,0,0,0,1,1,0,66.7,4,4,3,4,0,1,0,0,22,0,1,0,0,0,42,0,0,1,0,0,5,4,5,5,4,8.4,0.0,17.9,79.5
4387,0,0,0,3,2,1,55.0,1,0,0,0,1,0,0,0,0,33.3,2,3,4,3,1,1,0,0,52,0,0,0,1,0,20,1,0,0,0,30,5,1,5,1,2,71.9,40.8,77.9,33.2
4388,2,3,0,1,0,0,60.0,3,0,1,0,0,0,1,0,0,66.7,2,1,3,3,1,0,1,0,64,0,0,1,0,0,28,1,0,0,0,30,3,3,4,4,1,62.3,41.2,68.3,37.5
4389,2,0,3,0,0,1,65.0,3,0,1,0,0,0,1,0,0,66.7,4,1,1,3,0,0,0,1,0,1,0,0,0,0,0,1,0,0,0,30,2,2,4,2,4,46.4,12.8,51.2,28.3
4390,1,2,3,0,0,0,40.0,4,1,0,0,0,0,0,0,1,66.7,4,1,1,4,1,0,0,1,6,0,1,0,0,1,0,1,0,1,0,2,3,3,2,5,3,32.0,0.0,46.6,33.5
4391,0,0,1,0,3,2,61.7,4,0,1,0,0,0,1,1,0,100.0,5,4,1,3,0,1,1,0,56,0,0,1,0,0,28,1,0,1,0,2,1,3,5,1,2,41.7,22.6,40.3,55.2
4392,3,0,0,0,2,1,71.7,1,0,0,0,0,0,1,0,0,33.3,2,3,4,3,0,1,0,0,22,0,0,1,0,1,0,1,0,0,0,30,1,3,1,2,1,71.5,31.3,84.0,26.0
4393,3,2,0,0,1,0,43.3,3,1,0,0,1,0,1,0,0,100.0,2,1,1,1,0,0,1,1,10,0,0,0,0,1,0,1,1,0,0,76,1,1,5,4,1,84.4,59.6,76.1,21.1
4394,3,0,1,0,0,2,65.0,5,0,0,0,0,0,1,0,0,33.3,2,4,1,4,0,1,0,1,0,0,1,1,0,0,70,0,0,1,0,0,3,1,2,4,3,16.0,18.5,22.1,69.8
4395,2,3,0,0,1,0,43.3,2,0,0,0,0,1,1,0,0,66.7,5,3,1,4,0,1,1,0,56,1,0,0,1,0,0,1,0,1,0,2,3,2,5,4,2,50.0,17.7,58.1,40.0
4396,1,0,3,0,0,2,65.0,5,0,0,0,0,0,1,1,1,100.0,2,3,2,1,1,1,0,0,52,1,1,0,0,0,14,1,0,0,1,2,3,2,2,1,1,64.5,29.0,58.6,45.0
4397,0,0,3,0,2,1,61.7,1,0,0,1,1,0,0,0,1,100.0,4,4,1,4,0,1,0,0,22,1,1,0,0,0,14,1,0,1,0,2,5,4,1,4,2,28.0,6.0,32.7,65.7
4398,2,0,3,1,0,0,63.3,5,0,0,1,1,0,1,0,0,100.0,5,4,3,1,0,1,0,0,22,0,1,0,0,0,42,1,1,0,0,76,5,4,1,5,4,26.1,32.0,18.9,79.4
4399,1,0,3,0,0,2,65.0,3,0,1,1,0,0,0,0,0,66.7,4,1,3,3,0,1,0,0,22,0,0,1,1,0,48,1,0,0,0,30,2,2,5,2,1,51.0,30.8,59.1,31.3
4400,2,1,0,3,0,0,60.0,3,0,0,1,1,0,0,0,0,66.7,4,2,3,3,1,0,0,0,30,1,0,1,0,0,0,1,1,0,0,76,3,4,1,2,1,79.0,49.7,76.9,21.8
4401,3,2,0,1,0,0,60.0,4,0,1,0,0,1,1,0,0,100.0,2,1,3,3,0,1,1,0,56,0,0,1,0,0,28,1,0,0,0,30,5,3,5,4,2,54.9,39.5,57.1,51.2
4402,3,0,2,1,0,0,63.3,2,0,0,0,1,1,1,0,0,100.0,1,1,3,4,0,0,0,1,0,0,0,0,0,1,0,0,0,0,1,0,2,2,5,5,2,40.1,13.9,62.7,41.2
4403,3,1,2,0,0,0,40.0,3,0,1,0,0,1,0,0,1,100.0,1,4,4,4,1,0,0,0,30,0,1,0,0,0,42,0,1,0,0,46,2,3,5,2,1,58.9,42.2,59.5,53.8
4404,2,3,1,0,0,0,40.0,3,0,0,1,0,0,0,0,0,33.3,5,2,1,3,0,1,1,0,56,0,1,1,0,0,70,1,1,0,0,76,3,3,4,5,3,41.9,50.5,36.1,47.4
4405,2,1,3,0,0,0,40.0,2,0,0,0,1,0,0,0,0,33.3,2,3,4,3,1,1,0,0,52,0,0,0,1,0,20,1,0,0,1,2,2,2,1,5,1,52.6,28.8,64.8,39.7
4406,1,2,3,0,0,0,40.0,3,0,1,0,0,1,1,0,0,100.0,2,4,3,3,0,1,0,0,22,1,0,0,0,0,0,1,0,0,1,2,2,2,4,2,2,52.4,16.1,60.7,51.1
4407,0,2,3,1,0,0,63.3,3,1,1,1,0,0,0,0,0,100.0,1,4,2,4,1,0,0,0,30,0,0,1,0,0,28,1,1,0,0,76,1,4,1,5,2,58.5,50.7,51.6,61.3
4408,0,2,3,1,0,0,63.3,2,0,1,0,0,0,0,1,0,66.7,4,2,2,4,0,1,0,0,22,1,0,1,0,0,0,1,0,0,0,30,1,4,5,2,2,57.3,14.4,65.0,25.4
4409,2,0,0,1,3,0,63.3,2,0,0,1,0,0,0,0,0,33.3,4,2,4,4,1,1,0,0,52,1,0,0,0,1,0,1,0,0,0,30,3,1,5,2,2,72.6,39.3,89.6,22.6
4410,3,0,1,0,2,0,55.0,2,0,0,0,1,0,0,0,0,33.3,1,3,4,2,1,0,0,1,6,0,0,1,0,1,0,1,0,1,0,2,3,4,5,1,1,56.4,12.6,66.8,27.2
4411,1,0,3,0,2,0,55.0,3,1,1,0,0,0,1,0,0,100.0,5,3,1,4,0,1,0,1,0,1,0,1,0,0,0,1,0,1,0,2,5,3,2,2,1,34.2,0.0,47.7,44.0
4412,0,1,2,0,3,0,48.3,3,1,0,1,1,0,0,0,0,100.0,1,2,1,3,0,1,0,0,22,1,1,0,0,0,14,1,0,0,0,30,2,2,1,2,2,62.5,38.3,59.4,40.9
4413,2,3,0,1,0,0,60.0,1,0,1,0,1,0,0,0,0,66.7,4,1,3,1,0,0,0,1,0,1,0,0,0,0,0,1,0,0,0,30,1,2,1,2,1,63.4,26.1,69.9,13.9
4414,3,1,0,0,0,2,63.3,2,0,0,0,1,0,0,0,1,66.7,4,1,4,4,0,0,0,1,0,1,0,0,0,0,0,1,0,0,0,30,3,3,1,4,2,46.2,12.3,71.6,26.3
4415,0,3,1,0,2,0,48.3,2,0,0,0,1,0,1,0,1,100.0,2,4,3,1,1,1,0,0,52,1,0,0,0,1,0,1,0,0,0,30,5,1,4,1,2,70.1,48.5,65.2,48.5
4416,3,0,0,0,2,1,71.7,5,1,0,1,0,0,1,0,0,100.0,5,3,4,2,1,0,0,0,30,1,1,0,0,0,14,0,0,1,0,0,5,4,5,4,3,22.5,2.4,35.2,60.8
4417,2,0,0,1,3,0,63.3,3,0,0,0,0,0,0,1,0,33.3,4,2,4,4,1,0,0,0,30,0,0,0,1,1,0,0,1,0,0,46,2,1,1,2,1,75.3,44.9,86.8,15.5
4418,3,2,1,0,0,0,40.0,2,0,1,1,0,0,1,0,0,100.0,2,2,3,3,0,0,1,0,34,0,0,1,0,0,28,0,0,1,0,0,3,2,4,2,4,30.6,11.1,33.5,53.4
4419,2,1,3,0,0,0,40.0,4,0,0,0,1,0,1,0,0,66.7,4,3,2,4,0,0,0,1,0,0,1,0,0,1,0,1,0,0,1,2,2,2,5,4,1,42.5,10.8,59.9,36.6
4420,2,3,1,0,0,0,40.0,5,1,1,0,0,0,0,0,0,66.7,2,2,3,3,0,1,0,0,22,1,0,0,0,0,0,0,0,0,1,0,5,2,4,1,1,62.8,26.8,76.5,25.7
4421,3,2,0,1,0,0,60.0,2,0,0,0,1,0,0,1,0,66.7,4,4,4,3,1,1,0,0,52,1,0,0,0,0,0,1,1,0,0,76,3,1,5,2,1,84.6,65.5,93.0,34.5
4422,0,1,2,0,3,0,48.3,5,0,0,0,0,0,1,0,0,33.3,2,4,4,4,0,0,0,1,0,1,0,0,0,1,0,0,0,0,1,0,3,3,2,4,2,40.1,5.2,61.0,43.1
4423,0,0,1,3,2,0,55.0,5,1,0,0,0,0,1,0,1,100.0,5,3,3,4,0,1,0,0,22,0,1,0,0,0,42,0,0,1,0,0,2,3,2,4,3,19.3,3.3,28.6,70.3
4424,1,3,2,0,0,0,40.0,4,0,1,0,0,0,1,0,0,66.7,1,3,1,3,0,1,0,0,22,0,1,0,0,0,42,1,0,0,1,2,2,1,2,1,1,60.4,35.1,54.8,37.3
4425,1,0,0,0,2,3,71.7,1,0,0,1,0,0,0,0,0,33.3,2,3,2,1,0,1,0,0,22,0,1,0,0,0,42,0,1,1,0,18,1,4,4,4,1,46.7,16.9,37.0,41.2
4426,3,1,2,0,0,0,40.0,2,1,0,0,1,0,0,0,1,100.0,5,4,2,2,1,1,0,0,52,1,0,0,0,1,0,0,0,0,1,0,2,2,2,5,2,33.0,16.0,42.4,61.6
4427,3,0,2,0,0,1,65.0,3,1,1,0,0,0,0,0,0,66.7,2,3,1,1,0,1,0,0,22,1,0,0,0,0,0,1,0,1,0,2,2,2,4,2,1,60.3,19.5,61.2,30.6
4428,3,0,1,0,0,2,65.0,2,1,1,0,0,1,0,0,0,100.0,5,3,2,2,0,0,1,0,34,0,1,0,0,0,42,1,0,1,0,2,5,2,5,4,1,33.9,17.8,38.1,66.1
4429,3,2,1,0,0,0,40.0,4,0,1,0,0,0,0,1,0,66.7,2,1,1,3,0,1,0,0,22,0,1,0,0,0,42,0,1,0,0,46,2,4,4,2,2,59.9,35.2,52.8,28.6
4430,3,2,0,1,0,0,60.0,3,0,0,1,0,0,1,0,1,100.0,4,4,3,2,1,1,0,0,52,0,0,1,0,0,28,0,1,0,0,46,2,4,2,2,1,60.7,35.1,52.3,55.1
4431,2,3,0,0,0,1,63.3,2,0,0,1,0,0,0,0,0,33.3,5,4,4,4,0,1,0,0,22,0,1,0,0,0,42,1,0,0,1,2,5,3,2,5,3,9.8,0.0,28.6,67.5
4432,2,3,1,0,0,0,40.0,5,0,0,1,1,0,0,0,0,66.7,4,3,3,3,1,0,1,0,64,0,0,1,0,0,28,1,1,0,0,76,3,3,5,2,1,76.3,64.2,72.2,32.8
4433,1,3,2,0,0,0,40.0,3,0,0,0,1,0,0,0,0,33.3,2,2,4,2,1,0,1,0,64,0,0,1,0,0,28,1,0,0,0,30,2,3,4,5,2,56.7,37.5,60.4,36.9
4434,0,3,1,0,2,0,48.3,3,0,1,0,0,0,0,0,1,66.7,1,2,4,1,1,1,0,0,52,0,1,0,1,0,62,1,0,0,0,30,2,2,1,4,3,43.5,40.8,43.1,54.3
4435,2,1,3,0,0,0,40.0,3,1,0,0,1,0,0,1,0,100.0,4,3,3,3,0,0,1,1,10,0,1,1,0,0,70,1,0,0,0,30,2,2,1,2,3,24.9,19.4,27.1,65.3
4436,2,3,0,0,0,1,63.3,1,0,1,0,1,0,0,0,0,66.7,5,2,4,2,1,0,0,1,6,1,0,1,0,0,0,1,1,0,0,76,3,3,2,2,3,58.8,34.1,64.4,31.2
4437,0,1,2,0,0,3,65.0,4,0,1,1,0,0,1,0,0,100.0,4,4,1,4,0,1,0,0,22,0,1,1,0,0,70,1,0,0,1,2,5,4,4,4,3,4.9,0.0,4.0,80.4
4438,3,0,2,1,0,0,63.3,5,0,1,0,0,0,0,0,1,66.7,5,3,3,3,0,1,0,0,22,0,1,1,0,0,70,0,1,1,0,18,1,3,2,5,2,14.2,15.2,20.3,69.0
4439,2,1,0,3,0,0,60.0,3,0,1,0,0,0,0,0,0,33.3,5,4,3,2,0,1,1,0,56,1,1,0,0,0,14,0,0,1,0,0,1,3,2,4,2,35.0,15.5,43.1,50.4
4440,2,0,1,3,0,0,63.3,3,0,0,0,0,0,0,0,1,33.3,5,1,3,1,1,0,0,0,30,1,0,0,0,0,0,1,0,0,1,2,2,2,4,2,1,57.4,16.7,65.0,12.4
4441,3,1,0,0,0,2,63.3,3,0,0,0,1,0,0,0,0,33.3,5,2,4,2,1,1,0,0,52,0,0,1,0,1,0,1,1,0,0,76,1,3,4,1,3,77.0,40.3,74.1,18.9
4442,3,1,2,0,0,0,40.0,2,0,1,1,0,0,1,0,0,100.0,2,3,3,4,0,1,0,1,0,0,1,1,0,0,70,0,0,1,1,0,1,4,2,5,3,7.1,0.0,18.3,74.5
4443,0,1,0,0,2,3,61.7,5,0,0,0,1,0,0,0,0,33.3,5,3,3,4,0,1,0,0,22,0,1,0,0,0,42,0,1,1,0,18,5,3,4,1,2,36.0,18.4,47.5,39.6
4444,3,2,1,0,0,0,40.0,3,1,0,0,1,0,0,0,1,100.0,2,3,1,3,0,1,0,1,0,0,0,0,0,1,0,1,0,0,1,2,3,3,4,1,3,43.9,4.0,48.7,42.1
4445,0,0,3,1,2,0,55.0,1,0,0,1,0,0,1,1,0,100.0,2,3,4,3,0,0,1,0,34,1,0,0,0,1,0,1,0,0,1,2,5,1,4,1,3,51.4,16.2,68.6,46.6
4446,2,0,0,3,1,0,63.3,1,0,1,1,0,0,0,0,0,66.7,2,1,2,4,1,1,0,0,52,0,1,0,0,1,0,0,1,0,0,46,1,1,4,5,1,78.4,57.7,87.6,25.0
4447,2,0,0,0,1,3,71.7,2,0,1,0,0,0,0,0,0,33.3,2,2,4,3,1,1,0,0,52,0,0,1,0,0,28,1,0,1,0,2,3,4,2,2,2,49.6,15.4,56.8,33.7
4448,0,0,3,2,0,1,61.7,5,0,1,1,0,1,0,0,0,100.0,5,4,1,3,1,0,1,0,64,1,1,0,0,0,14,1,0,0,0,30,5,3,4,5,3,37.9,28.1,33.2,74.0
4449,0,0,2,3,1,0,55.0,5,0,0,0,0,0,0,1,0,33.3,5,1,4,4,0,1,1,0,56,0,0,1,0,0,28,0,0,1,0,0,1,2,5,1,2,50.0,23.9,65.8,16.4
4450,2,3,1,0,0,0,40.0,1,1,0,1,0,0,0,0,0,66.7,2,4,2,4,0,1,0,0,22,0,0,1,0,0,28,1,1,0,0,76,3,3,2,2,1,73.4,51.1,68.5,43.9
4451,1,3,0,2,0,0,60.0,3,0,1,1,0,0,0,0,0,66.7,2,3,4,1,1,1,0,0,52,1,0,0,0,1,0,1,0,0,0,30,3,3,1,1,2,71.0,36.7,71.7,36.4
4452,0,2,3,0,0,1,65.0,1,0,0,1,0,0,0,0,0,33.3,5,1,2,4,0,1,0,0,22,1,1,0,0,0,14,0,1,1,0,18,5,3,4,5,2,44.2,8.8,56.7,33.5
4453,0,0,3,1,2,0,55.0,5,0,0,0,0,1,0,0,0,33.3,4,4,3,4,1,1,0,0,52,0,1,1,0,0,70,0,0,1,0,0,5,4,4,5,2,14.1,11.0,22.9,73.1
4454,0,2,1,0,0,3,65.0,2,0,0,0,0,0,1,0,0,33.3,4,4,2,1,0,1,1,0,56,0,1,0,0,0,42,0,1,0,0,46,5,2,1,2,4,44.7,33.5,32.3,55.9
4455,2,1,0,0,0,3,63.3,2,0,1,0,0,1,0,0,0,66.7,2,4,3,2,0,1,0,1,0,1,0,0,1,0,0,1,0,0,0,30,2,2,1,2,2,58.9,26.8,63.0,43.6
4456,3,2,1,0,0,0,40.0,2,1,0,0,1,0,1,0,0,100.0,5,3,4,4,1,1,0,0,52,0,1,0,1,0,62,1,1,0,0,76,3,3,2,4,1,54.8,53.8,60.8,60.5
4457,3,2,0,0,1,0,43.3,4,0,1,0,0,1,1,0,0,100.0,2,2,1,2,0,1,1,0,56,1,0,1,0,0,0,1,1,0,0,76,3,3,4,4,2,76.9,58.8,65.1,42.1
4458,0,0,1,3,2,0,55.0,1,0,1,0,0,0,0,0,0,33.3,4,4,3,4,0,1,0,0,22,0,1,0,0,0,42,1,0,1,0,2,5,3,1,4,2,22.4,6.3,35.6,60.6
4459,3,1,2,0,0,0,40.0,2,0,0,0,0,0,1,1,0,66.7,2,3,3,3,1,0,1,0,64,1,0,0,0,1,0,1,1,0,0,76,1,2,4,1,2,100.0,66.9,89.9,25.2
4460,3,2,0,1,0,0,60.0,1,0,1,0,0,1,0,0,1,100.0,5,2,4,3,1,1,0,0,52,1,0,0,0,0,0,1,0,1,0,2,2,2,4,1,1,64.5,20.7,80.7,29.0
4461,1,3,0,0,2,0,43.3,4,0,0,0,0,0,1,0,0,33.3,5,2,1,4,0,0,1,0,34,0,0,1,0,1,0,1,0,0,0,30,3,3,5,1,1,67.1,31.2,73.3,18.3
4462,2,0,0,1,0,3,73.3,5,0,0,0,0,0,0,0,1,33.3,4,4,3,1,1,0,0,0,30,0,1,0,0,0,42,0,1,1,0,18,1,4,2,5,1,31.8,20.6,38.9,56.6
4463,3,2,1,0,0,0,40.0,1,0,0,0,0,0,1,0,0,33.3,2,2,2,4,1,0,0,0,30,1,0,0,0,0,0,1,0,0,0,30,2,4,1,2,1,73.6,27.7,79.3,12.3
4464,0,3,0,1,2,0,53.3,2,0,1,0,0,0,1,0,1,100.0,2,1,1,2,0,1,0,0,22,1,0,0,0,0,0,0,0,1,1,0,3,4,4,1,2,56.5,9.8,51.2,29.6
4465,1,0,2,3,0,0,63.3,3,1,0,0,1,0,0,0,1,100.0,4,4,3,1,0,1,0,1,0,1,0,0,0,0,0,0,0,1,0,0,3,4,2,5,4,13.7,0.0,29.8,69.8
4466,3,1,0,0,0,2,63.3,3,0,1,0,1,0,0,0,0,66.7,4,4,1,1,0,0,0,1,0,0,0,1,0,1,0,0,1,1,0,18,2,1,5,1,1,55.7,22.6,55.6,34.4
4467,0,0,2,1,3,0,55.0,3,0,0,0,0,0,1,0,0,33.3,2,3,1,2,0,1,0,0,22,0,0,1,0,0,28,1,1,0,0,76,3,2,5,5,1,68.8,56.7,57.8,41.3
4468,2,1,3,0,0,0,40.0,4,1,0,0,0,0,0,0,0,33.3,4,4,4,4,1,0,0,0,30,0,0,1,0,0,28,0,1,0,0,46,1,2,5,2,1,61.7,44.2,74.5,34.4
4469,2,1,3,0,0,0,40.0,4,0,0,0,0,0,1,0,0,33.3,2,3,4,3,0,0,0,1,0,1,0,0,0,0,0,0,1,0,1,18,2,3,2,1,1,65.3,24.1,81.5,18.1
4470,3,0,2,0,0,1,65.0,3,0,0,0,0,1,1,0,0,66.7,5,3,1,3,0,1,0,1,0,0,1,0,0,0,42,0,1,0,0,46,5,3,5,4,4,17.9,19.1,16.2,70.2
4471,3,2,0,1,0,0,60.0,1,0,1,0,0,0,1,0,0,66.7,5,3,4,3,1,0,0,0,30,0,0,1,1,0,48,1,1,0,0,76,2,4,4,2,1,65.6,45.4,66.8,36.2
4472,1,0,3,0,0,2,65.0,2,1,0,0,0,0,1,0,1,100.0,2,3,2,2,0,0,0,1,0,1,1,0,0,0,14,0,0,1,0,0,5,4,5,2,3,33.8,1.0,35.0,55.4
4473,2,0,0,0,1,3,71.7,4,0,0,0,1,1,0,0,0,66.7,5,3,3,2,0,0,0,1,0,0,1,0,0,0,42,0,0,1,0,0,2,3,5,2,4,16.1,0.0,24.2,56.7
4474,0,0,2,1,0,3,61.7,5,0,1,1,0,1,0,0,0,100.0,5,3,3,3,0,1,0,0,22,0,1,0,0,0,42,0,1,0,1,18,1,1,2,5,2,28.5,25.3,38.9,65.2
4475,1,0,2,0,0,3,65.0,3,0,0,0,0,1,0,0,0,33.3,4,2,1,4,1,0,0,0,30,0,0,1,0,0,28,1,1,0,0,76,2,3,5,2,2,70.7,47.9,57.2,31.3
4476,1,2,0,0,0,3,63.3,3,0,0,0,1,0,0,0,0,33.3,4,3,1,1,0,1,0,1,0,1,0,0,0,0,0,0,0,1,0,0,1,1,5,1,2,50.4,11.4,58.9,22.1
4477,0,3,2,0,0,1,65.0,2,0,1,0,0,0,0,0,0,33.3,4,4,1,3,0,1,0,0,22,0,0,0,1,0,20,1,1,0,0,76,3,3,2,4,4,48.9,35.4,45.8,48.7
4478,1,0,2,0,0,3,65.0,5,1,0,1,0,0,0,0,0,66.7,5,3,3,3,1,0,0,0,30,0,0,1,0,0,28,1,0,1,0,2,1,4,5,5,3,16.6,2.6,31.4,55.5
4479,0,0,3,0,1,2,61.7,3,0,0,0,1,0,0,0,0,33.3,2,2,2,3,1,1,0,0,52,1,0,1,0,0,0,1,0,0,0,30,2,3,5,2,4,57.8,32.6,65.9,25.1
4480,1,3,2,0,0,0,40.0,3,1,0,0,1,0,0,1,0,100.0,4,3,2,3,0,1,0,0,22,1,0,0,0,0,0,0,1,1,0,18,1,2,1,2,1,57.6,24.9,67.3,38.0
4481,0,1,3,0,0,2,65.0,4,1,0,0,0,0,0,1,0,66.7,4,2,2,1,0,1,0,0,22,1,0,0,0,0,0,1,1,0,0,76,2,1,2,2,2,78.4,54.8,75.7,23.8
4482,1,2,0,3,0,0,60.0,4,0,1,1,1,0,0,0,0,100.0,2,2,4,4,0,1,0,1,0,1,1,0,0,0,14,1,0,0,0,30,2,1,4,2,3,52.9,26.2,70.2,40.1
4483,0,3,1,0,0,2,65.0,2,0,0,1,0,1,0,0,0,66.7,2,2,4,3,0,1,1,0,56,1,1,0,0,0,14,1,0,1,0,2,2,1,4,2,1,65.5,36.4,82.4,28.4
4484,0,2,1,0,3,0,48.3,4,1,1,0,1,0,0,0,0,100.0,2,4,2,3,0,1,0,0,22,0,1,0,0,0,42,0,0,1,1,0,2,1,5,1,2,40.2,19.6,46.7,60.0
4485,2,3,1,0,0,0,40.0,3,0,0,0,1,1,1,0,0,100.0,2,4,3,4,1,0,0,0,30,0,1,0,1,0,62,1,1,0,0,76,3,4,5,2,2,55.5,47.5,46.0,60.8
4486,0,2,3,0,0,1,65.0,3,0,0,1,0,0,0,0,0,33.3,5,4,3,4,0,0,0,1,0,0,1,0,0,0,42,0,0,0,1,0,1,3,5,5,2,16.1,2.5,34.0,60.8
4487,3,1,2,0,0,0,40.0,2,0,1,0,0,0,0,0,1,66.7,2,2,3,4,1,0,1,0,64,0,0,1,1,0,48,0,0,1,0,0,3,3,4,4,4,26.9,13.6,31.3,57.8
4488,2,0,1,0,0,3,65.0,4,0,1,1,0,0,0,0,0,66.7,2,4,1,2,0,1,0,1,0,0,1,0,0,0,42,0,0,1,0,0,2,3,1,4,2,23.2,8.4,25.6,64.0
4489,2,3,0,0,1,0,43.3,3,0,1,1,0,0,1,0,0,100.0,5,3,3,4,1,1,0,0,52,0,0,1,0,1,0,1,0,1,0,2,2,3,4,1,2,53.0,18.9,65.4,34.6
4490,1,0,3,2,0,0,63.3,2,0,0,0,0,1,0,0,0,33.3,2,3,4,3,1,1,0,0,52,1,0,0,0,0,0,0,1,0,0,46,3,1,2,2,1,87.2,58.8,95.5,22.6
4491,1,0,2,0,3,0,55.0,2,0,1,0,0,0,0,0,0,33.3,5,4,3,2,0,1,0,1,0,0,0,1,0,0,28,1,0,1,0,2,5,3,1,4,3,16.9,0.0,24.4,59.1
4492,3,2,0,1,0,0,60.0,3,0,0,0,0,0,1,0,0,33.3,2,1,3,4,0,0,1,1,10,1,0,0,0,0,0,1,0,1,0,2,3,2,4,2,1,64.0,24.2,79.6,14.4
4493,0,0,1,0,2,3,61.7,2,0,0,0,1,0,0,0,0,33.3,4,2,4,1,1,1,0,0,52,1,0,0,0,0,0,0,1,0,0,46,3,1,5,2,1,83.9,48.0,87.8,14.7
4494,3,2,1,0,0,0,40.0,4,1,0,1,1,0,0,0,0,100.0,2,2,3,4,0,1,0,0,22,1,0,0,0,0,0,1,0,0,1,2,1,2,4,5,3,44.6,20.8,56.5,48.3
4495,2,0,3,0,1,0,55.0,3,0,0,0,1,0,0,0,0,33.3,4,2,2,1,1,0,0,1,6,1,1,0,0,0,14,1,0,0,1,2,5,1,2,5,1,43.0,15.9,54.4,37.1
4496,1,2,0,0,0,3,63.3,3,0,1,0,0,0,1,0,0,66.7,5,4,3,3,0,1,1,0,56,0,0,1,1,0,48,0,1,0,0,46,3,4,2,4,2,42.3,31.3,38.9,60.8
4497,2,0,3,1,0,0,63.3,3,0,0,0,0,0,0,1,0,33.3,4,2,1,3,0,1,0,0,22,0,1,0,0,1,0,1,0,0,1,2,1,2,4,2,1,60.3,16.3,70.0,19.2
4498,1,2,0,0,3,0,43.3,1,0,0,0,1,0,0,0,0,33.3,4,4,4,4,1,0,0,0,30,1,0,0,0,0,0,1,1,0,0,76,3,1,2,2,1,84.0,57.8,94.7,28.7
4499,2,1,3,0,0,0,40.0,3,0,0,0,0,0,0,1,0,33.3,2,1,1,4,0,1,0,0,22,1,0,0,0,1,0,0,1,0,1,18,3,2,4,1,1,74.4,35.2,82.2,7.5
4500,3,0,2,0,0,1,65.0,3,0,0,0,1,0,0,0,0,33.3,2,2,3,3,0,1,1,0,56,0,1,1,0,0,70,1,1,0,0,76,5,3,5,1,3,62.3,60.3,48.4,47.8
4501,1,0,0,0,3,2,71.7,3,0,0,0,1,0,1,0,1,100.0,5,4,2,4,1,0,1,0,64,0,0,1,0,0,28,1,1,0,0,76,2,2,5,4,4,50.6,56.8,49.2,63.4
4502,0,2,3,0,1,0,48.3,3,0,0,0,0,0,0,0,1,33.3,5,4,2,4,1,0,0,0,30,1,0,0,0,0,0,1,0,0,0,30,3,2,2,4,1,55.7,26.8,63.7,38.4
4503,2,3,0,1,0,0,60.0,2,0,0,0,1,0,1,0,0,66.7,4,3,1,3,0,1,0,1,0,0,0,0,1,0,20,1,1,0,0,76,5,1,2,2,2,69.9,51.7,61.6,41.4
4504,0,3,1,0,2,0,48.3,3,0,1,0,0,0,1,0,0,66.7,2,2,3,4,1,0,0,0,30,1,0,0,0,0,0,0,0,1,1,0,5,2,2,2,1,58.1,23.3,72.2,35.2
4505,2,3,1,0,0,0,40.0,3,0,0,0,0,0,1,0,0,33.3,4,2,1,4,1,1,0,0,52,1,0,1,0,0,0,1,0,1,0,2,1,3,5,2,2,49.7,19.8,62.4,15.6
4506,2,3,0,0,0,1,63.3,5,0,0,0,1,0,0,1,0,66.7,5,2,2,3,0,1,0,1,0,1,0,0,0,0,0,0,1,0,0,46,2,3,1,2,3,52.1,24.8,56.8,30.2
4507,0,3,2,0,1,0,48.3,1,1,0,0,0,0,0,0,1,66.7,1,4,3,1,0,1,0,0,22,0,1,0,0,1,0,0,0,0,1,0,3,3,4,2,3,41.7,12.0,40.2,48.8
4508,2,3,0,1,0,0,60.0,1,0,0,0,0,0,1,0,0,33.3,1,3,4,3,0,1,1,0,56,0,1,0,0,1,0,1,0,0,0,30,3,4,1,1,4,67.4,28.8,68.6,31.3
4509,0,0,0,1,3,2,55.0,1,1,0,0,0,0,1,0,0,66.7,4,4,1,3,0,1,1,0,56,0,1,0,0,0,42,0,1,1,0,18,5,4,4,4,1,36.2,22.6,32.3,63.7
4510,3,1,2,0,0,0,40.0,5,1,1,0,0,0,0,0,0,66.7,4,3,3,2,0,1,0,0,22,0,1,1,0,0,70,0,0,1,0,0,3,4,2,1,4,11.9,2.1,15.5,63.1
4511,0,2,3,0,1,0,48.3,5,0,0,0,0,0,1,1,1,100.0,5,4,1,1,0,1,0,1,0,0,1,0,1,0,62,1,0,1,0,2,5,3,2,5,2,6.6,5.5,0.8,85.4
4512,2,1,3,0,0,0,40.0,3,0,0,0,0,1,0,1,1,100.0,5,3,4,2,0,1,1,0,56,0,0,1,0,0,28,1,1,0,0,76,2,1,4,4,2,64.9,63.1,71.6,50.2
4513,2,1,0,0,3,0,43.3,3,0,1,0,0,1,0,1,0,100.0,5,1,1,4,0,1,0,1,0,0,1,0,0,0,42,1,0,1,0,2,5,3,4,4,2,17.9,0.0,28.6,57.2
4514,1,0,3,0,0,2,65.0,4,0,1,0,0,0,0,0,0,33.3,5,3,3,3,0,1,1,0,56,0,1,0,0,0,42,0,0,1,1,0,1,2,5,5,3,29.3,15.5,45.2,51.1
4515,2,3,1,0,0,0,40.0,3,0,1,1,0,0,0,0,0,66.7,4,2,4,2,0,1,0,0,22,1,0,0,0,1,0,0,1,0,0,46,2,2,4,5,3,51.0,34.6,62.6,41.8
4516,3,0,2,0,1,0,55.0,3,0,1,0,1,1,0,0,0,100.0,1,3,4,3,0,0,1,1,10,1,0,0,0,0,0,1,0,0,0,30,2,1,4,2,2,64.1,39.8,71.9,43.7
4517,3,2,1,0,0,0,40.0,4,0,0,0,1,0,1,1,0,100.0,5,4,1,4,1,0,1,0,64,0,1,0,0,0,42,1,0,0,0,30,5,4,4,5,1,38.8,39.1,36.7,71.5
4518,1,0,0,3,0,2,73.3,2,1,0,0,0,1,0,1,0,100.0,4,4,1,4,0,0,1,0,34,0,1,0,0,0,42,0,0,1,0,0,1,2,2,4,2,29.9,18.8,33.2,71.2
4519,0,3,0,1,2,0,53.3,4,1,0,0,1,1,0,0,0,100.0,4,3,3,4,0,1,0,0,22,0,1,1,0,0,70,0,1,0,0,46,3,3,5,5,1,28.0,34.9,29.5,72.0
4520,0,2,3,1,0,0,63.3,5,0,0,0,0,1,0,1,0,66.7,5,4,3,1,0,1,0,0,22,0,1,0,0,0,42,0,0,1,0,0,3,2,5,4,3,17.8,10.6,21.8,69.9
4521,3,2,0,1,0,0,60.0,2,0,0,1,0,0,1,0,1,100.0,4,3,3,4,1,0,0,0,30,0,0,1,0,0,28,1,0,0,0,30,3,3,4,1,1,58.5,31.4,64.1,43.4
4522,3,0,2,1,0,0,63.3,3,0,0,0,1,1,0,0,0,66.7,4,3,4,4,0,1,1,0,56,1,0,1,0,0,0,1,0,0,0,30,5,4,5,4,4,38.3,23.5,54.2,55.8
4523,0,3,0,2,1,0,53.3,2,0,1,0,0,0,0,0,0,33.3,1,1,2,3,0,0,0,1,0,1,0,0,0,0,0,1,0,0,0,30,1,1,5,4,3,55.7,28.7,66.8,17.2
4524,1,0,3,0,0,2,65.0,4,0,1,0,0,0,0,0,0,33.3,2,4,3,4,0,1,0,0,22,0,1,0,0,0,42,1,0,0,1,2,3,2,2,2,4,27.2,7.6,41.5,55.8
4525,3,0,2,1,0,0,63.3,3,0,1,0,0,1,0,0,0,66.7,5,1,3,2,0,0,1,1,10,1,0,0,0,0,0,1,0,0,0,30,5,1,1,1,1,63.9,26.7,78.1,18.9
4526,0,1,0,0,2,3,61.7,4,0,0,0,1,0,0,0,0,33.3,1,4,1,2,0,1,0,0,22,0,1,1,0,0,70,0,1,0,0,46,5,4,4,2,3,41.7,33.5,20.4,58.2
4527,1,2,3,0,0,0,40.0,3,0,0,0,0,1,0,0,1,66.7,2,4,2,1,1,1,0,0,52,0,0,1,0,0,28,0,1,0,0,46,3,1,4,1,1,78.5,61.9,64.5,44.4
4528,0,3,1,0,2,0,48.3,3,0,0,0,0,1,1,1,0,100.0,2,3,3,4,0,1,1,0,56,1,0,0,0,0,0,1,0,1,0,2,5,3,1,5,3,39.7,21.2,50.6,63.6
4529,0,2,1,3,0,0,63.3,2,0,0,1,0,1,0,0,1,100.0,4,4,3,3,0,1,0,0,22,0,1,0,1,0,62,0,0,1,0,0,1,4,2,4,2,8.6,2.1,19.0,74.3
4530,0,2,3,0,0,1,65.0,2,0,1,1,0,0,0,0,1,100.0,5,2,4,2,0,1,0,0,22,0,1,0,1,0,62,1,0,0,0,30,3,3,5,1,2,37.0,19.0,36.3,52.2
4531,3,1,2,0,0,0,40.0,3,1,0,0,1,1,0,0,0,100.0,4,1,1,3,0,0,0,1,0,1,0,0,0,0,0,1,0,0,0,30,3,1,2,1,1,71.1,34.1,73.4,25.2
4532,3,1,2,0,0,0,40.0,3,1,0,0,0,0,0,1,0,66.7,2,3,3,1,0,0,1,0,34,1,0,0,0,1,0,1,0,0,1,2,2,2,4,1,4,50.5,15.3,50.7,38.1
4533,1,0,3,2,0,0,63.3,3,0,0,0,1,0,1,0,1,100.0,5,3,1,4,0,0,1,1,10,0,1,0,0,0,42,1,0,0,0,30,5,4,2,1,4,24.2,3.5,21.3,64.6
4534,0,0,2,0,1,3,61.7,1,0,0,0,0,0,1,0,0,33.3,4,3,1,3,0,1,0,0,22,0,1,0,0,0,42,0,1,1,0,18,5,4,4,4,3,26.0,7.1,29.8,53.2
4535,3,1,0,2,0,0,60.0,5,1,1,0,1,0,0,0,0,100.0,4,1,2,2,1,0,1,0,64,1,0,0,0,0,0,1,0,0,0,30,3,2,4,1,1,78.0,43.6,75.2,21.7
4536,1,3,0,0,2,0,43.3,4,0,0,0,0,1,0,0,0,33.3,1,2,1,4,1,0,0,0,30,0,0,1,0,0,28,0,1,1,0,18,3,4,5,4,3,40.4,20.3,38.7,45.7
4537,1,2,3,0,0,0,40.0,3,0,0,1,1,0,1,0,0,100.0,2,2,4,4,1,0,1,0,64,0,0,1,0,0,28,0,1,0,0,46,2,4,5,2,1,70.0,51.2,76.8,33.5
4538,3,2,0,0,0,1,63.3,3,0,0,0,0,0,0,1,0,33.3,2,2,3,2,1,1,0,0,52,1,0,0,0,0,0,1,0,0,0,30,5,2,2,5,2,63.8,46.9,66.1,41.2
4539,3,0,2,1,0,0,63.3,2,1,0,0,0,0,0,0,0,33.3,2,3,4,4,1,0,1,0,64,1,0,0,0,0,0,1,1,0,0,76,5,1,1,1,1,100.0,80.9,100.0,25.1
4540,1,3,0,2,0,0,60.0,2,0,0,0,1,0,0,0,0,33.3,2,3,3,2,0,0,1,0,34,1,0,0,0,1,0,0,1,0,0,46,3,2,1,5,2,65.9,46.7,69.9,34.8
4541,3,2,1,0,0,0,40.0,3,0,0,0,0,0,0,0,1,33.3,4,2,1,2,1,0,0,0,30,0,0,1,0,0,28,1,1,0,0,76,1,3,5,2,1,80.0,51.9,70.2,16.7
4542,2,3,0,0,1,0,43.3,2,0,0,0,1,0,0,0,0,33.3,5,3,1,3,0,1,0,0,22,1,0,0,0,0,0,1,0,1,0,2,3,1,1,2,1,55.2,20.1,66.8,23.1
4543,3,0,2,1,0,0,63.3,2,0,1,0,0,0,0,0,0,33.3,4,1,1,4,0,1,0,1,0,1,0,1,0,0,0,0,1,0,0,46,2,3,5,2,2,63.8,24.0,68.1,12.7
4544,0,0,1,0,3,2,61.7,2,0,0,1,0,1,1,0,0,100.0,4,3,2,2,0,1,1,0,56,0,1,0,0,0,42,1,0,1,0,2,5,4,5,5,4,18.4,4.3,12.7,81.3
4545,0,1,3,0,0,2,65.0,2,1,0,0,0,0,0,1,0,66.7,4,4,1,3,0,0,0,1,0,0,1,1,0,0,70,1,0,1,0,2,5,4,5,5,3,0.0,0.0,3.8,83.5
4546,3,2,0,0,0,1,63.3,3,0,0,1,0,0,1,0,0,66.7,4,2,4,4,1,0,1,0,64,0,1,0,0,0,42,1,1,0,0,76,3,3,5,2,1,71.8,57.3,73.2,38.9
4547,0,2,1,0,0,3,65.0,5,0,0,0,0,0,1,0,1,66.7,4,4,3,2,0,1,0,1,0,0,1,0,0,0,42,0,1,1,0,18,2,4,5,5,4,11.6,0.0,17.2,71.9
4548,2,0,1,0,3,0,55.0,2,1,1,0,0,0,1,0,0,100.0,2,1,3,1,1,1,0,0,52,1,0,0,0,1,0,1,1,0,0,76,1,2,1,2,2,96.5,66.2,88.3,20.8
4549,3,2,0,1,0,0,60.0,3,1,0,1,0,0,1,0,0,100.0,4,2,4,4,0,0,1,0,34,0,0,0,1,0,20,1,0,0,1,2,1,3,2,1,1,50.6,20.4,64.3,35.2
4550,3,1,0,2,0,0,60.0,3,0,0,0,0,1,0,1,1,100.0,4,4,1,1,0,1,0,0,22,1,0,0,0,0,0,1,0,0,0,30,2,2,4,2,3,43.8,21.3,40.5,49.2
4551,2,0,1,0,3,0,55.0,3,0,0,0,0,1,0,0,0,33.3,2,2,1,4,1,1,0,0,52,1,0,0,1,0,0,0,1,0,0,46,1,4,5,4,3,65.9,40.2,64.8,26.9
4552,3,0,2,0,1,0,55.0,4,0,1,0,0,0,0,0,0,33.3,5,4,3,4,0,0,0,1,0,0,1,1,0,0,70,1,0,0,1,2,3,3,5,2,1,20.8,9.1,36.7,54.0
4553,1,2,3,0,0,0,40.0,5,1,0,0,0,0,0,0,1,66.7,1,2,3,2,0,1,1,0,56,0,0,1,0,1,0,1,0,0,0,30,5,2,5,5,1,77.6,54.7,76.1,36.6
4554,3,2,0,1,0,0,60.0,2,1,1,0,0,0,0,1,0,100.0,2,1,3,4,1,1,0,0,52,1,0,0,0,1,0,1,0,0,0,30,3,3,4,1,1,77.1,39.3,86.8,22.2
4555,1,3,0,0,0,2,63.3,5,0,0,0,0,0,0,0,1,33.3,5,4,2,4,0,0,0,1,0,1,1,0,0,0,14,1,0,1,0,2,3,4,5,4,4,9.9,0.0,28.7,56.2
4556,0,3,0,2,0,1,70.0,5,0,1,1,0,0,1,0,0,100.0,5,3,1,3,1,1,0,0,52,0,1,0,0,0,42,0,0,1,0,0,1,4,2,5,1,26.0,17.2,23.2,70.0
4557,2,1,0,3,0,0,60.0,1,0,0,1,1,0,0,0,1,100.0,2,3,4,2,0,1,0,0,22,1,0,0,0,0,0,1,0,0,1,2,2,4,5,4,2,42.6,11.5,50.9,49.7
4558,1,0,2,0,3,0,55.0,5,1,0,0,0,1,1,0,0,100.0,5,4,1,3,0,1,1,0,56,0,1,1,0,0,70,0,0,1,0,0,5,4,4,5,3,5.3,9.0,0.0,95.6
4559,1,0,0,2,3,0,63.3,2,0,0,0,1,0,1,0,0,66.7,2,3,1,2,0,1,0,1,0,1,0,0,0,1,0,1,0,1,0,2,3,2,4,4,1,48.1,14.8,54.4,41.1
4560,2,1,0,0,0,3,63.3,2,1,0,0,1,0,0,0,1,100.0,1,3,3,3,0,0,1,1,10,0,1,1,0,0,70,0,1,0,0,46,1,2,4,4,3,41.5,36.3,33.0,71.0
4561,0,2,1,0,3,0,48.3,4,0,1,1,0,0,0,0,0,66.7,5,3,1,4,0,0,1,1,10,1,1,0,0,0,14,1,0,1,0,2,1,3,2,2,3,30.6,0.0,35.7,38.8
4562,3,0,0,2,1,0,63.3,3,0,1,0,0,0,1,0,0,66.7,2,1,1,2,1,1,0,0,52,1,0,1,0,0,0,1,1,0,0,76,3,2,4,2,1,94.3,72.8,85.3,17.7
4563,0,1,2,0,3,0,48.3,4,0,1,0,0,1,1,0,0,100.0,5,3,3,4,0,1,0,0,22,1,0,0,0,0,0,0,0,1,0,0,5,3,5,4,2,30.5,3.8,50.0,53.8
4564,2,1,3,0,0,0,40.0,3,1,0,0,1,0,0,1,0,100.0,2,4,3,4,1,1,0,0,52,1,0,0,0,0,0,0,1,1,0,18,1,4,5,2,4,50.1,19.6,57.4,49.9
4565,1,3,2,0,0,0,40.0,5,0,0,0,1,0,0,0,1,66.7,4,3,3,4,1,1,0,0,52,1,0,1,0,0,0,1,0,1,0,2,3,1,2,4,1,56.0,31.7,74.2,39.3
4566,2,3,0,1,0,0,60.0,1,0,1,1,0,0,0,0,0,66.7,5,2,3,4,0,1,0,0,22,1,1,0,0,0,14,1,0,1,0,2,1,1,1,5,1,39.2,14.9,58.2,44.1
4567,0,3,2,0,0,1,65.0,2,0,1,0,0,0,0,0,1,66.7,5,1,4,3,0,1,0,1,0,0,1,0,0,0,42,1,0,1,0,2,5,3,5,4,3,14.5,0.0,32.8,56.0
4568,0,2,1,0,0,3,65.0,1,0,0,0,1,0,0,0,0,33.3,2,2,4,3,0,1,1,0,56,0,0,0,0,1,0,1,0,0,0,30,1,3,1,4,3,60.8,37.6,75.3,29.7
4569,0,3,2,0,1,0,48.3,3,0,0,0,1,0,1,0,0,66.7,4,4,3,1,0,1,0,0,22,0,1,1,0,0,70,1,0,1,0,2,2,3,4,4,3,11.2,3.2,12.2,72.3
4570,2,0,0,1,0,3,73.3,4,0,0,0,0,0,0,1,0,33.3,4,3,3,4,0,1,0,1,0,0,1,1,0,0,70,1,0,0,0,30,5,3,5,5,3,8.3,14.3,24.2,66.8
4571,1,3,2,0,0,0,40.0,3,1,0,0,0,1,0,0,0,66.7,1,2,1,3,0,0,0,1,0,1,0,0,0,0,0,0,1,0,0,46,5,2,2,1,3,70.4,35.7,66.0,30.4
4572,3,0,1,0,0,2,65.0,4,1,1,0,1,0,0,0,0,100.0,5,3,1,2,0,0,1,0,34,0,1,0,0,0,42,1,1,0,0,76,1,4,5,5,1,47.5,47.8,37.9,54.4
4573,2,3,0,0,0,1,63.3,4,0,0,1,0,0,0,0,0,33.3,5,4,1,4,1,1,0,0,52,0,1,1,0,0,70,0,0,1,0,0,1,3,2,5,3,11.0,14.3,12.3,71.6
4574,0,3,1,0,2,0,48.3,2,0,0,1,0,0,1,0,1,100.0,2,3,2,3,0,1,0,0,22,0,0,0,1,1,0,1,0,0,1,2,3,2,5,4,1,50.4,20.6,55.3,50.4
4575,2,0,3,0,0,1,65.0,3,1,1,0,0,0,1,0,0,100.0,2,2,3,4,0,0,0,1,0,0,1,0,0,0,42,1,0,0,0,30,3,3,5,1,3,43.7,20.9,53.5,50.6
4576,3,0,1,0,2,0,55.0,3,0,1,0,0,0,0,0,1,66.7,5,3,1,3,1,0,0,1,6,0,1,0,0,0,42,1,0,0,1,2,5,4,4,4,3,4.2,0.0,11.0,64.2
4577,2,3,0,1,0,0,60.0,4,0,0,0,1,1,1,0,0,100.0,2,4,3,3,1,1,0,0,52,0,1,1,0,0,70,1,0,0,0,30,2,3,5,5,1,39.8,38.0,30.0,78.3
4578,2,0,3,0,1,0,55.0,4,0,1,0,0,0,0,0,0,33.3,4,4,1,3,0,0,1,0,34,1,1,0,0,0,14,0,0,1,1,0,5,4,5,5,1,35.9,12.9,40.5,51.5
4579,3,2,1,0,0,0,40.0,3,1,0,1,0,0,0,0,0,66.7,5,3,2,3,1,0,0,0,30,0,1,0,0,0,42,1,1,0,0,76,5,4,1,1,4,44.8,30.1,41.3,43.2
4580,0,2,1,0,3,0,48.3,3,1,0,1,1,0,0,0,0,100.0,5,1,3,4,1,0,0,0,30,1,0,0,0,1,0,1,1,0,0,76,1,2,2,1,2,76.2,51.4,86.5,21.6
4581,2,1,3,0,0,0,40.0,3,0,0,1,0,0,1,0,0,66.7,4,3,3,4,0,1,0,0,22,0,0,1,1,0,48,1,1,0,0,76,3,2,5,2,4,52.2,42.6,49.0,51.7
4582,2,1,0,3,0,0,60.0,4,1,1,0,0,0,0,0,0,66.7,2,1,3,4,1,1,0,0,52,1,0,1,0,0,0,1,1,0,0,76,3,2,1,2,1,97.7,71.5,98.2,14.1
4583,1,3,2,0,0,0,40.0,4,0,1,0,0,0,0,0,0,33.3,2,3,2,1,0,1,0,0,22,1,0,0,1,0,0,0,1,0,0,46,2,3,1,4,1,69.9,35.4,68.9,27.9
4584,0,2,0,1,0,3,70.0,2,0,0,0,0,1,1,0,0,66.7,5,4,3,4,0,1,1,0,56,1,0,0,0,0,0,1,1,0,0,76,1,3,2,1,1,86.6,55.9,86.0,30.4
4585,3,2,1,0,0,0,40.0,3,0,0,1,0,1,0,0,1,100.0,2,2,2,4,0,1,0,0,22,1,0,1,0,0,0,1,1,0,0,76,2,2,5,2,1,89.0,57.5,84.2,23.8
4586,0,3,1,0,2,0,48.3,1,1,0,0,0,1,0,0,0,66.7,2,4,1,1,0,1,0,0,22,0,0,1,0,0,28,0,0,1,0,0,1,4,4,4,2,35.2,9.8,26.4,56.5
4587,0,3,2,1,0,0,63.3,5,0,0,1,1,0,0,0,1,100.0,4,1,3,2,0,1,0,0,22,1,0,0,0,0,0,0,0,1,0,0,2,4,5,5,2,33.1,9.8,45.8,49.0
4588,2,0,3,1,0,0,63.3,2,0,0,0,0,0,0,1,0,33.3,2,2,3,3,1,0,1,0,64,0,0,1,0,0,28,0,1,1,0,18,3,4,1,5,2,48.3,34.3,60.5,38.6
4589,0,3,0,1,2,0,53.3,4,0,1,1,0,1,0,0,0,100.0,5,2,1,4,0,1,1,0,56,1,0,0,0,0,0,0,0,1,0,0,5,2,4,5,3,35.2,13.7,40.9,61.4
4590,0,3,1,0,2,0,48.3,4,0,1,0,1,0,1,0,0,100.0,2,3,1,3,0,1,0,0,22,0,1,0,0,1,0,1,0,0,0,30,5,2,2,4,2,52.6,35.3,57.9,50.9
4591,0,3,1,0,0,2,65.0,3,1,0,0,0,1,1,0,0,100.0,1,3,3,3,0,1,0,0,22,1,0,0,0,0,0,0,0,0,1,0,2,3,5,1,1,56.4,19.2,67.3,41.6
4592,0,3,1,2,0,0,63.3,3,0,1,0,0,0,0,0,0,33.3,4,4,4,3,0,1,0,0,22,1,0,0,0,1,0,1,0,0,0,30,3,3,5,2,2,54.0,25.7,69.5,33.9
4593,0,3,0,2,0,1,70.0,1,0,0,1,0,1,0,1,0,100.0,4,3,1,3,0,0,0,1,0,0,0,1,0,0,28,0,0,1,1,0,2,4,4,5,2,15.1,0.0,16.2,65.4
4594,2,0,3,0,1,0,55.0,1,0,1,0,1,0,0,0,0,66.7,2,4,2,3,0,1,0,0,22,1,0,0,0,0,0,0,0,1,0,0,1,4,5,2,1,50.5,9.2,58.8,42.5
4595,2,0,3,1,0,0,63.3,4,0,0,0,1,0,0,0,0,33.3,2,3,2,2,1,0,0,0,30,1,0,1,0,0,0,1,0,0,0,30,3,3,1,2,1,70.9,40.2,66.7,25.5
4596,0,2,3,0,0,1,65.0,4,1,1,0,0,0,0,1,0,100.0,4,2,4,1,0,0,1,0,34,0,1,0,0,1,0,1,0,1,0,2,2,3,5,5,2,38.9,13.6,47.2,49.7
4597,3,0,0,0,1,2,71.7,4,0,0,0,1,0,1,1,0,100.0,1,2,4,4,1,0,1,0,64,0,0,1,0,1,0,1,1,0,0,76,3,3,4,2,2,90.6,66.7,89.6,37.8
4598,0,0,1,3,2,0,55.0,2,0,0,0,0,0,1,0,0,33.3,2,2,3,4,0,1,1,0,56,0,0,1,1,0,48,1,0,0,0,30,5,3,5,2,1,61.1,42.5,65.2,34.0
4599,2,0,1,0,0,3,65.0,4,0,1,0,0,0,0,0,1,66.7,5,4,1,4,0,1,0,1,0,0,1,0,0,0,42,0,0,1,0,0,1,3,4,5,3,5.4,0.0,19.5,68.7
4600,0,0,0,3,2,1,55.0,5,1,0,0,0,0,0,0,0,33.3,4,2,1,1,0,0,0,1,0,0,1,0,0,0,42,0,1,1,0,18,5,4,4,5,2,19.0,5.2,15.1,48.7
4601,0,3,0,2,0,1,70.0,4,1,1,0,0,1,0,0,0,100.0,5,3,3,3,0,1,0,0,22,0,1,0,0,0,42,0,0,1,0,0,3,2,5,4,3,14.3,10.0,23.7,67.6
4602,0,3,0,0,2,1,61.7,5,0,0,0,1,0,0,0,0,33.3,2,1,3,3,0,1,0,0,22,1,0,0,0,0,0,1,0,0,0,30,1,4,4,4,1,67.3,30.7,81.1,13.9
4603,3,2,1,0,0,0,40.0,3,0,0,0,0,0,1,0,1,66.7,2,2,4,3,1,0,0,0,30,0,1,0,0,0,42,1,0,0,0,30,5,2,2,4,4,42.1,26.4,44.1,49.7
4604,0,2,3,1,0,0,63.3,1,1,0,1,0,0,0,0,0,66.7,2,3,3,4,1,0,0,0,30,0,0,1,0,0,28,1,0,0,0,30,5,1,5,4,4,39.4,30.8,51.7,56.3
4605,2,3,0,0,0,1,63.3,2,0,0,0,1,1,0,0,1,100.0,1,4,3,4,1,0,1,0,64,0,0,1,0,1,0,1,1,0,0,76,2,2,1,1,1,94.8,73.7,89.7,40.4
4606,3,1,2,0,0,0,40.0,1,0,0,1,1,0,0,0,0,66.7,2,2,4,4,1,0,0,0,30,1,0,0,0,0,0,1,1,0,0,76,1,2,1,4,1,87.8,62.7,100.0,23.8
4607,2,0,0,1,0,3,73.3,4,0,0,1,1,0,1,0,0,100.0,2,4,2,1,1,0,0,1,6,1,1,0,0,0,14,0,0,1,0,0,2,3,4,5,1,34.9,12.5,37.2,62.7
4608,2,1,3,0,0,0,40.0,3,0,0,1,0,0,0,0,0,33.3,4,3,3,4,1,0,0,1,6,1,0,1,0,0,0,1,0,0,0,30,3,2,4,4,4,40.1,17.5,58.6,36.2
4609,2,3,1,0,0,0,40.0,3,0,1,0,1,1,0,0,0,100.0,4,2,3,3,0,0,1,0,34,1,0,1,0,0,0,1,1,0,0,76,2,4,4,4,1,70.5,47.4,74.7,34.2
4610,3,0,0,1,2,0,63.3,3,0,1,0,0,0,0,0,1,66.7,2,3,4,1,0,0,1,0,34,0,0,0,0,1,0,1,1,0,0,76,3,2,1,2,1,88.7,66.7,89.2,29.2
4611,3,0,2,0,0,1,65.0,5,0,0,0,1,0,0,0,0,33.3,2,4,3,1,1,0,0,0,30,1,0,0,0,1,0,1,0,0,1,2,5,1,1,5,1,52.8,32.7,62.2,49.0
4612,2,1,0,3,0,0,60.0,3,1,0,0,0,0,0,1,0,66.7,2,3,4,3,0,1,1,0,56,0,0,1,0,0,28,1,1,0,0,76,1,2,5,5,2,74.7,65.3,73.9,49.4
4613,0,2,1,3,0,0,63.3,3,0,1,0,0,0,1,0,0,66.7,4,4,3,1,1,1,0,0,52,0,0,1,0,1,0,0,1,1,0,18,3,3,5,5,3,43.4,17.5,40.7,59.6
4614,2,1,0,0,0,3,63.3,5,0,0,0,1,0,0,0,0,33.3,4,2,3,4,0,0,1,0,34,1,1,0,0,0,14,1,1,0,0,76,1,4,5,5,3,61.5,42.5,68.1,28.3
4615,2,3,0,1,0,0,60.0,5,1,0,0,0,0,1,0,1,100.0,5,4,1,4,0,1,0,0,22,1,1,0,0,0,14,0,1,1,0,18,5,2,1,1,1,52.7,27.5,52.6,52.8
4616,1,2,3,0,0,0,40.0,3,0,1,0,0,0,0,0,0,33.3,4,1,3,4,1,1,0,0,52,1,0,0,0,0,0,1,1,0,0,76,3,3,5,1,1,91.8,58.1,91.0,2.3
4617,2,0,3,0,1,0,55.0,3,0,0,0,0,0,1,0,0,33.3,4,2,4,3,0,1,0,0,22,1,0,0,0,0,0,1,0,0,0,30,5,2,1,5,1,57.7,34.1,77.2,32.8
4618,0,3,1,0,0,2,65.0,5,0,1,0,0,0,0,0,1,66.7,2,4,3,3,0,1,0,0,22,0,1,0,0,0,42,1,0,0,0,30,3,1,5,4,1,51.2,43.0,52.4,58.4
4619,3,0,1,2,0,0,63.3,3,0,1,0,1,0,1,0,0,100.0,1,2,4,2,1,1,0,0,52,1,0,0,0,0,0,1,0,0,0,30,2,2,4,5,2,62.8,44.2,68.5,46.0
4620,3,1,0,0,0,2,63.3,3,1,0,0,1,0,0,1,0,100.0,5,1,2,3,0,1,0,1,0,1,0,1,0,0,0,1,0,0,0,30,1,4,5,2,4,35.1,0.0,43.4,34.8
4621,0,1,0,3,0,2,70.0,1,0,0,0,0,0,1,0,0,33.3,1,2,2,3,1,0,0,0,30,0,1,1,0,0,70,1,1,0,0,76,3,3,4,2,3,59.0,47.8,41.5,42.7
4622,0,3,0,0,1,2,61.7,3,0,1,0,1,1,0,0,0,100.0,4,1,3,2,0,1,0,0,22,0,1,0,0,1,0,1,1,0,0,76,2,2,1,5,4,54.8,42.4,59.0,41.0
4623,2,0,0,0,1,3,71.7,1,0,0,0,1,0,0,0,0,33.3,4,2,1,1,1,0,0,0,30,0,1,0,1,0,62,1,1,0,0,76,2,2,5,1,2,64.1,53.3,47.2,30.6
4624,2,3,0,0,1,0,43.3,3,0,0,0,1,0,0,0,0,33.3,5,4,4,1,0,1,0,0,22,1,0,0,0,0,0,0,0,0,1,0,3,1,1,1,2,50.4,15.8,68.1,28.8
4625,0,3,0,0,2,1,61.7,1,1,1,0,0,0,1,0,0,100.0,5,2,3,4,0,1,0,0,22,1,0,0,0,0,0,1,0,0,0,30,3,2,2,5,3,37.4,19.4,54.1,54.7
4626,3,1,0,0,0,2,63.3,2,0,0,0,0,1,0,0,1,66.7,1,2,3,3,1,1,0,0,52,0,1,0,1,0,62,1,0,0,0,30,5,4,1,5,2,43.1,34.6,38.2,61.7
4627,2,3,0,1,0,0,60.0,1,0,1,0,0,0,1,0,0,66.7,5,1,3,2,0,1,0,0,22,1,0,0,0,1,0,1,0,0,0,30,2,3,2,2,2,55.6,22.0,67.6,18.2
4628,1,0,0,2,3,0,63.3,5,0,0,0,0,1,0,0,0,33.3,4,4,3,3,1,1,0,0,52,1,0,0,0,0,0,0,1,1,0,18,5,4,4,5,2,41.9,19.4,51.3,41.8
4629,0,1,3,2,0,0,63.3,5,0,0,0,1,1,0,0,0,66.7,5,4,3,4,1,0,0,1,6,1,1,0,0,0,14,1,0,1,0,2,5,4,5,5,4,3.1,0.0,28.3,73.0
4630,0,0,3,1,0,2,61.7,3,1,0,1,0,0,0,0,1,100.0,2,3,3,4,0,1,0,0,22,0,1,0,0,0,42,0,0,1,0,0,3,2,5,5,3,23.1,16.8,30.3,75.9
4631,3,2,0,1,0,0,60.0,2,1,0,0,0,1,0,0,0,66.7,1,2,2,4,0,1,0,0,22,0,1,1,0,0,70,1,1,0,0,76,3,2,5,5,4,44.6,53.4,37.8,59.8
4632,3,0,2,0,1,0,55.0,4,1,0,0,1,0,0,0,0,66.7,4,3,3,3,0,0,0,1,0,1,0,1,0,0,0,1,0,1,0,2,3,2,5,4,3,32.6,8.2,51.9,47.6
4633,0,0,1,3,0,2,61.7,4,0,0,0,1,1,1,0,0,100.0,2,4,1,3,1,0,0,1,6,0,1,1,0,0,70,0,0,1,1,0,5,2,1,4,2,22.3,18.8,13.2,85.7
4634,3,0,2,0,1,0,55.0,3,1,0,0,0,1,0,0,1,100.0,2,3,1,3,1,1,0,0,52,1,0,0,0,0,0,1,1,0,0,76,2,4,4,1,2,84.5,58.3,69.6,31.9
4635,0,3,0,1,0,2,70.0,4,0,1,0,0,0,0,0,0,33.3,2,2,3,2,1,1,0,0,52,0,1,1,0,0,70,1,1,0,0,76,3,4,5,5,4,46.0,51.8,28.7,56.6
4636,0,0,0,3,2,1,55.0,5,1,0,1,0,0,0,0,0,66.7,5,4,3,1,0,1,0,0,22,0,1,1,0,0,70,0,1,1,0,18,5,4,2,5,2,13.7,14.0,9.6,78.7
4637,0,0,3,1,0,2,61.7,1,0,0,0,0,1,0,0,1,66.7,2,4,3,2,0,1,1,0,56,0,1,0,1,0,62,0,0,1,1,0,3,3,5,5,4,13.0,14.8,17.3,81.8
4638,3,1,0,2,0,0,60.0,3,0,1,1,1,0,0,0,0,100.0,4,3,3,4,1,1,0,0,52,0,0,1,0,1,0,0,1,0,0,46,3,4,5,2,3,57.5,32.2,63.0,46.5
4639,0,0,2,3,0,1,61.7,4,0,1,0,0,1,0,0,0,66.7,5,4,1,4,0,1,0,0,22,0,1,1,0,0,70,1,0,1,0,2,5,3,5,5,4,0.0,2.8,0.0,87.8
4640,2,0,3,0,0,1,65.0,3,1,0,0,1,0,0,0,1,100.0,4,1,3,3,0,1,0,0,22,1,0,1,0,0,0,0,1,1,0,18,2,4,5,5,1,45.1,13.8,59.2,42.9
4641,2,0,1,0,3,0,55.0,4,0,0,0,0,0,1,1,0,66.7,5,4,3,2,1,0,0,1,6,1,1,0,0,0,14,0,1,0,0,46,5,4,5,5,3,31.1,15.7,32.6,60.0
4642,2,0,1,0,0,3,65.0,3,0,1,1,0,0,0,0,0,66.7,5,2,2,4,0,1,0,1,0,1,1,0,0,0,14,0,1,1,0,18,5,2,2,5,2,33.6,9.1,49.0,49.6
4643,1,3,2,0,0,0,40.0,2,0,0,0,0,1,1,0,0,66.7,2,3,3,4,1,1,0,0,52,1,1,0,0,0,14,0,1,1,0,18,3,2,5,2,2,63.3,32.0,65.9,40.4
4644,0,0,3,0,2,1,61.7,1,1,0,0,1,0,0,1,0,100.0,4,3,3,2,0,1,0,1,0,1,0,0,0,1,0,1,0,1,0,2,1,2,2,2,2,46.3,4.4,55.4,45.7
4645,1,3,0,2,0,0,60.0,3,0,0,0,0,0,0,0,1,33.3,5,3,3,4,1,1,0,0,52,0,0,1,1,0,48,1,1,0,0,76,2,3,5,2,1,68.4,54.0,68.6,34.0
4646,0,1,3,0,2,0,48.3,4,1,0,0,0,0,0,0,0,33.3,5,2,3,4,0,0,1,1,10,0,1,0,0,0,42,0,1,1,0,18,1,4,5,5,4,16.5,0.0,31.0,45.0
4647,3,1,2,0,0,0,40.0,3,1,0,0,0,0,0,0,0,33.3,2,3,3,1,1,0,0,1,6,1,0,1,0,0,0,1,1,0,0,76,1,3,5,4,1,82.9,52.2,76.2,18.0
4648,0,0,0,1,3,2,55.0,1,0,0,0,0,1,0,0,0,33.3,5,3,3,4,0,1,0,0,22,0,1,0,0,0,42,1,0,0,0,30,5,3,4,5,4,14.5,8.3,29.7,65.6
4649,2,3,0,0,1,0,43.3,2,0,0,1,1,0,1,0,0,100.0,5,4,3,2,1,0,1,0,64,1,0,0,0,0,0,0,0,0,1,0,5,3,2,4,1,44.3,21.6,53.9,56.6
4650,0,2,0,3,0,1,70.0,5,0,0,0,0,0,1,0,0,33.3,5,4,3,3,0,1,0,0,22,0,0,1,1,0,48,0,0,1,1,0,5,2,2,4,3,16.6,6.5,30.2,67.0
4651,3,2,1,0,0,0,40.0,3,0,0,0,1,1,0,0,0,66.7,1,3,4,4,0,1,0,1,0,1,0,0,0,0,0,1,1,0,0,76,5,3,2,2,1,80.6,48.6,90.8,30.7
4652,1,0,3,0,2,0,55.0,2,0,0,1,0,0,0,1,1,100.0,4,4,1,1,1,1,0,0,52,0,1,0,0,0,42,1,0,1,0,2,5,4,4,4,1,32.3,16.5,18.9,75.0
4653,0,0,3,1,2,0,55.0,3,1,0,0,0,1,0,0,0,66.7,4,4,2,4,0,1,0,0,22,0,1,0,0,0,42,0,0,0,1,0,3,4,4,5,1,22.9,10.8,35.4,68.1
4654,0,0,2,1,0,3,61.7,5,1,0,0,0,1,0,1,0,100.0,4,2,1,2,0,1,0,0,22,1,0,0,0,0,0,0,0,1,1,0,5,3,4,4,3,31.3,2.0,37.3,55.6
4655,3,0,2,1,0,0,63.3,5,0,0,0,0,0,1,1,1,100.0,1,3,3,3,0,1,0,0,22,0,1,0,0,0,42,0,0,1,1,0,1,3,2,4,4,20.6,13.9,28.8,69.2
4656,3,1,2,0,0,0,40.0,3,0,0,0,1,0,0,1,0,66.7,5,4,1,3,0,1,0,0,22,0,1,0,0,0,42,0,0,1,0,0,1,3,2,1,3,29.6,5.7,30.5,49.9
4657,0,0,1,0,3,2,61.7,3,0,0,0,1,0,0,0,0,33.3,5,3,2,4,0,1,0,0,22,0,1,0,0,0,42,1,1,0,0,76,1,3,5,2,1,61.8,45.8,64.9,36.2
4658,2,1,0,3,0,0,60.0,3,0,0,0,1,0,0,0,0,33.3,2,1,4,1,0,1,0,0,22,1,0,0,0,1,0,0,0,1,1,0,5,2,2,2,3,50.4,15.6,60.5,22.4
4659,0,2,0,3,1,0,53.3,4,0,0,0,1,0,1,0,1,100.0,1,4,2,4,1,0,1,0,64,1,0,0,0,1,0,0,1,1,0,18,3,1,2,5,3,54.8,40.7,61.8,61.8
4660,0,0,2,3,1,0,55.0,5,0,0,0,0,0,0,0,1,33.3,4,4,4,1,0,0,0,1,0,0,1,0,1,0,62,0,0,1,0,0,5,1,2,4,1,26.3,15.6,33.2,60.9
4661,1,3,0,2,0,0,60.0,4,1,1,1,0,0,0,0,0,100.0,4,2,4,3,1,1,0,0,52,0,0,0,0,1,0,1,0,0,0,30,3,1,4,2,1,72.4,43.6,83.9,33.4
4662,3,2,0,0,0,1,63.3,3,0,0,0,0,1,1,1,0,100.0,2,3,3,1,1,1,0,0,52,1,0,0,0,0,0,1,1,0,0,76,2,2,4,2,1,94.9,71.4,84.9,39.2
4663,1,2,0,0,0,3,63.3,3,0,0,0,1,0,0,1,0,66.7,5,4,1,4,0,1,0,0,22,0,1,1,0,0,70,0,0,1,0,0,5,4,2,5,2,0.0,2.5,0.0,80.3
4664,0,1,3,2,0,0,63.3,3,0,1,0,1,0,0,0,0,66.7,2,1,4,4,1,0,1,0,64,1,0,0,0,0,0,1,0,0,0,30,5,3,4,1,1,80.8,50.1,89.7,25.0
4665,2,1,0,0,3,0,43.3,3,1,0,0,0,0,0,0,0,33.3,1,2,1,4,0,1,0,1,0,1,0,0,0,0,0,1,1,0,0,76,5,3,1,2,2,80.9,44.7,75.7,22.5
4666,1,2,3,0,0,0,40.0,1,0,0,0,1,0,1,0,0,66.7,5,2,4,4,0,1,0,0,22,0,1,0,0,0,42,1,0,0,0,30,1,4,1,4,1,39.3,10.7,55.7,42.4
4667,1,0,3,0,2,0,55.0,3,0,0,0,1,0,0,0,0,33.3,4,3,3,3,1,0,0,0,30,1,0,0,0,0,0,1,1,0,0,76,2,2,5,4,2,77.9,53.1,78.6,27.6
4668,1,0,0,0,3,2,71.7,2,0,1,0,0,1,0,0,0,66.7,5,3,3,4,1,1,0,0,52,1,0,0,1,0,0,0,0,1,0,0,3,3,5,1,3,46.3,7.1,58.4,38.8
4669,3,1,0,2,0,0,60.0,5,1,0,1,1,0,0,0,0,100.0,2,4,2,3,0,1,0,1,0,1,0,0,0,0,0,1,0,0,0,30,2,2,5,2,1,62.3,32.1,63.1,49.7
4670,3,0,0,1,0,2,73.3,1,0,0,0,1,0,0,0,0,33.3,2,3,2,4,0,0,0,1,0,1,0,0,0,0,0,1,0,0,1,2,1,2,4,1,1,65.9,19.3,79.7,22.8
4671,2,0,3,0,1,0,55.0,1,0,0,1,0,0,0,0,0,33.3,2,2,3,1,1,1,0,0,52,1,0,0,0,0,0,1,1,0,0,76,5,3,5,4,1,89.2,63.3,81.7,25.4
4672,0,2,1,0,3,0,48.3,4,1,0,0,1,0,0,0,0,66.7,1,3,2,3,0,0,0,1,0,1,0,0,0,1,0,1,0,1,0,2,5,4,1,2,2,47.7,8.7,51.4,40.3
4673,0,0,3,2,1,0,55.0,2,0,0,0,1,0,0,0,0,33.3,2,3,1,4,0,1,0,1,0,0,1,1,0,0,70,0,1,1,0,18,5,3,2,4,4,12.9,7.6,10.4,66.9
4674,0,1,2,0,0,3,65.0,4,0,0,0,0,0,0,1,0,33.3,4,4,1,4,0,1,1,0,56,0,1,1,0,0,70,0,0,1,1,0,2,4,4,5,4,9.1,5.0,8.2,74.0
4675,2,0,3,0,1,0,55.0,3,0,0,0,1,0,0,0,0,33.3,1,2,3,4,1,0,0,1,6,1,0,0,0,0,0,0,1,0,1,18,2,2,4,5,4,41.8,15.6,64.0,37.0
4676,0,2,1,0,3,0,48.3,3,0,1,0,0,0,0,0,0,33.3,1,3,4,3,1,1,0,0,52,1,0,1,0,0,0,0,1,0,0,46,1,3,5,2,4,69.0,40.5,72.8,24.3
4677,3,2,1,0,0,0,40.0,3,0,1,0,0,0,0,0,0,33.3,2,3,2,3,0,1,1,0,56,1,0,0,0,1,0,1,0,0,1,2,3,3,1,4,1,57.4,29.7,63.7,31.7
4678,0,1,3,2,0,0,63.3,5,0,0,0,0,0,1,1,1,100.0,5,4,4,1,0,0,0,1,0,1,1,0,0,0,14,0,0,1,0,0,5,4,5,2,1,28.1,0.0,30.8,59.2
4679,1,0,0,3,2,0,63.3,5,1,0,0,0,0,1,1,0,100.0,5,1,2,3,1,0,0,1,6,0,0,0,1,0,20,0,0,1,1,0,1,4,4,1,2,39.1,0.0,45.7,35.4
4680,1,0,3,0,0,2,65.0,4,0,0,1,0,0,0,0,0,33.3,2,4,1,3,0,1,1,0,56,0,1,0,0,0,42,1,0,0,0,30,5,4,2,4,4,39.6,26.6,26.4,62.8
4681,1,0,0,3,2,0,63.3,4,0,0,0,0,0,1,0,0,33.3,2,3,4,4,1,1,0,0,52,1,0,0,0,0,0,0,1,0,1,18,3,2,4,2,3,67.4,33.4,79.4,29.3
4682,0,0,3,1,0,2,61.7,5,0,0,1,1,0,0,0,0,66.7,5,3,1,3,0,1,0,0,22,0,1,0,0,0,42,0,0,1,0,0,1,2,4,4,1,34.3,23.0,38.2,53.4
4683,0,3,2,0,1,0,48.3,4,0,1,0,0,0,1,0,1,100.0,5,3,2,2,1,0,0,0,30,0,1,1,0,0,70,0,0,1,0,0,3,4,2,4,4,0.0,0.0,0.0,79.2
4684,3,2,0,0,1,0,43.3,3,0,0,1,0,0,1,0,1,100.0,4,4,3,4,1,1,0,0,52,1,0,0,0,0,0,0,1,0,0,46,3,2,4,2,3,58.2,39.8,69.9,49.3
4685,0,3,0,0,1,2,61.7,5,1,0,0,0,1,0,0,1,100.0,5,4,3,2,0,0,1,0,34,1,1,0,0,0,14,0,0,1,0,0,5,4,5,2,4,24.1,0.0,25.1,67.9
4686,3,1,0,2,0,0,60.0,3,0,0,0,1,0,0,0,0,33.3,4,2,3,1,0,1,0,0,22,1,0,0,1,0,0,1,0,0,1,2,2,2,2,1,1,63.9,20.3,69.0,17.6
4687,0,0,2,1,3,0,55.0,3,0,0,1,0,0,0,1,1,100.0,2,2,4,3,1,1,0,0,52,1,0,0,0,1,0,1,0,0,1,2,5,2,2,4,2,52.3,24.1,66.6,48.8
4688,3,1,2,0,0,0,40.0,3,0,0,0,1,0,0,0,0,33.3,1,3,2,3,0,0,0,1,0,0,0,0,0,1,0,1,1,0,0,76,5,2,2,2,1,85.1,56.8,85.7,17.6
4689,0,3,2,0,1,0,48.3,3,0,0,0,0,1,0,0,0,33.3,2,2,1,3,0,0,1,1,10,1,0,0,1,0,0,1,0,0,0,30,3,3,1,4,3,51.0,20.1,56.7,30.9
4690,0,0,3,1,0,2,61.7,1,0,0,0,0,1,1,0,0,66.7,5,2,1,3,0,1,0,0,22,0,0,1,1,0,48,1,0,1,0,2,5,3,5,5,2,16.3,1.3,27.0,58.7
4691,2,0,3,0,0,1,65.0,2,0,0,0,0,0,0,1,0,33.3,2,4,3,4,0,0,0,1,0,0,0,1,0,0,28,1,0,1,0,2,2,4,2,4,4,17.6,0.0,26.8,62.9
4692,1,3,2,0,0,0,40.0,1,1,0,1,0,0,0,1,0,100.0,2,2,4,2,0,1,0,0,22,1,0,0,0,0,0,0,1,0,0,46,3,2,5,2,3,61.5,33.7,76.1,31.6
4693,3,0,2,0,1,0,55.0,2,1,0,0,0,0,0,0,0,33.3,4,1,3,1,1,1,0,0,52,1,0,1,0,0,0,0,1,0,0,46,3,1,5,1,1,89.2,53.2,85.6,9.1
4694,1,0,3,0,2,0,55.0,1,0,1,0,0,0,0,0,0,33.3,2,3,4,4,1,1,0,0,52,0,0,1,0,0,28,1,1,0,0,76,3,4,4,2,2,78.5,53.2,76.7,30.4
4695,2,3,1,0,0,0,40.0,4,0,1,0,0,0,1,0,1,100.0,5,3,4,4,0,1,1,0,56,0,1,0,0,0,42,1,0,0,0,30,1,3,4,5,2,38.3,31.0,50.5,58.7
4696,0,1,2,0,3,0,48.3,1,1,0,0,1,0,0,0,0,66.7,4,3,4,2,0,0,1,0,34,0,0,0,1,0,20,0,1,1,0,18,2,1,4,2,1,59.3,33.9,72.7,40.0
4697,2,0,3,0,0,1,65.0,3,0,0,1,0,1,1,0,0,100.0,4,2,1,4,0,0,1,1,10,0,0,1,0,0,28,1,0,1,0,2,2,3,2,4,3,22.6,3.9,30.7,57.3
4698,1,0,2,0,3,0,55.0,3,1,0,0,1,0,0,0,1,100.0,2,2,4,2,0,1,1,0,56,1,0,0,0,0,0,1,0,0,1,2,3,2,4,2,2,62.8,29.6,67.1,36.9
4699,2,0,0,0,1,3,71.7,1,0,0,0,0,0,0,1,0,33.3,4,3,3,2,0,1,0,1,0,0,1,1,0,0,70,0,1,0,0,46,2,4,4,5,3,19.1,7.5,18.6,61.0
4700,2,0,1,3,0,0,63.3,4,0,0,0,1,1,0,0,1,100.0,5,3,4,3,0,1,0,1,0,0,1,0,0,0,42,1,1,0,0,76,2,2,1,5,1,48.2,47.0,59.0,57.6
4701,0,0,2,0,1,3,61.7,4,0,0,0,1,0,0,0,0,33.3,5,4,1,1,0,1,1,0,56,0,1,0,0,1,0,1,1,0,0,76,1,1,2,4,3,70.3,57.3,59.3,37.2
4702,0,2,1,3,0,0,63.3,2,0,1,0,1,1,0,0,0,100.0,4,3,3,4,0,0,1,1,10,0,1,0,0,0,42,0,0,1,0,0,5,3,5,5,3,13.3,1.0,22.8,71.2
4703,3,0,0,0,2,1,71.7,2,0,0,1,0,0,1,0,0,66.7,4,4,4,3,1,0,0,0,30,0,1,0,0,0,42,1,0,0,0,30,3,2,4,2,3,34.2,29.1,41.1,63.7
4704,3,2,0,1,0,0,60.0,4,0,0,0,0,0,0,1,0,33.3,5,4,3,2,0,1,0,0,22,0,1,0,0,0,42,1,0,0,0,30,3,4,4,5,1,33.0,19.6,37.6,52.6
4705,3,2,0,0,1,0,43.3,2,0,0,0,0,1,0,0,1,66.7,2,4,4,1,0,1,0,0,22,1,0,0,0,1,0,1,0,1,0,2,2,1,1,1,3,52.5,20.6,63.4,38.6
4706,2,3,0,1,0,0,60.0,3,0,1,1,0,0,1,0,0,100.0,2,4,4,4,0,1,0,0,22,0,0,0,0,1,0,1,1,0,0,76,3,1,4,2,2,77.5,55.6,85.8,46.9
4707,0,2,0,1,0,3,70.0,4,1,0,0,1,0,0,0,0,66.7,1,4,1,4,0,1,0,0,22,1,0,0,0,0,0,0,0,1,0,0,1,4,2,4,4,29.9,6.4,38.3,55.3
4708,1,0,2,3,0,0,63.3,3,0,1,0,0,0,0,0,0,33.3,5,3,4,4,0,0,1,0,34,0,1,0,0,0,42,0,0,1,0,0,2,4,2,4,1,31.4,6.5,48.8,44.5
4709,0,0,3,0,2,1,61.7,5,0,1,0,1,0,0,0,1,100.0,2,2,3,2,0,1,0,1,0,1,0,0,0,0,0,1,0,0,0,30,1,3,1,2,1,63.6,30.6,69.0,34.2
4710,0,3,0,2,1,0,53.3,3,0,0,0,1,0,1,0,0,66.7,2,2,4,2,1,0,0,1,6,1,0,0,0,0,0,1,0,0,1,2,5,3,1,2,1,55.8,13.5,62.4,32.7
4711,1,2,0,0,0,3,63.3,5,0,1,0,0,0,1,0,1,100.0,5,3,1,4,0,1,0,0,22,1,0,0,0,0,0,0,0,1,0,0,5,4,2,5,1,30.1,8.2,43.0,59.5
4712,1,0,3,0,2,0,55.0,2,1,0,0,0,1,0,0,0,66.7,5,2,2,3,0,1,0,1,0,1,1,0,0,0,14,1,0,0,1,2,3,2,4,1,4,32.7,0.0,41.5,37.0
4713,1,0,3,0,2,0,55.0,2,1,0,0,0,1,0,0,1,100.0,5,2,2,4,1,1,0,0,52,0,1,0,0,0,42,0,0,1,0,0,1,4,4,5,3,15.0,0.8,21.5,64.3
4714,3,1,0,0,0,2,63.3,5,0,1,0,0,0,1,0,0,66.7,4,3,1,4,1,0,0,1,6,0,1,0,0,0,42,0,0,1,0,0,2,4,4,5,2,16.8,0.0,26.6,58.9
4715,2,3,0,0,1,0,43.3,2,0,0,0,0,1,0,0,0,33.3,2,1,2,4,0,1,0,0,22,1,0,0,0,0,0,1,0,0,0,30,3,3,4,2,3,65.2,23.2,71.9,12.3
4716,0,3,1,0,0,2,65.0,3,0,1,0,0,0,1,0,0,66.7,4,2,4,4,1,0,0,1,6,1,1,0,0,0,14,1,0,1,0,2,1,4,4,2,3,31.9,0.1,53.4,33.8
4717,2,3,0,0,1,0,43.3,3,1,0,0,0,0,1,0,1,100.0,2,4,4,1,0,1,1,0,56,1,1,0,0,0,14,1,1,0,0,76,1,2,1,2,1,87.9,69.7,75.6,42.9
4718,1,0,3,0,0,2,65.0,4,0,0,1,0,0,1,0,0,66.7,5,3,4,3,0,1,1,0,56,1,1,0,0,0,14,1,0,1,0,2,5,4,5,5,3,20.7,9.0,40.4,58.9
4719,0,3,0,0,2,1,61.7,3,0,0,0,0,0,1,0,0,33.3,2,4,4,3,0,0,0,1,0,1,0,0,0,0,0,1,0,0,0,30,3,2,5,4,3,48.7,27.4,61.3,46.1
4720,3,2,0,0,1,0,43.3,4,0,0,1,0,1,1,0,0,100.0,5,3,3,4,0,1,0,1,0,0,0,1,0,0,28,1,1,0,0,76,1,3,4,5,3,36.4,35.6,49.3,56.7
4721,2,0,0,0,1,3,71.7,2,0,0,0,0,1,0,0,1,66.7,2,1,2,1,0,1,0,0,22,0,0,0,0,1,0,1,1,0,0,76,3,3,5,1,1,91.4,57.9,81.7,13.7
4722,3,2,0,0,1,0,43.3,2,0,1,0,1,0,1,0,0,100.0,4,2,3,2,1,0,0,0,30,1,0,0,0,1,0,1,0,0,0,30,3,1,2,2,1,70.4,40.1,72.1,36.1
4723,0,0,1,3,2,0,55.0,1,0,1,0,0,0,0,0,0,33.3,2,4,2,3,0,1,0,0,22,0,1,0,0,0,42,0,0,1,0,0,2,2,2,4,2,33.0,17.6,40.2,53.7
4724,1,0,0,3,0,2,73.3,4,1,0,0,0,0,1,0,1,100.0,4,2,4,4,0,1,1,0,56,0,1,0,0,0,42,1,0,0,0,30,5,3,5,5,3,33.7,30.6,44.3,67.6
4725,3,0,1,0,0,2,65.0,3,0,1,0,0,0,0,1,0,66.7,5,3,3,3,1,1,0,0,52,0,0,1,0,0,28,1,0,1,0,2,5,4,5,5,3,21.7,9.6,29.6,66.8
4726,0,3,0,1,0,2,70.0,3,0,0,1,0,1,0,0,0,66.7,2,2,3,1,0,1,0,0,22,1,1,0,0,0,14,1,0,0,0,30,5,2,1,1,2,65.3,33.8,67.1,32.6
4727,3,1,0,0,2,0,43.3,3,1,0,0,0,0,0,0,1,66.7,4,3,4,3,0,0,0,1,0,1,0,0,0,0,0,1,0,0,1,2,1,2,2,4,2,43.4,10.1,60.9,40.7
4728,0,0,1,0,3,2,61.7,5,0,0,0,0,1,0,1,0,66.7,5,3,1,4,1,1,0,0,52,0,1,0,0,0,42,0,0,1,0,0,1,3,5,4,4,14.2,8.2,24.1,61.2
4729,3,1,0,0,2,0,43.3,3,0,1,0,1,0,0,0,1,100.0,2,4,4,1,0,1,1,0,56,0,0,1,0,0,28,1,0,1,0,2,5,2,1,1,1,59.7,37.3,56.3,55.5
4730,2,1,3,0,0,0,40.0,1,1,0,0,0,0,1,0,0,66.7,4,2,1,4,0,1,1,0,56,1,0,0,0,1,0,0,1,0,1,18,2,2,4,2,2,63.7,28.0,68.9,29.4
4731,1,3,2,0,0,0,40.0,3,0,0,0,0,1,0,0,0,33.3,4,2,3,4,0,1,0,1,0,1,0,0,0,1,0,1,0,0,1,2,5,1,1,1,2,51.0,13.5,70.9,23.2
4732,0,3,2,1,0,0,63.3,3,1,1,0,0,0,0,0,0,66.7,4,3,3,1,0,1,0,0,22,1,0,0,0,1,0,0,1,0,0,46,2,1,2,2,1,73.1,44.9,77.7,32.1
4733,1,2,0,0,0,3,63.3,3,0,0,0,0,0,0,0,1,33.3,1,1,4,2,0,1,0,0,22,1,0,0,0,1,0,1,1,0,0,76,3,2,5,5,1,86.9,66.8,91.5,14.6
4734,3,0,2,0,0,1,65.0,3,0,1,0,0,1,0,1,0,100.0,4,3,3,3,0,0,1,1,10,0,1,0,0,0,42,1,0,1,0,2,1,4,2,4,3,15.5,0.0,26.4,62.7
4735,2,1,0,0,0,3,63.3,2,0,0,0,0,0,0,0,1,33.3,4,2,4,4,1,0,0,0,30,0,0,1,0,0,28,0,1,0,0,46,5,3,5,5,2,50.6,33.0,64.2,44.5
4736,2,0,1,3,0,0,63.3,3,1,0,1,0,0,1,0,0,100.0,2,2,4,4,0,0,0,1,0,0,0,0,1,0,20,1,1,0,0,76,3,3,4,5,2,58.2,44.3,68.3,53.0
4737,1,0,2,0,0,3,65.0,4,0,1,0,0,0,1,0,0,66.7,5,3,1,2,1,1,0,0,52,1,1,0,0,0,14,1,0,0,0,30,2,3,1,4,2,43.9,29.6,42.4,49.7
4738,2,0,0,0,1,3,71.7,3,1,0,0,1,0,1,0,0,100.0,5,3,4,4,1,1,0,0,52,0,0,1,0,0,28,1,0,1,0,2,2,1,5,1,2,48.4,27.1,61.1,50.7
4739,2,3,0,0,0,1,63.3,1,0,0,0,0,0,0,0,1,33.3,2,2,4,1,0,1,0,0,22,0,1,0,0,1,0,1,0,0,1,2,3,3,4,1,1,60.6,16.1,74.3,16.4
4740,3,0,1,0,0,2,65.0,4,1,0,0,0,0,1,0,0,66.7,4,3,1,4,1,0,0,0,30,1,1,0,0,0,14,0,1,1,0,18,1,2,4,2,2,52.6,24.4,56.1,36.5
4741,1,2,0,3,0,0,60.0,3,0,0,0,1,0,1,0,0,66.7,2,3,1,3,0,1,0,0,22,1,0,0,0,0,0,0,0,1,1,0,1,3,2,2,2,51.2,11.2,55.1,34.8
4742,1,3,0,0,0,2,63.3,2,0,0,1,0,0,1,0,0,66.7,2,4,2,1,1,1,0,0,52,0,1,1,0,0,70,1,0,1,0,2,1,3,5,4,1,34.3,26.2,23.3,63.0
4743,3,2,0,0,1,0,43.3,5,1,0,0,0,1,0,0,0,66.7,4,4,1,3,0,1,0,0,22,1,0,1,0,0,0,0,0,1,0,0,3,3,1,5,1,39.7,13.7,48.7,51.7
4744,0,0,1,3,0,2,61.7,2,0,0,0,0,1,1,0,0,66.7,5,3,3,3,1,0,0,0,30,0,1,0,0,0,42,0,0,1,1,0,3,2,4,5,3,16.0,10.0,27.9,67.0
4745,0,2,1,0,0,3,65.0,1,1,1,1,0,0,0,0,0,100.0,4,2,4,1,0,1,0,0,22,0,1,0,0,0,42,1,0,1,0,2,3,4,4,4,3,17.1,0.0,26.5,62.4
4746,0,0,2,3,0,1,61.7,5,0,0,0,0,1,0,0,0,33.3,4,1,1,3,0,1,1,0,56,1,1,0,0,0,14,0,1,0,0,46,5,3,2,5,3,54.9,36.6,55.0,35.3
4747,2,0,0,0,3,1,71.7,3,1,0,1,1,0,0,0,0,100.0,4,2,3,3,0,1,0,0,22,1,0,0,0,1,0,0,0,0,1,0,1,2,1,1,2,52.0,10.9,70.2,35.4
4748,0,0,2,0,1,3,61.7,2,0,0,0,0,0,0,1,0,33.3,2,3,4,4,1,1,0,0,52,1,0,0,0,1,0,0,1,0,0,46,3,2,4,2,2,78.9,48.3,90.1,30.2
4749,3,1,0,0,0,2,63.3,3,0,0,0,0,1,0,1,1,100.0,4,3,3,3,0,0,1,1,10,1,0,0,0,0,0,1,0,0,1,2,5,3,1,2,1,44.1,16.8,61.6,46.1
4750,2,0,0,3,0,1,73.3,3,0,0,1,0,1,0,0,1,100.0,5,4,3,4,0,1,1,0,56,0,1,1,0,0,70,0,1,1,0,18,1,4,2,2,3,26.3,12.3,24.4,72.0
4751,3,2,1,0,0,0,40.0,2,1,0,0,1,0,0,0,0,66.7,4,3,4,1,1,0,0,1,6,1,0,0,0,0,0,0,1,0,1,18,5,2,4,5,2,36.0,19.5,49.2,52.3
4752,2,3,0,0,0,1,63.3,3,1,0,0,0,0,0,0,0,33.3,5,3,4,4,0,1,0,0,22,1,0,0,0,0,0,1,0,0,1,2,5,2,5,4,1,43.5,12.5,72.5,34.1
4753,3,0,2,1,0,0,63.3,3,0,0,1,1,0,0,0,0,66.7,1,3,3,4,1,0,0,0,30,1,0,1,0,0,0,1,1,0,0,76,2,2,4,1,2,91.1,59.9,91.8,30.8
4754,0,3,2,0,0,1,65.0,2,0,0,0,1,1,1,0,0,100.0,2,3,1,2,0,1,0,0,22,1,0,1,0,0,0,1,0,1,0,2,1,4,5,2,1,55.2,14.7,53.9,41.5
4755,3,2,1,0,0,0,40.0,3,0,0,0,1,0,1,0,0,66.7,5,3,2,3,0,1,1,0,56,0,0,0,1,0,20,1,0,0,0,30,3,4,4,1,2,57.4,26.4,56.6,37.5
4756,2,3,0,0,0,1,63.3,2,0,1,1,0,0,0,0,0,66.7,4,4,1,4,1,1,0,0,52,0,1,1,0,0,70,1,1,0,0,76,3,1,4,2,1,66.8,66.7,59.3,53.6
4757,3,2,0,0,1,0,43.3,3,1,0,0,0,0,0,0,0,33.3,2,3,3,1,0,0,1,0,34,1,0,0,0,1,0,1,0,0,0,30,1,2,1,1,3,72.4,31.1,71.2,21.2
4758,1,2,0,0,3,0,43.3,1,0,1,1,0,0,0,0,0,66.7,4,2,4,4,1,1,0,0,52,1,0,0,0,0,0,1,0,0,0,30,2,3,5,2,1,71.3,35.7,83.7,24.1
4759,2,1,0,0,3,0,43.3,1,1,0,0,1,0,0,0,1,100.0,2,3,3,4,0,0,1,1,10,1,0,0,1,0,0,1,0,0,1,2,3,3,5,2,2,44.7,5.5,60.8,46.2
4760,0,0,3,0,2,1,61.7,5,0,0,0,0,1,0,1,0,66.7,5,4,3,3,0,1,0,0,22,0,1,1,0,0,70,0,0,1,0,0,5,3,5,4,2,9.7,6.9,18.7,77.5
4761,3,2,0,0,0,1,63.3,2,1,0,0,0,0,1,0,0,66.7,4,2,3,4,0,1,1,0,56,0,0,1,1,0,48,1,0,0,1,2,3,3,4,5,2,31.2,19.0,40.8,58.6
4762,1,3,2,0,0,0,40.0,5,0,0,1,0,0,0,0,0,33.3,5,3,1,3,1,0,0,0,30,0,1,0,0,0,42,1,0,0,1,2,5,4,5,1,2,37.2,4.0,33.1,41.6
4763,3,2,1,0,0,0,40.0,2,0,0,0,1,0,0,0,0,33.3,4,3,3,3,0,1,0,1,0,1,0,0,0,0,0,1,0,0,1,2,5,2,5,2,1,49.3,7.1,65.1,26.3
4764,0,1,3,0,0,2,65.0,4,0,0,0,0,0,1,0,0,33.3,5,4,3,2,0,1,0,0,22,0,1,1,0,0,70,1,0,1,0,2,5,3,5,4,2,6.4,7.7,14.2,67.5
4765,3,1,0,0,0,2,63.3,4,1,0,0,1,0,0,0,1,100.0,5,4,1,4,0,1,0,0,22,0,0,1,0,0,28,1,0,0,1,2,5,4,5,4,2,18.1,2.3,29.0,68.8
4766,2,1,3,0,0,0,40.0,2,0,0,0,1,0,0,0,0,33.3,4,2,1,4,1,1,0,0,52,0,0,1,0,0,28,1,0,1,0,2,2,3,5,4,1,49.0,14.5,52.1,33.4
4767,0,1,0,3,0,2,70.0,5,1,0,0,0,0,0,0,0,33.3,5,4,1,4,0,1,0,1,0,0,1,0,0,0,42,0,0,1,0,0,2,4,1,4,1,17.7,0.0,27.9,50.6
4768,0,0,1,2,0,3,61.7,4,1,0,0,0,0,1,0,0,66.7,4,3,2,4,0,0,0,1,0,0,1,0,0,0,42,0,0,1,1,0,5,4,5,4,3,12.2,0.0,21.8,65.1
4769,0,3,2,0,1,0,48.3,3,0,0,0,0,0,0,1,0,33.3,4,3,3,1,0,1,0,1,0,1,0,0,0,1,0,1,1,0,0,76,2,3,5,4,2,61.8,41.9,67.1,27.8
4770,0,2,1,0,0,3,65.0,5,0,0,0,0,0,1,1,0,66.7,2,4,1,4,0,1,0,0,22,0,0,1,0,0,28,0,0,0,1,0,1,4,5,2,4,30.6,4.9,29.9,56.9
4771,0,1,3,2,0,0,63.3,4,1,1,0,0,0,0,0,1,100.0,2,3,3,4,1,0,1,0,64,0,0,0,1,0,20,1,1,0,0,76,3,2,5,2,1,84.2,74.0,83.2,48.4
4772,0,0,0,1,3,2,55.0,4,0,0,1,0,1,0,0,0,66.7,4,3,3,3,0,1,0,1,0,0,0,0,1,0,20,0,0,1,0,0,5,1,5,4,4,24.0,4.1,32.5,60.9
4773,1,2,3,0,0,0,40.0,1,1,0,1,0,0,1,0,0,100.0,5,3,3,2,1,1,0,0,52,1,0,1,0,0,0,1,1,0,0,76,2,2,4,4,4,60.2,42.0,53.8,53.1
4774,0,2,3,1,0,0,63.3,4,1,0,0,1,0,1,0,0,100.0,5,1,1,3,0,0,0,1,0,0,1,0,1,0,62,1,1,0,0,76,3,4,4,4,4,27.1,26.0,12.0,63.4
4775,0,1,0,0,3,2,61.7,1,0,1,0,0,0,0,0,0,33.3,5,4,1,4,0,1,0,0,22,0,1,1,0,0,70,0,0,1,0,0,5,4,5,1,3,18.2,0.0,18.5,57.4
4776,2,3,0,0,0,1,63.3,3,0,0,1,0,0,0,1,1,100.0,4,3,2,4,0,1,0,0,22,1,0,0,0,1,0,0,0,1,1,0,2,2,2,2,1,51.6,16.4,65.2,40.6
4777,0,3,2,1,0,0,63.3,3,1,1,0,0,0,0,0,0,66.7,5,3,1,4,1,1,0,0,52,0,1,0,0,0,42,0,0,1,0,0,2,3,5,4,4,17.7,4.0,23.8,62.1
4778,1,0,3,2,0,0,63.3,2,0,0,0,0,0,0,0,1,33.3,4,4,3,2,0,1,1,0,56,1,1,0,0,0,14,1,1,0,0,76,2,3,4,5,2,68.2,58.4,66.4,38.5
4779,0,3,0,0,2,1,61.7,3,0,1,0,0,0,0,0,0,33.3,2,1,3,4,1,0,0,0,30,1,0,0,0,0,0,1,0,0,1,2,3,1,5,1,3,59.0,24.3,78.6,17.4
4780,3,1,2,0,0,0,40.0,4,1,0,0,0,0,0,0,1,66.7,5,3,1,3,0,1,0,0,22,0,1,0,0,0,42,0,0,1,0,0,5,4,2,4,4,10.0,0.0,16.1,65.7
4781,3,1,2,0,0,0,40.0,2,0,0,1,0,0,0,0,0,33.3,2,4,4,4,0,1,0,0,22,1,0,0,0,1,0,1,1,0,0,76,2,4,4,2,1,82.6,45.4,85.8,27.3
4782,3,0,2,0,0,1,65.0,1,0,0,0,0,0,1,1,0,66.7,2,3,3,4,0,1,0,0,22,1,0,0,0,0,0,0,0,1,0,0,3,4,4,1,2,53.9,4.7,64.5,37.6
4783,0,2,0,1,0,3,70.0,4,0,1,0,0,0,0,0,0,33.3,5,3,2,4,1,0,0,1,6,0,1,0,0,0,42,1,0,0,0,30,5,4,5,5,3,22.6,2.4,24.9,60.3
4784,0,0,0,2,3,1,55.0,2,0,0,0,0,0,1,0,1,66.7,5,3,2,4,1,0,0,1,6,0,1,1,0,0,70,0,1,0,0,46,1,4,4,5,3,19.9,17.9,19.7,65.3
4785,1,0,3,0,2,0,55.0,2,0,0,0,1,0,0,0,0,33.3,4,3,3,3,0,1,1,0,56,0,1,0,0,0,42,1,1,0,0,76,3,3,5,1,2,70.3,56.2,63.3,28.7
4786,2,1,3,0,0,0,40.0,4,0,0,1,0,0,1,1,0,100.0,5,4,2,3,0,1,1,0,56,1,0,1,0,0,0,1,0,1,0,2,1,2,5,4,2,43.0,20.6,53.4,56.1
4787,3,1,0,0,0,2,63.3,4,1,0,0,1,1,0,0,0,100.0,4,3,1,3,0,1,0,0,22,1,1,0,0,0,14,1,1,0,0,76,5,3,5,4,4,50.5,39.2,43.0,61.5
4788,3,0,0,0,2,1,71.7,4,0,0,0,1,0,0,0,0,33.3,5,4,2,3,1,0,0,0,30,0,1,0,0,1,0,0,0,1,0,0,2,3,5,4,4,26.9,2.3,40.2,45.8
4789,0,0,1,2,0,3,61.7,5,0,0,0,0,0,0,1,0,33.3,2,1,3,2,1,0,0,0,30,0,1,1,0,0,70,0,1,1,0,18,1,3,4,5,3,32.2,24.0,32.7,45.3
4790,2,0,3,0,0,1,65.0,5,0,0,0,0,0,0,0,1,33.3,4,2,3,3,0,1,0,0,22,0,1,0,0,0,42,0,0,1,0,0,5,3,2,5,3,16.5,7.3,29.7,56.3
4791,2,3,0,0,0,1,63.3,2,1,1,0,0,0,0,1,0,100.0,2,1,3,1,0,1,0,0,22,1,1,0,0,0,14,1,0,0,1,2,3,2,1,1,1,57.1,26.8,57.3,35.4
4792,1,0,3,0,2,0,55.0,2,1,0,1,0,0,1,0,0,100.0,2,2,2,4,1,0,1,0,64,1,0,0,1,0,0,1,0,0,0,30,3,1,4,2,1,80.8,49.7,79.6,34.5
4793,2,3,0,1,0,0,60.0,2,0,0,1,0,0,1,0,0,66.7,2,1,4,1,0,0,1,0,34,0,1,0,0,0,42,1,0,0,0,30,2,1,2,4,1,62.7,47.8,67.9,33.5
4794,3,1,0,2,0,0,60.0,2,0,1,0,1,0,1,0,0,100.0,2,4,4,4,1,1,0,0,52,1,0,0,0,0,0,1,1,0,0,76,2,1,5,2,3,78.3,65.4,80.8,47.6
4795,0,3,2,0,1,0,48.3,2,0,0,0,1,0,0,0,0,33.3,1,2,3,4,0,0,1,0,34,1,0,0,0,0,0,1,1,0,0,76,2,2,1,1,1,100.0,60.4,100.0,5.4
4796,0,0,0,1,2,3,55.0,1,1,0,0,0,1,0,0,0,66.7,5,4,1,1,0,0,1,0,34,0,0,0,1,0,20,0,1,1,0,18,3,1,4,1,3,45.7,20.6,35.9,44.8
4797,3,2,1,0,0,0,40.0,5,0,1,0,1,0,1,0,0,100.0,2,4,1,4,1,1,0,0,52,0,0,1,0,0,28,1,1,0,0,76,3,2,4,2,2,75.2,70.9,65.0,51.0
4798,0,2,3,0,1,0,48.3,3,0,1,0,1,0,0,0,0,66.7,1,2,4,3,1,0,1,0,64,1,0,0,0,1,0,0,1,1,0,18,2,4,4,2,3,61.2,35.1,66.6,27.8
4799,1,3,2,0,0,0,40.0,1,1,0,0,0,1,0,0,0,66.7,2,4,2,1,0,1,0,1,0,0,0,0,0,1,0,1,0,1,0,2,3,1,4,1,3,48.0,11.9,55.8,45.2
4800,2,3,0,1,0,0,60.0,4,0,0,0,0,0,1,0,0,33.3,5,2,1,4,0,0,1,1,10,0,1,0,0,0,42,0,0,1,0,0,5,4,5,4,2,13.7,0.0,27.9,48.7
4801,2,1,3,0,0,0,40.0,2,0,0,0,1,0,0,0,0,33.3,1,4,4,4,0,1,1,0,56,1,0,1,0,0,0,1,1,0,0,76,3,3,4,2,4,82.5,52.8,86.8,28.9
4802,0,0,3,0,2,1,61.7,4,0,0,0,1,0,0,0,0,33.3,2,3,2,3,0,0,1,1,10,0,0,1,0,1,0,0,1,1,0,18,5,2,5,1,1,66.6,27.6,68.4,29.6
4803,0,3,1,0,0,2,65.0,4,0,0,1,1,0,0,1,0,100.0,5,1,1,3,1,0,0,0,30,0,0,1,0,0,28,1,0,0,0,30,3,3,4,4,3,33.2,21.4,32.1,52.2
4804,2,3,1,0,0,0,40.0,2,0,0,0,1,0,1,0,1,100.0,2,3,4,3,0,0,1,0,34,1,0,0,0,1,0,1,1,0,0,76,2,2,1,4,3,71.0,51.8,71.9,44.5
4805,2,1,0,3,0,0,60.0,1,0,0,0,0,1,0,1,0,66.7,2,1,3,4,1,0,1,0,64,1,0,1,0,0,0,0,0,1,0,0,1,3,1,2,2,65.6,27.7,75.3,22.3
4806,0,3,2,1,0,0,63.3,4,0,0,1,0,0,1,0,0,66.7,2,3,3,4,1,0,0,1,6,0,1,0,0,0,42,0,0,1,0,0,2,4,4,5,3,16.5,1.2,31.4,64.5
4807,3,0,2,1,0,0,63.3,3,0,0,1,0,0,0,0,0,33.3,2,1,1,2,0,0,1,0,34,1,0,0,0,0,0,0,1,0,0,46,5,1,1,2,2,79.3,52.0,71.3,19.0
4808,3,0,2,0,0,1,65.0,3,0,0,1,0,0,0,0,1,66.7,4,4,3,3,1,1,0,0,52,1,0,0,0,0,0,0,0,0,1,0,3,1,4,1,3,49.6,18.5,58.1,46.6
4809,0,0,2,1,0,3,61.7,4,0,1,0,0,0,0,0,0,33.3,4,3,1,4,0,1,0,1,0,0,1,0,0,0,42,0,0,1,1,0,3,4,4,5,3,13.6,0.0,18.6,59.0
4810,3,0,2,0,1,0,55.0,5,0,0,0,0,0,0,0,1,33.3,2,1,3,3,0,1,0,0,22,1,0,0,0,0,0,1,0,0,1,2,3,2,1,4,1,59.4,22.5,77.4,20.4
4811,0,0,2,0,1,3,61.7,4,0,0,0,0,0,0,1,0,33.3,2,4,1,3,0,1,0,0,22,0,1,1,0,0,70,0,0,1,0,0,1,4,1,4,1,24.1,15.5,21.1,58.1
4812,3,2,0,0,0,1,63.3,3,0,0,0,1,0,1,0,0,66.7,2,2,4,3,0,0,1,1,10,1,0,1,0,0,0,1,0,0,0,30,2,2,4,1,1,71.3,32.0,84.8,20.4
4813,2,0,1,0,0,3,65.0,5,0,0,0,0,1,0,1,1,100.0,4,3,2,2,0,1,0,0,22,0,1,1,0,0,70,1,0,0,1,2,3,3,2,5,1,18.7,20.6,15.6,73.0
4814,3,0,0,1,0,2,73.3,3,0,0,1,0,0,0,0,0,33.3,2,1,1,4,0,1,1,0,56,0,1,1,0,0,70,1,0,0,0,30,1,2,5,2,3,47.7,42.0,37.6,38.7
4815,0,3,1,0,0,2,65.0,5,0,0,1,0,0,0,0,0,33.3,5,2,3,3,0,0,1,1,10,1,0,0,0,0,0,0,1,0,0,46,2,2,5,1,3,56.7,32.1,73.3,22.4
4816,3,0,2,1,0,0,63.3,2,0,1,0,0,0,0,0,1,66.7,2,2,3,3,1,0,0,0,30,1,0,0,0,1,0,1,1,0,0,76,1,3,2,2,1,87.5,59.0,89.3,18.0
4817,2,0,3,0,0,1,65.0,3,1,1,0,0,1,0,0,0,100.0,5,4,2,4,0,1,1,0,56,0,1,0,0,1,0,1,0,0,0,30,2,2,5,4,3,44.7,32.8,50.7,56.9
4818,3,0,0,0,1,2,71.7,3,0,0,0,0,0,0,1,0,33.3,2,2,3,4,1,0,1,0,64,0,0,1,0,0,28,0,1,0,0,46,3,2,2,2,1,80.8,56.3,82.1,26.6
4819,0,0,2,3,0,1,61.7,2,1,0,0,0,0,0,1,0,66.7,5,4,3,1,0,1,1,0,56,0,1,1,0,0,70,0,0,1,0,0,5,2,5,4,2,16.1,15.3,17.1,77.5
4820,0,0,1,3,2,0,55.0,3,0,0,1,0,0,0,0,0,33.3,5,3,1,1,0,0,0,1,0,0,1,0,0,0,42,0,0,1,1,0,3,2,5,5,2,18.0,5.5,20.4,54.9
4821,3,0,2,0,0,1,65.0,3,1,1,0,0,0,0,0,0,66.7,1,2,3,3,1,1,0,0,52,1,0,1,0,0,0,0,0,1,1,0,5,1,5,1,3,73.9,30.7,74.5,33.9
4822,1,0,0,0,2,3,71.7,4,1,0,0,0,0,1,0,0,66.7,4,2,4,2,1,1,0,0,52,1,0,1,0,0,0,1,0,1,0,2,2,3,4,2,2,59.8,16.7,65.3,31.4
4823,0,0,3,0,1,2,61.7,3,0,0,0,0,0,0,1,0,33.3,4,3,4,4,0,1,0,1,0,1,0,0,0,0,0,0,0,0,1,0,1,3,1,4,1,38.6,4.9,72.7,28.9
4824,3,2,0,0,1,0,43.3,3,0,0,0,0,1,1,0,0,66.7,2,2,3,3,0,1,0,0,22,0,0,1,1,0,48,1,0,0,1,2,5,1,4,2,2,45.6,23.4,52.6,42.2
4825,3,1,2,0,0,0,40.0,2,1,0,0,1,0,0,0,0,66.7,2,2,1,4,0,1,0,1,0,1,0,0,1,0,0,0,1,1,0,18,1,2,2,5,3,43.6,21.9,52.9,39.2
4826,0,3,2,0,0,1,65.0,4,1,0,1,0,0,0,0,0,66.7,5,3,1,1,0,1,0,1,0,0,1,1,0,0,70,0,0,1,0,0,5,2,5,5,3,1.1,0.0,0.0,81.7
4827,2,0,0,3,1,0,63.3,2,1,0,0,1,1,0,0,0,100.0,4,2,3,3,0,1,1,0,56,0,1,1,0,0,70,1,0,0,0,30,2,2,4,2,1,49.9,40.7,49.8,51.2
4828,2,3,0,0,0,1,63.3,1,0,0,0,1,1,1,0,0,100.0,2,2,2,3,1,0,0,0,30,1,0,0,0,0,0,1,0,0,1,2,3,2,1,5,1,52.1,26.2,57.8,48.9
4829,0,3,1,0,0,2,65.0,3,0,0,1,0,0,0,0,0,33.3,2,3,3,1,0,1,1,0,56,1,0,1,0,0,0,0,0,1,0,0,1,4,4,2,2,56.0,15.9,59.7,28.0
4830,1,0,0,3,0,2,73.3,1,0,0,0,0,0,1,0,0,33.3,2,4,1,4,0,1,0,1,0,0,1,1,0,0,70,0,0,1,0,0,5,3,4,5,2,12.4,4.5,13.8,74.6
4831,2,3,1,0,0,0,40.0,3,0,1,1,0,0,0,0,0,66.7,4,3,4,2,0,1,0,0,22,1,0,1,0,0,0,1,1,0,0,76,1,1,4,5,3,59.9,49.4,66.8,43.1
4832,1,0,3,0,0,2,65.0,2,1,0,0,0,0,0,0,0,33.3,4,4,4,4,0,1,0,0,22,0,0,1,0,0,28,0,0,1,0,0,5,3,2,5,3,17.0,3.4,38.0,60.5
4833,2,0,0,1,3,0,63.3,3,0,0,0,1,0,0,0,1,66.7,5,2,3,1,1,1,0,0,52,1,0,0,0,1,0,1,0,0,0,30,3,1,2,1,1,76.4,41.6,82.3,20.3
4834,1,0,0,2,3,0,63.3,3,0,1,0,0,0,0,0,0,33.3,4,3,4,3,1,0,1,0,64,0,0,1,0,0,28,1,0,1,0,2,3,3,4,2,2,48.6,25.1,55.6,40.8
4835,3,2,1,0,0,0,40.0,3,0,1,0,0,0,0,0,0,33.3,4,1,3,3,1,0,1,0,64,1,0,0,0,0,0,0,1,0,0,46,5,1,4,2,2,82.7,53.7,87.7,15.2
4836,3,2,0,0,1,0,43.3,3,0,1,0,1,0,0,0,0,66.7,4,2,1,2,0,1,0,0,22,0,0,1,0,0,28,1,0,1,0,2,1,4,5,2,2,41.0,6.0,38.4,38.1
4837,0,3,1,2,0,0,63.3,3,0,1,0,0,0,0,0,0,33.3,2,1,2,2,0,1,0,0,22,1,0,0,0,1,0,1,0,0,0,30,5,2,1,1,2,74.5,34.8,75.4,15.8
4838,3,1,0,0,2,0,43.3,2,0,1,0,0,1,0,0,0,66.7,2,3,4,1,0,1,0,0,22,1,0,1,0,0,0,1,0,0,1,2,2,2,5,2,3,49.5,20.0,61.3,35.9
4839,2,3,1,0,0,0,40.0,5,0,0,1,0,0,0,0,0,33.3,2,4,1,1,0,1,0,0,22,0,0,0,0,1,0,0,0,1,0,0,3,4,5,4,4,28.3,0.0,28.4,46.8
4840,0,3,2,0,1,0,48.3,5,0,0,0,0,0,0,1,0,33.3,5,2,4,3,1,0,0,1,6,1,1,0,0,0,14,0,0,1,0,0,1,2,2,5,4,22.4,2.2,45.4,40.6
4841,2,0,3,0,1,0,55.0,3,0,0,0,0,0,0,1,0,33.3,2,2,2,2,0,1,1,0,56,0,1,0,1,0,62,0,1,0,0,46,3,3,4,2,2,59.2,47.9,50.4,41.8
4842,0,0,0,3,2,1,55.0,1,1,0,0,1,0,0,0,0,66.7,2,1,1,1,0,1,0,1,0,1,0,0,0,0,0,0,0,0,1,0,2,1,1,2,1,56.5,14.8,61.2,16.9
4843,1,3,2,0,0,0,40.0,2,0,0,0,0,0,1,0,0,33.3,1,4,2,3,0,1,0,0,22,1,0,0,0,0,0,1,0,0,0,30,3,4,5,5,4,45.0,23.3,45.3,50.0
4844,0,3,2,0,0,1,65.0,2,0,1,0,1,1,0,0,0,100.0,5,4,4,4,0,1,1,0,56,1,0,0,0,1,0,1,0,0,0,30,5,4,4,2,1,57.5,26.6,68.8,52.1
4845,0,0,3,1,2,0,55.0,2,0,0,1,0,0,0,0,0,33.3,5,2,3,3,1,0,1,0,64,0,1,0,1,0,62,0,0,1,1,0,5,2,1,5,2,29.9,17.0,36.5,59.3
4846,0,1,0,2,0,3,70.0,3,0,0,0,1,0,1,0,0,66.7,1,4,2,3,0,1,1,0,56,0,0,1,0,1,0,1,0,1,0,2,2,2,1,4,1,60.2,36.8,61.5,49.9
4847,2,0,3,0,1,0,55.0,5,0,0,0,0,0,1,0,0,33.3,5,2,1,4,0,1,0,0,22,0,1,1,0,0,70,1,0,1,0,2,5,4,2,4,4,1.9,0.0,8.5,59.7
4848,0,2,3,1,0,0,63.3,2,0,1,0,0,1,0,0,0,66.7,5,3,3,4,0,1,0,0,22,1,0,0,0,0,0,1,0,0,0,30,3,2,5,2,2,51.8,26.9,70.2,38.2
4849,3,1,0,2,0,0,60.0,2,0,0,0,1,1,0,0,0,66.7,4,3,4,4,0,1,1,0,56,0,0,1,0,0,28,1,1,0,0,76,1,2,5,2,2,73.6,59.2,78.1,35.4
4850,0,0,3,1,0,2,61.7,4,0,1,0,1,0,0,1,0,100.0,5,4,3,4,0,1,0,0,22,0,1,0,0,0,42,1,0,1,0,2,5,4,4,5,2,5.1,0.0,20.3,83.5
4851,3,0,0,0,1,2,71.7,1,1,1,0,0,1,0,0,0,100.0,4,4,1,3,0,1,0,1,0,0,1,0,0,0,42,0,0,1,1,0,1,4,2,5,4,0.0,0.0,5.6,79.7
4852,0,0,2,0,3,1,61.7,1,1,1,0,0,0,0,0,0,66.7,5,4,1,3,0,1,0,0,22,0,1,0,1,0,62,0,0,1,0,0,1,4,1,4,2,11.9,0.0,12.8,65.4
4853,3,1,0,0,0,2,63.3,3,0,0,0,0,1,1,0,0,66.7,2,3,3,2,1,0,0,0,30,1,1,0,0,0,14,1,0,0,1,2,3,3,4,4,3,37.4,10.4,44.0,52.3
4854,1,2,3,0,0,0,40.0,3,1,0,0,0,0,1,0,0,66.7,5,1,1,1,0,1,0,0,22,0,0,0,1,0,20,1,0,1,0,2,2,3,2,2,2,39.4,9.8,38.4,30.2
4855,0,0,0,1,3,2,55.0,1,0,1,1,0,0,1,0,0,100.0,2,1,2,4,1,0,1,0,64,1,0,0,0,0,0,1,0,0,0,30,3,4,5,2,1,75.1,38.3,78.7,28.0
4856,1,3,2,0,0,0,40.0,4,0,0,1,1,0,0,0,0,66.7,2,2,1,4,0,1,0,0,22,0,0,0,1,1,0,1,1,0,0,76,2,2,5,2,2,78.6,53.0,83.5,22.4
4857,1,0,3,2,0,0,63.3,5,1,1,1,0,0,0,0,0,100.0,1,4,1,4,0,1,0,1,0,0,1,0,0,0,42,0,0,1,0,0,5,3,4,5,3,14.5,10.3,14.7,84.1
4858,3,1,2,0,0,0,40.0,1,1,0,0,0,1,0,0,0,66.7,2,4,1,3,0,1,1,0,56,1,1,0,0,0,14,1,1,0,0,76,1,3,5,1,1,95.0,64.1,75.7,33.0
4859,0,0,1,2,3,0,55.0,4,1,0,0,0,1,1,0,0,100.0,5,4,3,4,0,1,0,0,22,0,1,1,0,0,70,0,0,0,1,0,2,2,2,4,2,8.4,7.4,20.2,78.6
4860,3,2,1,0,0,0,40.0,1,1,0,0,1,0,0,0,0,66.7,2,3,1,2,0,1,0,0,22,1,1,0,0,0,14,1,0,1,0,2,3,1,4,2,1,58.8,26.1,53.7,35.9
4861,2,0,0,1,3,0,63.3,4,0,0,1,0,0,0,0,0,33.3,1,4,3,3,0,1,0,0,22,1,0,0,0,0,0,1,1,0,0,76,5,4,4,5,3,66.0,49.6,68.0,46.3
4862,0,0,3,0,1,2,61.7,1,0,1,0,0,1,0,1,0,100.0,5,4,3,3,1,0,1,0,64,1,0,0,0,0,0,1,1,0,0,76,1,3,4,4,3,65.3,46.8,60.0,54.1
4863,3,2,1,0,0,0,40.0,2,0,1,0,0,0,0,0,0,33.3,4,2,3,3,0,1,1,0,56,0,0,1,0,0,28,0,1,1,0,18,2,3,5,1,3,52.4,26.0,57.5,27.1
4864,0,0,3,0,1,2,61.7,3,1,1,0,1,0,0,0,0,100.0,4,1,4,2,0,1,0,0,22,0,0,0,0,1,0,0,1,0,1,18,5,2,4,2,1,60.4,26.7,73.6,29.9
4865,0,3,2,1,0,0,63.3,3,0,1,0,0,0,1,1,0,100.0,5,2,1,2,0,0,1,0,34,1,1,0,0,0,14,1,0,0,0,30,5,2,2,4,2,48.4,25.6,41.1,52.5
4866,1,2,0,0,0,3,63.3,1,1,0,0,1,0,1,0,0,100.0,5,1,3,4,1,1,0,0,52,0,1,0,0,0,42,1,0,1,0,2,5,1,5,4,4,24.2,13.4,43.8,57.0
4867,3,0,1,0,2,0,55.0,1,0,0,1,0,1,1,0,0,100.0,1,2,2,2,0,1,0,0,22,1,0,0,0,1,0,0,1,1,0,18,2,2,2,4,1,61.5,30.2,59.4,41.3
4868,0,1,3,2,0,0,63.3,4,1,1,0,1,0,0,0,0,100.0,5,2,3,3,0,1,0,0,22,1,0,0,0,1,0,1,0,0,0,30,2,3,4,4,1,51.7,25.1,64.7,44.5
4869,2,3,1,0,0,0,40.0,2,0,0,0,1,0,0,0,0,33.3,2,3,3,1,0,1,1,0,56,0,0,0,1,1,0,0,1,0,0,46,1,3,4,1,2,82.8,47.8,74.9,22.2
4870,3,1,2,0,0,0,40.0,3,0,0,0,1,0,0,1,0,66.7,2,1,3,4,0,0,1,0,34,0,0,1,0,1,0,1,0,0,0,30,3,1,4,1,1,84.2,47.5,97.0,10.7
4871,3,2,0,0,0,1,63.3,3,0,0,1,0,0,0,0,0,33.3,2,4,3,2,0,1,0,0,22,0,1,0,0,1,0,0,1,0,0,46,1,3,5,2,4,53.8,24.5,55.9,35.3
4872,3,1,2,0,0,0,40.0,2,0,0,0,0,0,0,1,0,33.3,1,3,3,4,0,1,0,1,0,1,1,0,0,0,14,1,1,0,0,76,3,1,1,2,1,84.8,52.2,91.0,23.6
4873,1,3,2,0,0,0,40.0,3,0,0,0,1,1,0,0,0,66.7,5,1,3,4,1,0,0,0,30,0,0,1,0,1,0,1,0,0,1,2,3,2,4,2,1,51.4,17.3,72.4,22.7
4874,1,0,3,0,0,2,65.0,3,0,0,1,0,0,0,0,1,66.7,2,2,4,1,1,0,0,0,30,0,1,0,0,1,0,0,1,0,0,46,3,1,2,4,4,60.7,42.9,65.2,45.0
4875,2,0,3,0,0,1,65.0,3,0,1,0,1,1,0,0,0,100.0,2,4,4,4,0,1,0,0,22,0,1,1,0,0,70,1,0,0,0,30,1,4,4,4,2,34.4,25.3,34.3,77.6
4876,1,3,2,0,0,0,40.0,3,1,1,0,0,0,1,0,0,100.0,4,3,1,2,0,1,0,1,0,0,1,1,0,0,70,1,0,0,1,2,1,2,1,1,3,13.6,2.2,7.4,62.1
4877,2,0,0,0,3,1,71.7,2,0,1,0,1,0,0,0,1,100.0,4,3,3,3,1,0,0,0,30,1,1,0,0,0,14,0,1,0,0,46,3,2,4,4,1,57.8,41.2,66.4,50.2
4878,2,1,0,0,0,3,63.3,5,0,1,1,1,0,0,0,0,100.0,5,4,3,3,1,0,1,0,64,1,0,0,0,1,0,1,0,0,0,30,3,3,1,5,2,54.3,31.7,57.5,59.6
4879,0,0,0,1,3,2,55.0,4,0,0,0,1,1,0,0,0,66.7,2,4,1,4,0,1,1,0,56,1,0,0,0,0,0,0,0,1,0,0,5,3,1,5,2,44.8,24.3,46.4,54.4
4880,2,3,0,1,0,0,60.0,3,0,1,0,1,0,0,0,1,100.0,5,2,3,2,1,1,0,0,52,0,0,0,0,1,0,0,0,0,1,0,3,3,5,4,1,43.8,16.6,51.1,46.1
4881,0,1,2,0,0,3,65.0,5,0,0,1,0,0,0,1,1,100.0,5,2,1,4,0,1,0,0,22,0,1,0,0,0,42,0,1,1,0,18,1,3,2,1,2,35.3,15.4,44.5,45.2
4882,1,0,0,0,3,2,71.7,4,0,1,0,0,1,0,0,0,66.7,2,2,3,3,0,1,1,0,56,0,1,0,0,0,42,0,0,1,0,0,5,3,5,2,2,50.3,25.1,48.8,50.0
4883,3,0,2,0,1,0,55.0,4,0,0,1,1,0,0,0,0,66.7,5,3,3,3,0,1,0,0,22,1,0,0,0,0,0,1,0,0,0,30,2,4,4,2,2,49.0,16.5,59.2,36.5
4884,0,0,2,3,1,0,55.0,3,0,0,1,1,1,0,0,0,100.0,2,2,3,3,1,1,0,0,52,0,0,1,0,1,0,1,0,0,1,2,1,2,1,1,1,72.6,31.0,79.9,31.4
4885,0,2,0,0,1,3,61.7,3,0,0,0,0,0,1,1,0,66.7,5,2,1,1,0,1,0,0,22,0,0,1,0,0,28,0,1,1,0,18,1,4,5,4,4,26.4,0.0,21.9,52.4
4886,3,0,2,0,0,1,65.0,1,0,0,0,0,0,1,0,0,33.3,1,2,1,4,1,1,0,0,52,1,0,0,0,1,0,1,0,0,0,30,3,4,4,1,2,78.6,29.9,73.8,20.0
4887,0,0,1,0,3,2,61.7,4,1,0,0,0,1,0,0,0,66.7,5,3,4,4,1,0,0,1,6,0,1,0,1,0,62,0,0,0,1,0,3,3,2,5,4,0.3,0.0,17.5,72.2
4888,0,2,0,0,3,1,61.7,4,1,0,1,0,0,0,0,1,100.0,2,4,4,4,1,1,0,0,52,0,1,0,0,0,42,1,0,0,1,2,1,3,2,5,2,35.0,28.7,42.4,70.7
4889,0,0,3,1,0,2,61.7,2,0,1,0,0,1,0,0,0,66.7,2,3,1,4,0,0,1,0,34,1,0,0,0,1,0,1,1,0,0,76,2,2,5,1,1,93.4,62.5,81.4,22.2
4890,1,3,0,2,0,0,60.0,3,0,1,1,0,0,0,0,1,100.0,4,2,2,3,0,0,1,0,34,0,0,1,1,0,48,1,0,0,0,30,3,4,4,4,2,36.6,24.0,34.3,55.4
4891,1,3,0,2,0,0,60.0,3,0,1,0,1,0,0,0,0,66.7,1,3,4,2,1,0,0,0,30,1,0,0,0,0,0,0,1,0,1,18,5,1,5,1,2,70.8,37.8,71.4,33.3
4892,0,3,2,0,1,0,48.3,3,0,0,1,0,0,0,0,0,33.3,4,4,4,4,0,1,0,0,22,0,0,0,1,0,20,0,0,1,0,0,3,3,2,4,1,35.1,12.9,56.9,45.7
4893,0,2,3,0,0,1,65.0,4,0,1,1,0,1,0,0,0,100.0,2,3,1,4,0,0,1,1,10,1,0,1,0,0,0,0,1,1,0,18,5,3,5,4,3,39.3,11.2,44.5,58.8
4894,2,0,0,0,3,1,71.7,2,0,1,0,0,0,0,0,0,33.3,5,1,2,1,1,0,0,0,30,0,0,1,0,1,0,1,1,0,0,76,2,1,4,2,1,91.8,61.5,84.7,7.1
4895,1,0,3,0,0,2,65.0,3,0,0,0,0,0,1,0,0,33.3,4,2,1,2,1,0,1,0,64,0,0,0,0,1,0,1,0,0,0,30,2,2,2,1,2,73.0,37.1,65.7,20.5
4896,3,2,1,0,0,0,40.0,2,0,1,0,0,0,0,0,0,33.3,2,1,3,1,0,1,0,0,22,1,0,0,0,0,0,1,0,0,0,30,3,1,4,4,2,66.6,42.3,71.6,19.2
4897,0,1,0,3,0,2,70.0,4,1,1,0,0,0,0,0,0,66.7,5,2,4,4,1,0,1,0,64,1,0,0,0,0,0,1,0,0,1,2,1,4,4,1,4,41.1,9.5,55.3,34.2
4898,0,2,1,3,0,0,63.3,1,0,0,1,0,0,0,0,0,33.3,2,2,2,3,1,1,0,0,52,1,0,0,0,1,0,0,1,0,1,18,3,2,1,2,2,76.7,38.3,79.3,22.6
4899,2,3,0,0,0,1,63.3,3,0,0,0,0,0,0,0,1,33.3,2,2,2,3,1,0,0,0,30,1,0,0,0,0,0,0,1,0,0,46,1,2,1,4,1,76.7,47.7,79.7,20.0
4900,2,0,1,0,0,3,65.0,4,0,0,1,1,1,0,0,0,100.0,1,1,2,3,0,0,0,1,0,1,0,1,0,0,0,1,0,0,0,30,5,3,5,1,1,70.7,31.4,74.6,26.7
4901,0,0,3,0,2,1,61.7,4,1,1,0,0,0,0,0,0,66.7,5,3,3,4,0,1,0,0,22,0,1,1,0,0,70,1,0,1,0,2,3,4,5,5,3,5.3,0.0,13.7,74.8
4902,0,3,1,2,0,0,63.3,5,0,0,1,0,1,1,0,0,100.0,4,3,1,4,0,1,0,0,22,1,0,1,0,0,0,0,1,1,0,18,2,2,5,4,2,47.0,24.7,54.9,50.6
4903,3,1,2,0,0,0,40.0,3,1,0,0,0,0,0,0,0,33.3,2,2,2,3,0,1,0,0,22,0,0,1,1,0,48,0,1,0,0,46,3,1,5,4,3,47.7,38.3,46.1,43.4
4904,1,2,3,0,0,0,40.0,3,0,0,0,1,0,0,0,1,66.7,4,2,1,4,0,1,0,0,22,1,0,1,0,0,0,1,0,1,0,2,3,3,4,2,2,46.6,6.7,55.5,26.9
4905,0,1,0,3,0,2,70.0,3,1,0,1,0,0,0,1,0,100.0,5,2,2,2,1,1,0,0,52,1,1,0,0,0,14,0,0,0,1,0,1,4,5,5,2,29.3,8.8,32.5,51.3
4906,1,2,3,0,0,0,40.0,1,1,0,0,0,0,0,0,0,33.3,4,2,3,1,0,0,1,0,34,1,0,0,0,1,0,0,0,1,0,0,2,4,2,2,2,47.5,2.8,52.3,21.8
4907,0,1,0,2,0,3,70.0,5,0,0,0,0,1,0,1,0,66.7,4,3,1,4,0,0,1,0,34,1,1,0,0,0,14,0,1,0,0,46,3,3,4,5,3,39.9,27.7,42.4,58.1
4908,0,1,2,0,3,0,48.3,5,0,0,1,0,0,1,0,0,66.7,4,3,1,1,0,1,0,0,22,0,1,1,0,0,70,0,1,0,1,18,1,3,4,1,2,34.2,13.2,24.4,47.1
4909,2,0,1,0,3,0,55.0,4,0,0,0,1,0,1,0,1,100.0,4,4,1,4,0,1,0,0,22,0,1,0,0,0,42,0,0,1,0,0,5,3,5,4,2,15.9,11.4,25.6,77.4
4910,3,1,0,0,0,2,63.3,3,0,0,0,1,1,1,0,0,100.0,2,2,3,3,1,1,0,0,52,1,0,0,0,0,0,0,1,0,1,18,1,1,4,2,2,73.5,42.6,80.1,31.0
4911,3,2,0,0,1,0,43.3,2,0,0,1,1,0,0,0,0,66.7,5,2,2,4,0,1,0,0,22,1,0,0,0,0,0,1,0,0,0,30,2,3,4,2,4,42.5,14.2,55.5,30.1
4912,2,3,0,0,0,1,63.3,3,0,0,0,1,0,0,0,0,33.3,5,2,1,2,1,1,0,0,52,1,1,0,0,0,14,0,1,0,1,18,3,1,2,2,2,61.7,28.3,60.0,30.3
4913,0,2,3,1,0,0,63.3,2,0,0,0,1,0,1,0,1,100.0,4,4,2,4,0,1,0,0,22,1,0,0,0,0,0,0,0,1,0,0,5,3,2,4,1,33.2,11.8,51.4,61.4
4914,3,1,0,0,0,2,63.3,3,0,1,0,0,0,0,0,0,33.3,2,2,4,3,0,1,0,0,22,0,0,1,0,1,0,1,0,1,0,2,3,4,2,1,2,56.2,11.8,73.3,18.8
4915,0,0,0,1,3,2,55.0,1,0,1,0,0,1,0,0,1,100.0,4,1,4,1,0,1,0,0,22,1,0,0,0,0,0,0,1,0,1,18,5,1,5,1,1,64.1,30.5,75.2,26.1
4916,2,0,3,0,1,0,55.0,3,0,0,1,0,0,1,0,1,100.0,5,3,1,3,0,1,0,0,22,1,0,0,0,0,0,0,1,0,1,18,3,2,4,1,2,52.2,18.7,56.8,43.2
4917,3,2,0,0,1,0,43.3,3,0,0,0,0,1,0,0,0,33.3,2,2,3,4,0,0,0,1,0,1,0,0,0,0,0,0,0,0,1,0,5,1,4,2,1,61.4,21.2,79.0,23.8
4918,2,1,3,0,0,0,40.0,3,0,0,0,0,1,0,0,0,33.3,1,1,2,4,0,1,0,0,22,1,0,0,0,0,0,0,1,0,0,46,2,3,2,5,3,60.1,34.1,67.4,25.5
4919,3,2,0,0,1,0,43.3,3,0,0,0,1,0,0,0,0,33.3,4,3,4,3,0,1,0,0,22,1,0,0,0,0,0,1,1,0,0,76,2,3,4,4,1,75.5,50.1,84.8,21.1
4920,0,2,1,0,0,3,65.0,5,0,0,0,0,1,0,0,0,33.3,5,3,3,4,0,1,0,0,22,0,1,0,0,0,42,1,0,1,0,2,1,4,4,5,3,13.4,0.0,33.3,53.9
4921,3,2,0,1,0,0,60.0,3,1,0,0,0,0,1,0,0,66.7,4,4,4,4,1,0,0,0,30,1,0,0,0,0,0,1,1,0,0,76,2,4,2,2,1,74.7,47.0,79.4,35.3
4922,3,0,1,2,0,0,63.3,3,0,0,1,1,0,0,0,0,66.7,2,2,1,3,0,1,0,0,22,0,0,1,0,1,0,1,0,1,0,2,5,3,5,5,1,44.2,20.5,53.5,44.9
4923,0,1,2,0,0,3,65.0,4,1,1,1,0,0,0,0,0,100.0,4,4,1,2,0,1,0,0,22,0,1,1,0,0,70,0,0,1,0,0,1,3,5,5,2,9.1,8.5,3.9,81.0
4924,1,3,2,0,0,0,40.0,3,0,0,0,1,0,0,0,1,66.7,4,3,3,3,0,0,0,1,0,1,1,0,0,0,14,0,0,0,1,0,1,3,4,2,1,43.4,8.5,53.0,35.7
4925,0,2,3,0,1,0,48.3,1,0,0,0,1,0,0,0,0,33.3,2,1,4,2,1,0,0,0,30,1,0,0,0,0,0,1,0,0,1,2,3,2,1,2,2,62.9,18.1,78.4,12.6
4926,2,0,3,0,0,1,65.0,3,0,0,1,0,0,0,0,0,33.3,5,3,1,3,0,1,0,1,0,0,0,1,0,0,28,1,0,1,0,2,1,4,4,5,4,12.1,0.0,20.2,50.8
4927,3,0,1,0,0,2,65.0,2,0,0,0,0,1,1,0,0,66.7,1,1,4,2,0,0,1,0,34,1,0,1,0,0,0,1,0,0,0,30,3,3,2,2,1,75.4,36.8,79.5,16.4
4928,0,1,3,0,2,0,48.3,4,0,0,0,1,0,1,0,0,66.7,5,2,2,3,1,0,0,0,30,0,0,1,0,0,28,1,0,0,1,2,3,3,5,1,1,43.3,10.6,51.6,34.5
4929,3,1,2,0,0,0,40.0,3,0,0,0,1,0,0,0,0,33.3,2,1,3,4,0,0,1,1,10,1,0,1,0,0,0,1,1,0,0,76,3,3,4,2,2,77.7,48.7,90.9,8.6
4930,2,1,3,0,0,0,40.0,3,1,1,0,1,0,0,0,0,100.0,1,3,1,3,0,1,1,0,56,1,0,0,0,1,0,1,0,0,0,30,5,2,1,2,1,79.7,54.1,65.4,39.0
4931,2,1,3,0,0,0,40.0,3,1,0,1,0,0,0,0,0,66.7,4,3,3,1,1,0,0,1,6,1,0,1,0,0,0,1,1,0,0,76,2,4,5,4,1,68.9,40.5,67.1,29.7
4932,0,0,0,1,3,2,55.0,4,0,1,0,0,0,0,0,1,66.7,5,3,1,2,0,1,0,0,22,0,1,0,0,0,42,0,0,1,0,0,1,3,5,4,2,19.9,3.3,23.1,59.7
4933,3,1,0,0,0,2,63.3,1,0,0,0,1,0,0,0,0,33.3,5,4,4,2,0,0,1,0,34,0,1,0,0,0,42,1,0,0,0,30,5,3,5,4,1,43.6,24.9,41.5,58.8
4934,1,3,0,2,0,0,60.0,1,1,0,0,0,1,0,0,1,100.0,2,3,1,3,0,1,0,0,22,0,1,0,0,0,42,1,0,1,0,2,5,4,1,2,3,29.7,0.0,20.5,64.5
4935,0,3,0,0,1,2,61.7,3,1,0,0,0,0,0,1,0,66.7,2,2,1,2,0,1,0,0,22,1,0,0,0,0,0,0,1,1,0,18,2,3,1,1,1,69.3,25.8,69.3,21.4
4936,2,3,0,1,0,0,60.0,3,0,0,1,0,0,1,0,0,66.7,4,3,4,4,1,1,0,0,52,0,1,1,0,0,70,0,1,0,1,18,5,4,5,2,2,33.3,22.1,33.2,62.9
4937,2,3,0,1,0,0,60.0,3,0,0,0,0,0,0,0,1,33.3,1,2,4,4,0,1,1,0,56,1,0,0,0,0,0,1,0,0,1,2,3,3,2,1,1,77.1,31.8,93.2,19.6
4938,2,3,1,0,0,0,40.0,1,0,0,0,1,0,0,0,0,33.3,2,4,4,4,0,0,1,0,34,0,1,1,0,0,70,1,1,0,0,76,3,3,5,2,1,63.1,56.8,57.5,51.1
4939,2,3,0,0,1,0,43.3,4,1,0,0,1,0,1,0,0,100.0,4,4,1,3,1,0,0,0,30,1,0,0,0,1,0,1,0,0,0,30,2,2,1,5,1,54.8,35.0,56.3,55.0
4940,2,1,0,0,3,0,43.3,1,0,0,0,0,0,1,1,0,66.7,4,1,3,3,0,1,0,1,0,1,0,0,0,1,0,0,1,0,0,46,3,4,5,1,2,63.6,21.3,74.6,15.1
4941,3,0,2,1,0,0,63.3,1,0,1,0,1,0,0,0,0,66.7,2,2,3,3,0,1,1,0,56,1,0,0,1,0,0,0,1,0,0,46,3,3,5,2,4,67.1,33.5,65.9,37.6
4942,3,1,0,0,2,0,43.3,3,0,0,0,0,0,1,0,0,33.3,2,2,3,2,0,1,0,0,22,1,0,0,0,1,0,0,0,0,1,0,5,4,1,5,2,40.4,10.6,51.9,32.3
4943,0,3,0,0,2,1,61.7,1,0,1,0,0,0,0,0,0,33.3,2,1,3,2,0,1,0,0,22,1,0,0,0,0,0,1,1,0,0,76,1,2,4,2,2,87.7,51.7,87.2,7.4
4944,1,3,2,0,0,0,40.0,3,0,0,0,1,0,1,0,1,100.0,5,1,1,2,1,0,0,1,6,0,0,1,0,1,0,1,0,0,0,30,3,4,1,1,4,41.3,4.4,36.6,28.4
4945,1,0,3,0,2,0,55.0,3,0,0,0,0,1,0,0,0,33.3,5,2,3,4,1,0,1,0,64,0,0,1,0,1,0,0,1,0,0,46,2,1,1,1,1,75.9,51.6,91.5,17.7
4946,3,2,1,0,0,0,40.0,3,1,0,1,0,0,0,0,0,66.7,4,1,1,1,0,1,0,0,22,1,0,0,0,1,0,0,0,1,1,0,3,1,5,2,1,60.8,21.7,63.8,17.5
4947,3,2,1,0,0,0,40.0,4,0,1,0,0,0,0,0,0,33.3,4,3,1,4,0,1,1,0,56,0,0,1,0,0,28,1,0,1,0,2,5,4,4,4,1,44.5,20.1,47.6,39.5
4948,3,2,1,0,0,0,40.0,4,0,0,1,0,0,0,0,0,33.3,2,2,3,1,1,0,0,0,30,1,0,0,0,0,0,1,0,0,1,2,1,1,4,2,1,68.8,28.1,80.1,17.5
4949,0,1,0,3,0,2,70.0,4,0,0,0,1,0,0,0,1,66.7,1,3,1,1,0,1,0,1,0,0,1,0,0,0,42,0,0,1,0,0,5,3,4,4,2,28.4,15.5,23.9,64.2
4950,0,2,3,0,1,0,48.3,2,0,0,0,0,0,0,0,1,33.3,2,1,2,4,1,1,0,0,52,1,0,0,0,0,0,1,0,0,0,30,2,2,4,2,1,82.8,40.6,90.9,8.1
4951,0,0,3,1,2,0,55.0,1,0,1,0,0,0,0,0,0,33.3,4,4,1,4,0,1,0,1,0,0,1,1,0,0,70,1,0,1,0,2,5,3,5,5,3,1.5,0.0,6.2,75.9
4952,3,0,0,2,1,0,63.3,4,1,0,0,1,1,0,0,0,100.0,5,2,3,4,1,1,0,0,52,0,0,1,0,0,28,1,1,0,0,76,5,3,5,2,1,67.3,54.6,65.9,45.3
4953,3,1,2,0,0,0,40.0,4,0,0,0,0,0,1,1,0,66.7,5,3,3,1,1,0,0,1,6,1,0,0,0,0,0,1,1,0,0,76,1,4,5,1,2,65.5,31.7,67.0,23.4
4954,0,1,3,0,2,0,48.3,3,1,0,0,0,0,0,1,0,66.7,2,1,3,1,0,1,1,0,56,0,0,1,0,0,28,1,1,0,0,76,5,3,4,2,4,66.0,48.1,63.7,31.6
4955,2,0,0,0,1,3,71.7,3,0,0,0,1,0,0,0,0,33.3,2,3,3,1,0,1,0,0,22,1,0,0,0,0,0,1,1,0,0,76,3,1,5,1,1,95.7,65.3,87.5,17.6
4956,1,0,0,3,2,0,63.3,2,0,0,1,1,0,0,0,0,66.7,2,2,3,1,1,0,0,0,30,1,0,0,0,0,0,1,0,1,0,2,3,3,1,2,1,57.3,19.9,60.8,30.7
4957,1,0,3,0,0,2,65.0,3,0,1,0,1,0,0,0,0,66.7,2,1,3,1,0,0,0,1,0,0,1,0,0,1,0,1,0,0,0,30,3,3,1,2,1,66.0,25.6,72.3,25.0
4958,0,0,1,3,0,2,61.7,1,1,1,0,0,1,0,0,0,100.0,5,4,2,3,0,1,0,0,22,0,1,1,0,0,70,0,0,1,0,0,2,4,2,5,2,4.8,0.0,11.6,81.2
4959,3,1,2,0,0,0,40.0,4,0,1,0,0,0,0,0,1,66.7,4,2,4,1,0,1,0,0,22,1,0,0,0,0,0,0,0,0,1,0,2,2,5,2,1,54.7,21.1,69.7,26.7
4960,0,3,0,2,0,1,70.0,5,0,0,0,0,1,0,0,1,66.7,4,3,3,4,0,0,1,0,34,0,1,0,0,0,42,1,0,0,0,30,1,1,5,5,2,40.0,36.8,52.8,58.8
4961,2,0,0,0,1,3,71.7,4,1,0,0,0,0,0,0,0,33.3,2,3,2,3,1,1,0,0,52,1,0,0,0,0,0,1,1,0,0,76,2,3,5,2,1,92.0,70.2,83.6,28.2
4962,0,1,3,0,0,2,65.0,2,0,0,0,0,1,0,0,0,33.3,4,2,3,4,0,1,0,0,22,1,0,1,0,0,0,0,0,1,0,0,1,3,5,5,2,41.9,8.6,58.5,31.4
4963,0,3,2,1,0,0,63.3,1,0,0,0,0,1,0,0,1,66.7,4,3,2,4,0,1,0,0,22,0,1,0,0,0,42,0,0,1,0,0,1,4,2,4,4,15.5,0.0,20.3,61.1
4964,2,3,1,0,0,0,40.0,3,0,0,1,0,0,1,0,1,100.0,5,2,3,3,1,1,0,0,52,0,1,1,0,0,70,1,1,0,0,76,3,3,4,4,2,53.4,54.2,46.1,52.9
4965,0,2,3,0,1,0,48.3,5,0,0,0,1,1,1,0,0,100.0,5,3,2,4,0,1,0,0,22,1,0,1,0,0,0,1,0,1,0,2,2,3,4,5,4,19.8,4.3,36.9,60.6
4966,1,3,0,0,0,2,63.3,3,0,1,0,0,0,1,0,1,100.0,4,3,1,4,0,1,1,0,56,0,1,1,0,0,70,1,0,1,0,2,5,2,4,1,2,36.2,23.6,32.3,69.8
4967,3,1,2,0,0,0,40.0,3,1,0,1,0,0,0,0,0,66.7,2,1,3,2,1,1,0,0,52,0,1,0,0,0,42,0,1,1,0,18,2,3,4,2,2,56.3,34.3,55.8,35.6
4968,3,0,2,0,0,1,65.0,1,0,1,0,0,0,0,0,0,33.3,2,4,3,3,0,0,1,0,34,0,1,1,0,0,70,1,0,0,0,30,2,3,1,1,1,53.1,39.0,47.4,50.8
4969,2,3,0,0,0,1,63.3,3,0,0,1,0,0,1,0,0,66.7,4,2,3,1,0,1,0,1,0,1,0,0,0,1,0,1,0,0,1,2,2,1,5,4,3,35.7,7.8,44.6,41.8
4970,3,0,1,0,0,2,65.0,3,0,0,0,1,0,1,0,0,66.7,4,3,3,4,0,0,1,0,34,1,0,1,0,0,0,1,1,0,0,76,3,3,4,2,4,58.9,42.3,61.6,40.8
4971,1,0,0,0,2,3,71.7,5,0,0,0,0,1,1,0,0,66.7,2,4,4,2,0,1,0,0,22,0,1,0,0,0,42,0,1,1,0,18,5,4,5,5,4,21.2,15.2,27.4,77.2
4972,0,0,3,0,2,1,61.7,3,0,0,1,0,0,1,0,0,66.7,4,2,3,4,0,1,0,0,22,0,1,0,0,0,42,1,0,1,0,2,2,3,4,2,2,29.0,7.8,38.5,45.1
4973,1,2,0,3,0,0,60.0,4,0,0,0,0,0,0,0,1,33.3,4,2,3,3,1,0,0,1,6,1,0,0,0,0,0,1,0,0,1,2,5,2,4,1,2,51.9,13.7,67.5,28.1
4974,3,2,0,1,0,0,60.0,3,0,0,1,0,0,0,0,0,33.3,1,2,3,3,0,1,0,0,22,1,0,0,0,1,0,1,0,0,1,2,3,2,4,2,1,69.1,27.1,81.7,19.7
4975,3,0,0,2,1,0,63.3,3,0,0,1,0,0,0,1,1,100.0,4,1,1,3,0,1,0,0,22,1,0,0,0,0,0,1,0,0,0,30,3,1,5,2,2,67.3,32.8,67.3,30.5
4976,3,0,1,0,2,0,55.0,3,1,0,0,0,0,0,0,1,66.7,5,2,3,3,0,1,0,0,22,0,0,1,0,0,28,1,1,0,0,76,2,4,2,5,2,51.6,32.3,58.1,39.4
4977,0,2,3,0,1,0,48.3,2,0,0,0,1,1,0,0,0,66.7,5,3,1,3,0,0,1,1,10,0,1,0,0,0,42,0,0,1,0,0,5,4,2,2,1,24.0,0.0,25.3,56.8
4978,2,1,0,3,0,0,60.0,5,1,1,1,0,0,0,0,0,100.0,4,4,1,3,0,1,0,0,22,0,1,1,0,0,70,0,0,1,0,0,5,3,4,2,3,13.7,5.0,3.3,83.7
4979,3,2,1,0,0,0,40.0,3,0,1,1,0,0,0,0,0,66.7,2,3,2,4,0,0,1,0,34,1,0,0,1,0,0,0,1,0,1,18,2,2,4,2,1,67.4,33.1,73.9,27.0
4980,2,3,0,0,0,1,63.3,3,0,0,0,0,0,0,1,0,33.3,5,4,1,4,1,0,0,0,30,0,1,0,1,0,62,0,1,0,0,46,1,4,2,2,3,27.7,16.0,33.4,48.7
4981,0,1,2,0,0,3,65.0,4,1,0,0,0,0,0,0,1,66.7,1,4,2,4,1,0,1,0,64,0,0,0,1,0,20,0,0,1,0,0,5,3,5,2,3,48.7,30.3,46.7,56.7
4982,1,3,2,0,0,0,40.0,3,0,0,0,1,0,1,0,1,100.0,5,1,1,4,0,1,0,0,22,0,1,0,0,0,42,0,0,1,0,0,3,2,1,1,1,45.7,15.9,48.5,36.5
4983,0,3,2,1,0,0,63.3,5,1,0,0,0,0,0,0,1,66.7,4,4,2,3,0,0,1,0,34,0,0,1,0,1,0,1,0,1,0,2,3,2,5,2,1,56.3,23.1,64.7,41.8
4984,0,2,1,0,3,0,48.3,3,0,1,1,0,0,0,0,0,66.7,4,4,3,1,1,0,0,1,6,1,1,0,0,0,14,1,0,1,0,2,2,2,2,2,4,22.9,3.1,28.0,56.2
4985,0,2,0,0,1,3,61.7,1,1,0,0,0,1,0,0,0,66.7,2,2,4,1,1,1,0,0,52,1,0,0,0,0,0,1,0,0,1,2,3,4,5,4,1,53.4,15.9,65.5,34.4
4986,0,1,2,3,0,0,63.3,3,1,0,1,0,0,1,0,0,100.0,2,1,2,3,0,1,0,1,0,0,0,0,0,1,0,1,0,0,0,30,2,3,5,2,1,69.3,29.3,73.5,27.5
4987,0,2,3,0,1,0,48.3,3,0,1,0,1,0,1,0,0,100.0,4,4,3,3,1,0,0,1,6,1,0,0,0,0,0,1,0,0,0,30,3,1,2,2,2,51.6,27.4,58.6,52.5
4988,3,0,2,1,0,0,63.3,5,0,0,1,0,0,0,1,0,66.7,2,4,4,2,0,1,0,0,22,0,1,0,1,0,62,0,0,1,0,0,5,4,2,4,2,22.7,7.7,23.9,76.2
4989,0,2,3,0,0,1,65.0,5,0,0,0,0,1,0,1,0,66.7,2,1,4,3,0,1,0,1,0,1,0,0,0,0,0,0,1,0,1,18,5,1,2,4,3,47.3,23.2,65.2,37.2
4990,3,1,2,0,0,0,40.0,2,0,0,0,0,0,1,0,1,66.7,5,2,4,2,1,0,0,0,30,1,0,0,1,0,0,1,0,0,0,30,1,3,5,2,1,66.8,23.9,75.0,20.8
4991,3,2,1,0,0,0,40.0,5,1,0,1,1,0,0,0,0,100.0,4,3,2,3,1,1,0,0,52,1,0,1,0,0,0,1,1,0,0,76,2,3,1,2,3,71.7,51.6,65.8,38.3
4992,3,2,0,0,0,1,63.3,3,0,0,0,0,0,0,1,0,33.3,2,4,1,3,1,0,0,1,6,0,0,1,0,0,28,1,0,0,1,2,3,2,1,4,1,40.9,14.1,45.4,49.5
4993,1,2,0,0,0,3,63.3,4,1,0,0,0,0,0,0,0,33.3,2,3,3,3,1,1,0,0,52,0,1,0,0,0,42,0,0,1,0,0,5,1,4,1,4,40.2,31.7,43.0,52.9
4994,0,0,2,1,3,0,55.0,4,0,1,0,1,0,1,0,0,100.0,5,3,1,3,1,0,1,0,64,0,1,1,0,0,70,0,0,1,1,0,2,1,5,4,3,25.1,24.6,22.2,76.0
4995,0,1,3,0,0,2,65.0,2,1,0,0,0,1,0,0,0,66.7,1,3,1,2,0,1,1,0,56,0,1,1,0,0,70,0,0,1,0,0,5,3,4,2,3,34.0,25.8,15.9,65.3
4996,0,2,3,0,1,0,48.3,2,0,0,1,0,0,0,0,0,33.3,4,3,4,4,1,1,0,0,52,0,1,0,1,0,62,1,0,0,0,30,3,3,4,2,1,50.9,37.0,61.0,41.5
4997,0,0,3,0,1,2,61.7,5,0,0,1,0,1,0,0,0,66.7,5,4,1,1,0,1,0,0,22,0,1,1,0,0,70,1,0,1,0,2,2,4,2,5,2,13.1,7.1,0.0,75.4
4998,2,3,0,1,0,0,60.0,3,0,1,1,0,0,0,1,0,100.0,2,2,3,1,0,1,0,0,22,1,0,0,0,0,0,1,0,0,1,2,3,1,4,1,1,68.0,30.2,73.9,28.0
4999,1,3,0,0,2,0,43.3,3,0,0,0,1,0,0,0,0,33.3,2,3,3,4,1,1,0,0,52,0,0,1,0,0,28,1,0,1,0,2,2,4,5,1,1,57.6,25.8,60.8,27.1
5000,2,0,3,0,0,1,65.0,3,0,0,1,1,0,0,1,0,100.0,2,3,3,3,0,1,0,0,22,1,0,0,0,0,0,0,1,1,0,18,2,2,4,1,4,52.7,19.6,57.9,49.8
5001,1,2,0,0,3,0,43.3,5,0,0,0,1,1,0,1,0,100.0,2,2,3,3,0,1,0,0,22,1,0,0,0,1,0,1,0,0,0,30,2,2,1,2,1,69.2,34.4,78.4,28.0
5002,0,2,3,0,0,1,65.0,3,0,1,0,0,0,1,0,1,100.0,5,2,1,1,0,1,0,0,22,0,1,1,0,0,70,1,0,1,0,2,5,4,1,4,2,6.2,3.1,1.7,75.2
5003,3,0,1,0,2,0,55.0,2,0,0,0,0,0,0,0,1,33.3,4,1,4,2,1,0,0,1,6,0,0,0,0,1,0,1,0,0,0,30,2,1,5,2,1,68.1,25.6,84.7,14.7
5004,3,1,0,0,2,0,43.3,3,0,1,0,0,0,0,0,0,33.3,1,2,3,4,0,1,0,0,22,0,0,0,0,1,0,1,1,0,0,76,5,3,5,2,3,78.8,44.9,80.0,27.1
5005,2,1,0,3,0,0,60.0,2,0,0,1,1,0,1,0,0,100.0,5,3,1,4,0,1,0,1,0,1,0,0,0,1,0,0,1,0,0,46,1,2,2,4,1,57.3,29.8,62.5,38.8
5006,2,0,1,0,3,0,55.0,1,0,0,0,1,0,1,0,0,66.7,2,4,2,1,0,0,1,0,34,1,0,0,0,1,0,1,1,0,0,76,3,2,4,2,1,86.7,62.3,72.3,37.3
5007,1,0,3,2,0,0,63.3,3,0,1,0,0,1,0,0,0,66.7,4,4,2,3,0,1,0,1,0,1,0,1,0,0,0,1,1,0,0,76,1,2,4,4,3,58.0,42.1,56.5,47.6
5008,0,2,3,0,0,1,65.0,3,1,0,0,1,0,0,0,0,66.7,5,2,1,4,0,1,0,0,22,0,1,0,0,0,42,1,0,1,0,2,5,3,4,4,3,17.3,3.0,21.0,62.0
5009,3,1,0,0,0,2,63.3,3,1,0,0,0,1,1,0,0,100.0,5,4,2,2,0,0,0,1,0,0,1,0,0,0,42,1,0,1,0,2,2,3,5,5,4,0.6,0.0,9.6,79.7
5010,2,0,0,0,1,3,71.7,4,0,0,0,0,0,1,1,1,100.0,5,3,1,4,0,1,0,0,22,0,1,1,0,0,70,0,0,1,0,0,5,2,5,4,4,3.2,1.9,0.0,87.2
5011,1,0,2,3,0,0,63.3,3,1,0,0,1,0,0,0,0,66.7,2,2,2,4,1,1,0,0,52,0,0,1,0,0,28,1,1,0,0,76,3,4,4,4,4,61.1,47.2,52.6,44.0
5012,0,0,3,2,1,0,55.0,5,0,0,0,0,0,0,0,1,33.3,2,3,1,2,1,0,0,1,6,0,1,0,0,0,42,0,1,0,0,46,2,2,1,5,1,49.5,41.8,47.6,45.7
5013,2,3,0,0,1,0,43.3,5,0,0,0,1,1,0,1,0,100.0,4,3,3,4,1,1,0,0,52,0,0,0,1,1,0,1,0,0,0,30,1,3,5,2,1,66.6,36.0,74.5,37.0
5014,1,0,2,0,3,0,55.0,2,0,0,1,0,0,0,0,0,33.3,4,3,4,4,0,0,0,1,0,1,0,1,0,0,0,0,1,0,1,18,1,2,1,4,1,47.9,18.6,71.0,28.2
5015,1,3,2,0,0,0,40.0,1,0,1,0,0,0,0,1,0,66.7,1,3,1,4,0,1,1,0,56,1,0,0,0,0,0,0,1,0,0,46,1,2,5,1,2,83.7,50.2,80.1,19.6
5016,0,3,2,0,1,0,48.3,5,1,0,1,0,1,0,0,0,100.0,5,3,1,3,1,0,0,1,6,0,1,0,0,0,42,1,0,0,1,2,1,4,5,1,3,17.5,0.0,18.8,57.9
5017,2,3,0,0,0,1,63.3,3,0,1,0,1,0,0,0,1,100.0,4,4,1,1,1,1,0,0,52,0,0,1,0,0,28,1,1,0,0,76,5,2,4,2,2,69.6,62.4,47.3,62.0
5018,2,3,0,0,0,1,63.3,3,0,1,0,1,0,0,0,0,66.7,4,3,3,2,0,1,0,0,22,0,0,1,0,0,28,1,0,0,0,30,3,3,4,4,4,33.2,11.0,34.1,61.8
5019,2,1,3,0,0,0,40.0,3,0,0,0,0,0,1,0,0,33.3,1,1,4,3,0,1,0,0,22,0,0,1,0,1,0,0,0,0,1,0,2,1,5,4,3,55.7,23.1,74.5,21.4
5020,1,0,0,0,2,3,71.7,5,1,0,0,0,1,0,0,0,66.7,5,3,1,1,1,0,0,1,6,0,0,0,0,1,0,0,0,1,0,0,3,4,5,1,3,32.0,0.0,32.6,43.3
5021,0,0,1,3,0,2,61.7,3,1,0,0,0,1,1,0,0,100.0,5,3,2,4,0,1,1,0,56,1,1,0,0,0,14,1,0,1,0,2,2,4,5,5,1,38.5,12.0,50.0,59.8
5022,3,0,1,0,0,2,65.0,3,1,0,0,0,0,0,0,0,33.3,1,3,4,1,0,1,0,0,22,0,0,1,0,1,0,1,0,0,1,2,2,2,2,1,1,69.4,24.8,78.1,19.0
5023,1,0,0,2,3,0,63.3,2,0,0,1,0,0,0,0,0,33.3,5,2,2,4,0,1,0,0,22,0,1,0,0,0,42,0,0,1,0,0,2,4,1,4,2,19.9,0.0,31.0,43.3
5024,0,3,2,0,1,0,48.3,5,1,0,0,0,0,0,1,0,66.7,5,1,1,2,0,1,0,0,22,0,0,1,0,0,28,1,1,0,0,76,3,3,2,5,4,49.0,40.5,41.7,43.9
5025,1,2,0,0,3,0,43.3,3,0,0,0,1,0,0,0,0,33.3,4,3,3,1,1,1,0,0,52,0,0,1,0,0,28,1,0,0,0,30,2,1,1,4,1,57.7,42.4,57.0,38.2
5026,2,3,0,0,1,0,43.3,3,0,0,0,0,0,0,1,0,33.3,2,3,4,4,0,1,0,0,22,1,0,0,1,0,0,1,0,0,1,2,3,2,5,1,3,54.1,16.0,73.0,24.7
5027,3,1,0,2,0,0,60.0,3,0,1,0,1,0,0,0,1,100.0,2,2,2,4,0,0,1,1,10,0,1,0,0,1,0,1,1,0,0,76,3,2,5,2,1,83.0,61.4,80.4,38.0
5028,3,0,2,0,0,1,65.0,1,0,0,1,0,0,1,0,0,66.7,5,2,3,3,1,0,0,1,6,0,1,1,0,0,70,0,1,1,0,18,5,4,1,5,1,12.9,6.8,21.1,59.8
5029,3,1,2,0,0,0,40.0,2,0,0,1,0,0,0,1,0,66.7,4,2,2,3,0,1,1,0,56,0,0,1,0,1,0,0,1,0,0,46,1,3,4,1,2,72.1,37.5,72.3,17.2
5030,2,1,3,0,0,0,40.0,4,1,1,0,0,0,0,0,0,66.7,4,3,4,4,0,1,0,0,22,0,1,0,0,0,42,1,0,0,1,2,1,4,4,4,2,27.8,4.2,41.7,50.9
5031,3,0,2,1,0,0,63.3,5,0,1,0,0,1,1,0,0,100.0,1,2,3,3,1,0,0,0,30,0,1,1,0,0,70,1,0,0,1,2,2,3,4,4,3,18.1,17.1,19.9,72.1
5032,0,0,2,1,0,3,61.7,3,1,0,0,0,0,0,0,0,33.3,2,3,3,3,1,0,0,1,6,1,0,0,0,0,0,1,0,0,1,2,3,3,2,4,1,45.6,9.1,62.9,33.6
5033,0,1,3,0,2,0,48.3,5,0,0,1,0,0,1,0,0,66.7,5,2,1,4,0,0,0,1,0,0,1,0,0,0,42,0,0,1,0,0,2,3,5,5,3,8.5,0.0,24.7,52.0
5034,0,2,0,3,0,1,70.0,3,0,1,0,1,0,0,0,0,66.7,4,3,3,2,0,0,1,0,34,0,0,0,0,1,0,0,0,1,1,0,3,2,1,5,1,46.4,19.8,59.5,48.7
5035,3,1,2,0,0,0,40.0,3,0,0,1,0,1,1,0,0,100.0,1,3,3,4,0,0,1,1,10,0,0,1,0,0,28,1,0,0,0,30,3,3,4,2,2,52.7,31.6,59.1,49.6
5036,2,0,1,0,3,0,55.0,1,1,0,0,1,0,0,0,1,100.0,5,4,3,1,0,1,0,0,22,1,0,0,0,0,0,0,1,0,1,18,3,2,5,1,2,48.7,14.6,52.0,55.8
5037,0,0,3,1,0,2,61.7,4,1,0,1,0,0,0,1,0,100.0,5,3,1,4,0,1,0,0,22,0,1,1,0,0,70,0,0,1,0,0,2,2,2,1,1,25.9,11.7,28.4,62.3
5038,0,1,3,0,2,0,48.3,2,1,1,0,1,0,0,0,0,100.0,2,2,1,4,1,0,0,0,30,1,0,0,0,0,0,0,0,0,1,0,1,3,2,1,2,56.5,17.7,60.5,31.3
5039,0,3,1,0,0,2,65.0,2,0,0,0,0,0,1,0,0,33.3,1,3,1,4,0,0,0,1,0,0,1,0,0,0,42,0,0,1,0,0,5,3,4,4,4,16.7,2.0,20.1,67.3
5040,1,3,0,2,0,0,60.0,5,0,0,0,1,0,0,0,0,33.3,4,4,1,2,0,1,0,0,22,0,0,1,0,0,28,0,1,0,0,46,5,3,5,1,1,60.0,31.0,49.6,39.7
5041,3,0,2,0,0,1,65.0,3,0,1,0,1,0,1,0,0,100.0,4,3,2,3,0,1,0,0,22,0,1,0,0,0,42,1,1,0,0,76,2,1,4,5,2,52.3,53.5,48.8,62.5
5042,3,0,0,0,2,1,71.7,3,0,1,0,0,0,0,0,0,33.3,2,2,3,1,0,1,1,0,56,1,0,0,0,1,0,1,1,0,0,76,3,1,2,2,2,95.3,68.4,86.9,22.1
5043,2,0,3,0,1,0,55.0,1,0,0,0,0,0,1,0,0,33.3,4,4,4,4,0,0,1,1,10,0,1,0,0,0,42,0,0,1,0,0,2,3,4,4,2,22.9,0.1,42.1,56.6
5044,1,3,2,0,0,0,40.0,1,0,0,1,0,0,0,0,0,33.3,4,2,2,4,1,1,0,0,52,0,1,0,0,0,42,1,0,0,0,30,2,2,4,5,1,50.7,40.3,53.7,40.0
5045,0,3,1,2,0,0,63.3,2,0,0,0,1,0,0,0,0,33.3,4,2,1,4,1,1,0,0,52,1,0,0,0,0,0,1,1,0,0,76,5,1,4,2,1,91.1,68.5,88.6,15.5
5046,3,0,0,0,2,1,71.7,5,0,0,1,0,1,0,0,1,100.0,5,4,1,1,0,1,0,0,22,1,0,0,1,0,0,0,0,1,0,0,1,2,4,1,4,30.6,7.1,27.6,56.7
5047,2,1,0,0,3,0,43.3,3,0,1,0,1,0,0,1,0,100.0,4,3,3,2,0,1,0,0,22,1,0,0,0,0,0,0,0,1,1,0,3,1,4,1,2,51.0,13.6,61.3,42.7
5048,3,0,1,2,0,0,63.3,3,0,1,1,0,0,0,0,0,66.7,5,3,1,3,0,1,0,1,0,0,1,1,0,0,70,0,0,1,0,0,5,3,4,4,3,1.8,0.0,5.1,77.3
5049,0,3,1,0,0,2,65.0,3,0,1,0,0,1,1,0,0,100.0,1,4,4,4,0,1,0,1,0,1,0,1,0,0,0,1,1,0,0,76,2,2,5,2,1,80.5,60.8,88.5,41.8
5050,0,1,0,0,2,3,61.7,3,0,0,0,1,0,0,1,0,66.7,2,3,4,2,1,0,0,1,6,1,0,1,0,0,0,0,1,0,1,18,5,2,5,4,2,52.4,17.7,59.4,47.9
5051,3,2,1,0,0,0,40.0,3,1,0,0,1,0,0,0,1,100.0,2,4,3,1,0,1,0,0,22,1,1,0,0,0,14,1,1,0,0,76,2,2,4,1,2,77.0,53.6,71.8,43.1
5052,2,1,0,0,3,0,43.3,1,0,1,0,1,0,0,1,0,100.0,4,3,4,4,1,0,1,0,64,0,1,0,0,0,42,0,1,0,0,46,3,3,5,4,4,37.9,29.1,44.5,65.7
5053,0,3,0,2,1,0,53.3,5,0,0,0,0,1,0,0,0,33.3,5,4,3,3,0,1,0,0,22,0,0,1,0,0,28,1,0,0,1,2,3,2,2,2,1,37.4,16.2,59.5,43.1
5054,0,0,1,2,3,0,55.0,4,0,0,1,0,0,1,0,1,100.0,5,2,1,1,0,1,0,0,22,0,1,0,0,0,42,0,1,1,0,18,5,4,5,5,2,26.4,12.7,19.6,65.0
5055,3,0,1,2,0,0,63.3,2,0,1,0,1,0,0,0,0,66.7,1,4,4,1,0,0,1,0,34,0,0,1,0,1,0,0,0,1,1,0,1,2,4,2,2,64.9,22.9,66.1,44.3
5056,3,0,0,2,0,1,73.3,3,0,0,0,0,0,1,0,0,33.3,2,3,3,1,0,0,1,1,10,1,0,0,0,0,0,1,0,0,0,30,2,2,4,1,1,71.5,34.0,72.7,25.2
5057,2,3,0,1,0,0,60.0,5,0,1,0,1,0,0,1,0,100.0,2,3,2,1,0,1,0,0,22,1,0,1,0,0,0,0,0,0,1,0,5,3,1,1,3,48.1,12.5,45.3,47.0
5058,2,1,0,3,0,0,60.0,2,0,1,0,1,0,0,1,0,100.0,2,4,3,3,1,1,0,0,52,0,1,0,0,0,42,1,0,0,0,30,3,3,1,2,1,54.5,33.8,49.7,59.8
5059,2,1,0,0,3,0,43.3,3,0,0,0,0,0,1,0,0,33.3,5,2,3,3,1,1,0,0,52,1,1,0,0,0,14,0,1,1,0,18,3,2,4,2,3,51.3,18.5,62.5,26.3
5060,1,0,3,0,0,2,65.0,1,0,0,1,1,0,0,1,0,100.0,2,2,2,3,0,1,0,0,22,1,0,0,0,1,0,1,1,0,0,76,2,3,4,4,1,77.0,52.8,72.6,38.0
5061,0,0,2,1,3,0,55.0,2,1,0,0,1,0,0,0,0,66.7,2,4,1,4,0,0,0,1,0,1,1,0,0,0,14,1,0,1,0,2,5,3,4,2,4,29.5,0.3,31.4,61.2
5062,1,2,3,0,0,0,40.0,3,0,0,0,0,0,1,0,0,33.3,1,1,3,3,1,0,0,1,6,1,0,0,0,0,0,1,0,0,0,30,2,2,1,1,3,69.0,28.2,80.5,10.1
5063,2,0,1,0,3,0,55.0,5,0,0,0,0,0,0,1,0,33.3,1,2,4,1,1,0,0,1,6,1,0,0,0,0,0,0,0,1,0,0,3,3,1,1,1,64.3,20.1,67.9,18.1
5064,3,2,1,0,0,0,40.0,3,0,0,0,1,1,0,0,0,66.7,2,1,3,3,1,0,1,0,64,1,0,0,0,0,0,1,0,1,0,2,3,1,2,2,1,72.8,37.6,81.7,21.0
5065,0,0,2,1,3,0,55.0,2,0,1,0,0,0,0,0,0,33.3,4,4,4,4,0,1,1,0,56,0,1,0,0,1,0,1,0,1,0,2,1,4,5,4,2,44.9,14.1,61.4,37.0
5066,2,1,3,0,0,0,40.0,2,0,0,0,1,0,0,0,0,33.3,2,1,3,3,1,1,0,0,52,0,0,1,1,0,48,1,0,0,0,30,3,4,1,2,1,63.9,32.7,63.3,20.7
5067,3,1,2,0,0,0,40.0,3,0,0,0,0,0,0,1,0,33.3,4,1,1,2,1,0,0,0,30,0,0,0,0,1,0,0,1,1,0,18,5,3,2,1,4,49.6,13.4,47.8,19.0
5068,2,0,0,1,0,3,73.3,1,0,0,1,0,0,0,0,0,33.3,5,2,3,3,0,0,0,1,0,1,1,0,0,0,14,0,0,0,1,0,2,3,5,2,1,40.1,2.3,53.7,20.0
5069,0,0,3,2,1,0,55.0,3,0,0,0,0,0,0,0,1,33.3,2,4,3,4,1,0,0,1,6,0,1,1,0,0,70,0,0,1,0,0,5,4,1,4,1,19.1,11.4,27.0,67.1
5070,3,2,1,0,0,0,40.0,3,0,0,0,0,1,0,0,1,66.7,2,3,3,2,0,1,0,1,0,1,0,1,0,0,0,0,1,0,1,18,1,3,5,1,2,55.6,13.0,64.3,31.4
5071,0,3,0,1,2,0,53.3,3,0,0,0,1,0,0,0,1,66.7,2,2,4,4,1,1,0,0,52,1,0,0,0,0,0,1,0,0,0,30,5,4,5,5,3,49.7,28.8,70.5,45.9
5072,2,1,0,3,0,0,60.0,2,0,0,0,0,1,0,0,0,33.3,4,1,4,3,0,1,1,0,56,1,0,0,0,0,0,1,1,0,0,76,2,3,4,2,2,89.7,54.2,90.4,11.1
5073,2,1,3,0,0,0,40.0,2,0,1,0,1,0,0,0,0,66.7,5,2,3,4,0,1,0,0,22,0,0,1,0,0,28,0,1,1,0,18,5,4,2,5,3,24.2,7.1,38.5,50.3
5074,2,1,0,0,3,0,43.3,1,1,1,0,0,0,1,0,0,100.0,5,2,4,1,0,0,0,1,0,0,0,0,0,1,0,1,0,0,0,30,3,1,1,4,1,50.0,20.5,63.9,42.4
5075,2,3,0,0,1,0,43.3,2,1,1,0,0,0,0,0,0,66.7,4,3,2,3,0,1,0,0,22,1,0,0,0,1,0,1,0,0,0,30,2,3,5,4,1,57.9,24.6,64.8,35.5
5076,1,0,0,0,2,3,71.7,4,1,1,0,0,0,1,0,0,100.0,5,4,1,4,0,1,0,1,0,0,0,1,0,0,28,1,0,0,0,30,3,4,4,5,2,22.1,11.8,30.1,72.2
5077,0,3,1,0,0,2,65.0,2,0,0,0,1,0,0,0,0,33.3,1,4,2,1,0,1,0,0,22,1,1,0,0,0,14,1,0,0,0,30,1,4,4,1,1,67.4,29.1,60.2,28.1
5078,0,0,3,2,1,0,55.0,3,1,0,0,0,0,1,0,0,66.7,4,3,2,4,0,1,0,0,22,1,0,0,0,1,0,1,0,1,0,2,5,4,4,5,4,26.6,0.0,40.0,55.0
5079,3,0,1,0,0,2,65.0,4,0,0,0,0,1,1,0,0,66.7,5,3,1,4,0,1,0,0,22,0,1,0,0,0,42,0,1,1,0,18,5,4,2,5,2,17.7,15.4,25.7,62.8
5080,2,3,0,0,1,0,43.3,3,0,1,0,1,0,0,0,0,66.7,1,2,3,1,0,1,1,0,56,0,0,0,0,1,0,1,0,0,1,2,2,2,5,2,3,66.3,27.9,58.5,35.1
5081,1,0,2,0,3,0,55.0,1,0,0,0,0,1,1,0,0,66.7,4,1,1,2,0,1,0,1,0,1,0,0,0,0,0,1,0,1,0,2,3,4,4,4,1,39.6,1.3,47.5,24.3
5082,3,0,2,0,0,1,65.0,4,0,0,0,0,0,0,0,1,33.3,4,4,1,2,0,1,0,0,22,0,1,0,0,0,42,0,0,1,0,0,2,2,5,4,4,16.1,7.1,16.7,64.7
5083,3,1,0,0,2,0,43.3,3,1,0,0,0,1,0,0,0,66.7,1,3,3,4,1,0,0,1,6,1,0,0,0,0,0,0,1,0,0,46,2,3,4,5,1,64.0,39.3,76.1,39.7
5084,1,2,3,0,0,0,40.0,3,1,0,0,1,0,0,1,0,100.0,1,3,3,2,0,0,0,1,0,1,0,0,0,0,0,1,0,0,0,30,3,3,1,4,1,60.7,33.8,63.5,42.7
5085,3,2,0,1,0,0,60.0,1,0,0,0,0,0,0,1,1,66.7,2,4,4,2,0,1,0,1,0,1,0,0,0,1,0,0,0,0,1,0,3,1,2,2,2,49.4,12.9,63.6,40.9
5086,2,0,3,0,1,0,55.0,1,0,0,1,0,1,0,1,0,100.0,2,3,3,3,0,1,0,1,0,1,0,0,0,0,0,0,1,1,0,18,2,1,2,1,1,64.7,26.7,77.7,36.6
5087,1,2,0,3,0,0,60.0,2,0,1,0,1,0,0,0,0,66.7,4,3,3,3,1,1,0,0,52,0,1,0,0,0,42,1,1,0,0,76,2,3,5,2,1,72.6,56.7,67.1,37.0
5088,0,3,0,1,0,2,70.0,3,0,0,0,0,1,0,1,0,66.7,5,4,1,3,0,0,1,1,10,0,0,1,0,0,28,0,0,1,0,0,1,3,1,4,2,27.0,2.0,30.4,54.8
5089,0,2,1,0,0,3,65.0,1,0,0,0,0,1,0,0,0,33.3,1,3,2,3,1,1,0,0,52,1,0,0,0,1,0,0,0,1,0,0,5,3,1,5,2,52.8,22.2,58.6,47.3
5090,3,2,0,0,1,0,43.3,4,0,0,0,0,0,0,1,0,33.3,4,1,3,4,0,1,0,0,22,1,0,0,0,1,0,0,1,1,0,18,3,2,2,1,1,70.3,29.0,83.7,10.6
5091,2,3,0,0,0,1,63.3,3,0,0,0,1,0,1,0,1,100.0,2,3,2,3,1,0,1,0,64,1,0,1,0,0,0,0,1,1,0,18,1,4,4,4,1,61.2,31.0,55.8,46.4
5092,0,2,0,3,0,1,70.0,3,0,0,0,0,0,1,0,0,33.3,4,3,2,4,0,1,0,0,22,1,0,0,0,0,0,1,0,0,0,30,3,3,5,1,1,63.2,24.6,68.3,26.4
5093,0,3,2,0,1,0,48.3,3,0,0,0,0,0,0,0,1,33.3,2,4,2,4,1,0,0,1,6,0,0,1,0,1,0,1,0,0,0,30,3,4,1,1,1,69.1,30.0,75.8,27.1
5094,0,3,2,0,0,1,65.0,1,1,0,0,0,0,0,0,0,33.3,5,1,3,3,0,1,0,1,0,1,0,0,0,0,0,1,0,0,1,2,3,1,1,2,1,52.0,7.9,77.3,9.5
5095,1,3,2,0,0,0,40.0,3,0,0,0,1,1,1,0,0,100.0,4,3,4,3,0,1,1,0,56,1,0,0,1,0,0,1,0,0,0,30,3,3,5,4,4,44.6,26.2,51.9,55.7
5096,3,2,0,0,0,1,63.3,4,0,1,0,0,1,0,0,0,66.7,4,1,3,2,1,0,0,0,30,1,0,0,1,0,0,1,1,0,0,76,3,3,5,4,2,66.1,49.8,72.2,31.5
5097,0,1,2,0,3,0,48.3,1,1,0,0,1,0,0,1,0,100.0,4,2,4,4,0,1,0,0,22,0,0,1,0,0,28,1,1,0,0,76,5,4,1,1,3,56.8,33.8,59.2,46.3
5098,0,2,3,1,0,0,63.3,4,1,0,0,1,0,0,1,0,100.0,5,3,1,4,0,1,0,0,22,0,1,0,0,1,0,1,0,0,0,30,2,4,2,4,3,34.7,13.7,40.6,51.1
5099,1,2,3,0,0,0,40.0,3,0,0,1,0,0,1,1,0,100.0,5,2,4,3,0,1,0,1,0,0,0,0,1,0,20,0,1,0,1,18,1,4,5,1,4,28.7,0.0,47.2,39.0
5100,1,3,0,0,2,0,43.3,3,0,0,0,1,0,0,0,0,33.3,2,2,4,4,1,1,0,0,52,1,0,0,0,0,0,0,1,0,1,18,3,3,5,5,1,64.7,35.2,77.1,28.2
5101,1,0,2,0,3,0,55.0,2,0,1,1,0,0,0,1,0,100.0,5,3,3,4,0,1,0,0,22,0,1,0,0,0,42,1,1,0,0,76,1,4,2,5,4,34.4,23.7,32.9,62.8
5102,3,1,0,0,2,0,43.3,5,0,0,0,1,0,1,1,0,100.0,2,4,4,1,1,1,0,0,52,1,0,0,0,0,0,0,0,1,0,0,3,4,1,4,1,55.2,26.3,61.2,53.5
5103,0,2,3,1,0,0,63.3,5,1,0,0,0,1,0,0,0,66.7,5,4,3,2,0,0,0,1,0,0,1,0,0,0,42,0,0,1,0,0,2,2,1,4,2,16.2,7.4,28.3,64.2
5104,2,1,3,0,0,0,40.0,3,0,0,0,0,1,0,0,0,33.3,5,2,1,1,0,0,1,0,34,1,1,0,0,0,14,0,1,1,0,18,3,4,5,5,2,35.3,10.1,31.3,39.1
5105,3,2,0,0,1,0,43.3,2,0,0,0,0,1,0,0,0,33.3,2,2,2,2,1,1,0,0,52,0,0,1,0,0,28,0,0,0,1,0,3,1,2,2,1,67.3,36.0,63.4,26.8
5106,0,3,2,0,0,1,65.0,1,0,0,0,1,0,1,1,0,100.0,2,4,3,3,1,0,0,1,6,1,0,0,0,0,0,1,0,0,0,30,2,2,5,2,2,57.5,26.7,64.5,47.9
5107,0,3,0,0,1,2,61.7,3,0,1,1,0,0,1,0,0,100.0,1,2,4,4,1,1,0,0,52,1,0,0,0,0,0,1,0,0,1,2,2,2,2,1,1,74.9,36.0,86.8,35.6
5108,0,2,1,0,3,0,48.3,3,0,0,0,0,0,1,1,1,100.0,2,3,2,3,1,0,0,1,6,1,0,0,0,0,0,1,1,0,0,76,1,2,2,4,1,79.4,55.3,76.2,38.7
5109,3,2,0,0,0,1,63.3,1,0,1,0,0,0,1,1,0,100.0,5,1,3,2,0,1,0,0,22,1,0,1,0,0,0,1,0,0,0,30,3,3,5,1,1,57.4,23.8,65.4,26.4
5110,0,1,3,0,2,0,48.3,4,1,0,0,1,1,0,0,0,100.0,4,4,3,3,0,1,0,0,22,0,0,1,0,0,28,0,0,1,0,0,1,1,1,2,1,51.2,25.3,56.7,54.9
5111,2,3,0,0,0,1,63.3,5,0,0,0,1,0,0,0,1,66.7,4,4,3,4,0,1,0,1,0,1,0,1,0,0,0,0,0,1,1,0,2,3,1,2,2,38.4,1.0,56.4,45.9
5112,3,0,2,1,0,0,63.3,3,1,0,0,1,0,0,0,0,66.7,4,2,3,3,1,1,0,0,52,1,0,0,0,1,0,1,1,0,0,76,1,4,4,4,1,76.1,52.4,81.6,28.8
5113,2,1,3,0,0,0,40.0,3,0,0,1,0,1,1,0,0,100.0,1,4,4,4,1,1,0,0,52,0,0,1,1,0,48,1,0,1,0,2,3,2,5,5,3,31.4,26.6,39.7,76.4
5114,1,3,2,0,0,0,40.0,3,0,1,1,0,1,0,0,0,100.0,1,3,3,2,0,1,0,0,22,0,1,0,0,0,42,0,1,0,1,18,1,4,1,2,2,45.4,21.5,43.5,51.8
5115,0,1,2,0,0,3,65.0,4,0,1,0,0,0,0,0,0,33.3,2,4,2,3,0,1,0,0,22,0,1,0,0,0,42,0,0,1,0,0,5,4,1,4,3,20.1,6.6,21.6,67.6
5116,2,1,0,0,0,3,63.3,1,0,1,0,0,0,1,1,0,100.0,4,4,3,2,1,0,1,0,64,0,1,1,0,0,70,1,0,1,0,2,3,2,5,2,1,38.9,28.9,37.6,66.2
5117,0,1,2,3,0,0,63.3,4,1,0,1,0,0,0,0,0,66.7,5,2,3,1,0,1,0,0,22,0,1,1,0,0,70,0,0,0,1,0,1,4,2,5,1,17.8,3.0,17.5,55.1
5118,0,3,0,2,0,1,70.0,2,0,0,0,0,1,0,0,0,33.3,2,4,3,4,0,1,0,0,22,0,1,1,0,0,70,0,0,1,0,0,2,3,2,4,2,22.7,14.6,29.1,65.6
5119,0,0,1,2,3,0,55.0,5,0,0,0,0,0,1,0,0,33.3,2,3,1,3,0,1,0,1,0,0,1,0,0,0,42,0,0,1,0,0,2,3,4,5,3,24.8,5.5,22.6,55.9
5120,0,0,2,0,1,3,61.7,5,0,0,0,0,1,0,0,0,33.3,5,3,1,4,0,1,0,1,0,0,0,1,0,0,28,0,0,1,0,0,1,3,2,2,2,29.7,0.8,39.7,38.6
5121,1,3,2,0,0,0,40.0,2,0,1,1,0,1,0,0,0,100.0,1,2,3,1,1,0,0,0,30,1,0,0,0,0,0,0,1,0,1,18,3,1,5,2,4,60.3,26.9,61.3,39.0
5122,0,2,1,0,0,3,65.0,3,0,0,0,0,1,0,0,0,33.3,5,3,2,4,1,0,0,1,6,0,1,0,0,0,42,0,0,1,0,0,5,4,1,5,3,6.7,0.0,20.8,65.0
5123,0,3,0,1,2,0,53.3,4,0,0,1,1,0,0,0,0,66.7,4,4,1,3,0,1,0,0,22,0,1,0,0,0,42,0,1,1,0,18,3,1,1,4,3,27.7,25.9,32.5,61.3
5124,1,0,3,2,0,0,63.3,2,1,1,1,0,0,0,0,0,100.0,4,2,4,2,1,1,0,0,52,1,0,1,0,0,0,0,0,1,0,0,2,2,2,1,1,67.1,26.1,77.2,33.1
5125,0,2,1,3,0,0,63.3,2,0,1,0,1,0,0,0,0,66.7,5,4,1,4,0,0,0,1,0,0,1,0,0,0,42,0,0,1,0,0,5,3,5,5,2,7.0,0.0,15.8,72.3
5126,3,1,0,2,0,0,60.0,5,0,1,0,1,0,0,1,0,100.0,4,2,4,3,0,1,1,0,56,1,0,0,0,0,0,1,0,0,0,30,3,2,2,5,1,62.3,48.2,77.7,45.0
5127,1,0,3,2,0,0,63.3,3,0,0,0,0,1,0,0,0,33.3,5,3,2,3,0,1,0,0,22,1,0,1,0,0,0,1,0,0,0,30,1,1,5,4,1,59.9,32.4,67.7,28.8
5128,0,2,0,0,1,3,61.7,4,1,1,0,0,0,0,0,1,100.0,4,3,1,4,0,1,0,1,0,1,0,0,0,1,0,0,0,1,1,0,2,4,4,5,2,24.0,0.0,33.9,54.3
5129,0,3,2,0,1,0,48.3,5,0,0,1,0,0,0,1,0,66.7,2,4,1,4,0,1,0,0,22,0,1,0,0,1,0,0,0,1,0,0,3,4,4,5,2,37.2,13.6,42.9,48.9
5130,1,0,2,0,0,3,65.0,5,0,0,1,1,0,0,1,0,100.0,4,2,2,4,0,0,0,1,0,0,1,0,0,0,42,0,0,1,0,0,2,3,4,4,3,12.8,0.0,29.0,59.2
5131,0,1,2,0,3,0,48.3,2,0,0,1,1,0,0,0,0,66.7,2,1,4,3,0,1,0,0,22,1,0,0,0,0,0,0,1,0,1,18,5,3,2,2,1,63.9,25.7,77.0,22.3
5132,2,3,0,0,0,1,63.3,5,0,0,0,0,0,0,1,0,33.3,1,3,2,3,0,1,0,0,22,0,1,1,0,0,70,1,0,1,0,2,5,2,4,4,1,38.3,23.3,35.9,60.2
5133,3,0,2,0,0,1,65.0,2,0,1,1,0,0,1,0,0,100.0,4,3,3,1,0,0,0,1,0,0,1,0,0,0,42,1,0,1,0,2,1,3,2,5,4,2.6,0.0,12.1,67.8
5134,2,1,3,0,0,0,40.0,3,0,1,0,0,1,0,0,1,100.0,5,1,4,3,1,1,0,0,52,1,0,0,1,0,0,0,0,1,0,0,2,4,1,1,4,42.9,0.0,56.5,36.3
5135,2,0,1,0,0,3,65.0,3,1,0,0,0,0,0,0,0,33.3,4,3,3,2,0,1,0,0,22,0,0,1,1,0,48,1,1,0,0,76,2,3,2,4,2,56.1,46.9,51.0,45.7
5136,0,0,2,3,0,1,61.7,2,1,0,0,0,0,0,0,0,33.3,4,2,4,4,0,1,0,1,0,0,0,0,1,0,20,1,0,0,0,30,2,4,4,4,3,36.6,6.6,51.9,32.3
5137,3,1,0,0,0,2,63.3,4,0,1,0,0,0,1,1,0,100.0,5,4,1,3,0,1,0,1,0,0,1,0,0,0,42,0,1,1,0,18,1,4,1,5,4,2.6,0.0,9.5,75.8
5138,0,0,2,1,0,3,61.7,3,0,0,0,1,1,1,0,0,100.0,1,2,3,3,1,0,0,0,30,0,0,1,0,1,0,0,0,1,0,0,3,3,5,2,2,52.8,19.5,59.4,38.8
5139,0,0,0,2,3,1,55.0,3,0,0,0,1,0,0,0,0,33.3,4,1,4,4,0,1,0,1,0,0,1,0,0,0,42,0,0,1,1,0,1,4,2,5,2,18.5,0.0,43.8,38.1
5140,0,1,2,0,0,3,65.0,3,0,0,0,0,1,0,0,0,33.3,5,3,1,4,0,1,0,1,0,1,0,1,0,0,0,0,0,1,0,0,5,4,2,5,1,26.3,0.0,40.7,41.3
5141,2,1,0,3,0,0,60.0,3,0,1,0,0,0,0,0,1,66.7,5,1,2,1,1,1,0,0,52,1,0,0,0,0,0,0,1,1,0,18,3,2,5,4,1,59.7,32.4,63.1,27.3
5142,2,1,3,0,0,0,40.0,4,0,1,0,0,0,0,0,0,33.3,4,4,2,3,1,1,0,0,52,1,0,1,0,0,0,0,1,0,0,46,3,2,5,5,4,45.4,35.4,45.7,50.9
5143,0,2,1,0,0,3,65.0,3,0,0,0,0,0,0,1,0,33.3,4,4,3,3,0,1,1,0,56,0,1,0,0,0,42,1,1,0,0,76,2,4,5,5,1,57.8,53.2,53.1,55.4
5144,3,2,0,0,0,1,63.3,2,0,0,0,1,0,0,0,0,33.3,4,2,3,2,0,1,0,0,22,1,0,0,0,1,0,0,1,1,0,18,3,1,1,2,2,62.9,27.8,72.0,27.1
5145,1,0,2,0,0,3,65.0,2,0,0,0,0,1,1,0,1,100.0,1,4,3,4,0,1,0,0,22,0,1,0,0,0,42,0,0,1,0,0,5,2,1,4,2,33.0,24.1,38.7,78.7
5146,0,0,1,0,3,2,61.7,3,0,0,0,0,0,1,0,1,66.7,5,1,3,1,1,1,0,0,52,0,1,0,0,0,42,0,0,1,0,0,1,4,5,4,3,20.6,5.5,30.2,43.9
5147,2,0,1,3,0,0,63.3,3,0,0,1,1,0,1,0,0,100.0,4,2,2,3,0,1,0,0,22,0,1,0,0,0,42,0,0,1,0,0,5,4,5,5,1,20.6,10.4,28.6,66.3
5148,1,0,0,0,2,3,71.7,5,0,0,0,0,0,0,0,1,33.3,5,3,1,4,0,0,0,1,0,0,1,0,0,0,42,0,0,1,0,0,1,4,5,1,4,19.4,0.0,26.5,43.8
5149,0,0,1,3,2,0,55.0,4,0,0,0,1,0,0,0,0,33.3,5,1,1,3,0,0,0,1,0,0,1,0,0,0,42,0,1,1,0,18,2,3,2,5,2,25.5,12.7,38.3,35.5
5150,1,2,3,0,0,0,40.0,1,0,1,0,0,0,0,1,1,100.0,2,1,3,1,1,1,0,0,52,1,0,0,0,1,0,1,0,0,0,30,2,4,4,2,1,76.2,30.3,73.0,17.2
5151,0,3,1,2,0,0,63.3,2,0,1,0,0,1,0,0,0,66.7,5,4,2,2,0,1,0,0,22,1,0,0,0,0,0,1,0,0,1,2,3,1,2,2,1,49.7,20.1,57.5,45.9
5152,0,1,2,0,0,3,65.0,4,1,0,0,1,0,1,0,0,100.0,5,3,1,1,0,0,0,1,0,0,1,0,0,0,42,1,0,1,0,2,3,3,5,5,3,10.7,0.0,9.4,72.2
5153,3,0,2,0,1,0,55.0,4,0,0,0,0,1,1,0,0,66.7,4,2,1,3,1,0,0,1,6,1,0,1,0,0,0,0,0,0,1,0,3,2,4,4,3,32.7,3.1,43.1,45.3
5154,1,2,3,0,0,0,40.0,2,0,1,1,0,0,1,0,0,100.0,2,2,4,4,1,0,1,0,64,0,0,1,0,1,0,1,0,0,0,30,5,4,2,2,1,72.6,39.8,77.6,32.2
5155,3,0,2,0,1,0,55.0,2,0,0,0,0,0,0,0,1,33.3,5,1,3,1,0,1,0,1,0,0,0,0,0,1,0,1,0,0,0,30,3,2,2,2,1,58.9,18.1,72.5,8.3
5156,3,0,2,1,0,0,63.3,3,0,0,0,0,0,0,1,0,33.3,2,3,1,1,0,1,0,1,0,1,0,1,0,0,0,1,0,0,0,30,1,1,5,5,1,62.9,42.0,62.4,37.6
5157,3,1,2,0,0,0,40.0,3,1,0,0,1,1,0,0,0,100.0,1,2,3,2,1,0,0,0,30,1,0,0,0,1,0,1,0,0,0,30,2,1,1,2,1,78.3,44.5,77.8,31.8
5158,2,3,0,0,0,1,63.3,2,0,0,0,0,0,1,0,0,33.3,4,4,3,2,0,0,1,0,34,1,0,0,0,0,0,0,1,1,0,18,5,3,4,1,3,49.3,15.2,53.2,38.1
5159,2,0,3,0,0,1,65.0,5,1,0,0,0,1,1,0,0,100.0,5,4,1,3,0,0,1,0,34,0,1,0,0,0,42,1,1,0,0,76,5,4,2,4,2,42.0,42.9,30.4,71.3
5160,3,0,1,2,0,0,63.3,1,0,0,0,0,0,0,0,1,33.3,4,2,3,3,0,1,0,1,0,1,0,1,0,0,0,1,0,1,0,2,3,2,1,1,2,46.2,3.6,63.3,23.6
5161,0,0,3,1,2,0,55.0,4,0,0,1,0,0,0,0,0,33.3,2,2,3,4,1,0,1,0,64,1,0,1,0,0,0,0,1,1,0,18,2,3,4,2,1,78.2,38.5,89.1,14.3
5162,1,0,3,2,0,0,63.3,5,0,0,1,0,0,0,0,0,33.3,2,2,3,4,0,1,1,0,56,1,0,0,0,1,0,1,1,0,0,76,3,4,2,5,1,83.9,59.5,83.7,25.6
5163,3,0,0,0,1,2,71.7,3,0,0,0,0,0,0,1,0,33.3,5,2,1,3,0,1,0,0,22,0,0,1,0,0,28,0,1,1,0,18,5,3,5,5,2,31.8,10.5,32.5,45.8
5164,0,1,0,3,0,2,70.0,3,1,0,0,0,0,1,0,1,100.0,5,2,1,3,0,0,1,0,34,0,1,0,0,0,42,1,0,1,0,2,5,3,4,4,3,16.8,5.7,18.2,65.9
5165,2,3,0,1,0,0,60.0,5,0,0,0,0,0,1,0,0,33.3,4,2,4,4,1,0,1,0,64,0,0,1,0,0,28,1,1,0,0,76,5,3,2,2,4,61.4,53.9,65.0,36.1
5166,0,0,3,1,2,0,55.0,4,0,1,0,0,0,0,1,0,66.7,1,1,2,1,1,1,0,0,52,1,0,0,0,0,0,1,0,0,0,30,2,1,4,2,1,84.7,55.8,83.9,15.8
5167,2,3,0,0,1,0,43.3,1,0,0,0,0,0,0,1,0,33.3,5,2,2,2,0,1,0,1,0,0,0,1,0,0,28,0,1,1,0,18,3,1,5,2,1,52.5,16.8,58.7,23.6
5168,3,0,0,2,1,0,63.3,4,1,0,0,1,0,0,0,0,66.7,1,3,3,3,0,1,1,0,56,1,0,1,0,0,0,1,1,0,0,76,3,2,4,2,1,99.9,73.2,91.8,28.5
5169,3,0,2,1,0,0,63.3,4,0,1,0,0,0,1,1,0,100.0,5,4,1,3,1,0,0,0,30,0,1,0,0,0,42,0,0,1,0,0,1,3,2,2,2,30.3,10.7,27.5,67.3
5170,2,1,0,0,3,0,43.3,2,1,0,0,1,0,1,0,0,100.0,2,3,3,4,0,0,1,1,10,1,0,0,0,0,0,1,0,1,0,2,3,1,5,2,1,59.2,23.8,74.8,41.3
5171,0,3,0,1,0,2,70.0,3,0,0,1,0,0,0,0,0,33.3,4,2,3,3,0,1,0,0,22,1,0,0,0,1,0,1,1,0,0,76,3,1,5,2,1,87.3,63.2,93.5,15.2
5172,0,3,0,1,0,2,70.0,5,0,0,0,0,0,0,0,1,33.3,4,4,1,3,0,1,0,0,22,0,1,0,0,0,42,1,0,0,0,30,3,4,4,5,4,16.6,10.9,10.9,66.9
5173,2,1,0,0,0,3,63.3,4,1,0,0,1,0,0,0,1,100.0,4,4,3,4,0,1,1,0,56,0,1,0,0,0,42,1,0,0,0,30,5,4,4,2,2,43.5,29.7,45.0,70.7
5174,2,0,0,1,3,0,63.3,1,0,0,0,1,0,0,0,0,33.3,1,1,3,3,0,1,0,0,22,0,1,0,0,0,42,1,1,0,0,76,5,3,4,1,1,80.5,52.3,69.8,22.8
5175,2,0,0,3,0,1,73.3,1,0,0,0,1,0,0,0,0,33.3,4,3,1,1,1,1,0,0,52,1,0,0,0,0,0,0,1,0,0,46,3,2,2,1,2,76.3,41.1,64.7,26.7
5176,3,1,2,0,0,0,40.0,3,0,1,0,0,0,1,0,0,66.7,2,2,3,1,1,1,0,0,52,1,0,0,0,0,0,0,1,0,0,46,3,2,1,4,1,79.9,52.6,76.4,27.7
5177,0,0,0,1,2,3,55.0,1,0,1,0,0,0,0,0,0,33.3,4,1,1,4,0,0,1,0,34,1,1,0,0,0,14,0,0,1,1,0,5,1,5,4,1,49.7,19.6,65.3,26.0
5178,0,1,0,2,0,3,70.0,3,0,0,1,0,1,0,0,0,66.7,2,3,3,2,0,0,0,1,0,1,0,0,0,0,0,0,1,0,0,46,2,3,5,4,2,56.8,30.7,59.9,42.6
5179,3,1,0,0,2,0,43.3,3,0,1,0,0,1,1,0,0,100.0,2,3,3,4,0,1,0,0,22,1,0,1,0,0,0,1,0,0,0,30,3,2,1,1,2,64.6,32.9,71.5,43.0
5180,2,3,1,0,0,0,40.0,4,1,0,0,1,0,0,0,0,66.7,4,4,2,3,1,0,0,1,6,0,1,1,0,0,70,0,0,1,0,0,5,2,5,5,2,7.8,7.9,16.6,79.1
5181,2,3,0,1,0,0,60.0,1,0,0,1,0,0,0,0,1,66.7,4,2,2,3,0,1,0,0,22,1,0,0,0,0,0,1,1,0,0,76,3,2,5,4,1,79.7,55.1,78.4,28.2
5182,0,1,3,0,0,2,65.0,1,0,0,0,1,0,0,0,0,33.3,4,3,3,4,0,1,1,0,56,0,0,1,0,0,28,1,0,1,0,2,2,3,1,4,1,48.7,18.2,61.2,37.8
5183,3,0,1,0,0,2,65.0,2,0,0,0,0,0,1,0,1,66.7,4,1,3,2,0,1,1,0,56,0,1,0,0,0,42,0,1,1,0,18,3,3,4,4,3,37.9,21.5,41.3,45.3
5184,3,2,0,0,0,1,63.3,3,1,0,0,0,0,1,0,0,66.7,2,4,3,2,0,1,0,0,22,0,0,0,0,1,0,1,0,0,1,2,3,2,4,1,1,61.8,24.5,65.4,40.0
5185,2,0,0,0,1,3,71.7,3,0,0,0,1,0,0,0,0,33.3,1,3,4,3,1,0,0,0,30,1,0,1,0,0,0,1,1,0,0,76,2,1,5,2,2,89.3,66.5,97.0,25.4
5186,2,3,1,0,0,0,40.0,5,0,0,1,0,0,0,0,1,66.7,1,3,4,2,0,1,0,1,0,0,0,0,1,0,20,1,0,0,0,30,2,1,1,2,1,68.1,40.8,76.5,34.6
5187,0,0,2,3,0,1,61.7,5,0,0,1,0,0,1,0,1,100.0,4,4,3,3,0,1,0,0,22,0,1,0,0,0,42,0,0,1,0,0,3,4,5,4,2,20.7,9.1,26.0,74.5
5188,3,0,2,0,1,0,55.0,5,0,1,0,0,0,0,1,0,66.7,5,3,1,4,0,1,1,0,56,0,0,0,1,0,20,0,0,1,1,0,1,4,5,1,3,40.2,7.8,41.9,37.2
5189,1,0,0,3,0,2,73.3,4,0,0,0,0,0,0,1,0,33.3,4,2,1,3,0,1,0,0,22,0,1,0,0,0,42,0,0,1,1,0,1,3,4,2,2,36.4,11.8,37.6,34.6
5190,1,3,0,0,2,0,43.3,5,0,0,0,1,0,0,1,1,100.0,4,2,3,2,0,0,0,1,0,1,0,0,0,0,0,0,0,1,0,0,1,3,5,1,4,31.4,0.0,46.8,40.1
5191,2,0,3,0,1,0,55.0,4,0,1,1,1,0,0,0,0,100.0,2,2,4,2,0,1,0,1,0,0,1,1,0,0,70,0,0,0,1,0,1,2,5,1,2,28.0,15.5,33.1,54.1
5192,0,0,2,1,3,0,55.0,5,0,0,0,1,1,0,0,0,66.7,5,1,2,3,0,1,0,0,22,1,0,0,0,0,0,0,0,1,0,0,5,3,5,4,2,32.6,4.6,48.4,36.1
5193,0,0,2,3,0,1,61.7,3,1,0,1,0,0,0,1,0,100.0,4,4,1,1,1,1,0,0,52,0,1,0,1,0,62,1,0,0,1,2,3,4,4,1,1,33.8,18.8,19.4,65.5
5194,2,3,0,0,1,0,43.3,2,0,0,1,1,0,1,0,0,100.0,4,3,4,1,0,1,0,0,22,0,0,1,1,0,48,1,1,0,0,76,3,3,4,1,2,61.7,41.1,48.3,50.5
5195,1,3,2,0,0,0,40.0,3,0,1,0,1,0,1,0,0,100.0,2,2,3,1,0,0,1,1,10,0,0,1,0,1,0,1,1,0,0,76,2,2,5,4,3,69.0,47.2,63.7,42.0
5196,3,0,2,0,0,1,65.0,4,0,1,1,0,0,0,0,0,66.7,4,4,3,3,0,0,0,1,0,0,1,0,0,0,42,0,0,1,0,0,2,4,2,5,2,14.8,0.0,23.9,66.5
5197,0,1,2,0,3,0,48.3,3,1,1,0,0,0,0,1,0,100.0,4,3,3,2,1,1,0,0,52,0,0,1,0,1,0,0,0,0,1,0,3,1,4,4,1,54.0,29.6,68.6,47.6
5198,2,0,1,0,0,3,65.0,4,0,0,1,0,0,0,0,0,33.3,5,3,1,4,0,1,0,0,22,1,0,1,0,0,0,1,0,0,1,2,1,4,1,4,3,25.5,0.1,39.3,41.3
5199,0,2,0,0,3,1,61.7,1,0,0,0,0,0,1,0,0,33.3,2,2,3,3,0,1,0,0,22,1,0,0,0,1,0,1,0,0,0,30,2,3,4,4,2,55.6,18.6,65.8,27.7
5200,2,1,3,0,0,0,40.0,3,1,0,0,0,0,0,0,0,33.3,5,4,1,2,0,0,1,0,34,1,0,0,0,0,0,1,0,0,1,2,5,4,1,2,2,41.5,7.8,44.8,40.2
5201,0,1,2,3,0,0,63.3,2,1,0,0,0,0,1,0,0,66.7,2,4,3,3,1,1,0,0,52,1,0,0,1,0,0,1,0,0,0,30,3,1,4,1,1,83.0,45.3,85.2,38.6
5202,3,1,2,0,0,0,40.0,2,0,0,0,1,1,0,0,0,66.7,2,2,3,2,0,1,0,1,0,0,0,1,1,0,48,1,0,0,0,30,1,2,2,2,2,47.7,25.8,52.5,38.1
5203,0,2,1,0,0,3,65.0,3,1,0,0,1,0,0,0,1,100.0,5,4,1,3,0,1,1,0,56,0,1,1,0,0,70,0,1,1,0,18,5,2,2,5,4,5.4,19.4,3.8,92.4
5204,3,0,0,2,1,0,63.3,5,0,0,0,0,0,1,0,0,33.3,5,4,1,4,0,1,0,0,22,0,1,0,0,0,42,0,0,1,1,0,1,2,4,1,2,39.7,15.4,41.2,43.2
5205,3,1,2,0,0,0,40.0,2,0,1,1,1,0,0,0,0,100.0,2,2,3,4,0,1,0,0,22,0,0,1,0,0,28,1,1,0,0,76,3,2,2,2,2,75.5,53.0,75.6,34.9
5206,0,0,2,1,3,0,55.0,1,0,1,0,0,0,0,0,0,33.3,5,3,3,4,0,0,1,0,34,1,1,0,0,0,14,0,0,1,0,0,3,2,2,5,3,29.4,7.2,52.4,47.5
5207,3,0,0,1,2,0,63.3,3,0,0,1,0,0,1,0,0,66.7,4,4,4,4,0,1,0,1,0,0,0,1,0,1,0,0,0,0,1,0,3,3,4,2,1,40.1,3.9,60.3,41.8
5208,2,3,0,0,1,0,43.3,4,1,1,0,1,0,0,0,0,100.0,4,4,3,2,0,1,0,0,22,0,1,0,0,0,42,1,0,0,0,30,3,1,2,2,2,44.6,38.4,44.2,59.0
5209,0,1,3,0,0,2,65.0,1,0,0,0,0,0,1,0,0,33.3,1,3,1,3,0,1,1,0,56,1,0,0,0,0,0,1,0,0,1,2,1,2,1,1,2,68.4,26.8,65.7,25.7
5210,0,2,3,0,1,0,48.3,2,0,0,1,0,0,0,0,1,66.7,5,4,1,3,1,1,0,0,52,0,1,1,0,0,70,1,0,0,1,2,1,4,4,5,3,11.6,3.4,2.0,72.1
5211,1,3,2,0,0,0,40.0,2,0,0,0,0,0,1,0,0,33.3,5,3,3,3,0,1,0,0,22,1,0,1,0,0,0,1,1,0,0,76,5,3,5,1,4,59.3,36.5,68.0,33.8
5212,0,2,1,3,0,0,63.3,3,0,0,0,0,0,1,0,1,66.7,2,1,2,2,0,0,1,0,34,1,0,1,0,0,0,1,0,0,0,30,2,1,4,2,1,79.5,46.2,78.0,18.2
5213,3,1,2,0,0,0,40.0,3,0,0,0,1,1,0,0,0,66.7,1,3,4,4,0,1,0,0,22,1,0,0,0,0,0,0,1,0,1,18,1,2,1,2,2,66.0,29.7,83.3,32.2
5214,1,2,3,0,0,0,40.0,1,0,0,0,0,0,1,0,0,33.3,5,3,3,1,1,0,0,1,6,0,0,0,0,1,0,0,0,0,1,0,2,3,2,4,2,35.7,0.0,46.0,37.4
5215,3,0,2,1,0,0,63.3,3,0,0,1,1,1,0,0,0,100.0,2,1,4,3,0,1,1,0,56,1,0,0,0,0,0,0,1,1,0,18,3,2,4,5,2,63.6,37.4,73.7,43.2
5216,0,0,1,0,3,2,61.7,2,1,0,1,0,0,0,0,0,66.7,5,3,1,3,0,1,0,1,0,1,0,0,0,0,0,0,0,1,0,0,5,4,4,5,1,32.4,0.0,34.2,51.7
5217,2,1,0,0,0,3,63.3,3,0,0,0,1,0,1,0,0,66.7,5,4,3,4,1,1,0,0,52,1,0,1,0,0,0,1,0,1,0,2,5,4,4,2,4,32.6,0.6,40.9,56.5
5218,0,1,3,0,0,2,65.0,1,0,1,1,0,0,0,0,0,66.7,4,3,1,4,0,0,0,1,0,1,0,0,0,0,0,1,0,0,0,30,5,1,1,4,1,58.5,27.7,65.7,47.6
5219,2,3,1,0,0,0,40.0,3,0,1,0,1,0,0,0,0,66.7,4,3,2,3,0,1,1,0,56,0,0,1,0,0,28,1,0,1,0,2,3,3,4,5,3,27.9,15.9,34.4,58.6
5220,0,0,2,3,0,1,61.7,3,0,0,0,0,0,1,1,0,66.7,4,2,1,4,0,0,0,1,0,0,1,0,0,0,42,0,0,0,1,0,1,4,2,2,1,34.9,0.5,41.2,33.7
5221,2,1,0,0,0,3,63.3,1,0,0,0,0,1,1,0,0,66.7,5,4,1,3,0,1,0,0,22,1,1,0,0,0,14,0,0,0,1,0,1,3,1,4,2,27.7,6.1,34.4,48.3
5222,2,0,1,3,0,0,63.3,3,1,1,0,1,0,0,0,0,100.0,4,2,3,3,0,0,1,0,34,0,1,0,0,0,42,1,0,1,0,2,3,3,5,1,3,32.8,7.9,37.7,49.9
5223,3,2,1,0,0,0,40.0,5,0,0,1,0,1,0,0,1,100.0,2,1,4,3,1,0,1,0,64,1,0,1,0,0,0,0,1,1,0,18,3,2,5,2,1,75.9,44.5,89.6,26.5
5224,0,3,0,0,1,2,61.7,2,0,0,0,0,1,1,0,0,66.7,5,3,1,3,0,1,0,1,0,1,0,0,0,0,0,0,0,1,0,0,1,4,5,5,3,17.0,0.0,34.6,50.6
5225,1,0,3,0,2,0,55.0,2,1,0,0,0,0,0,0,0,33.3,2,2,2,3,1,0,0,0,30,0,0,0,0,1,0,0,1,1,0,18,1,2,5,1,1,73.8,32.4,81.4,12.5
5226,3,1,0,2,0,0,60.0,2,0,0,0,0,1,0,0,1,66.7,5,3,3,3,0,1,0,0,22,0,1,0,0,0,42,1,0,1,0,2,5,4,5,5,2,16.6,1.2,21.3,67.7
5227,1,0,3,0,0,2,65.0,3,0,0,0,0,0,1,0,0,33.3,4,3,2,3,0,1,0,1,0,0,1,0,0,0,42,1,0,0,1,2,2,1,5,1,2,35.2,12.9,43.4,41.6
5228,1,0,3,0,0,2,65.0,5,0,0,0,1,0,0,1,0,66.7,4,4,2,3,0,1,0,0,22,0,0,1,0,0,28,0,0,1,0,0,1,4,2,2,1,36.8,11.1,44.7,48.4
5229,3,2,1,0,0,0,40.0,3,0,0,0,1,0,0,0,0,33.3,1,1,3,3,1,0,0,1,6,1,0,0,0,0,0,0,1,1,0,18,2,2,5,2,1,74.1,28.9,79.4,7.6
5230,2,0,3,0,1,0,55.0,5,0,0,0,0,1,0,0,1,66.7,5,4,4,4,0,1,0,1,0,1,0,1,0,0,0,1,0,0,0,30,2,2,2,2,2,47.2,17.7,70.1,38.8
5231,3,2,1,0,0,0,40.0,2,1,0,0,0,0,1,1,0,100.0,2,1,4,4,1,0,1,0,64,1,1,0,0,0,14,1,1,0,0,76,3,2,2,2,2,89.6,69.5,88.4,28.5
5232,2,3,0,1,0,0,60.0,4,0,0,0,0,0,0,1,0,33.3,4,3,3,4,1,1,0,0,52,0,1,1,0,0,70,0,0,1,0,0,5,1,4,4,4,16.4,17.3,24.3,71.3
5233,3,0,1,0,0,2,65.0,3,0,0,0,0,0,0,0,1,33.3,5,3,4,4,1,0,0,1,6,0,1,0,0,0,42,0,0,1,0,0,5,1,4,2,4,24.6,2.0,46.1,57.2
5234,2,0,3,0,1,0,55.0,4,0,1,0,0,1,1,0,0,100.0,2,4,3,4,0,1,0,0,22,0,1,0,0,0,42,0,0,1,0,0,5,3,2,5,3,15.4,7.7,22.7,87.4
5235,3,0,0,1,0,2,73.3,4,1,0,0,0,1,0,0,1,100.0,2,2,3,1,0,1,0,0,22,0,1,1,0,0,70,0,0,1,0,0,1,4,5,5,2,19.8,9.2,15.3,68.5
5236,0,0,2,1,3,0,55.0,3,0,0,0,1,0,0,0,0,33.3,4,2,4,2,0,1,0,0,22,0,0,0,1,1,0,0,1,0,0,46,3,2,4,4,2,61.9,33.0,76.3,28.8
5237,3,2,1,0,0,0,40.0,4,0,0,0,1,0,0,0,0,33.3,2,4,3,4,1,0,0,0,30,0,1,0,0,1,0,0,1,0,0,46,2,1,5,2,2,75.3,46.4,79.7,29.2
5238,3,1,2,0,0,0,40.0,1,1,0,0,1,1,0,0,0,100.0,5,4,3,3,0,1,0,1,0,1,0,0,0,0,0,0,0,0,1,0,2,1,4,1,3,39.1,2.5,53.9,49.3
5239,0,2,1,0,0,3,65.0,5,1,0,0,0,0,0,0,0,33.3,4,2,4,3,0,1,0,0,22,1,0,0,0,0,0,0,0,1,0,0,2,3,4,2,2,53.6,5.1,74.8,17.2
5240,3,2,1,0,0,0,40.0,4,0,0,0,1,0,1,1,0,100.0,4,2,3,4,0,1,0,0,22,0,1,0,0,1,0,0,1,0,0,46,2,2,1,4,1,66.1,38.3,75.7,35.3
5241,3,2,1,0,0,0,40.0,2,0,1,0,0,0,0,0,1,66.7,4,4,4,1,1,1,0,0,52,1,0,0,0,0,0,1,1,0,0,76,3,1,5,4,1,78.7,64.9,81.6,44.2
5242,3,0,2,0,1,0,55.0,3,0,0,0,0,0,1,0,0,33.3,2,4,4,4,0,1,0,0,22,0,1,0,0,0,42,1,0,0,0,30,3,3,5,5,2,42.5,27.8,52.3,53.2
5243,2,0,1,3,0,0,63.3,3,0,0,0,1,1,0,0,0,66.7,5,3,4,2,1,0,0,0,30,0,0,1,0,1,0,1,0,0,0,30,3,1,4,2,3,53.1,26.6,65.9,36.1
5244,3,2,1,0,0,0,40.0,1,0,0,1,1,0,0,0,1,100.0,2,2,3,3,0,1,1,0,56,1,0,1,0,0,0,1,1,0,0,76,5,4,4,4,1,80.5,57.3,79.9,38.2
5245,0,3,0,0,1,2,61.7,4,0,0,0,0,1,1,1,0,100.0,2,3,1,3,0,1,0,0,22,1,0,0,0,0,0,1,0,1,0,2,1,3,5,4,1,48.5,17.8,45.7,49.1
5246,3,2,0,1,0,0,60.0,1,0,0,1,0,0,0,0,0,33.3,1,2,4,1,1,1,0,0,52,0,0,1,0,1,0,0,1,0,0,46,2,2,4,2,1,89.8,54.0,79.7,19.9
5247,0,0,0,1,3,2,55.0,5,0,1,1,0,0,0,0,1,100.0,2,4,4,1,0,0,0,1,0,0,1,0,0,0,42,0,0,1,0,0,5,1,1,4,3,21.8,17.0,30.9,76.5
5248,2,0,3,0,1,0,55.0,1,0,0,0,0,0,1,0,0,33.3,4,1,4,4,1,0,0,1,6,1,0,0,0,1,0,0,0,0,1,0,3,2,4,2,1,57.3,10.5,82.0,13.6
5249,3,1,0,0,0,2,63.3,3,0,1,0,1,0,1,0,0,100.0,5,2,1,4,1,0,0,1,6,1,0,1,0,0,0,0,1,0,0,46,5,3,4,1,2,52.7,25.6,59.7,36.5
5250,3,1,0,2,0,0,60.0,2,0,1,0,1,0,1,0,0,100.0,4,4,2,4,1,1,0,0,52,1,0,0,0,0,0,1,0,0,0,30,3,3,1,2,1,63.3,36.2,62.4,50.0
5251,3,2,0,0,0,1,63.3,3,0,0,0,0,0,0,0,1,33.3,4,3,3,3,0,1,1,0,56,1,0,0,0,1,0,1,0,0,0,30,3,2,5,1,1,75.8,47.4,82.8,23.1
5252,0,0,2,3,1,0,55.0,2,0,0,0,0,0,0,0,1,33.3,4,2,4,4,0,1,1,0,56,1,0,1,0,0,0,1,0,0,0,30,1,3,5,2,1,72.4,30.3,90.1,11.1
5253,0,3,1,0,2,0,48.3,1,0,0,1,0,0,0,0,1,66.7,4,1,4,3,1,0,0,0,30,0,0,0,0,1,0,1,1,0,0,76,3,3,1,5,1,71.3,46.4,78.9,26.6
5254,2,0,1,3,0,0,63.3,1,0,0,0,0,0,1,0,0,33.3,4,4,4,3,1,0,0,1,6,1,0,0,0,0,0,1,0,0,1,2,5,3,5,2,1,48.8,7.8,64.2,39.0
5255,0,0,1,2,0,3,61.7,2,1,1,0,0,0,0,0,0,66.7,5,3,1,1,0,1,0,1,0,0,1,0,0,0,42,0,1,0,0,46,1,3,5,2,4,30.0,13.5,22.3,49.2
5256,2,3,1,0,0,0,40.0,3,0,0,1,0,0,1,0,0,66.7,2,3,3,1,1,1,0,0,52,0,0,1,0,1,0,0,1,0,0,46,3,3,5,4,3,61.7,43.4,60.2,40.9
5257,0,0,3,1,2,0,55.0,3,0,1,0,0,1,0,1,0,100.0,2,2,3,3,0,1,0,0,22,0,0,1,0,0,28,0,0,1,0,0,5,4,2,5,4,16.3,0.0,25.1,67.8
5258,3,1,0,0,2,0,43.3,1,0,0,0,0,1,0,0,0,33.3,1,2,1,2,1,0,0,1,6,0,1,1,0,0,70,1,0,0,0,30,3,2,1,4,3,32.8,24.2,25.5,48.6
5259,0,1,0,0,3,2,61.7,3,0,1,0,1,0,0,0,0,66.7,5,4,3,3,1,0,0,0,30,0,0,1,0,0,28,0,1,0,1,18,5,3,1,1,2,41.7,14.1,46.2,52.0
5260,3,2,0,1,0,0,60.0,3,1,0,0,1,0,0,0,1,100.0,4,3,2,4,1,0,0,1,6,0,0,0,1,0,20,1,1,0,0,76,5,3,4,2,2,59.3,39.3,57.0,49.1
5261,3,2,0,0,1,0,43.3,3,0,0,0,1,0,0,1,1,100.0,2,2,1,3,1,0,0,0,30,1,0,0,1,0,0,1,0,0,0,30,1,1,5,4,2,66.8,44.4,66.1,37.8
5262,3,0,2,1,0,0,63.3,5,1,0,1,0,0,0,1,0,100.0,5,3,1,2,0,0,1,0,34,0,1,1,0,0,70,0,1,1,0,18,2,4,4,5,4,4.7,7.7,0.0,83.0
5263,3,2,0,0,1,0,43.3,3,1,1,0,0,1,0,0,0,100.0,4,3,3,3,1,0,1,0,64,1,0,1,0,0,0,1,0,0,0,30,1,3,4,4,2,55.8,32.9,61.0,51.6
5264,1,2,0,3,0,0,60.0,2,0,1,0,0,1,0,0,0,66.7,4,1,1,2,0,1,1,0,56,0,1,0,0,0,42,1,0,0,0,30,2,3,4,5,3,41.7,28.3,32.9,45.7
5265,1,2,0,3,0,0,60.0,2,0,1,0,0,0,1,0,1,100.0,2,3,4,3,0,1,0,0,22,1,0,1,0,0,0,1,0,0,0,30,3,1,2,1,1,73.5,40.7,82.5,35.7
5266,3,1,0,0,0,2,63.3,3,0,1,0,0,0,1,1,0,100.0,4,3,4,4,1,1,0,0,52,0,1,0,0,0,42,1,1,0,0,76,5,4,1,4,2,54.4,48.0,56.5,62.8
5267,0,1,3,0,0,2,65.0,1,0,1,0,0,1,1,0,0,100.0,4,4,2,3,0,1,0,0,22,1,0,1,0,0,0,1,0,1,0,2,1,3,5,5,3,23.9,1.0,35.7,62.0
5268,0,1,2,3,0,0,63.3,3,0,0,0,0,0,0,1,0,33.3,1,3,1,4,0,1,0,0,22,0,0,0,0,1,0,1,1,0,0,76,3,3,5,1,3,77.5,51.8,71.4,23.0
5269,0,1,2,3,0,0,63.3,3,0,0,0,0,0,1,0,0,33.3,5,2,1,3,1,1,0,0,52,0,1,1,0,0,70,1,0,1,0,2,3,3,4,1,4,20.2,5.7,18.2,51.3
5270,0,1,3,0,2,0,48.3,4,0,0,0,1,0,0,1,0,66.7,2,4,3,2,0,1,0,0,22,0,1,0,0,1,0,0,0,1,0,0,2,2,4,2,3,45.5,22.3,52.9,52.9
5271,2,0,3,0,0,1,65.0,5,0,1,0,0,1,0,0,0,66.7,4,3,2,2,1,1,0,0,52,0,1,0,0,0,42,0,1,0,0,46,2,1,1,2,4,46.8,42.6,41.9,55.7
5272,2,0,3,0,0,1,65.0,4,0,1,0,0,0,0,0,0,33.3,5,4,1,4,1,1,0,0,52,1,0,0,0,1,0,0,0,0,1,0,2,3,4,5,3,32.7,6.2,43.0,49.7
5273,0,3,1,0,2,0,48.3,3,0,1,0,0,0,0,0,0,33.3,2,3,4,3,0,1,0,0,22,1,0,0,0,1,0,1,1,0,0,76,5,3,2,1,1,92.7,57.4,87.7,18.2
5274,2,0,3,0,0,1,65.0,4,0,0,0,1,1,1,0,0,100.0,2,3,4,3,0,0,1,1,10,1,0,0,0,0,0,1,1,0,0,76,1,4,5,2,2,75.0,44.3,77.2,33.2
5275,0,1,2,0,0,3,65.0,4,0,0,1,0,1,0,1,0,100.0,4,4,1,3,1,0,0,0,30,0,1,0,0,0,42,0,0,1,1,0,5,3,2,4,2,23.9,10.3,16.9,77.9
5276,1,3,2,0,0,0,40.0,3,1,1,0,0,0,1,0,0,100.0,4,2,3,3,1,0,0,0,30,0,0,1,1,0,48,1,1,0,0,76,5,3,4,5,3,44.8,37.7,43.4,63.1
5277,2,1,3,0,0,0,40.0,3,0,0,1,1,1,0,0,0,100.0,1,2,3,3,0,0,0,1,0,1,0,0,0,0,0,1,0,0,1,2,3,3,4,1,2,54.3,8.0,64.9,33.5
5278,0,1,3,0,2,0,48.3,3,0,0,0,0,0,1,0,0,33.3,2,2,3,3,0,1,0,0,22,0,0,1,0,0,28,0,0,0,1,0,2,1,1,4,1,48.1,25.8,63.8,30.3
5279,0,0,1,0,2,3,61.7,3,0,0,1,0,0,0,0,1,66.7,2,2,4,2,1,1,0,0,52,1,0,0,0,0,0,1,1,0,0,76,3,4,1,2,1,94.3,59.3,91.1,18.8
5280,1,0,2,3,0,0,63.3,2,0,0,0,0,0,1,0,0,33.3,4,4,1,4,0,1,0,0,22,1,0,1,0,0,0,0,0,1,0,0,2,4,4,2,3,39.3,0.0,46.6,41.9
5281,3,0,1,0,0,2,65.0,3,0,0,1,0,0,1,1,0,100.0,5,4,1,3,0,1,0,0,22,1,1,0,0,0,14,0,0,1,0,0,3,4,5,4,2,25.2,0.0,30.6,60.5
5282,0,2,0,3,1,0,53.3,3,1,0,0,0,0,1,0,0,66.7,4,4,4,3,0,1,1,0,56,0,1,0,0,0,42,1,0,0,0,30,1,4,4,2,2,51.1,30.4,53.9,49.6
5283,0,0,0,3,2,1,55.0,1,0,1,1,0,1,0,0,0,100.0,5,2,1,3,0,1,1,0,56,0,1,0,0,0,42,1,0,0,0,30,5,2,4,1,3,42.4,27.7,41.7,49.3
5284,0,2,1,0,0,3,65.0,4,0,1,0,0,0,0,1,0,66.7,5,4,1,4,0,1,0,1,0,0,1,0,0,0,42,0,0,1,0,0,1,4,1,5,1,16.5,0.0,24.8,58.8
5285,0,0,2,1,3,0,55.0,3,0,0,0,1,0,0,0,1,66.7,5,4,3,3,0,0,0,1,0,0,1,0,0,0,42,0,0,1,0,0,2,4,5,4,3,11.3,0.0,22.9,66.9
5286,3,0,1,0,2,0,55.0,3,0,0,0,1,0,0,0,0,33.3,2,2,4,3,0,1,0,1,0,0,1,0,1,0,62,0,0,0,1,0,2,4,5,2,3,22.1,0.5,33.1,45.2
5287,2,3,0,0,1,0,43.3,4,1,1,0,1,0,0,0,0,100.0,5,1,2,2,0,1,0,0,22,1,0,0,1,0,0,1,0,0,0,30,2,2,5,4,1,61.1,29.4,64.5,31.4
5288,0,3,2,0,0,1,65.0,4,0,0,0,0,1,0,0,1,66.7,5,4,4,4,0,0,0,1,0,0,1,0,0,0,42,1,0,1,0,2,5,4,5,5,3,2.1,0.0,21.0,75.1
5289,0,2,3,0,0,1,65.0,3,0,1,0,0,1,0,0,0,66.7,5,2,3,4,0,1,1,0,56,1,0,1,0,0,0,0,0,0,1,0,1,3,2,4,4,33.5,5.3,52.5,44.9
5290,0,3,2,0,0,1,65.0,1,0,1,0,0,0,0,1,0,66.7,4,1,1,2,0,1,0,1,0,1,0,0,0,0,0,0,1,0,0,46,1,2,5,1,1,73.6,33.5,68.9,11.1
5291,3,0,1,0,0,2,65.0,3,0,1,0,1,0,0,1,0,100.0,1,3,3,2,1,0,0,0,30,1,0,0,0,0,0,1,0,0,0,30,3,1,1,2,1,74.2,43.9,72.8,40.0
5292,2,0,1,0,3,0,55.0,5,0,0,0,1,0,0,0,0,33.3,5,3,2,4,0,1,0,0,22,1,0,0,0,0,0,1,1,0,0,76,3,1,5,1,2,78.1,51.0,82.6,23.4
5293,3,2,1,0,0,0,40.0,5,1,0,0,1,0,0,0,0,66.7,4,3,1,3,0,1,0,0,22,0,1,0,0,0,42,0,0,1,0,0,5,3,5,5,4,6.8,0.8,11.0,69.6
5294,3,1,2,0,0,0,40.0,3,0,0,0,1,0,1,1,0,100.0,2,4,3,4,0,0,0,1,0,1,0,1,0,0,0,1,1,0,0,76,1,2,4,1,1,87.8,58.0,92.8,31.6
5295,0,3,0,0,2,1,61.7,2,0,0,1,0,0,0,0,0,33.3,1,3,3,2,0,1,0,0,22,1,0,0,0,0,0,0,1,1,0,18,5,3,4,2,1,61.9,32.3,66.7,30.1
5296,0,3,0,0,1,2,61.7,4,0,1,0,1,0,1,0,0,100.0,5,3,1,4,0,1,0,0,22,1,1,0,0,0,14,1,0,1,0,2,3,3,2,5,1,31.0,10.3,39.7,59.4
5297,2,1,3,0,0,0,40.0,3,0,0,1,0,0,0,0,0,33.3,5,2,3,3,0,1,1,0,56,0,0,1,0,1,0,1,1,0,0,76,2,2,4,2,1,88.4,60.1,90.3,12.3
5298,1,2,0,0,0,3,63.3,4,0,0,1,0,0,0,0,0,33.3,2,2,2,3,1,1,0,0,52,0,1,0,1,0,62,1,0,0,0,30,3,1,4,1,1,67.0,53.1,66.3,34.0
5299,0,0,2,1,0,3,61.7,4,1,0,1,0,0,0,1,0,100.0,2,1,3,1,0,1,0,0,22,1,0,0,0,1,0,1,0,0,1,2,2,2,5,2,4,43.6,14.9,49.8,37.0
5300,0,0,1,2,0,3,61.7,5,0,0,0,0,0,1,0,0,33.3,5,3,3,4,0,0,1,1,10,0,1,0,0,0,42,1,1,0,0,76,5,3,2,5,3,41.1,39.1,52.0,52.0
5301,0,0,2,0,3,1,61.7,3,0,1,0,0,1,0,1,0,100.0,5,3,1,4,0,0,0,1,0,0,0,1,0,0,28,0,1,1,0,18,5,4,2,5,3,9.5,0.0,19.7,71.1
5302,0,1,3,2,0,0,63.3,3,0,0,1,0,0,0,0,0,33.3,2,1,1,4,0,1,0,1,0,1,0,0,0,0,0,1,1,0,0,76,3,4,5,1,1,91.0,45.4,84.8,5.6
5303,2,3,1,0,0,0,40.0,2,0,0,1,1,1,0,0,0,100.0,2,2,4,2,1,1,0,0,52,1,0,0,0,1,0,1,0,0,0,30,2,2,5,1,4,64.0,32.5,66.9,36.0
5304,2,3,0,0,1,0,43.3,4,0,1,0,1,0,1,0,0,100.0,2,3,1,2,0,1,1,0,56,1,0,0,0,0,0,1,1,0,0,76,2,3,1,1,1,95.7,69.6,75.3,30.2
5305,3,0,0,2,1,0,63.3,2,0,1,0,1,0,0,1,0,100.0,1,2,2,4,0,1,0,0,22,0,1,0,0,0,42,0,1,0,0,46,3,2,1,1,4,51.8,32.6,52.1,49.9
5306,3,1,0,2,0,0,60.0,1,0,1,1,0,0,0,0,0,66.7,2,2,1,4,0,1,1,0,56,0,0,1,0,0,28,1,0,1,0,2,3,2,4,4,1,46.5,30.5,51.9,43.8
5307,0,0,0,3,2,1,55.0,4,1,0,1,0,0,0,0,0,66.7,4,3,3,3,0,1,0,0,22,0,1,0,0,1,0,0,1,1,0,18,5,2,5,4,1,53.8,27.1,71.0,41.7
5308,0,0,2,0,3,1,61.7,3,1,1,1,0,0,0,0,0,100.0,5,4,1,4,0,1,0,1,0,0,1,0,0,0,42,0,0,1,0,0,5,3,1,4,3,6.2,0.0,11.8,82.8
5309,0,2,0,0,3,1,61.7,1,1,0,0,0,0,0,0,0,33.3,2,4,4,3,1,1,0,0,52,1,0,0,0,1,0,1,0,0,0,30,2,2,1,5,3,58.1,35.1,65.5,48.2
5310,3,0,1,2,0,0,63.3,3,0,1,0,1,0,0,0,0,66.7,2,3,3,3,1,0,1,0,64,0,1,1,0,0,70,1,1,0,0,76,2,2,5,2,1,75.3,70.6,63.8,49.7
5311,0,0,2,1,3,0,55.0,1,0,1,0,0,0,0,0,0,33.3,4,4,3,4,0,1,1,0,56,0,1,0,0,1,0,1,0,0,0,30,5,1,5,4,4,49.0,33.9,60.2,53.7
5312,3,2,0,1,0,0,60.0,2,0,0,0,0,0,1,0,0,33.3,4,3,3,4,1,1,0,0,52,0,0,1,0,0,28,1,0,0,0,30,1,3,4,4,2,48.8,32.6,55.8,42.3
5313,1,0,2,3,0,0,63.3,3,0,0,1,0,0,1,0,1,100.0,1,1,3,4,0,1,0,0,22,1,0,0,0,0,0,1,1,0,0,76,3,2,4,2,1,83.3,60.0,88.5,24.8
5314,0,3,2,0,0,1,65.0,5,1,0,0,0,0,1,1,0,100.0,2,3,2,1,1,1,0,0,52,0,0,1,0,0,28,1,0,1,0,2,3,4,4,4,3,27.0,9.7,21.1,67.1
5315,3,2,0,0,0,1,63.3,5,0,0,0,1,0,0,0,0,33.3,4,4,2,2,0,1,0,0,22,0,0,1,0,0,28,1,0,1,0,2,3,4,5,2,2,33.0,3.1,37.8,46.3
5316,1,2,0,0,3,0,43.3,4,0,0,0,1,0,0,0,0,33.3,2,2,3,2,0,1,1,0,56,1,0,0,0,0,0,1,0,0,1,2,1,1,2,1,1,74.4,37.3,82.2,9.2
5317,0,1,2,3,0,0,63.3,1,0,1,0,1,0,0,0,1,100.0,1,3,3,3,1,0,0,1,6,1,0,0,0,0,0,1,0,1,0,2,3,3,4,2,1,50.7,17.1,60.6,49.3
5318,0,1,2,0,3,0,48.3,4,1,0,0,0,0,0,1,0,66.7,5,3,1,4,0,0,0,1,0,0,0,1,0,0,28,1,1,0,0,76,1,3,4,2,2,55.4,34.8,55.8,36.3
5319,2,3,1,0,0,0,40.0,3,1,0,0,1,0,0,0,0,66.7,2,2,3,3,1,0,1,0,64,1,0,0,0,1,0,0,1,0,1,18,2,3,1,2,1,76.8,38.6,83.3,20.6
5320,3,1,0,2,0,0,60.0,3,0,1,0,0,0,0,0,0,33.3,2,3,1,2,1,1,0,0,52,0,0,1,1,0,48,0,1,1,0,18,3,1,2,1,1,64.6,40.9,53.9,38.5
5321,1,3,0,0,2,0,43.3,2,0,1,0,0,0,0,1,0,66.7,2,2,4,4,0,1,0,0,22,1,0,1,0,0,0,1,1,0,0,76,3,3,5,2,2,83.8,50.8,91.2,22.3
5322,0,2,3,0,1,0,48.3,4,0,0,0,0,0,1,0,0,33.3,2,3,2,3,0,0,1,0,34,0,0,0,0,1,0,1,0,0,1,2,5,4,5,5,4,31.6,5.7,39.4,50.1
5323,0,3,2,0,1,0,48.3,4,1,0,1,0,1,0,0,0,100.0,2,1,3,4,0,1,0,0,22,1,0,0,0,0,0,1,0,0,1,2,2,2,5,2,1,65.2,21.2,78.4,25.2
5324,1,3,0,2,0,0,60.0,2,0,1,1,0,0,0,0,0,66.7,2,3,3,1,1,0,0,0,30,0,0,0,1,0,20,1,0,0,1,2,3,2,4,2,1,56.3,24.3,59.2,39.4
5325,2,1,0,0,0,3,63.3,1,0,0,0,1,0,0,0,0,33.3,2,1,1,4,0,1,1,0,56,1,0,0,0,1,0,1,0,0,0,30,3,2,4,2,1,82.5,42.2,79.7,15.6
5326,2,3,0,0,0,1,63.3,3,1,0,0,1,0,1,0,0,100.0,4,4,3,4,0,0,0,1,0,0,1,1,0,0,70,1,0,1,0,2,5,3,4,1,2,21.7,2.6,26.6,67.2
5327,0,3,2,0,0,1,65.0,2,1,0,1,0,1,0,0,0,100.0,5,2,3,4,0,1,0,1,0,1,0,1,0,0,0,1,0,1,0,2,5,2,1,1,4,29.8,0.0,53.0,46.3
5328,0,1,2,3,0,0,63.3,3,0,0,1,1,0,0,0,0,66.7,4,1,2,4,1,0,0,0,30,0,0,0,0,1,0,1,1,0,0,76,5,4,5,1,1,80.8,50.5,82.3,14.8
5329,0,1,3,0,2,0,48.3,3,0,1,0,1,1,0,0,0,100.0,4,2,3,4,0,0,1,0,34,0,0,0,0,1,0,1,0,0,0,30,3,4,5,2,1,60.5,25.2,68.9,33.2
5330,3,1,0,0,2,0,43.3,1,0,0,0,0,0,0,1,0,33.3,2,4,4,2,0,1,0,1,0,1,0,0,0,0,0,0,1,0,1,18,5,1,1,1,1,65.9,26.9,75.2,29.5
5331,1,3,2,0,0,0,40.0,5,0,0,0,0,0,1,0,0,33.3,5,1,3,4,0,1,0,0,22,1,0,0,0,0,0,0,1,0,1,18,3,1,1,1,3,56.7,22.3,77.2,14.3
5332,3,1,0,0,2,0,43.3,3,0,0,1,1,0,0,0,1,100.0,4,2,2,4,0,1,0,0,22,0,0,0,0,1,0,0,0,0,1,0,5,1,1,2,1,61.9,18.5,73.6,34.7
5333,1,3,2,0,0,0,40.0,3,0,0,0,0,0,1,0,1,66.7,4,2,3,2,0,1,0,1,0,1,0,0,0,0,0,0,1,0,1,18,3,1,1,1,1,61.1,28.5,77.6,19.5
5334,0,0,2,3,1,0,55.0,4,0,0,0,0,0,0,0,1,33.3,4,2,3,4,0,1,0,0,22,0,1,0,0,0,42,1,0,1,0,2,5,3,2,5,3,26.5,7.6,42.6,48.1
5335,3,0,2,0,0,1,65.0,3,0,1,0,1,1,0,0,0,100.0,5,1,4,1,0,1,0,0,22,1,0,0,0,1,0,1,0,0,0,30,2,1,4,4,1,57.4,31.3,69.7,32.7
5336,3,0,0,1,2,0,63.3,5,1,0,0,1,0,0,1,0,100.0,4,1,1,1,1,0,0,0,30,1,0,1,0,0,0,1,0,0,1,2,2,1,2,2,2,55.8,24.4,53.7,28.2
5337,0,0,3,1,2,0,55.0,3,1,0,0,0,0,0,1,0,66.7,4,2,3,1,1,0,0,1,6,0,1,0,0,1,0,1,0,1,0,2,5,3,5,5,3,27.2,0.0,39.1,49.6
5338,2,1,3,0,0,0,40.0,1,0,0,0,1,0,0,0,0,33.3,1,1,4,2,0,1,0,1,0,1,0,0,0,0,0,1,1,0,0,76,5,2,1,5,2,77.6,50.0,81.5,24.9
5339,3,0,1,0,2,0,55.0,3,0,0,0,0,0,1,0,0,33.3,2,2,1,1,0,1,0,0,22,1,0,0,0,0,0,0,0,0,1,0,2,2,1,4,1,61.9,24.0,60.1,25.6
5340,1,0,3,0,0,2,65.0,4,0,0,1,1,0,1,0,0,100.0,4,4,1,4,0,1,0,0,22,0,1,1,0,0,70,0,1,0,0,46,1,4,4,4,2,27.5,23.3,23.1,73.0
5341,0,3,0,1,2,0,53.3,5,0,0,0,0,1,0,0,0,33.3,5,3,1,4,0,1,0,0,22,0,1,0,0,0,42,0,1,0,0,46,5,3,2,5,4,22.5,21.9,32.0,57.3
5342,0,2,3,0,0,1,65.0,2,1,0,1,1,0,0,0,0,100.0,5,3,1,4,0,1,0,0,22,0,1,0,0,0,42,1,1,0,0,76,3,3,4,4,2,44.5,40.9,35.8,66.8
5343,3,0,1,0,0,2,65.0,2,0,1,0,0,0,1,0,0,66.7,5,3,3,3,0,1,0,0,22,0,1,0,0,0,42,0,0,1,0,0,5,3,2,2,4,17.6,0.0,32.3,60.2
5344,2,3,0,0,1,0,43.3,3,0,1,0,1,0,0,0,0,66.7,2,2,4,4,1,0,0,1,6,1,0,1,0,0,0,1,1,0,0,76,3,2,5,2,1,85.0,54.4,91.3,24.2
5345,1,0,2,0,0,3,65.0,4,0,0,0,0,1,0,0,0,33.3,5,3,3,4,0,0,0,1,0,0,0,1,0,0,28,1,0,1,0,2,1,2,4,2,4,24.3,0.0,42.0,43.7
5346,1,2,3,0,0,0,40.0,3,0,0,0,0,0,1,0,0,33.3,4,3,2,3,1,0,1,0,64,1,0,1,0,0,0,1,0,0,0,30,5,2,5,1,2,71.4,37.1,75.8,21.8
5347,2,0,0,3,1,0,63.3,5,1,0,1,0,1,0,0,0,100.0,2,4,1,4,0,0,1,0,34,1,1,0,0,0,14,0,0,1,0,0,5,4,1,4,2,33.9,14.2,36.6,67.2
5348,2,0,3,0,0,1,65.0,3,0,1,0,1,0,0,0,0,66.7,4,2,3,3,0,1,1,0,56,1,0,0,0,0,0,1,1,0,0,76,3,3,5,2,2,80.1,54.6,83.9,26.3
5349,2,0,0,1,0,3,73.3,1,1,0,0,0,0,0,0,0,33.3,5,4,3,3,0,1,0,0,22,1,1,0,0,0,14,0,0,1,0,0,5,2,4,5,1,37.9,7.9,46.1,57.5
5350,0,1,0,2,0,3,70.0,2,1,0,0,0,1,0,0,0,66.7,1,2,3,3,0,0,1,0,34,0,0,0,1,0,20,0,1,1,0,18,5,1,5,5,4,41.2,27.1,47.1,64.2
5351,3,0,1,0,2,0,55.0,3,1,0,0,0,0,0,0,0,33.3,2,3,2,4,1,0,1,0,64,0,0,0,1,0,20,1,1,0,0,76,3,2,5,2,4,72.7,54.3,66.9,35.0
5352,2,0,3,0,0,1,65.0,3,1,0,0,1,0,0,1,0,100.0,5,3,1,3,0,1,0,0,22,0,1,0,0,0,42,1,0,0,0,30,1,4,2,5,2,25.7,18.4,27.7,70.0
5353,3,1,2,0,0,0,40.0,4,0,0,0,0,0,0,1,1,66.7,4,3,3,1,1,1,0,0,52,1,0,0,0,1,0,1,1,0,0,76,1,2,4,2,2,85.7,62.5,70.4,31.3
5354,2,0,1,0,0,3,65.0,3,1,0,0,0,1,0,0,0,66.7,4,2,3,1,1,0,1,0,64,0,1,0,1,0,62,1,0,0,1,2,5,3,5,5,1,26.1,22.9,28.7,62.2
5355,2,1,0,0,3,0,43.3,3,1,1,0,0,0,0,0,0,66.7,2,4,4,4,0,1,0,0,22,0,1,0,0,0,42,0,1,0,0,46,5,3,4,2,2,50.4,30.1,58.7,57.7
5356,3,2,1,0,0,0,40.0,3,0,1,0,1,0,0,0,1,100.0,2,2,4,1,0,1,0,0,22,0,0,1,0,0,28,1,1,0,0,76,3,3,5,2,2,71.2,53.1,67.3,41.9
5357,0,3,1,2,0,0,63.3,3,0,0,0,1,1,0,0,0,66.7,1,3,4,3,0,1,0,1,0,1,1,0,0,0,14,0,1,0,1,18,2,4,1,2,1,54.7,22.0,62.7,35.6
5358,2,0,3,1,0,0,63.3,3,0,0,0,0,1,0,0,0,33.3,2,3,3,4,1,0,0,0,30,0,0,1,1,0,48,1,0,0,0,30,1,4,5,1,4,44.8,20.2,44.7,40.0
5359,3,1,2,0,0,0,40.0,2,0,0,0,1,0,0,0,0,33.3,2,4,3,3,1,1,0,0,52,1,0,0,0,1,0,1,1,0,0,76,3,4,5,2,1,89.6,57.8,86.2,24.6
5360,1,3,0,2,0,0,60.0,5,0,1,0,0,1,0,0,0,66.7,2,3,2,4,0,0,0,1,0,0,1,0,0,0,42,0,0,1,0,0,5,1,4,2,4,29.3,9.2,37.7,56.7
5361,0,2,3,1,0,0,63.3,3,0,0,1,0,0,1,0,0,66.7,1,3,2,3,1,1,0,0,52,1,0,1,0,0,0,1,0,0,0,30,2,1,5,2,2,76.5,47.8,72.7,35.9
5362,3,2,0,0,0,1,63.3,2,0,0,0,0,0,1,0,0,33.3,2,1,4,1,0,1,0,0,22,1,0,0,0,0,0,0,0,0,1,0,2,1,2,1,1,68.1,26.1,83.0,5.8
5363,0,3,1,2,0,0,63.3,3,0,1,1,1,0,0,0,0,100.0,5,1,1,3,1,0,0,1,6,0,0,1,0,1,0,0,0,0,1,0,3,2,2,4,1,41.9,15.5,52.2,37.7
5364,0,1,2,3,0,0,63.3,4,0,0,0,1,0,0,1,1,100.0,2,2,4,2,0,1,0,0,22,1,0,0,0,0,0,0,1,0,0,46,2,2,5,5,1,61.1,39.4,71.4,40.6
5365,0,3,2,0,0,1,65.0,3,0,0,0,0,1,1,1,0,100.0,5,4,3,4,0,0,1,0,34,0,0,1,1,0,48,0,0,1,1,0,3,2,4,4,2,23.2,11.9,34.6,72.5
5366,1,2,0,3,0,0,60.0,2,0,0,1,0,0,0,0,0,33.3,4,3,1,4,1,1,0,0,52,1,0,1,0,0,0,1,0,0,0,30,1,2,5,2,2,67.3,36.9,75.9,20.4
5367,3,0,1,2,0,0,63.3,3,0,1,0,1,0,0,0,1,100.0,2,2,3,3,0,1,0,0,22,1,0,0,0,1,0,1,0,0,0,30,2,2,4,2,2,61.9,34.2,71.0,37.8
5368,0,0,3,1,2,0,55.0,3,0,0,0,0,0,1,0,0,33.3,1,4,3,3,0,1,0,0,22,1,0,0,0,0,0,0,1,0,1,18,3,1,5,2,1,77.9,38.1,85.8,31.3
5369,0,1,2,0,0,3,65.0,5,1,0,0,0,0,0,0,0,33.3,4,4,1,2,0,1,0,0,22,0,1,0,0,0,42,0,0,1,1,0,1,2,2,5,1,31.4,17.2,31.8,55.0
5370,0,0,1,3,0,2,61.7,3,0,0,0,1,1,0,0,0,66.7,5,4,3,3,1,0,0,1,6,0,1,0,0,0,42,0,0,1,0,0,2,4,2,4,3,10.4,0.0,18.4,70.9
5371,0,2,0,0,1,3,61.7,4,1,0,0,1,0,0,1,0,100.0,4,4,1,1,0,0,1,0,34,0,0,0,0,1,0,0,0,1,0,0,5,4,4,4,3,28.1,1.8,20.9,68.7
5372,2,0,0,0,3,1,71.7,4,0,1,0,0,0,1,0,0,66.7,2,3,1,1,0,1,0,1,0,1,0,0,0,1,0,0,0,0,1,0,2,3,1,4,4,26.5,0.0,23.4,54.0
5373,2,0,1,0,3,0,55.0,3,1,0,0,1,1,0,0,0,100.0,1,4,1,2,1,1,0,0,52,0,1,0,1,0,62,1,1,0,0,76,5,2,2,2,3,63.2,63.7,36.1,71.1
5374,1,0,3,2,0,0,63.3,4,0,0,1,0,0,0,0,0,33.3,5,2,3,3,0,1,0,0,22,0,1,0,0,0,42,0,0,0,1,0,5,3,2,2,3,27.8,1.6,40.0,39.0
5375,3,1,0,0,2,0,43.3,3,1,0,0,1,0,1,0,0,100.0,5,3,3,2,0,1,0,1,0,0,1,0,0,0,42,0,0,1,0,0,5,4,5,5,3,1.0,0.0,14.8,74.0
5376,2,3,0,0,0,1,63.3,4,0,0,1,0,0,1,0,0,66.7,2,3,2,4,1,0,1,0,64,1,0,0,1,0,0,1,0,0,1,2,2,3,5,4,2,55.0,24.9,59.2,42.9
5377,2,3,1,0,0,0,40.0,3,0,0,0,1,0,1,1,0,100.0,4,3,1,4,0,0,1,0,34,0,1,0,0,1,0,1,0,0,0,30,3,2,5,2,1,64.7,33.9,66.5,37.9
5378,2,3,1,0,0,0,40.0,3,0,0,1,0,0,0,0,0,33.3,2,3,3,3,1,1,0,0,52,1,0,0,0,0,0,0,1,1,0,18,1,2,2,4,1,71.8,42.6,76.9,30.6
5379,2,3,1,0,0,0,40.0,2,0,0,0,0,1,0,0,0,33.3,1,2,2,4,0,0,1,0,34,0,0,1,1,0,48,1,0,0,0,30,5,1,4,2,1,67.1,46.3,64.0,37.9
5380,0,3,1,2,0,0,63.3,5,0,1,0,0,0,0,0,0,33.3,4,1,1,2,0,1,0,1,0,0,0,0,0,1,0,0,1,0,1,18,3,4,5,2,3,40.1,5.7,47.1,21.7
5381,2,1,0,3,0,0,60.0,3,1,0,0,0,0,0,0,0,33.3,5,1,3,4,1,0,0,0,30,0,1,0,1,0,62,0,1,0,0,46,3,3,1,5,1,43.4,31.5,52.0,39.3
5382,0,1,3,2,0,0,63.3,3,0,0,1,0,1,0,0,0,66.7,4,3,3,4,1,1,0,0,52,1,1,0,0,0,14,1,0,0,0,30,3,3,4,4,4,37.9,28.1,44.5,55.9
5383,2,3,0,0,1,0,43.3,3,0,1,0,1,0,1,0,0,100.0,4,4,2,3,1,1,0,0,52,1,0,0,0,0,0,1,0,0,1,2,3,2,1,1,3,46.7,18.6,48.7,52.5
5384,2,3,1,0,0,0,40.0,2,0,0,0,1,0,0,0,0,33.3,4,4,4,3,1,1,0,0,52,0,0,0,0,1,0,1,0,1,0,2,2,3,1,4,1,51.0,16.3,69.1,37.8
5385,3,0,2,0,1,0,55.0,2,0,0,0,0,0,0,0,1,33.3,2,3,3,1,0,1,0,0,22,0,1,0,0,0,42,1,0,0,1,2,1,2,1,5,2,34.2,19.2,37.1,52.3
5386,3,0,1,2,0,0,63.3,3,0,0,0,1,0,1,0,0,66.7,4,2,4,2,0,1,0,0,22,1,0,0,0,0,0,1,1,0,0,76,2,3,5,4,2,68.7,43.2,74.1,33.2
5387,0,2,0,0,1,3,61.7,2,0,1,1,0,0,0,0,0,66.7,5,3,3,2,1,0,0,1,6,1,1,0,0,0,14,0,0,1,0,0,5,4,4,4,2,23.9,0.0,34.8,52.7
5388,0,2,3,0,0,1,65.0,2,1,0,0,1,0,0,0,0,66.7,5,4,3,2,0,0,0,1,0,1,0,0,0,0,0,1,1,0,0,76,2,3,2,4,1,60.3,39.1,63.8,44.1
5389,0,2,0,0,3,1,61.7,2,0,0,0,1,0,1,0,0,66.7,1,3,1,4,0,1,0,1,0,0,1,0,0,1,0,0,0,1,0,0,3,3,4,4,4,28.0,1.9,35.7,50.3
5390,1,0,2,3,0,0,63.3,3,1,0,1,0,0,1,0,0,100.0,2,2,4,3,1,1,0,0,52,1,0,1,0,0,0,1,0,0,0,30,1,1,4,2,1,82.4,54.7,88.9,31.8
5391,0,0,3,2,0,1,61.7,1,0,0,0,1,0,1,0,0,66.7,5,3,1,4,1,1,0,0,52,0,1,0,0,0,42,0,0,1,1,0,1,3,5,5,3,20.5,7.1,18.5,60.5
5392,0,3,0,0,1,2,61.7,2,1,0,0,0,0,0,0,0,33.3,4,3,2,4,0,1,0,0,22,1,0,0,0,0,0,0,0,1,1,0,3,4,5,2,1,49.3,9.6,61.0,29.3
5393,3,0,0,1,2,0,63.3,2,0,0,0,0,0,0,0,1,33.3,2,1,2,4,0,0,1,0,34,1,0,0,0,1,0,1,0,0,1,2,3,1,4,2,1,71.6,29.6,83.3,15.2
5394,1,0,0,0,2,3,71.7,3,0,0,1,0,0,0,1,0,66.7,5,3,3,3,0,1,1,0,56,0,1,0,0,0,42,0,0,1,0,0,2,3,5,4,3,21.8,15.0,30.9,60.3
5395,3,2,0,1,0,0,60.0,3,0,1,0,1,0,0,0,0,66.7,2,2,4,4,0,1,0,0,22,1,1,0,0,0,14,1,0,1,0,2,1,3,5,5,2,36.7,19.0,60.7,43.5
5396,0,2,1,0,0,3,65.0,5,0,0,0,0,0,0,1,0,33.3,2,4,3,4,0,1,0,1,0,1,0,0,0,0,0,1,0,1,0,2,5,4,2,1,3,42.1,2.8,52.1,41.2
5397,1,0,2,0,3,0,55.0,2,0,0,0,1,0,0,0,0,33.3,4,1,4,1,1,1,0,0,52,1,0,0,1,0,0,1,0,0,0,30,3,3,4,2,1,73.3,36.4,76.2,10.5
5398,2,3,1,0,0,0,40.0,3,0,0,0,0,0,1,0,0,33.3,2,3,1,3,0,0,0,1,0,1,0,1,0,0,0,1,0,0,0,30,1,4,5,4,1,54.6,21.6,62.6,27.1
5399,0,3,0,0,2,1,61.7,3,1,0,0,0,0,0,0,0,33.3,4,4,3,3,0,1,0,1,0,0,1,0,0,0,42,1,1,0,0,76,5,3,4,5,3,38.0,36.5,36.2,64.2
5400,3,2,0,1,0,0,60.0,3,0,0,0,1,0,0,0,0,33.3,4,4,3,1,0,0,0,1,0,1,0,0,0,0,0,1,0,0,0,30,2,4,4,5,3,38.1,7.5,45.4,47.4
5401,0,3,2,0,0,1,65.0,3,0,0,0,0,0,0,0,1,33.3,2,3,1,1,1,1,0,0,52,0,0,1,0,0,28,1,0,1,0,2,5,3,4,1,1,58.8,28.0,48.5,37.7
5402,1,2,0,0,0,3,63.3,5,0,1,0,0,1,0,0,1,100.0,5,3,1,3,0,1,0,0,22,0,1,0,0,0,42,0,1,1,0,18,1,3,4,4,3,22.3,8.6,23.3,66.6
5403,2,1,0,0,3,0,43.3,2,0,1,1,0,0,1,0,0,100.0,4,4,3,4,1,0,1,0,64,1,0,0,0,0,0,0,0,1,0,0,3,2,4,2,3,44.2,18.7,52.5,56.0
5404,1,0,2,0,0,3,65.0,3,0,1,0,0,0,0,0,0,33.3,4,2,2,3,0,1,0,0,22,1,0,1,0,0,0,0,1,0,0,46,5,1,4,1,2,71.9,40.1,76.7,22.6
5405,3,2,0,1,0,0,60.0,3,0,0,0,0,1,1,0,0,66.7,5,1,3,2,1,1,0,0,52,1,0,0,0,0,0,0,1,0,0,46,3,1,5,2,1,82.2,52.2,85.4,17.0
5406,3,2,0,0,1,0,43.3,2,1,0,0,0,0,1,1,0,100.0,2,3,4,2,0,0,0,1,0,0,0,0,1,1,0,1,0,1,0,2,3,4,5,2,2,48.1,5.5,57.1,40.9
5407,0,2,0,1,0,3,70.0,3,0,0,0,1,1,1,0,0,100.0,2,3,3,4,0,1,0,0,22,1,1,0,0,0,14,0,1,1,0,18,5,4,2,4,3,38.1,15.1,47.3,60.9
5408,0,1,0,0,3,2,61.7,5,0,1,0,1,0,1,0,0,100.0,5,4,1,4,0,1,0,1,0,1,0,0,0,0,0,1,0,1,0,2,5,4,4,4,2,24.9,0.0,37.0,62.5
5409,1,0,3,0,0,2,65.0,4,1,0,0,1,0,0,1,0,100.0,5,3,1,4,0,1,0,0,22,0,1,0,0,0,42,1,0,1,0,2,5,3,4,4,3,18.0,1.4,20.6,78.8
5410,0,0,1,2,3,0,55.0,1,1,0,1,0,0,1,0,0,100.0,4,3,2,3,0,1,1,0,56,1,0,1,0,0,0,1,0,0,0,30,3,3,5,5,1,52.3,31.8,53.1,55.3
5411,1,3,0,0,0,2,63.3,3,1,0,0,0,0,0,0,0,33.3,5,3,2,3,0,0,0,1,0,0,0,1,0,1,0,0,1,0,1,18,2,2,5,4,2,44.3,14.1,59.0,35.3
5412,3,0,2,1,0,0,63.3,4,0,0,0,0,0,0,1,0,33.3,5,2,4,1,1,1,0,0,52,0,1,0,0,0,42,0,1,0,1,18,2,3,5,5,1,42.9,31.0,51.7,39.1
5413,1,0,2,0,0,3,65.0,1,0,1,0,0,0,0,0,0,33.3,5,3,1,3,0,1,0,0,22,1,1,0,0,0,14,0,0,1,0,0,2,4,1,4,2,26.3,2.4,34.2,37.0
5414,3,2,0,0,1,0,43.3,4,0,1,0,0,0,0,0,0,33.3,1,2,4,3,1,0,0,0,30,1,0,0,0,1,0,1,0,0,0,30,1,2,5,2,1,81.1,40.6,90.8,14.9
5415,3,2,1,0,0,0,40.0,3,0,0,0,0,1,0,0,0,33.3,4,2,4,3,1,0,0,0,30,0,1,0,0,0,42,0,1,0,0,46,3,3,5,2,2,54.7,29.0,64.7,23.3
5416,1,0,3,0,2,0,55.0,1,0,0,0,1,0,1,0,1,100.0,4,3,1,3,0,1,1,0,56,1,1,0,0,0,14,1,0,0,0,30,1,2,4,5,3,44.3,27.8,46.8,58.0
5417,2,3,0,1,0,0,60.0,3,0,0,0,0,1,0,0,0,33.3,4,3,4,4,0,1,0,0,22,1,0,0,0,0,0,1,0,0,0,30,2,2,2,1,3,54.3,20.1,71.2,28.3
5418,0,1,2,3,0,0,63.3,1,1,0,1,0,0,0,0,0,66.7,2,2,1,4,0,1,1,0,56,1,0,0,0,0,0,1,0,0,0,30,2,1,5,2,1,81.5,51.1,86.5,21.4
5419,0,2,3,1,0,0,63.3,3,0,0,0,0,0,0,1,0,33.3,2,2,4,2,0,1,0,0,22,0,0,0,0,1,0,1,0,0,0,30,3,3,4,4,1,64.0,31.8,77.3,25.7
5420,0,2,1,3,0,0,63.3,4,0,1,1,0,0,0,1,0,100.0,4,3,1,3,0,1,1,0,56,0,0,0,1,0,20,0,0,1,0,0,5,2,2,4,4,27.0,13.5,26.8,70.5
5421,1,0,0,0,3,2,71.7,2,0,1,1,0,0,1,0,0,100.0,4,3,1,1,0,1,1,0,56,1,0,0,1,0,0,0,0,1,0,0,5,3,1,5,1,47.9,22.9,39.2,57.8
5422,0,0,2,0,1,3,61.7,4,1,0,0,0,0,0,0,0,33.3,4,1,1,4,0,1,0,0,22,1,0,0,0,0,0,0,0,1,0,0,1,2,1,4,4,36.9,5.3,55.6,26.2
5423,3,2,0,0,1,0,43.3,4,0,0,0,0,0,1,0,0,33.3,4,2,4,3,1,1,0,0,52,1,0,0,1,0,0,1,0,1,0,2,5,1,4,2,1,67.1,29.8,82.3,22.1
5424,1,0,0,3,2,0,63.3,1,0,0,0,1,0,0,1,0,66.7,5,4,4,2,0,1,0,0,22,1,0,0,0,0,0,1,0,1,0,2,1,4,4,4,1,35.1,4.0,49.3,48.1
5425,0,2,3,1,0,0,63.3,2,0,0,0,0,1,1,0,0,66.7,2,4,1,2,0,0,0,1,0,0,1,0,0,0,42,1,0,1,0,2,5,3,4,5,3,20.3,10.8,16.4,73.6
5426,0,3,2,0,1,0,48.3,1,0,1,1,0,0,0,0,0,66.7,1,2,1,4,1,1,0,0,52,1,1,0,0,0,14,0,1,0,0,46,2,1,4,2,1,85.8,54.4,80.8,23.1
5427,1,2,0,0,3,0,43.3,5,0,0,0,0,0,1,0,1,66.7,2,4,3,2,0,1,0,0,22,1,0,0,0,1,0,0,0,0,1,0,1,2,2,2,3,51.3,15.4,58.2,46.1
5428,1,2,3,0,0,0,40.0,5,0,0,1,1,0,0,0,0,66.7,5,4,3,3,0,1,0,0,22,0,1,0,0,0,42,1,0,0,0,30,1,3,2,4,4,22.9,19.4,28.5,61.0
5429,2,1,0,3,0,0,60.0,3,0,0,1,0,0,0,0,0,33.3,4,1,3,4,0,1,0,0,22,0,1,0,0,0,42,1,0,0,1,2,3,3,5,1,3,32.2,2.4,45.5,28.2
5430,0,3,0,0,2,1,61.7,3,1,0,0,0,1,0,1,0,100.0,4,3,3,3,0,1,0,1,0,0,0,1,0,1,0,0,0,1,0,0,5,3,5,5,4,10.6,0.0,31.0,67.9
5431,3,1,2,0,0,0,40.0,2,0,0,1,0,0,1,0,1,100.0,2,2,1,2,1,0,1,0,64,1,0,0,0,0,0,1,1,0,0,76,5,2,1,1,1,96.9,68.9,80.1,30.9
5432,2,0,1,3,0,0,63.3,2,0,0,0,1,0,1,0,0,66.7,2,3,3,1,1,1,0,0,52,1,1,0,0,0,14,0,1,0,0,46,5,4,4,4,2,60.5,39.6,54.0,51.1
5433,0,0,0,1,2,3,55.0,2,1,0,0,1,0,0,1,0,100.0,2,4,4,3,1,0,0,1,6,0,0,1,0,0,28,0,1,1,0,18,2,2,2,4,4,25.6,14.9,37.5,75.1
5434,3,0,2,1,0,0,63.3,2,0,0,0,1,0,0,0,0,33.3,4,2,4,3,0,1,0,0,22,1,0,0,0,0,0,0,1,0,0,46,2,1,2,2,3,64.5,38.6,79.1,19.9
5435,1,2,3,0,0,0,40.0,1,0,0,1,0,0,1,0,1,100.0,4,2,3,2,0,1,0,0,22,1,0,0,0,1,0,1,0,0,0,30,2,1,4,1,1,69.4,35.3,81.8,24.1
5436,2,0,3,0,1,0,55.0,2,0,1,0,0,0,0,0,0,33.3,2,2,3,4,0,1,1,0,56,0,0,0,0,1,0,0,1,0,1,18,3,3,4,5,2,58.8,26.8,72.9,34.0
5437,3,0,1,0,2,0,55.0,3,0,1,0,1,0,0,0,0,66.7,1,4,2,4,0,1,0,1,0,1,0,0,0,0,0,1,0,0,0,30,2,1,2,1,1,74.1,41.9,79.4,37.0
5438,1,2,0,3,0,0,60.0,2,0,0,0,0,0,1,0,0,33.3,4,3,3,3,1,1,0,0,52,0,1,1,0,0,70,1,0,0,0,30,2,4,4,2,4,29.7,19.1,27.1,57.2
5439,2,0,3,0,0,1,65.0,5,0,1,1,0,0,0,0,1,100.0,5,3,1,2,0,0,1,1,10,0,0,1,0,0,28,0,0,1,0,0,3,4,2,4,3,7.0,0.0,9.1,71.4
5440,1,3,0,0,0,2,63.3,2,0,0,0,1,1,0,0,0,66.7,2,2,3,1,1,1,0,0,52,1,0,1,0,0,0,1,0,0,0,30,5,3,5,2,1,72.5,37.5,71.7,30.8
5441,2,3,0,0,1,0,43.3,4,0,1,0,0,0,1,1,0,100.0,2,2,3,1,0,1,0,0,22,1,0,0,0,0,0,1,0,0,0,30,3,3,1,1,2,55.8,27.3,57.0,35.3
5442,1,0,2,0,3,0,55.0,3,0,1,0,0,0,0,0,0,33.3,4,2,4,3,0,1,0,0,22,1,0,0,0,0,0,1,0,0,1,2,2,2,4,4,1,52.7,22.2,73.2,25.5
5443,2,0,0,1,3,0,63.3,3,0,0,0,1,0,0,0,0,33.3,1,3,2,4,1,1,0,0,52,0,0,0,1,0,20,0,1,0,0,46,3,2,4,2,1,78.2,61.8,76.6,28.7
5444,2,3,1,0,0,0,40.0,3,0,0,0,1,0,0,1,1,100.0,4,2,3,1,1,0,0,1,6,1,0,0,1,0,0,1,0,0,0,30,2,2,5,4,3,40.3,21.4,46.1,43.7
5445,2,0,3,0,0,1,65.0,3,0,1,0,1,0,0,0,0,66.7,2,3,2,1,0,1,1,0,56,1,0,0,0,0,0,1,1,0,0,76,1,2,5,2,2,86.3,68.1,73.0,36.0
5446,1,2,0,0,0,3,63.3,4,1,1,0,0,0,0,0,0,66.7,2,4,1,1,1,0,1,0,64,0,0,1,0,0,28,0,1,1,0,18,2,3,5,2,2,59.9,42.1,37.2,49.8
5447,2,1,0,3,0,0,60.0,1,0,0,0,0,0,1,0,0,33.3,4,3,3,4,1,0,0,0,30,1,0,0,1,0,0,1,1,0,0,76,1,1,4,4,4,63.2,47.9,70.2,38.5
5448,1,2,3,0,0,0,40.0,3,0,0,0,0,1,0,0,0,33.3,2,2,3,1,1,1,0,0,52,1,0,1,0,0,0,0,1,0,0,46,2,3,4,5,4,57.8,33.7,61.0,28.2
5449,0,1,3,0,2,0,48.3,3,1,0,0,0,0,0,0,0,33.3,2,1,1,3,0,1,0,1,0,1,0,0,0,0,0,1,0,0,0,30,2,4,4,5,2,47.1,20.9,54.5,23.6
5450,2,0,3,0,1,0,55.0,5,0,1,1,1,0,0,0,0,100.0,1,1,3,4,0,1,0,1,0,1,0,1,0,0,0,1,0,0,0,30,3,2,4,1,2,69.4,32.1,74.7,31.8
5451,1,2,3,0,0,0,40.0,3,0,0,0,0,0,0,1,0,33.3,4,2,4,4,0,1,1,0,56,0,1,0,0,0,42,1,1,0,0,76,3,3,2,2,2,67.5,53.7,71.8,31.8
5452,2,1,0,0,0,3,63.3,3,0,0,1,0,0,0,0,1,66.7,4,2,3,1,0,1,1,0,56,0,0,1,0,0,28,1,1,0,0,76,5,3,5,4,1,74.0,66.2,60.5,44.2
5453,1,3,2,0,0,0,40.0,3,1,0,0,0,0,1,0,1,100.0,5,4,4,1,0,1,0,1,0,1,0,0,0,1,0,1,0,1,0,2,2,4,5,4,3,22.5,0.0,38.2,58.8
5454,0,2,0,3,0,1,70.0,3,0,0,1,0,0,1,0,0,66.7,5,2,2,3,1,1,0,0,52,0,0,1,0,0,28,0,0,1,1,0,2,3,4,5,1,34.5,15.9,43.5,44.5
5455,3,2,0,1,0,0,60.0,1,1,0,0,1,0,0,0,0,66.7,2,4,4,2,1,0,0,1,6,1,0,0,0,1,0,0,1,0,0,46,2,2,1,1,1,73.1,39.5,76.8,33.0
5456,2,1,3,0,0,0,40.0,3,0,0,0,0,0,1,0,0,33.3,4,4,3,4,0,1,1,0,56,0,1,0,0,0,42,1,0,0,0,30,3,4,2,2,2,47.4,23.4,47.3,44.3
5457,2,1,0,3,0,0,60.0,2,0,0,1,0,0,0,0,0,33.3,4,3,4,3,0,1,0,0,22,0,0,1,0,0,28,0,1,0,0,46,2,4,4,2,1,60.2,24.5,67.7,28.2
5458,1,3,2,0,0,0,40.0,1,1,1,0,0,0,0,1,0,100.0,2,2,1,4,0,1,0,1,0,1,0,0,0,0,0,0,0,0,1,0,2,2,5,4,1,49.7,14.5,56.8,43.2
5459,2,3,0,0,0,1,63.3,5,0,0,1,1,0,0,0,0,66.7,2,4,4,4,1,0,0,1,6,1,0,0,0,0,0,0,1,0,1,18,2,1,4,2,2,58.6,29.6,69.5,38.9
5460,2,1,3,0,0,0,40.0,3,0,0,0,1,1,1,0,0,100.0,4,2,3,3,0,1,1,0,56,0,0,1,0,0,28,1,0,0,0,30,2,4,2,4,3,42.4,22.8,45.7,46.1
5461,0,3,0,0,2,1,61.7,4,0,0,1,0,0,0,1,0,66.7,2,2,1,2,1,0,0,1,6,1,0,0,0,1,0,1,0,0,0,30,1,3,1,1,1,67.9,29.2,72.6,14.9
5462,2,3,1,0,0,0,40.0,3,0,0,0,0,0,1,0,0,33.3,2,3,4,4,0,1,1,0,56,0,1,0,1,0,62,1,1,0,0,76,1,3,4,4,2,61.6,62.9,62.6,46.2
5463,2,0,1,0,0,3,65.0,3,0,1,0,0,0,0,0,0,33.3,5,1,2,4,1,1,0,0,52,1,1,0,0,0,14,0,1,0,0,46,5,3,5,4,1,61.5,37.1,67.9,29.3
5464,2,0,1,3,0,0,63.3,3,0,0,0,1,0,1,0,0,66.7,2,3,1,4,0,1,1,0,56,0,1,0,0,0,42,1,0,0,0,30,2,3,1,1,3,49.8,36.3,46.6,45.9
5465,2,3,1,0,0,0,40.0,4,0,0,0,0,0,1,0,1,66.7,5,1,4,2,0,0,1,1,10,1,0,0,0,0,0,1,0,0,1,2,5,3,2,1,2,47.7,1.4,61.6,24.6
5466,1,2,0,0,0,3,63.3,2,0,1,1,0,0,0,0,0,66.7,4,2,3,4,1,1,0,0,52,1,0,0,0,0,0,0,0,1,0,0,3,3,5,4,2,47.4,17.5,62.6,35.8
5467,1,2,0,0,3,0,43.3,3,0,0,1,0,0,0,0,0,33.3,2,2,3,2,1,0,0,0,30,1,0,0,0,0,0,1,1,0,0,76,3,2,1,2,1,93.1,61.6,90.8,16.0
5468,3,2,0,0,1,0,43.3,5,0,0,0,1,1,1,0,0,100.0,5,4,1,4,1,1,0,0,52,0,1,0,0,0,42,0,0,1,0,0,1,4,2,5,1,20.1,13.9,26.7,67.1
5469,3,2,0,0,0,1,63.3,2,1,0,0,0,0,0,0,0,33.3,5,1,3,4,0,1,0,0,22,0,0,1,1,0,48,1,0,1,0,2,3,2,2,2,1,35.8,14.9,58.7,27.6
5470,0,3,0,0,2,1,61.7,3,1,0,0,1,1,0,0,0,100.0,2,2,4,3,0,1,0,1,0,0,1,0,0,0,42,1,0,0,1,2,5,2,1,1,3,35.2,7.2,44.1,51.5
5471,1,0,3,2,0,0,63.3,5,0,0,0,0,0,0,0,1,33.3,5,3,3,4,0,1,0,1,0,0,1,0,0,0,42,0,0,1,1,0,1,2,2,5,1,24.6,8.7,42.5,46.8
5472,2,1,0,3,0,0,60.0,3,0,0,0,0,0,0,0,1,33.3,2,2,4,4,1,1,0,0,52,0,0,1,0,0,28,1,1,0,0,76,5,1,5,4,2,80.5,68.8,85.2,36.9
5473,2,1,3,0,0,0,40.0,4,1,0,0,0,1,0,0,0,66.7,2,1,3,4,1,1,0,0,52,1,1,0,0,0,14,1,0,0,1,2,1,2,4,4,1,63.3,32.8,72.2,28.0
5474,0,0,3,2,1,0,55.0,1,0,0,0,1,0,0,0,0,33.3,2,3,3,3,1,1,0,0,52,1,0,0,0,0,0,1,0,0,0,30,5,1,2,2,1,81.8,50.1,85.8,29.2
5475,0,2,1,0,0,3,65.0,2,0,0,1,0,0,0,0,1,66.7,5,3,1,2,1,1,0,0,52,0,1,0,0,0,42,0,0,1,0,0,5,3,4,5,2,26.3,15.0,21.9,67.7
5476,1,3,2,0,0,0,40.0,3,1,1,0,0,0,1,0,0,100.0,5,3,3,3,1,0,0,0,30,0,1,1,0,0,70,0,1,1,0,18,5,1,4,4,2,25.5,25.1,30.2,75.3
5477,3,1,2,0,0,0,40.0,3,0,1,0,0,0,1,0,1,100.0,2,3,4,4,1,1,0,0,52,1,0,0,0,0,0,1,0,0,0,30,3,1,5,2,1,78.7,47.5,90.0,43.9
5478,3,0,0,1,2,0,63.3,3,0,0,0,1,0,0,0,1,66.7,2,1,2,4,1,1,0,0,52,1,0,1,0,0,0,1,1,0,0,76,3,2,1,4,1,89.7,67.1,92.1,19.4
5479,0,0,1,2,3,0,55.0,5,0,0,0,0,0,0,0,1,33.3,5,4,3,3,0,0,1,1,10,0,1,1,0,0,70,0,0,1,0,0,5,4,5,2,4,4.1,0.0,14.3,62.6
5480,2,0,1,0,0,3,65.0,3,1,1,0,0,0,0,1,0,100.0,2,4,4,2,0,1,0,0,22,0,0,1,1,0,48,1,0,0,0,30,5,2,2,2,1,43.1,40.4,49.1,65.4
5481,2,0,1,0,0,3,65.0,5,0,0,0,0,0,0,0,1,33.3,4,4,1,4,0,0,1,0,34,0,1,0,0,0,42,0,1,1,0,18,2,3,2,5,4,22.6,10.6,25.6,61.0
5482,0,0,3,0,1,2,61.7,5,1,0,1,0,0,0,0,0,66.7,2,4,2,3,0,0,1,1,10,0,1,0,1,0,62,0,0,0,1,0,5,3,2,5,4,2.8,8.5,1.2,84.0
5483,0,2,1,3,0,0,63.3,5,1,0,0,0,1,0,1,0,100.0,2,3,1,3,0,0,0,1,0,0,0,1,0,0,28,1,0,1,0,2,1,4,4,4,2,27.7,10.9,29.8,58.2
5484,0,1,2,0,0,3,65.0,1,1,0,1,0,1,0,0,0,100.0,4,3,4,2,0,0,0,1,0,1,0,0,0,1,0,0,0,1,0,0,5,3,5,5,4,15.1,0.0,27.0,72.3
5485,2,3,1,0,0,0,40.0,4,0,1,0,0,1,1,0,0,100.0,5,3,1,4,0,1,0,0,22,0,1,1,0,0,70,1,0,1,0,2,5,3,5,4,2,11.4,7.3,16.1,76.2
5486,2,3,0,0,1,0,43.3,3,0,0,0,0,0,0,1,0,33.3,5,3,3,2,1,0,0,0,30,0,1,0,0,1,0,1,1,0,0,76,3,2,5,4,2,67.0,50.7,75.3,27.9
5487,0,3,0,0,2,1,61.7,1,1,1,0,0,0,0,0,0,66.7,1,4,2,3,0,1,1,0,56,0,1,0,0,0,42,1,0,1,0,2,5,3,5,4,3,42.2,24.3,33.8,74.5
5488,3,0,1,2,0,0,63.3,1,0,1,0,0,1,0,0,0,66.7,1,2,3,1,1,0,0,1,6,1,0,0,0,1,0,0,1,0,1,18,2,1,1,2,1,70.9,28.5,72.1,26.1
5489,0,0,3,0,2,1,61.7,1,0,0,1,0,0,0,0,0,33.3,5,4,3,3,0,1,0,1,0,0,1,0,0,0,42,0,0,1,0,0,1,4,4,5,3,7.2,0.0,22.2,60.1
5490,3,2,0,0,1,0,43.3,3,0,0,0,0,0,0,1,0,33.3,2,2,1,4,0,1,0,0,22,1,0,0,0,0,0,1,1,0,0,76,3,1,1,2,1,91.5,64.4,87.9,16.8
5491,3,0,2,0,1,0,55.0,3,0,0,0,0,0,0,1,0,33.3,2,1,2,4,0,1,1,0,56,1,0,0,0,1,0,1,0,0,0,30,2,4,5,2,4,60.0,23.9,63.3,16.0
5492,3,2,0,0,1,0,43.3,3,0,0,0,0,1,0,0,1,66.7,2,2,4,1,1,1,0,0,52,0,1,1,0,0,70,0,0,1,1,0,2,3,4,2,4,24.8,9.1,26.9,51.8
5493,0,0,1,0,2,3,61.7,1,0,0,0,0,1,1,0,0,66.7,4,2,3,3,1,1,0,0,52,1,0,0,0,0,0,0,0,1,0,0,1,3,2,4,3,40.0,15.4,52.8,39.8
5494,2,0,3,0,0,1,65.0,5,0,0,1,0,0,0,0,0,33.3,5,3,1,3,0,1,0,1,0,0,0,1,0,0,28,0,0,1,0,0,2,4,2,4,2,20.5,0.0,33.0,45.0
5495,0,3,2,1,0,0,63.3,3,1,0,0,0,0,1,0,1,100.0,5,3,4,4,0,0,0,1,0,0,1,1,0,0,70,1,0,1,0,2,2,4,5,4,2,6.9,0.0,26.7,70.6
5496,2,3,0,0,1,0,43.3,3,0,1,0,1,0,0,0,0,66.7,2,2,1,4,1,0,1,0,64,1,0,0,0,1,0,0,0,1,0,0,2,3,5,2,3,59.0,22.4,59.9,32.0
5497,1,0,3,0,2,0,55.0,3,1,0,0,1,0,0,0,0,66.7,4,1,2,4,0,1,0,0,22,1,0,0,0,1,0,1,0,0,0,30,3,3,5,1,1,67.7,29.9,78.9,14.7
5498,3,0,0,1,0,2,73.3,3,0,1,0,1,0,0,1,0,100.0,5,3,2,4,1,0,0,1,6,1,1,0,0,0,14,0,0,1,0,0,1,3,4,5,4,8.6,0.0,28.3,64.9
5499,1,3,2,0,0,0,40.0,5,1,0,0,1,0,0,0,0,66.7,4,3,2,3,1,0,0,0,30,0,0,1,0,1,0,1,0,0,0,30,1,4,4,5,2,43.4,22.1,51.3,40.4
5500,3,1,2,0,0,0,40.0,3,1,0,1,1,0,0,0,0,100.0,4,4,3,3,0,1,0,0,22,1,0,0,0,0,0,1,0,1,0,2,3,2,1,5,2,35.2,12.6,49.6,63.9
5501,1,3,0,2,0,0,60.0,5,1,0,1,0,0,0,1,0,100.0,4,4,2,4,0,1,0,0,22,0,1,0,0,0,42,0,0,1,0,0,1,3,4,2,4,16.8,0.0,25.1,65.4
5502,0,3,2,0,0,1,65.0,1,1,0,0,0,0,0,0,0,33.3,2,4,1,3,1,1,0,0,52,0,0,1,0,1,0,1,1,0,0,76,2,3,1,4,4,69.0,46.1,64.1,40.3
5503,1,3,0,0,2,0,43.3,3,1,0,1,0,0,0,0,1,100.0,5,2,4,3,0,1,0,0,22,1,0,0,0,0,0,0,1,0,1,18,2,2,1,2,1,54.7,25.1,72.6,33.1
5504,3,0,1,0,0,2,65.0,2,0,0,0,1,0,0,0,0,33.3,1,4,4,3,1,0,1,0,64,0,0,1,0,0,28,1,1,0,0,76,1,4,4,5,3,62.1,54.1,57.3,50.7
5505,1,3,2,0,0,0,40.0,4,0,1,0,0,1,1,0,0,100.0,2,4,4,1,1,0,0,0,30,0,0,1,0,0,28,1,1,0,0,76,5,2,2,5,1,66.4,66.9,56.6,63.9
5506,3,1,0,0,0,2,63.3,4,0,0,1,0,0,0,0,0,33.3,4,3,2,2,0,1,0,0,22,0,1,0,0,0,42,1,0,1,0,2,5,4,5,4,2,25.8,7.1,30.8,54.0
5507,3,0,2,0,1,0,55.0,3,0,1,0,0,0,1,0,0,66.7,4,3,1,4,0,1,1,0,56,0,0,0,0,1,0,0,1,1,0,18,5,3,4,4,1,54.4,31.2,59.2,45.6
5508,0,2,0,3,1,0,53.3,2,1,0,0,1,0,1,0,0,100.0,1,1,4,4,1,0,0,0,30,1,0,0,0,0,0,1,0,0,0,30,3,1,5,2,3,61.7,33.8,77.4,33.4
5509,2,0,3,1,0,0,63.3,4,1,0,0,0,0,1,0,0,66.7,4,2,1,4,0,1,0,1,0,0,0,1,0,0,28,1,0,0,0,30,3,1,5,2,1,56.0,32.7,62.0,38.1
5510,2,3,1,0,0,0,40.0,2,0,1,1,1,0,0,0,0,100.0,5,4,1,2,1,0,1,0,64,1,0,1,0,0,0,1,1,0,0,76,3,4,4,4,4,52.9,36.7,43.0,57.4
5511,2,0,3,0,0,1,65.0,2,1,0,0,0,1,0,0,0,66.7,4,3,4,1,1,1,0,0,52,0,1,0,0,0,42,1,0,0,0,30,1,2,4,2,2,52.1,36.1,54.2,43.0
5512,2,1,0,3,0,0,60.0,3,0,0,1,0,0,0,0,1,66.7,2,1,3,1,1,0,0,0,30,0,1,0,0,1,0,0,0,1,1,0,2,2,1,5,1,56.1,22.7,61.8,31.4
5513,2,3,1,0,0,0,40.0,3,0,1,1,0,0,0,0,1,100.0,4,2,4,1,1,1,0,0,52,0,1,1,0,0,70,1,0,1,0,2,2,2,5,1,2,36.0,24.5,36.5,50.3
5514,0,1,3,0,0,2,65.0,4,0,0,1,1,0,1,0,0,100.0,4,3,3,3,0,1,0,0,22,0,1,0,0,0,42,0,0,1,0,0,3,4,4,4,4,11.6,0.0,16.7,74.6
5515,1,2,0,0,0,3,63.3,1,0,0,1,1,0,0,0,0,66.7,4,3,1,4,0,1,0,1,0,0,1,0,0,0,42,1,0,0,1,2,5,3,4,5,2,18.5,0.0,19.5,61.9
5516,0,0,1,0,3,2,61.7,3,0,0,1,0,0,0,0,0,33.3,4,2,1,2,0,0,1,1,10,1,0,0,0,0,0,0,0,0,1,0,5,4,4,5,4,19.7,0.0,34.6,48.0
5517,3,0,0,1,2,0,63.3,4,0,1,0,0,0,0,0,0,33.3,1,3,2,3,1,0,0,1,6,1,0,0,0,0,0,1,0,0,1,2,5,2,4,1,1,57.1,17.6,64.0,29.9
5518,2,1,3,0,0,0,40.0,3,0,1,0,1,0,0,0,0,66.7,4,1,2,2,0,1,0,0,22,1,0,0,1,0,0,1,1,0,0,76,3,2,4,1,1,89.0,52.5,86.2,8.3
5519,0,0,2,1,3,0,55.0,5,0,1,0,0,0,0,0,0,33.3,5,3,3,3,0,1,0,0,22,0,1,0,0,0,42,1,0,0,1,2,5,4,2,4,3,21.1,0.0,30.4,55.7
5520,0,1,0,3,0,2,70.0,2,0,0,0,1,0,0,0,1,66.7,5,1,1,3,0,1,0,0,22,0,1,1,0,0,70,1,0,1,0,2,2,4,5,5,3,5.5,0.0,8.0,53.9
5521,1,2,0,0,0,3,63.3,3,0,1,0,1,0,0,0,0,66.7,2,2,2,3,0,1,0,1,0,1,0,0,0,1,0,1,0,0,1,2,3,2,4,4,2,45.3,10.7,54.4,41.5
5522,2,0,0,3,1,0,63.3,2,0,0,1,1,0,0,0,0,66.7,1,1,2,4,1,1,0,0,52,0,0,0,0,1,0,0,1,0,0,46,2,1,4,1,4,74.8,47.8,73.5,26.8
5523,3,2,1,0,0,0,40.0,3,0,1,1,0,1,0,0,0,100.0,4,4,3,1,0,1,1,0,56,1,0,0,0,0,0,0,1,0,0,46,3,3,5,2,1,69.7,46.6,63.7,42.6
5524,1,2,0,0,3,0,43.3,4,0,0,0,0,1,0,0,0,33.3,2,2,3,2,0,1,0,0,22,1,0,0,0,1,0,1,0,0,1,2,3,1,4,2,2,60.7,24.2,78.9,19.9
5525,1,2,3,0,0,0,40.0,3,1,0,0,1,0,1,0,0,100.0,4,3,1,4,0,0,1,0,34,1,0,0,1,0,0,1,0,0,0,30,2,2,5,1,3,56.1,28.4,59.4,39.0
5526,1,0,0,2,3,0,63.3,5,0,0,0,0,0,0,1,0,33.3,1,2,2,4,1,0,0,0,30,1,1,0,0,0,14,1,0,0,0,30,3,1,4,2,1,80.4,48.7,83.1,23.1
5527,1,0,3,2,0,0,63.3,1,1,0,0,0,0,1,0,0,66.7,5,2,1,3,1,1,0,0,52,1,0,0,0,0,0,1,1,0,0,76,3,2,5,1,4,71.8,45.6,63.7,27.9
5528,3,2,1,0,0,0,40.0,1,0,1,0,1,0,0,0,0,66.7,2,2,2,1,1,1,0,0,52,0,0,0,0,1,0,1,0,0,0,30,3,2,2,4,1,74.6,42.9,68.1,30.9
5529,2,1,3,0,0,0,40.0,3,0,0,0,1,0,0,0,1,66.7,1,2,2,2,1,0,0,1,6,1,0,0,0,1,0,1,0,0,0,30,3,1,4,1,1,77.5,39.7,76.6,22.5
5530,3,2,1,0,0,0,40.0,5,0,0,0,1,0,1,0,1,100.0,4,4,2,2,1,1,0,0,52,1,0,0,0,0,0,1,0,1,0,2,5,4,4,5,3,31.7,15.3,38.7,64.1
5531,2,3,1,0,0,0,40.0,3,0,0,0,1,0,1,0,1,100.0,4,3,4,3,1,1,0,0,52,0,0,1,0,0,28,1,0,0,0,30,5,3,4,1,2,51.0,30.1,55.7,53.7
5532,0,3,1,2,0,0,63.3,2,0,0,0,1,0,0,0,0,33.3,5,3,3,4,1,1,0,0,52,1,0,0,0,0,0,1,0,1,0,2,2,2,5,4,4,38.5,12.3,59.7,45.3
5533,1,3,0,0,2,0,43.3,3,0,0,0,0,1,1,0,0,66.7,2,4,1,3,0,1,1,0,56,1,0,0,0,0,0,0,1,0,1,18,5,3,5,5,1,60.4,35.2,54.8,54.9
5534,3,1,0,0,0,2,63.3,3,0,0,1,1,0,0,0,1,100.0,4,1,4,4,0,0,1,1,10,0,0,1,0,1,0,1,1,0,0,76,3,2,4,5,1,71.5,50.2,81.0,37.2
5535,1,0,3,0,0,2,65.0,4,1,0,0,1,1,0,0,0,100.0,4,4,2,4,1,0,0,0,30,0,0,1,0,0,28,0,1,1,0,18,3,3,2,4,4,21.8,12.2,30.8,72.6
5536,2,3,0,1,0,0,60.0,3,1,0,1,0,0,1,0,0,100.0,2,2,2,4,1,0,0,0,30,0,0,1,0,0,28,1,0,0,1,2,3,3,5,5,3,25.1,13.4,33.0,64.2
5537,3,0,0,0,2,1,71.7,2,1,1,0,1,0,0,0,0,100.0,2,2,4,4,1,1,0,0,52,1,0,0,0,1,0,1,0,1,0,2,1,2,5,1,2,63.4,27.9,80.5,39.6
5538,2,1,0,3,0,0,60.0,4,0,1,0,0,0,0,0,0,33.3,5,2,3,4,1,0,0,0,30,1,0,0,0,0,0,1,0,0,0,30,3,1,5,1,1,77.4,35.0,91.5,16.2
5539,2,1,3,0,0,0,40.0,1,1,0,0,0,1,0,1,0,100.0,1,3,4,1,1,0,0,1,6,1,1,0,0,0,14,1,0,0,1,2,3,1,1,1,2,52.6,17.2,58.3,47.6
5540,3,1,0,0,2,0,43.3,2,0,1,1,0,0,1,0,0,100.0,1,3,4,3,0,1,0,0,22,1,0,1,0,0,0,1,0,1,0,2,3,3,2,1,2,58.0,21.4,63.7,36.8
5541,1,3,0,0,2,0,43.3,3,1,1,0,1,0,0,0,0,100.0,4,2,4,3,0,0,0,1,0,1,0,0,0,1,0,0,1,0,0,46,2,2,1,1,2,61.7,32.7,73.3,26.5
5542,3,2,0,0,0,1,63.3,5,0,0,0,1,0,0,0,0,33.3,4,3,1,2,1,1,0,0,52,1,0,0,0,0,0,1,0,0,1,2,5,2,5,2,3,54.8,18.9,48.7,40.7
5543,3,2,0,1,0,0,60.0,4,0,0,0,1,1,0,0,0,66.7,2,3,2,1,0,1,0,0,22,0,0,0,1,0,20,0,1,0,0,46,3,3,5,2,1,70.5,41.4,61.7,36.2
5544,0,0,1,0,2,3,61.7,5,0,1,0,0,0,0,0,0,33.3,5,4,1,1,1,1,0,0,52,1,0,1,0,0,0,0,0,1,1,0,5,4,1,2,2,43.3,12.7,39.2,41.6
5545,2,1,0,3,0,0,60.0,2,0,0,0,0,0,1,0,0,33.3,2,3,1,3,0,1,0,0,22,1,0,1,0,0,0,1,0,0,0,30,1,3,4,2,1,70.0,30.6,69.2,25.2
5546,2,1,3,0,0,0,40.0,1,1,0,0,1,0,0,0,0,66.7,2,2,1,1,0,1,0,0,22,0,1,0,0,0,42,1,0,1,0,2,2,1,4,2,1,56.1,25.7,51.9,34.2
5547,1,3,2,0,0,0,40.0,3,0,0,1,0,0,0,0,0,33.3,4,1,2,3,0,1,0,0,22,1,0,0,0,0,0,0,1,0,0,46,3,1,2,5,1,71.0,43.9,83.2,12.1
5548,0,3,0,1,0,2,70.0,4,0,1,1,0,0,0,0,0,66.7,2,3,3,3,0,1,0,0,22,1,0,0,0,0,0,1,0,0,0,30,3,4,4,2,3,54.2,19.8,53.1,41.6
5549,0,1,3,0,2,0,48.3,5,0,1,0,1,0,0,1,0,100.0,2,4,4,2,0,0,0,1,0,0,0,1,0,1,0,1,1,0,0,76,3,2,2,1,2,76.7,53.2,79.4,41.1
5550,3,2,0,0,1,0,43.3,2,0,1,1,0,0,0,0,0,66.7,5,2,4,3,1,1,0,0,52,1,0,0,0,0,0,0,1,1,0,18,1,2,5,2,2,59.2,26.8,74.5,27.9
5551,2,1,3,0,0,0,40.0,3,0,0,0,0,1,0,0,0,33.3,4,1,3,3,0,1,1,0,56,1,0,0,0,0,0,1,0,0,1,2,5,3,4,4,3,47.5,17.7,58.4,28.2
5552,3,0,1,0,0,2,65.0,3,0,0,0,0,0,1,0,0,33.3,4,2,3,4,1,0,0,0,30,1,0,1,0,0,0,1,0,0,0,30,3,3,4,2,1,72.3,29.9,81.4,17.7
5553,3,0,2,1,0,0,63.3,3,0,1,1,0,0,0,1,0,100.0,1,3,3,3,1,1,0,0,52,1,0,0,0,0,0,1,1,0,0,76,3,2,5,2,1,92.8,69.3,87.2,42.2
5554,2,1,3,0,0,0,40.0,3,0,1,1,0,0,0,1,0,100.0,2,2,2,2,0,1,0,0,22,0,0,1,1,0,48,1,1,0,0,76,1,3,5,4,1,66.8,58.2,55.9,38.5
5555,2,3,0,0,0,1,63.3,5,0,1,0,0,0,0,0,0,33.3,2,1,3,4,1,0,0,1,6,0,0,1,0,0,28,0,1,1,0,18,1,3,5,2,4,41.1,14.3,50.0,26.4
5556,1,0,0,3,2,0,63.3,5,0,1,0,0,0,0,0,0,33.3,5,3,3,4,0,1,0,0,22,1,1,0,0,0,14,0,0,1,0,0,5,3,4,5,3,19.1,4.3,42.9,54.8
5557,1,3,2,0,0,0,40.0,3,0,0,1,1,0,0,0,0,66.7,2,1,1,3,0,1,0,1,0,1,0,0,0,0,0,1,0,0,0,30,2,2,2,1,3,61.1,26.9,64.8,21.8
5558,2,3,1,0,0,0,40.0,3,0,1,0,0,1,1,0,0,100.0,4,3,3,3,1,0,0,0,30,1,1,0,0,0,14,1,1,0,0,76,1,2,5,2,1,74.5,60.3,76.9,34.6
5559,2,0,1,0,3,0,55.0,5,0,1,0,0,1,1,0,0,100.0,5,1,1,4,0,1,1,0,56,0,0,1,0,0,28,0,0,1,1,0,3,4,1,5,4,22.1,5.7,29.7,55.8
5560,3,2,0,0,1,0,43.3,3,0,1,0,0,0,0,0,0,33.3,2,4,3,1,0,1,0,1,0,1,0,0,0,0,0,1,0,0,0,30,2,2,4,2,1,65.4,30.8,69.6,27.0
5561,2,0,1,0,0,3,65.0,4,0,0,0,0,0,0,1,1,66.7,4,3,1,4,1,1,0,0,52,0,0,1,0,0,28,0,1,0,0,46,5,3,4,1,4,49.0,31.4,44.0,49.7
5562,1,3,0,0,0,2,63.3,3,0,0,0,1,1,0,0,0,66.7,4,3,1,4,0,1,0,1,0,1,0,0,0,0,0,1,1,0,0,76,5,3,1,2,3,57.4,33.3,62.5,44.8
5563,1,3,0,2,0,0,60.0,3,0,1,0,1,1,0,0,0,100.0,1,2,3,3,0,1,0,0,22,1,0,0,0,0,0,0,1,0,1,18,5,3,2,5,2,49.1,29.6,53.4,55.1
5564,1,0,0,0,3,2,71.7,1,1,0,0,0,0,0,0,0,33.3,4,3,3,2,0,1,0,1,0,1,0,1,0,0,0,0,0,1,0,0,5,3,2,4,3,27.3,0.0,39.6,47.9
5565,0,0,1,0,3,2,61.7,1,0,0,0,0,0,0,0,1,33.3,5,3,2,1,0,1,0,0,22,0,1,1,0,0,70,0,1,1,0,18,5,2,4,4,4,12.1,5.9,11.4,66.4
5566,0,1,0,2,0,3,70.0,4,0,0,0,0,1,1,0,0,66.7,2,3,1,1,0,1,1,0,56,0,0,1,0,0,28,0,1,0,0,46,5,1,2,4,4,55.3,53.2,41.5,61.8
5567,0,2,3,0,0,1,65.0,1,0,0,0,0,1,0,0,0,33.3,4,2,3,3,0,1,0,1,0,1,0,1,0,0,0,1,0,0,1,2,5,2,4,4,1,49.7,12.3,68.0,32.3
5568,1,2,3,0,0,0,40.0,3,0,1,0,1,0,0,0,0,66.7,2,1,3,3,1,1,0,0,52,1,0,0,0,1,0,0,1,1,0,18,3,1,5,1,1,81.8,44.2,89.8,17.1
5569,3,2,1,0,0,0,40.0,4,0,1,1,1,0,0,0,0,100.0,2,3,3,4,0,1,0,0,22,1,0,0,0,0,0,1,0,0,0,30,2,3,5,2,1,67.9,31.9,77.0,34.7
5570,3,2,1,0,0,0,40.0,1,0,1,0,1,0,1,0,0,100.0,4,2,2,4,1,0,0,1,6,1,0,0,0,0,0,0,1,0,1,18,2,1,1,2,2,54.1,18.5,71.1,36.2
5571,3,0,2,0,1,0,55.0,3,1,0,0,0,0,0,0,0,33.3,2,2,3,4,0,1,0,0,22,0,0,0,1,0,20,1,1,0,0,76,3,1,5,2,1,88.9,64.5,95.6,17.0
5572,2,1,0,0,0,3,63.3,5,0,1,0,0,0,0,0,0,33.3,5,2,3,4,0,1,0,0,22,1,0,0,0,0,0,1,0,1,0,2,1,4,2,4,2,37.5,3.3,55.9,27.7
5573,0,1,0,3,2,0,53.3,5,1,1,0,0,0,0,0,0,66.7,1,3,4,3,1,0,0,0,30,1,0,1,0,0,0,0,1,0,0,46,3,3,2,5,3,60.1,40.3,69.8,52.0
5574,3,0,2,0,1,0,55.0,2,1,0,0,0,0,0,0,0,33.3,4,3,3,4,0,1,0,1,0,0,1,1,0,0,70,0,0,1,0,0,1,3,5,4,2,14.8,0.8,22.9,59.4
5575,0,2,3,0,1,0,48.3,2,0,1,1,0,0,0,0,0,66.7,5,4,1,4,0,1,0,1,0,1,1,0,0,0,14,0,1,0,0,46,2,4,4,5,4,27.1,11.8,30.6,55.6
5576,0,1,3,0,2,0,48.3,3,0,0,1,0,0,0,0,0,33.3,2,2,2,2,0,1,0,1,0,1,0,0,0,0,0,1,0,0,0,30,2,1,4,1,1,73.3,37.8,81.1,10.6
5577,0,0,0,1,3,2,55.0,5,0,0,0,1,0,0,0,0,33.3,4,4,3,4,1,0,0,0,30,0,1,1,0,0,70,1,0,1,0,2,1,4,1,4,1,24.4,12.3,37.7,59.4
5578,1,2,0,3,0,0,60.0,3,0,1,1,0,0,0,0,0,66.7,5,2,3,4,1,0,1,0,64,0,1,0,0,1,0,1,0,1,0,2,5,3,4,5,4,28.8,8.9,48.9,46.1
5579,3,2,1,0,0,0,40.0,1,0,1,1,1,0,0,0,0,100.0,4,4,1,3,0,1,0,1,0,1,0,0,0,0,0,1,0,0,0,30,2,2,4,2,2,50.5,20.0,58.5,45.5
5580,0,0,1,3,2,0,55.0,1,1,1,0,1,0,0,0,0,100.0,2,3,4,3,1,0,0,1,6,0,0,0,0,1,0,0,1,0,0,46,3,3,1,1,2,69.5,26.4,74.0,38.8
5581,3,0,2,1,0,0,63.3,3,0,0,1,0,1,0,0,0,66.7,2,2,3,4,0,1,1,0,56,0,1,0,0,1,0,1,1,0,0,76,2,4,5,2,1,90.7,63.4,89.6,23.5
5582,1,2,0,0,3,0,43.3,1,0,0,0,1,0,1,0,0,66.7,1,4,4,2,0,0,1,1,10,1,1,0,0,0,14,0,1,0,0,46,2,3,1,1,1,69.8,36.8,71.1,39.1
5583,2,3,1,0,0,0,40.0,3,0,0,0,0,0,1,0,0,33.3,4,4,3,3,1,0,1,0,64,0,0,0,1,1,0,1,1,0,0,76,3,2,2,5,1,80.5,63.6,81.9,35.0
5584,0,2,0,1,0,3,70.0,2,0,1,1,0,1,0,0,0,100.0,5,3,2,1,0,1,1,0,56,0,1,0,0,0,42,1,0,1,0,2,5,3,1,5,2,20.9,15.9,20.2,73.8
5585,1,2,0,3,0,0,60.0,4,1,0,0,1,0,0,0,1,100.0,5,3,3,2,0,1,0,0,22,1,0,1,0,0,0,0,0,1,0,0,2,3,4,1,3,38.7,1.6,52.2,45.5
5586,2,1,0,3,0,0,60.0,1,0,0,0,0,0,0,1,0,33.3,1,1,3,4,1,0,0,0,30,0,0,0,0,1,0,1,1,0,0,76,3,4,4,4,1,86.4,51.7,89.5,16.1
5587,3,0,0,2,0,1,73.3,2,1,0,0,0,1,0,0,0,66.7,4,4,3,3,1,1,0,0,52,0,0,1,0,1,0,1,1,0,0,76,2,1,4,1,3,80.6,56.2,80.1,41.1
5588,0,2,3,1,0,0,63.3,4,0,0,0,1,0,1,0,1,100.0,5,4,1,1,0,1,0,0,22,1,0,0,0,0,0,1,0,0,0,30,2,2,4,5,4,30.9,17.1,32.7,65.2
5589,2,0,3,0,0,1,65.0,3,0,0,0,0,0,0,1,0,33.3,4,1,1,4,0,1,0,0,22,1,0,0,0,0,0,1,0,0,0,30,2,2,5,5,2,54.4,21.7,68.1,22.1
5590,1,3,2,0,0,0,40.0,4,0,1,0,0,0,0,0,0,33.3,2,3,1,1,1,0,1,0,64,1,0,1,0,0,0,1,1,0,0,76,2,1,2,1,1,100.0,74.5,82.0,17.9
5591,0,3,0,2,0,1,70.0,4,0,1,0,0,1,0,0,0,66.7,1,2,1,3,1,1,0,0,52,0,1,0,0,0,42,0,1,1,0,18,5,4,5,2,4,40.9,21.9,24.3,58.9
5592,0,2,3,0,1,0,48.3,5,0,0,1,0,1,1,0,0,100.0,5,2,3,4,1,1,0,0,52,1,0,1,0,0,0,0,1,0,1,18,5,3,2,4,4,33.4,15.6,47.0,55.1
5593,0,2,1,0,0,3,65.0,3,0,1,0,1,0,1,0,0,100.0,2,3,2,3,0,1,0,0,22,0,0,1,0,0,28,1,1,0,0,76,2,4,4,1,2,64.1,48.6,57.8,45.0
5594,3,0,2,0,0,1,65.0,5,0,0,0,0,1,1,0,1,100.0,5,3,2,2,0,1,0,0,22,0,0,0,1,1,0,1,1,0,0,76,5,4,4,1,1,72.0,45.3,62.1,37.8
5595,0,2,1,3,0,0,63.3,1,0,0,0,1,0,0,0,1,66.7,2,2,3,3,0,1,1,0,56,1,0,1,0,0,0,1,0,0,0,30,2,2,5,2,1,81.0,44.9,82.6,26.5
5596,0,0,3,1,0,2,61.7,2,0,0,1,0,0,1,0,1,100.0,2,4,3,2,0,1,0,1,0,1,1,0,0,0,14,0,0,1,0,0,2,3,4,5,4,18.8,0.0,26.5,75.4
5597,1,0,3,2,0,0,63.3,3,0,1,1,0,0,1,0,0,100.0,2,3,3,1,1,0,0,0,30,1,0,0,0,1,0,1,0,0,0,30,3,2,5,1,1,72.8,41.3,66.6,38.2
5598,0,0,0,3,1,2,55.0,4,0,0,0,1,1,0,0,1,100.0,5,2,3,3,0,1,0,0,22,0,1,0,0,0,42,0,0,1,1,0,2,3,4,4,2,19.5,0.7,37.1,55.6
5599,0,3,2,0,1,0,48.3,4,0,0,0,1,0,0,1,0,66.7,5,2,2,3,0,1,0,1,0,0,1,0,0,0,42,0,1,1,0,18,5,4,2,5,3,8.6,0.0,18.3,61.3
5600,2,3,0,0,0,1,63.3,5,1,0,0,1,0,0,0,0,66.7,4,2,4,1,0,1,0,1,0,0,1,1,0,0,70,0,1,0,1,18,5,2,5,5,4,11.4,7.5,16.7,71.0
5601,0,3,1,0,0,2,65.0,3,0,0,1,0,0,0,1,0,66.7,4,2,3,4,1,1,0,0,52,1,0,1,0,0,0,0,0,0,1,0,3,2,4,2,3,44.1,11.5,60.6,37.9
5602,1,0,0,2,0,3,73.3,4,1,0,0,0,1,0,1,0,100.0,2,4,3,2,1,1,0,0,52,0,0,1,0,0,28,1,1,0,0,76,5,2,5,2,1,73.5,69.9,63.7,57.4
5603,3,2,1,0,0,0,40.0,2,0,1,0,0,1,0,0,0,66.7,5,3,3,3,1,0,0,0,30,0,1,0,0,0,42,1,0,0,1,2,2,4,5,4,2,21.9,1.2,35.2,53.2
5604,2,0,3,1,0,0,63.3,1,0,0,1,0,1,0,0,1,100.0,4,1,4,4,0,1,0,0,22,0,1,0,0,0,42,0,0,1,0,0,2,3,4,5,4,9.7,0.0,27.4,58.7
5605,3,1,2,0,0,0,40.0,5,1,0,1,0,0,1,0,0,100.0,4,3,3,4,1,0,1,0,64,1,0,1,0,0,0,1,0,0,0,30,3,2,4,4,3,54.5,35.8,67.2,48.0
5606,0,3,1,0,0,2,65.0,3,0,0,0,1,1,1,0,0,100.0,4,4,1,3,0,1,0,0,22,0,1,0,0,0,42,0,0,1,0,0,1,3,2,4,4,3.8,0.0,6.6,78.9
5607,3,2,1,0,0,0,40.0,3,1,1,0,1,0,0,0,0,100.0,5,4,3,4,0,1,0,0,22,0,0,1,0,1,0,0,1,1,0,18,3,3,2,4,3,33.8,5.2,46.7,58.0
5608,0,3,1,0,0,2,65.0,4,0,1,0,0,0,0,1,1,100.0,2,2,4,4,0,1,1,0,56,0,1,0,0,0,42,1,0,1,0,2,5,2,1,2,1,53.1,35.2,65.4,49.9
5609,1,0,2,3,0,0,63.3,3,0,0,0,0,0,0,0,1,33.3,2,3,4,2,0,1,1,0,56,1,0,0,0,1,0,1,1,0,0,76,3,2,4,2,1,97.1,70.2,94.9,20.0
5610,0,1,0,0,2,3,61.7,2,0,1,0,0,0,0,0,0,33.3,5,4,1,3,0,0,0,1,0,0,1,0,0,0,42,0,0,0,1,0,5,4,2,5,4,5.3,0.0,6.4,67.2
5611,3,2,1,0,0,0,40.0,4,1,0,0,0,0,1,0,1,100.0,2,1,2,3,0,1,1,0,56,0,1,1,0,0,70,1,1,0,0,76,3,4,2,1,1,72.4,62.0,56.3,40.2
5612,1,0,2,0,0,3,65.0,4,0,0,0,1,0,1,0,0,66.7,2,2,3,2,0,1,1,0,56,0,1,0,0,0,42,0,0,1,0,0,1,4,4,5,4,25.9,13.3,27.6,58.7
5613,2,0,3,0,0,1,65.0,2,1,0,0,0,1,1,0,0,100.0,2,4,1,4,0,1,0,1,0,0,1,0,0,0,42,0,0,1,0,0,5,4,2,4,4,10.8,0.0,9.5,82.0
5614,2,1,3,0,0,0,40.0,3,0,1,0,1,0,0,0,0,66.7,4,2,3,2,0,0,1,0,34,1,0,0,0,1,0,1,0,0,0,30,3,2,4,1,1,74.2,33.8,78.6,19.9
5615,0,2,1,0,3,0,48.3,3,0,1,1,0,0,0,0,0,66.7,1,2,4,1,0,1,0,1,0,1,1,0,0,0,14,0,0,1,1,0,3,1,4,2,1,56.3,21.2,65.5,32.7
5616,1,3,2,0,0,0,40.0,3,0,0,0,0,1,1,0,0,66.7,2,3,2,2,1,0,0,1,6,1,0,1,0,0,0,1,1,0,0,76,2,4,5,2,1,79.3,46.2,71.8,25.4
5617,3,2,0,0,1,0,43.3,3,0,0,0,1,0,0,0,1,66.7,2,3,2,3,0,1,0,0,22,1,0,0,1,0,0,1,1,0,0,76,3,3,5,2,1,82.5,56.2,75.9,28.7
5618,1,3,0,0,2,0,43.3,3,1,0,0,0,0,0,1,1,100.0,5,1,1,3,1,1,0,0,52,1,1,0,0,0,14,1,0,0,0,30,2,1,5,2,1,66.2,35.0,68.7,31.3
5619,0,0,2,1,0,3,61.7,4,0,0,0,1,1,1,0,0,100.0,2,3,3,3,0,1,0,1,0,0,1,0,0,1,0,1,0,0,0,30,3,2,1,1,3,56.1,23.1,57.4,48.6
5620,0,0,3,0,1,2,61.7,5,0,0,0,0,1,0,0,0,33.3,5,3,4,4,0,1,0,0,22,0,1,0,0,0,42,0,0,0,1,0,3,3,5,4,2,20.2,6.4,43.3,52.7
5621,2,1,0,0,3,0,43.3,3,0,0,0,0,0,1,0,1,66.7,4,1,3,3,1,0,1,0,64,0,0,1,0,1,0,1,0,1,0,2,3,3,4,2,2,59.2,22.2,68.1,22.3
5622,0,1,3,0,2,0,48.3,5,1,0,0,1,0,0,0,1,100.0,5,2,1,1,1,0,0,0,30,0,1,0,0,0,42,0,0,1,0,0,5,2,5,4,2,29.6,14.0,25.8,60.9
5623,2,0,0,0,3,1,71.7,4,0,1,0,0,1,0,1,0,100.0,4,2,4,2,1,1,0,0,52,0,1,0,0,1,0,1,0,0,1,2,3,3,5,1,1,60.9,26.9,71.8,37.3
5624,2,0,0,3,1,0,63.3,3,0,0,0,0,0,0,0,1,33.3,2,2,3,4,0,1,0,0,22,1,0,0,0,1,0,1,0,0,0,30,3,4,1,2,2,62.7,22.8,69.0,23.8
5625,2,0,3,0,0,1,65.0,1,1,0,0,0,0,0,0,0,33.3,4,2,4,4,1,0,0,0,30,1,0,0,0,0,0,1,0,0,0,30,2,2,5,2,1,69.3,32.3,88.4,20.1
5626,0,0,2,3,1,0,55.0,5,0,0,0,1,0,1,0,0,66.7,5,4,3,4,0,1,0,0,22,1,1,0,0,0,14,0,0,1,0,0,5,3,1,2,2,33.9,11.8,51.4,53.0
5627,0,1,0,2,0,3,70.0,5,1,0,1,0,0,1,0,0,100.0,5,3,1,4,0,1,0,0,22,1,1,0,0,0,14,1,0,0,1,2,1,3,2,4,2,28.2,7.3,37.0,54.4
5628,1,0,0,2,3,0,63.3,3,0,0,1,1,0,1,0,0,100.0,5,4,1,2,0,1,0,1,0,1,0,0,0,0,0,0,1,1,0,18,5,3,5,5,1,37.1,9.9,34.6,64.4
5629,2,0,3,0,1,0,55.0,5,0,1,0,1,1,0,0,0,100.0,5,4,3,3,0,0,1,1,10,0,1,0,0,0,42,0,0,1,0,0,5,1,2,4,1,24.7,19.5,38.5,68.8
5630,2,0,0,3,1,0,63.3,1,0,0,0,0,0,0,1,1,66.7,2,3,4,1,1,0,0,0,30,1,0,0,0,0,0,0,0,0,1,0,2,3,5,2,2,57.6,13.6,68.8,35.5
5631,1,0,0,0,3,2,71.7,3,0,0,0,1,1,1,0,0,100.0,2,4,3,3,1,1,0,0,52,0,1,0,1,0,62,0,1,1,0,18,2,1,5,1,2,51.5,38.6,49.0,65.6
5632,0,1,3,0,0,2,65.0,3,0,0,0,1,0,0,0,1,66.7,2,2,2,4,0,1,0,0,22,1,0,0,0,0,0,0,1,0,1,18,5,2,1,1,1,68.1,35.0,73.8,30.9
5633,0,0,3,2,0,1,61.7,5,1,1,0,0,0,1,0,0,100.0,4,4,3,3,0,1,0,0,22,0,1,1,0,0,70,0,0,0,1,0,3,4,1,5,2,2.9,4.7,10.8,87.2
5634,2,3,0,0,0,1,63.3,2,1,0,0,0,0,0,0,0,33.3,2,2,1,4,1,0,1,0,64,0,1,0,0,0,42,1,0,0,0,30,1,2,5,2,1,68.1,49.7,67.8,24.4
5635,2,1,0,0,3,0,43.3,1,0,1,0,0,0,1,0,0,66.7,5,3,3,4,0,1,0,0,22,1,1,0,0,0,14,1,1,0,0,76,1,1,2,2,2,73.3,48.5,82.2,27.9
5636,0,0,3,0,2,1,61.7,5,0,0,1,0,0,1,0,1,100.0,5,4,1,4,0,1,0,0,22,0,1,0,0,0,42,0,0,1,0,0,1,3,4,4,2,19.7,4.2,24.5,68.1
5637,2,0,1,3,0,0,63.3,2,0,1,0,0,0,0,0,0,33.3,1,4,3,4,1,0,0,0,30,1,0,1,0,0,0,1,1,0,0,76,3,1,4,2,2,83.8,66.4,90.7,31.9
5638,0,3,2,1,0,0,63.3,3,0,0,0,1,0,1,1,0,100.0,4,3,2,4,0,1,0,1,0,1,0,0,1,0,0,0,0,1,0,0,5,2,5,4,1,37.0,14.4,53.1,52.1
5639,0,2,3,0,0,1,65.0,3,0,0,0,0,0,1,0,0,33.3,4,2,3,1,0,0,0,1,0,1,0,1,0,0,0,0,0,0,1,0,2,1,1,2,3,41.5,8.0,55.6,25.5
5640,1,0,2,0,0,3,65.0,1,0,0,0,1,0,0,0,0,33.3,2,3,1,4,0,1,0,1,0,1,0,0,0,0,0,0,0,0,1,0,3,3,4,2,4,33.5,0.0,41.4,38.7
5641,0,1,2,0,3,0,48.3,1,1,0,0,0,1,0,0,0,66.7,5,2,1,4,0,0,0,1,0,0,0,0,1,1,0,0,1,1,0,18,1,3,2,1,4,36.0,0.0,46.5,25.8
5642,1,3,0,0,0,2,63.3,3,0,0,1,0,0,0,0,0,33.3,2,3,3,3,0,1,0,0,22,0,0,1,0,0,28,1,1,0,0,76,2,1,4,4,1,75.5,62.0,76.0,34.6
5643,2,0,0,0,1,3,71.7,4,0,1,0,0,0,0,0,0,33.3,4,2,1,1,1,1,0,0,52,0,1,0,0,0,42,0,0,1,0,0,5,1,4,5,2,36.3,30.4,32.4,49.8
5644,3,1,0,0,2,0,43.3,3,0,0,1,0,0,0,0,1,66.7,2,1,3,2,0,1,0,1,0,1,0,0,0,0,0,1,1,0,0,76,3,1,4,2,1,87.2,59.4,95.5,10.2
5645,1,0,0,3,2,0,63.3,4,0,0,0,0,1,0,0,0,33.3,5,3,4,1,0,1,1,0,56,0,1,0,0,1,0,1,0,0,0,30,1,4,5,1,2,65.9,24.6,70.2,17.5
5646,0,2,0,0,1,3,61.7,2,0,1,0,0,1,0,0,0,66.7,4,2,3,2,0,1,0,1,0,0,1,0,0,0,42,0,0,1,0,0,1,3,4,5,2,23.1,3.5,29.5,52.0
5647,3,1,0,2,0,0,60.0,3,0,0,0,0,0,1,0,0,33.3,4,4,3,4,1,0,1,0,64,0,0,1,0,0,28,1,1,0,0,76,3,3,5,1,2,79.7,52.8,75.1,35.7
5648,0,0,1,2,3,0,55.0,4,0,0,1,1,0,0,0,0,66.7,1,2,4,4,1,0,0,1,6,1,0,1,0,0,0,1,0,0,0,30,3,3,5,2,1,68.0,29.6,83.2,22.1
5649,3,2,1,0,0,0,40.0,2,0,1,0,1,0,0,1,0,100.0,2,1,4,1,0,1,0,0,22,0,0,0,0,1,0,0,1,0,0,46,2,2,5,2,1,79.0,46.8,80.9,17.7
5650,0,0,3,0,2,1,61.7,4,0,1,0,0,0,0,0,0,33.3,5,2,1,3,1,1,0,0,52,0,1,0,0,0,42,0,0,1,1,0,1,3,5,1,2,45.1,11.7,43.2,29.1
5651,0,2,0,0,1,3,61.7,4,0,0,0,0,1,0,0,0,33.3,4,3,3,2,0,1,0,0,22,0,1,0,0,0,42,1,0,1,0,2,3,4,2,5,1,28.8,11.5,34.8,47.5
5652,0,1,3,0,0,2,65.0,3,0,1,1,0,0,0,0,1,100.0,4,4,1,4,1,1,0,0,52,1,0,0,0,1,0,0,0,1,0,0,1,4,5,2,1,52.0,17.6,57.6,43.7
5653,3,1,2,0,0,0,40.0,4,0,0,0,1,1,0,0,0,66.7,4,3,4,4,1,0,0,0,30,1,0,0,0,0,0,1,0,0,1,2,5,2,1,2,3,40.3,12.2,62.3,41.2
5654,0,3,0,1,0,2,70.0,5,0,1,1,0,1,0,0,0,100.0,5,1,3,2,0,1,0,1,0,0,1,0,0,1,0,0,1,0,0,46,1,3,4,4,3,47.1,22.3,53.8,35.3
5655,2,1,3,0,0,0,40.0,1,0,0,0,0,0,0,1,0,33.3,2,2,4,1,0,1,0,0,22,1,0,1,0,0,0,0,1,1,0,18,3,2,1,4,1,64.8,30.5,74.7,22.0
5656,1,3,2,0,0,0,40.0,4,0,0,0,0,0,0,1,0,33.3,2,2,1,3,0,0,1,1,10,1,0,1,0,0,0,1,0,0,1,2,3,2,1,1,2,58.6,18.4,65.5,14.7
5657,1,2,3,0,0,0,40.0,1,0,0,0,1,0,0,0,0,33.3,2,2,1,3,1,1,0,0,52,1,0,0,1,0,0,1,0,0,0,30,1,3,4,2,3,67.6,30.0,65.0,18.3
5658,2,1,0,0,0,3,63.3,2,0,1,0,1,0,0,1,0,100.0,2,4,3,4,0,1,0,0,22,1,0,0,1,0,0,1,0,0,0,30,3,3,5,1,2,59.6,22.9,65.4,48.0
5659,1,0,3,0,0,2,65.0,4,1,0,0,0,0,1,0,0,66.7,5,3,1,4,0,1,0,1,0,0,0,0,1,0,20,1,0,0,0,30,2,4,4,4,4,16.7,4.6,26.8,55.3
5660,0,1,3,0,0,2,65.0,5,0,1,0,0,1,0,0,0,66.7,4,4,1,2,0,1,0,0,22,0,0,1,1,0,48,0,0,1,0,0,5,4,4,5,2,11.9,4.5,7.7,77.6
5661,0,1,2,0,0,3,65.0,4,1,0,1,0,0,0,0,0,66.7,5,4,3,4,0,1,1,0,56,0,1,0,0,0,42,0,0,1,1,0,3,2,2,5,2,35.3,21.8,44.1,65.2
5662,2,1,0,0,0,3,63.3,3,0,0,0,0,0,0,0,1,33.3,2,3,3,3,0,1,0,0,22,1,0,0,0,0,0,1,1,0,0,76,2,4,5,2,2,78.8,45.3,76.7,24.8
5663,1,3,0,0,0,2,63.3,4,1,1,0,0,0,1,0,0,100.0,4,4,3,2,1,0,1,0,64,0,0,0,0,1,0,1,0,0,1,2,2,4,5,2,4,36.9,6.5,41.1,54.9
5664,0,1,0,2,3,0,53.3,4,1,1,0,1,0,0,0,0,100.0,2,4,4,4,0,1,0,0,22,1,1,0,0,0,14,1,0,0,0,30,2,3,4,5,1,52.0,38.6,64.6,63.8
5665,3,1,0,0,0,2,63.3,2,0,0,0,1,0,1,1,0,100.0,2,3,4,4,0,1,0,0,22,0,1,0,0,1,0,1,1,0,0,76,1,3,4,4,2,71.1,48.2,80.7,44.2
5666,2,3,0,0,1,0,43.3,3,0,0,0,1,0,0,0,0,33.3,4,4,1,3,0,1,0,1,0,1,0,0,0,0,0,1,1,0,0,76,3,2,4,5,1,67.6,50.0,67.8,36.2
5667,0,3,2,1,0,0,63.3,4,0,1,0,1,1,0,0,0,100.0,5,4,2,1,1,1,0,0,52,1,1,0,0,0,14,1,1,0,0,76,5,1,2,4,1,68.2,66.9,56.6,59.7
5668,0,0,2,1,0,3,61.7,5,1,1,1,0,0,0,0,0,100.0,5,4,1,2,0,1,0,0,22,0,1,0,0,1,0,0,0,0,1,0,3,2,1,5,4,18.6,6.7,28.9,67.2
5669,0,2,1,0,0,3,65.0,4,1,0,0,0,0,1,0,0,66.7,1,4,3,4,0,1,0,0,22,1,1,0,0,0,14,1,0,1,0,2,5,4,2,1,2,46.0,17.3,53.2,49.2
5670,3,2,0,0,0,1,63.3,3,0,0,1,1,0,0,0,1,100.0,4,2,3,2,1,0,1,0,64,0,0,1,0,0,28,0,1,1,0,18,1,2,2,2,3,51.7,31.3,54.0,45.0
5671,1,0,0,0,2,3,71.7,5,0,0,0,1,0,1,0,0,66.7,5,3,4,2,0,1,0,0,22,0,0,1,0,1,0,1,0,0,0,30,5,1,5,5,1,48.1,29.7,59.1,48.7
5672,0,3,0,1,0,2,70.0,3,0,0,0,1,0,1,1,0,100.0,2,3,1,3,0,0,0,1,0,1,0,0,0,1,0,1,0,0,0,30,2,3,4,4,1,52.2,28.0,51.7,48.0
5673,0,3,2,0,0,1,65.0,2,0,0,0,0,0,0,0,1,33.3,4,2,2,3,0,1,1,0,56,1,0,0,0,0,0,1,1,0,0,76,3,2,5,2,3,76.8,55.8,74.5,23.1
5674,2,0,3,0,0,1,65.0,1,0,1,0,0,0,0,0,0,33.3,1,1,1,3,1,1,0,0,52,0,1,0,1,0,62,1,0,0,1,2,2,3,5,1,3,45.8,20.0,39.4,35.2
5675,0,0,1,2,3,0,55.0,1,1,0,0,0,0,1,1,0,100.0,5,4,3,3,0,1,0,1,0,1,1,0,0,0,14,0,0,1,0,0,1,3,4,2,3,31.7,0.0,43.8,51.7
5676,2,0,0,0,3,1,71.7,3,1,0,0,0,0,0,0,1,66.7,2,4,3,1,0,1,0,1,0,1,0,0,0,0,0,1,0,0,1,2,5,3,4,2,1,53.9,15.5,56.3,49.4
5677,2,3,0,1,0,0,60.0,4,0,0,0,0,0,1,0,1,66.7,2,1,4,4,0,1,1,0,56,1,0,1,0,0,0,1,1,0,0,76,3,1,5,2,1,99.5,74.8,100.0,15.6
5678,1,0,2,0,3,0,55.0,4,0,0,0,0,0,1,0,0,33.3,2,2,3,1,0,1,1,0,56,1,0,0,1,0,0,0,1,0,0,46,3,2,2,2,2,78.4,51.2,77.8,20.7
5679,0,2,3,0,1,0,48.3,3,0,0,1,1,0,0,0,1,100.0,4,4,3,4,0,1,1,0,56,0,0,1,0,0,28,1,1,0,0,76,2,4,2,5,2,57.0,51.9,49.4,58.0
5680,3,1,2,0,0,0,40.0,4,0,1,0,1,0,1,0,0,100.0,5,3,4,1,0,0,1,1,10,1,0,0,0,0,0,1,0,0,0,30,3,1,4,1,1,61.5,34.5,75.5,32.8
5681,0,1,2,0,0,3,65.0,2,1,0,0,1,0,1,0,0,100.0,4,3,3,4,0,0,1,0,34,0,1,0,0,0,42,0,0,1,0,0,5,4,4,4,4,10.0,0.0,24.1,75.1
5682,1,2,3,0,0,0,40.0,2,0,0,1,1,0,0,0,0,66.7,1,2,3,4,1,0,1,0,64,1,1,0,0,0,14,1,0,0,0,30,2,1,5,2,2,77.2,53.2,78.1,27.9
5683,0,1,2,3,0,0,63.3,2,0,1,0,1,0,0,0,0,66.7,4,1,4,4,1,0,0,0,30,1,0,0,0,0,0,1,1,0,0,76,3,2,5,2,1,84.7,57.0,93.4,14.7
5684,3,0,2,0,0,1,65.0,3,0,0,0,1,1,0,1,0,100.0,4,2,1,2,0,1,0,0,22,0,1,1,0,0,70,0,0,0,1,0,5,2,5,4,1,20.6,18.7,21.3,68.5
5685,0,0,2,3,1,0,55.0,2,0,0,0,0,0,1,0,0,33.3,1,2,3,4,1,0,0,1,6,1,0,0,0,1,0,1,0,0,0,30,2,1,5,2,1,75.3,40.5,88.2,22.7
5686,0,2,1,3,0,0,63.3,5,1,0,0,0,0,0,0,0,33.3,5,3,1,4,1,1,0,0,52,0,0,1,0,0,28,1,0,0,0,30,5,3,4,5,3,38.1,25.9,40.6,54.1
5687,1,2,0,0,0,3,63.3,3,0,0,1,1,0,0,0,0,66.7,2,1,1,4,0,0,1,0,34,0,0,1,0,0,28,0,0,1,0,0,1,2,5,1,4,42.3,8.9,44.6,35.8
5688,1,3,2,0,0,0,40.0,1,0,1,1,0,0,0,0,0,66.7,1,2,3,2,0,1,1,0,56,1,0,0,0,0,0,1,0,1,0,2,3,2,2,2,1,72.5,32.9,74.3,25.4
5689,2,0,3,1,0,0,63.3,2,0,0,1,1,1,0,0,0,100.0,4,1,4,2,1,0,0,0,30,1,0,0,0,0,0,1,0,1,0,2,1,2,2,2,4,42.3,5.0,58.7,37.1
5690,3,0,0,2,0,1,73.3,3,0,0,1,0,0,1,0,0,66.7,4,2,4,3,1,0,1,0,64,1,0,0,0,0,0,1,1,0,0,76,3,4,1,4,3,67.0,53.8,71.4,38.2
5691,3,0,0,2,1,0,63.3,5,1,0,0,1,1,0,0,0,100.0,5,4,1,1,1,0,0,0,30,0,1,0,0,0,42,0,1,1,0,18,1,2,4,5,2,29.0,20.5,24.8,72.7
5692,3,1,0,0,2,0,43.3,3,0,1,0,1,0,1,0,0,100.0,2,4,1,4,0,1,0,1,0,0,0,0,0,1,0,0,0,0,1,0,1,2,1,4,1,40.9,16.7,55.7,55.5
5693,3,1,0,0,0,2,63.3,3,0,0,1,0,0,0,0,0,33.3,2,2,3,2,1,1,0,0,52,1,0,0,1,0,0,1,0,0,0,30,3,1,5,1,1,88.8,49.7,94.0,13.5
5694,3,0,1,0,0,2,65.0,2,0,0,0,0,1,0,0,0,33.3,4,3,3,2,1,1,0,0,52,1,0,1,0,0,0,1,0,0,0,30,3,3,4,1,1,72.4,39.4,78.1,27.3
5695,3,1,0,0,2,0,43.3,1,0,0,0,1,0,0,1,0,66.7,2,1,2,1,0,1,0,1,0,1,0,0,0,0,0,1,0,1,0,2,5,4,1,1,2,48.7,3.1,49.3,26.7
5696,2,1,0,0,0,3,63.3,2,0,0,1,0,0,0,0,0,33.3,2,3,3,1,0,1,0,1,0,1,0,1,0,0,0,1,1,0,0,76,2,1,2,2,2,81.7,50.9,80.2,24.1
5697,0,2,3,0,0,1,65.0,4,0,0,0,0,0,0,0,1,33.3,5,4,1,3,0,1,0,0,22,0,1,1,0,0,70,1,1,0,0,76,5,3,4,5,2,42.1,44.6,29.7,63.3
5698,1,0,3,0,2,0,55.0,4,0,0,0,1,0,0,1,0,66.7,4,4,3,1,1,0,0,0,30,1,0,0,1,0,0,1,0,0,0,30,3,2,4,2,1,62.8,35.4,64.1,37.3
5699,2,0,0,0,1,3,71.7,3,1,0,0,0,0,0,0,0,33.3,4,3,3,3,0,1,0,1,0,1,0,0,0,0,0,1,1,0,0,76,2,3,1,5,3,54.0,35.1,58.2,38.9
5700,3,1,0,0,0,2,63.3,3,1,0,0,1,1,0,0,0,100.0,1,3,3,1,0,0,1,0,34,1,0,0,0,0,0,1,0,0,1,2,3,3,5,2,4,47.0,11.1,45.3,54.1
5701,1,0,3,0,0,2,65.0,5,0,1,1,0,0,0,0,1,100.0,5,3,3,4,0,1,0,0,22,1,0,1,0,0,0,0,0,0,1,0,5,3,5,4,4,21.3,0.0,41.7,62.2
5702,1,2,3,0,0,0,40.0,4,0,0,1,0,0,1,1,0,100.0,2,2,3,3,0,1,0,0,22,1,0,0,0,1,0,0,1,1,0,18,3,3,4,1,2,56.5,21.2,66.2,32.7
5703,3,0,0,0,1,2,71.7,5,1,0,0,0,0,0,0,0,33.3,5,2,1,3,0,0,0,1,0,0,1,1,0,0,70,0,0,1,0,0,5,4,5,4,2,3.9,0.0,10.5,55.6
5704,2,0,1,0,3,0,55.0,3,1,0,0,1,0,0,0,0,66.7,4,2,4,2,0,1,0,0,22,1,0,1,0,0,0,0,1,0,0,46,5,2,4,4,1,65.3,41.8,74.9,36.1
5705,2,1,3,0,0,0,40.0,3,1,0,0,0,0,1,1,0,100.0,4,2,3,4,0,1,1,0,56,1,1,0,0,0,14,0,1,0,0,46,3,4,5,2,1,70.1,39.0,71.2,34.6
5706,2,0,1,0,0,3,65.0,3,0,0,0,0,1,0,0,0,33.3,4,4,1,4,0,0,0,1,0,0,1,0,0,0,42,0,0,1,0,0,1,3,5,4,2,26.4,2.8,31.8,53.7
5707,2,0,3,1,0,0,63.3,3,0,0,0,1,1,1,0,0,100.0,2,2,3,3,1,0,0,0,30,0,0,0,1,0,20,0,1,0,0,46,3,4,5,1,1,71.7,41.4,65.7,38.0
5708,2,0,1,0,3,0,55.0,2,0,0,0,0,1,0,0,1,66.7,4,3,1,1,1,0,0,0,30,0,1,0,1,0,62,0,0,0,1,0,1,3,5,2,3,26.5,8.2,23.5,49.3
5709,3,2,0,1,0,0,60.0,3,1,0,1,1,0,0,0,0,100.0,2,2,3,4,1,0,0,1,6,0,0,1,0,0,28,1,1,0,0,76,3,3,4,2,3,59.5,44.3,64.3,44.7
5710,3,1,2,0,0,0,40.0,4,0,0,0,0,1,0,0,0,33.3,5,1,2,3,0,1,0,0,22,1,1,0,0,0,14,0,1,1,0,18,5,4,4,2,4,34.7,2.5,39.4,32.2
5711,3,0,2,1,0,0,63.3,3,0,0,0,0,0,0,1,0,33.3,2,3,3,4,1,1,0,0,52,1,0,0,0,0,0,1,1,0,0,76,5,2,5,2,1,94.6,68.6,98.1,21.9
5712,1,2,3,0,0,0,40.0,3,0,0,0,0,1,0,0,0,33.3,2,2,1,3,1,1,0,0,52,1,1,0,0,0,14,1,0,0,0,30,1,1,1,5,3,62.0,42.7,59.4,32.7
5713,1,2,0,0,3,0,43.3,1,0,0,1,1,0,0,1,0,100.0,5,3,3,2,0,1,0,0,22,1,0,0,0,0,0,1,0,0,0,30,2,2,5,4,1,51.7,20.4,63.0,46.0
5714,3,0,0,0,1,2,71.7,3,0,0,0,1,0,1,0,0,66.7,2,2,3,3,1,1,0,0,52,1,1,0,0,0,14,0,0,0,1,0,1,2,1,1,2,65.1,28.1,71.3,28.8
5715,3,2,1,0,0,0,40.0,5,0,0,0,0,0,1,0,0,33.3,5,2,1,3,0,0,0,1,0,0,1,0,0,0,42,0,0,1,0,0,3,3,4,5,3,13.6,0.0,23.7,50.8
5716,0,1,0,2,0,3,70.0,4,1,0,0,0,0,0,0,0,33.3,2,3,1,3,0,1,0,0,22,0,1,0,0,0,42,0,0,1,0,0,5,4,1,5,2,26.8,10.4,29.1,56.4
5717,0,0,2,3,1,0,55.0,2,1,0,0,0,0,1,0,0,66.7,4,3,4,3,1,1,0,0,52,1,0,0,0,1,0,1,0,1,0,2,5,3,4,2,4,44.7,9.5,52.0,47.3
5718,1,2,0,0,3,0,43.3,3,0,0,1,1,0,0,0,0,66.7,2,2,2,1,0,1,0,1,0,1,1,0,0,0,14,0,1,0,1,18,5,2,1,2,2,55.6,18.8,53.0,37.4
5719,3,1,2,0,0,0,40.0,3,0,0,1,1,0,0,0,0,66.7,2,4,1,4,0,1,0,0,22,0,1,1,0,0,70,0,0,1,0,0,2,4,1,2,4,10.2,0.0,7.8,70.8
5720,2,3,1,0,0,0,40.0,3,0,1,1,0,0,0,0,0,66.7,2,3,4,3,1,0,0,0,30,1,0,1,0,0,0,1,0,1,0,2,1,3,4,2,1,60.3,18.8,76.7,26.7
5721,0,3,1,0,0,2,65.0,4,0,0,0,0,1,1,0,0,66.7,5,3,1,2,0,1,0,1,0,0,0,1,0,0,28,0,0,1,0,0,5,1,5,4,4,13.3,1.5,16.7,65.1
5722,3,0,1,2,0,0,63.3,3,1,0,0,1,0,0,0,0,66.7,4,2,1,3,0,1,0,0,22,1,0,0,0,0,0,0,1,1,0,18,3,2,4,1,1,64.0,24.9,66.2,25.8
5723,0,0,0,1,3,2,55.0,2,0,1,1,0,1,0,0,0,100.0,5,3,3,4,1,0,0,0,30,1,1,0,0,0,14,0,1,0,0,46,5,1,5,5,2,48.0,36.5,59.3,64.0
5724,0,2,0,0,3,1,61.7,5,0,0,0,1,0,1,0,0,66.7,2,4,1,2,0,1,1,0,56,0,1,0,0,0,42,0,0,1,0,0,5,2,4,5,2,39.3,27.0,28.8,72.9
5725,2,1,3,0,0,0,40.0,3,0,0,1,1,0,1,0,0,100.0,2,3,2,2,0,1,0,1,0,1,0,0,0,0,0,0,1,0,0,46,1,3,1,4,1,62.3,37.0,63.5,41.3
5726,1,3,2,0,0,0,40.0,1,0,0,0,1,1,0,0,0,66.7,5,1,2,3,0,0,0,1,0,1,0,0,0,0,0,1,0,0,0,30,2,1,1,2,1,63.8,21.6,75.1,14.1
5727,1,2,3,0,0,0,40.0,4,0,1,0,0,0,1,0,0,66.7,2,3,2,4,1,0,0,0,30,1,0,0,0,0,0,0,1,0,0,46,2,2,2,1,2,75.8,50.9,78.1,29.1
5728,2,1,0,3,0,0,60.0,2,1,0,0,1,0,0,0,1,100.0,2,2,1,3,0,1,1,0,56,1,0,0,0,0,0,1,1,0,0,76,3,3,1,5,4,64.3,50.5,54.9,56.9
5729,0,2,1,3,0,0,63.3,3,0,0,0,1,0,0,1,0,66.7,5,3,2,3,1,1,0,0,52,0,0,1,0,0,28,1,0,0,1,2,5,3,5,1,1,53.5,21.3,57.8,40.0
5730,0,1,0,2,3,0,53.3,4,1,0,1,0,1,0,0,0,100.0,5,2,1,4,0,0,1,1,10,0,1,0,0,0,42,1,0,1,0,2,1,3,4,5,4,5.6,0.0,16.7,64.5
5731,2,1,0,0,0,3,63.3,4,0,0,0,0,1,0,1,1,100.0,4,3,2,2,0,0,0,1,0,0,1,0,0,0,42,0,1,1,0,18,1,3,2,4,4,16.8,1.6,17.9,67.0
5732,0,0,3,2,1,0,55.0,4,0,0,0,0,0,1,1,1,100.0,1,4,2,4,1,1,0,0,52,0,0,1,0,1,0,1,0,0,0,30,2,3,4,4,4,52.7,35.2,48.6,63.2
5733,1,0,0,0,2,3,71.7,4,0,0,0,0,0,1,0,0,33.3,5,4,1,3,1,0,0,1,6,0,1,0,0,0,42,0,0,1,0,0,1,3,4,5,2,16.5,2.6,22.2,62.9
5734,2,0,3,0,0,1,65.0,4,0,1,0,0,0,0,0,0,33.3,5,3,2,3,1,0,0,0,30,0,0,1,0,0,28,1,0,0,0,30,1,1,5,1,2,48.4,34.0,58.0,28.8
5735,3,2,0,0,1,0,43.3,1,0,0,0,1,0,1,0,1,100.0,4,3,3,4,1,1,0,0,52,0,0,0,0,1,0,1,1,0,0,76,3,3,4,4,1,75.6,55.6,80.5,47.2
5736,0,2,1,0,0,3,65.0,2,0,1,1,0,0,0,0,0,66.7,4,3,4,1,1,0,1,0,64,1,1,0,0,0,14,1,0,0,0,30,1,2,2,2,3,55.5,38.7,57.8,43.2
5737,2,3,1,0,0,0,40.0,3,0,0,1,1,0,1,0,0,100.0,2,1,3,4,0,1,0,0,22,0,0,0,1,1,0,0,1,1,0,18,3,3,5,2,1,69.8,33.6,79.6,25.2
5738,1,3,0,0,0,2,63.3,3,0,0,0,1,1,0,0,0,66.7,1,2,4,2,0,1,0,1,0,0,0,0,0,1,0,1,1,0,0,76,2,1,4,2,1,87.8,64.8,91.2,20.5
5739,1,0,2,0,3,0,55.0,3,1,1,0,0,1,0,0,0,100.0,2,3,1,4,1,1,0,0,52,1,0,1,0,0,0,1,0,0,1,2,2,2,5,2,2,61.8,34.3,66.6,41.6
5740,0,2,0,1,0,3,70.0,1,0,0,0,0,0,0,1,1,66.7,5,4,3,4,0,1,0,1,0,1,0,0,0,0,0,1,0,0,1,2,5,4,4,5,3,19.0,0.0,37.9,64.2
5741,1,3,2,0,0,0,40.0,5,0,0,0,0,1,0,0,0,33.3,2,2,3,4,1,1,0,0,52,0,0,1,0,0,28,0,1,1,0,18,5,2,4,4,2,54.3,39.7,61.5,45.4
5742,0,1,3,0,0,2,65.0,4,1,0,0,0,0,0,0,0,33.3,5,3,1,4,1,1,0,0,52,0,1,0,0,0,42,0,0,1,0,0,5,4,5,5,4,11.6,0.2,16.7,68.2
5743,1,3,2,0,0,0,40.0,3,0,1,0,0,0,0,0,0,33.3,5,2,4,3,0,0,0,1,0,1,0,1,0,0,0,0,0,1,1,0,5,1,5,2,2,43.0,9.5,71.8,24.0
5744,3,0,1,0,0,2,65.0,5,0,0,0,1,1,0,0,0,66.7,4,3,1,4,1,1,0,0,52,1,1,0,0,0,14,1,0,0,0,30,1,3,5,1,1,68.2,36.3,67.0,34.8
5745,1,3,0,2,0,0,60.0,2,1,0,0,1,0,0,0,0,66.7,5,2,2,3,0,1,1,0,56,0,0,0,0,1,0,0,1,0,0,46,3,2,1,2,3,61.8,34.7,69.7,31.8
5746,3,0,0,0,2,1,71.7,2,1,0,0,0,0,0,0,0,33.3,4,3,4,4,1,0,0,1,6,1,0,0,0,1,0,1,1,0,0,76,1,3,1,4,1,69.8,44.4,86.7,27.5
5747,0,3,0,1,2,0,53.3,2,0,0,0,1,0,1,0,0,66.7,4,3,3,2,1,0,0,0,30,0,0,1,0,0,28,1,1,0,0,76,5,4,5,5,1,59.3,53.4,56.4,48.6
5748,0,3,0,0,1,2,61.7,3,0,1,0,0,0,0,0,0,33.3,4,3,1,1,0,1,0,0,22,1,1,0,0,0,14,1,1,0,0,76,2,2,1,2,2,73.9,53.6,62.4,27.1
5749,2,1,3,0,0,0,40.0,3,0,1,1,0,0,0,0,1,100.0,5,3,4,3,0,1,1,0,56,0,1,0,0,0,42,1,0,1,0,2,5,3,1,2,2,35.3,14.6,39.5,63.7
5750,3,1,0,0,0,2,63.3,3,0,0,0,0,0,1,1,0,66.7,4,4,3,2,0,1,0,0,22,1,1,0,0,0,14,1,1,0,0,76,3,1,2,4,3,60.5,47.7,63.8,50.8
5751,0,3,2,0,1,0,48.3,1,1,1,0,0,0,0,0,0,66.7,4,4,3,3,0,1,0,0,22,1,0,0,0,0,0,1,0,0,1,2,3,1,1,1,1,57.5,17.0,68.9,39.4
5752,0,0,1,0,2,3,61.7,5,0,0,0,0,0,0,1,0,33.3,5,4,1,4,0,1,0,0,22,0,1,1,0,0,70,1,0,1,0,2,5,4,4,4,2,12.6,4.1,15.3,68.6
5753,3,1,2,0,0,0,40.0,3,0,1,0,1,0,0,0,1,100.0,1,4,3,3,1,1,0,0,52,0,0,1,0,0,28,1,1,0,0,76,1,3,4,2,2,77.7,65.0,65.8,47.4
5754,2,3,0,0,1,0,43.3,3,0,0,0,1,0,1,0,1,100.0,2,2,3,4,0,1,1,0,56,0,0,1,0,1,0,1,0,0,0,30,2,1,5,2,1,79.0,55.5,89.2,32.5
5755,2,0,1,0,0,3,65.0,3,1,0,0,0,0,0,1,1,100.0,4,2,2,2,1,1,0,0,52,0,0,1,0,0,28,1,1,0,0,76,3,4,1,1,1,72.5,52.7,59.1,38.8
5756,3,2,1,0,0,0,40.0,1,0,0,0,0,0,1,0,0,33.3,2,3,3,1,1,0,1,0,64,1,0,1,0,0,0,1,0,0,0,30,1,2,1,4,1,74.1,44.4,73.4,24.2
5757,1,3,0,0,2,0,43.3,3,0,0,0,1,0,0,1,0,66.7,4,4,3,1,0,0,0,1,0,1,0,0,0,0,0,0,1,1,0,18,2,2,2,2,1,53.5,20.8,59.9,39.5
5758,3,2,0,1,0,0,60.0,3,0,0,0,1,0,1,1,0,100.0,4,2,3,4,0,1,1,0,56,1,0,0,0,0,0,0,0,1,0,0,3,2,2,2,1,61.0,28.0,73.9,36.8
5759,0,0,2,1,0,3,61.7,4,0,1,0,0,0,0,1,1,100.0,4,4,2,3,0,1,0,1,0,0,1,0,0,1,0,0,0,1,0,0,5,3,2,1,3,34.4,0.0,39.0,55.4
5760,3,1,2,0,0,0,40.0,4,0,0,0,0,0,0,0,1,33.3,5,2,4,3,0,1,0,1,0,1,0,1,0,0,0,1,1,0,0,76,3,1,4,1,1,80.1,43.1,94.2,8.1
5761,0,3,0,2,0,1,70.0,4,1,0,0,0,0,0,0,0,33.3,5,4,3,2,0,1,0,1,0,1,0,0,0,0,0,1,0,0,0,30,1,1,2,1,1,61.5,30.5,76.6,24.7
5762,3,0,2,0,1,0,55.0,1,1,1,0,0,0,0,1,0,100.0,4,2,3,2,0,1,0,1,0,1,0,0,0,0,0,1,1,0,0,76,1,3,4,4,1,68.6,42.6,70.1,35.9
5763,3,0,0,0,1,2,71.7,2,1,0,0,0,1,1,0,0,100.0,2,4,2,4,1,1,0,0,52,0,1,0,0,0,42,0,0,1,0,0,1,3,4,5,1,34.9,26.9,41.4,75.4
5764,3,1,0,0,2,0,43.3,2,0,1,0,1,0,1,0,0,100.0,2,4,4,4,1,0,0,0,30,1,0,0,0,0,0,1,0,0,0,30,3,3,4,1,1,70.4,34.0,81.0,41.1
5765,2,1,3,0,0,0,40.0,2,0,0,0,0,1,0,0,1,66.7,4,3,3,3,1,0,0,0,30,1,1,0,0,0,14,1,0,1,0,2,5,4,1,2,2,36.7,6.2,51.8,40.7
5766,2,0,3,0,1,0,55.0,1,0,0,0,0,1,1,1,0,100.0,4,2,1,4,0,0,1,0,34,0,0,1,0,1,0,0,0,1,0,0,3,4,4,5,2,30.1,8.1,41.5,51.0
5767,3,0,2,0,1,0,55.0,2,0,1,0,0,0,1,0,1,100.0,5,3,1,1,1,0,0,1,6,1,0,1,0,0,0,0,0,1,1,0,2,2,2,1,2,40.9,3.1,40.9,46.6
5768,3,2,0,0,1,0,43.3,4,0,0,0,1,0,0,0,0,33.3,2,4,3,1,1,1,0,0,52,0,0,1,0,0,28,0,1,0,0,46,3,1,5,2,2,72.3,55.0,72.8,33.5
5769,0,0,0,2,3,1,55.0,2,0,0,0,0,1,1,1,0,100.0,4,2,1,4,0,1,0,1,0,0,0,0,0,1,0,0,0,1,0,0,5,4,5,5,4,14.4,0.0,29.5,58.1
5770,1,3,0,0,0,2,63.3,1,0,1,0,0,0,0,0,0,33.3,2,1,4,2,1,1,0,0,52,1,0,1,0,0,0,0,0,1,1,0,1,3,5,5,3,53.4,14.8,63.8,24.8
5771,2,0,0,1,3,0,63.3,2,0,1,1,0,0,0,0,1,100.0,1,3,3,2,0,1,1,0,56,1,0,0,0,0,0,1,0,0,0,30,2,1,4,2,4,60.8,41.4,62.4,50.2
5772,3,2,0,1,0,0,60.0,3,0,1,0,1,0,1,0,0,100.0,2,3,1,4,0,1,1,0,56,1,0,0,0,0,0,0,1,1,0,18,1,3,4,5,1,65.5,37.7,65.3,45.6
5773,0,0,2,0,1,3,61.7,3,0,0,0,0,0,1,1,1,100.0,2,4,4,3,1,0,0,1,6,1,0,0,0,1,0,1,0,0,1,2,2,2,2,5,2,38.0,12.6,58.8,60.5
5774,3,0,2,0,1,0,55.0,3,1,0,1,0,1,0,0,0,100.0,4,2,3,3,1,0,1,0,64,0,1,0,0,0,42,1,1,0,0,76,2,1,5,2,4,61.9,57.2,61.0,45.9
5775,1,2,3,0,0,0,40.0,4,0,1,0,0,0,1,0,0,66.7,4,3,3,3,0,1,1,0,56,0,0,1,0,1,0,0,1,1,0,18,3,2,2,4,2,55.2,31.2,63.9,45.0
5776,1,2,0,0,0,3,63.3,5,1,0,0,0,0,0,0,0,33.3,4,3,2,3,1,1,0,0,52,1,1,0,0,0,14,0,1,1,0,18,5,4,1,5,4,30.1,16.6,34.9,49.8
5777,1,0,2,3,0,0,63.3,5,0,0,0,0,0,0,0,1,33.3,5,4,2,4,1,1,0,0,52,0,1,0,0,0,42,1,0,1,0,2,2,4,4,4,4,19.0,3.9,21.6,59.3
5778,2,0,0,1,0,3,73.3,3,0,0,0,0,0,0,0,1,33.3,5,4,3,2,0,1,0,1,0,1,0,0,0,0,0,1,0,0,0,30,3,1,2,1,1,64.2,25.5,73.9,26.6
5779,3,2,1,0,0,0,40.0,1,0,0,0,1,1,1,0,0,100.0,4,3,4,2,0,1,0,0,22,0,0,0,0,1,0,1,0,0,0,30,5,1,2,4,1,53.5,37.5,69.1,46.0
5780,1,2,0,0,0,3,63.3,3,0,1,0,0,0,0,0,1,66.7,4,3,3,4,0,1,0,1,0,0,0,1,1,0,48,0,1,0,1,18,5,4,4,5,3,16.5,7.4,21.4,67.8
5781,0,0,2,0,1,3,61.7,4,1,0,0,0,0,1,0,0,66.7,4,4,1,4,0,1,1,0,56,0,1,1,0,0,70,0,0,0,1,0,5,3,2,5,4,0.3,7.0,4.5,88.6
5782,3,1,2,0,0,0,40.0,1,0,0,0,1,0,0,0,0,33.3,4,3,4,2,1,1,0,0,52,0,0,0,1,1,0,1,1,0,0,76,5,1,4,2,1,88.8,63.3,93.0,21.5
5783,3,2,1,0,0,0,40.0,3,0,0,1,0,0,0,0,0,33.3,5,3,1,4,1,0,0,1,6,1,0,0,0,0,0,1,1,0,0,76,3,3,5,5,4,43.8,31.1,47.3,39.7
5784,0,2,0,1,0,3,70.0,5,0,0,0,1,0,0,0,0,33.3,5,2,3,1,0,1,1,0,56,0,1,0,0,0,42,0,1,1,0,18,5,3,4,4,4,21.7,15.2,24.3,55.8
5785,3,1,0,0,0,2,63.3,3,0,1,0,0,1,0,0,0,66.7,4,4,3,4,0,1,0,1,0,0,0,1,1,0,48,0,1,1,0,18,5,4,2,4,4,5.6,0.0,13.4,77.4
5786,0,1,2,3,0,0,63.3,2,0,0,0,0,0,0,1,0,33.3,4,4,4,4,0,1,0,0,22,1,0,0,0,0,0,1,0,0,0,30,3,1,4,4,1,59.8,37.2,78.1,39.3
5787,1,2,0,0,3,0,43.3,4,1,1,0,0,0,1,0,0,100.0,5,4,2,3,1,0,1,0,64,0,1,0,0,0,42,1,0,0,0,30,5,4,4,5,2,29.9,26.5,27.6,76.3
5788,0,0,2,1,0,3,61.7,5,0,0,0,1,0,1,0,1,100.0,5,4,2,4,0,1,0,1,0,0,1,0,0,0,42,0,0,1,0,0,5,3,4,4,1,15.0,2.6,23.8,76.3
5789,2,0,1,0,0,3,65.0,4,0,1,0,0,0,1,0,1,100.0,2,1,4,4,1,1,0,0,52,1,1,0,0,0,14,1,0,0,1,2,3,3,4,5,2,52.8,28.7,68.3,47.4
5790,2,1,3,0,0,0,40.0,1,0,0,1,1,0,0,0,0,66.7,1,3,3,2,1,0,0,0,30,1,0,0,0,1,0,0,1,0,0,46,2,1,4,2,1,88.0,51.2,87.2,24.6
5791,2,1,3,0,0,0,40.0,3,0,0,1,1,1,0,0,0,100.0,4,3,1,3,0,1,0,0,22,0,1,0,1,0,62,0,1,0,1,18,1,1,2,2,3,21.2,19.9,28.3,63.3
5792,3,0,2,0,0,1,65.0,5,0,0,1,0,0,0,0,0,33.3,5,3,2,3,0,1,0,0,22,0,0,1,0,1,0,0,0,1,0,0,2,4,2,1,3,39.1,0.0,48.7,27.9
5793,1,2,3,0,0,0,40.0,1,0,0,0,0,0,1,0,0,33.3,5,2,3,3,0,1,0,0,22,1,0,0,0,0,0,1,0,0,0,30,3,3,1,5,2,45.8,15.3,63.1,30.6
5794,3,1,0,0,2,0,43.3,4,0,0,0,1,0,1,0,1,100.0,2,1,1,1,0,1,0,1,0,1,0,0,0,0,0,1,0,0,1,2,2,1,1,5,1,54.9,24.3,52.5,33.6
5795,2,1,3,0,0,0,40.0,3,1,1,0,0,0,1,0,0,100.0,1,1,4,1,1,1,0,0,52,1,1,0,0,0,14,1,0,0,0,30,1,2,1,1,1,77.8,45.6,76.9,23.9
5796,1,3,2,0,0,0,40.0,5,1,0,0,0,1,1,0,0,100.0,4,4,2,2,1,1,0,0,52,0,0,1,0,0,28,1,0,1,0,2,3,3,5,2,2,41.6,19.6,40.4,55.7
5797,2,0,3,0,0,1,65.0,3,0,0,0,1,0,1,1,0,100.0,5,3,3,3,0,1,0,0,22,1,0,0,0,0,0,0,1,0,0,46,3,2,2,1,3,53.6,30.1,58.1,45.1
5798,1,2,3,0,0,0,40.0,3,0,0,0,1,0,0,0,1,66.7,1,1,2,3,1,0,0,0,30,0,1,0,0,1,0,1,1,0,0,76,2,2,5,2,3,88.7,61.4,80.0,16.5
5799,1,0,0,3,0,2,73.3,3,0,0,0,0,0,0,1,0,33.3,5,4,3,2,1,1,0,0,52,0,0,0,1,0,20,0,1,1,0,18,5,3,4,2,1,51.7,26.6,59.0,41.8
5800,2,0,1,0,3,0,55.0,4,0,1,1,0,0,0,0,0,66.7,4,2,4,4,1,0,0,0,30,1,0,1,0,0,0,1,0,0,0,30,5,2,2,5,1,54.7,33.3,74.7,39.9
5801,3,2,0,1,0,0,60.0,2,0,0,0,0,0,0,0,1,33.3,2,4,3,4,1,1,0,0,52,0,0,1,0,1,0,0,1,0,0,46,1,1,1,1,1,91.6,58.5,93.7,17.1
5802,1,0,2,3,0,0,63.3,1,0,0,0,1,0,0,0,0,33.3,4,3,4,4,1,1,0,0,52,0,1,0,0,0,42,1,0,1,0,2,1,3,4,2,3,40.8,13.0,47.3,41.7
5803,1,2,0,0,3,0,43.3,3,1,0,0,0,0,1,1,0,100.0,5,2,3,1,1,0,1,0,64,0,1,0,0,1,0,1,0,0,0,30,5,1,1,4,1,62.5,45.1,70.8,39.7
5804,2,0,1,0,0,3,65.0,1,1,0,0,1,1,0,0,0,100.0,4,4,3,4,0,1,1,0,56,0,0,1,0,0,28,0,0,1,1,0,2,3,5,4,4,22.6,8.4,31.7,76.1
5805,0,2,1,0,3,0,48.3,1,0,0,1,1,0,0,1,0,100.0,4,1,3,4,1,0,0,0,30,1,0,1,0,0,0,0,1,0,0,46,3,2,1,4,1,63.1,40.7,79.6,35.9
5806,0,1,3,2,0,0,63.3,5,1,0,0,0,0,0,0,1,66.7,5,3,3,2,0,1,0,1,0,0,1,1,0,0,70,0,0,1,0,0,3,3,5,4,3,0.0,0.0,8.5,67.0
5807,0,0,3,1,2,0,55.0,2,1,0,0,0,1,0,1,0,100.0,4,3,1,4,0,1,0,0,22,0,1,0,0,0,42,0,0,1,0,0,3,4,1,1,3,23.0,0.0,20.6,62.5
5808,2,3,1,0,0,0,40.0,4,0,0,0,0,1,0,0,0,33.3,4,3,1,4,0,1,0,0,22,1,1,0,0,0,14,0,0,1,1,0,5,1,2,5,3,28.2,11.7,43.5,47.7
5809,2,0,1,3,0,0,63.3,5,0,1,0,0,1,0,0,1,100.0,4,3,3,2,0,1,0,0,22,1,0,0,0,0,0,1,1,0,0,76,3,3,5,1,2,67.8,49.6,65.3,39.8
5810,0,3,1,2,0,0,63.3,5,1,0,0,1,0,0,0,0,66.7,1,4,3,3,1,0,0,0,30,0,1,0,0,0,42,0,0,1,0,0,5,4,2,4,3,26.9,15.2,25.6,75.2
5811,0,2,1,0,0,3,65.0,1,0,1,0,1,0,0,1,0,100.0,5,3,1,4,0,1,0,1,0,1,0,1,0,0,0,0,0,1,1,0,5,1,2,4,2,29.3,8.0,45.5,57.0
5812,2,0,0,1,3,0,63.3,3,1,0,0,1,0,0,0,1,100.0,2,3,4,3,0,1,0,1,0,0,0,1,0,0,28,1,1,0,0,76,3,3,2,1,2,65.8,44.7,68.1,40.9
5813,0,0,1,0,3,2,61.7,2,0,0,0,1,0,0,0,0,33.3,4,2,1,4,0,1,1,0,56,0,1,0,0,0,42,0,0,0,1,0,5,3,4,2,3,33.4,12.2,32.8,36.7
5814,2,1,0,0,0,3,63.3,1,1,0,0,1,0,0,0,0,66.7,5,3,3,2,0,0,0,1,0,1,1,0,0,0,14,1,0,0,0,30,3,2,1,2,2,44.3,18.2,55.9,41.1
5815,3,2,1,0,0,0,40.0,2,0,0,0,0,0,1,0,0,33.3,2,1,2,4,1,1,0,0,52,1,1,0,0,0,14,1,1,0,0,76,2,1,5,2,2,92.7,70.9,93.8,12.6
5816,2,3,0,1,0,0,60.0,3,0,0,0,1,0,0,0,0,33.3,2,3,2,4,0,1,0,0,22,1,0,0,0,0,0,1,0,0,0,30,1,2,5,5,2,58.9,36.7,67.0,33.7
5817,2,0,0,1,0,3,73.3,4,0,0,0,0,1,0,0,0,33.3,2,4,4,4,0,1,0,0,22,0,1,1,0,0,70,0,1,0,1,18,2,3,2,4,2,28.9,27.0,31.3,66.5
5818,3,1,2,0,0,0,40.0,1,0,0,0,0,1,0,0,1,66.7,2,2,3,2,0,1,1,0,56,1,0,1,0,0,0,1,1,0,0,76,3,4,5,4,1,84.8,59.7,78.3,27.9
5819,0,0,1,0,3,2,61.7,3,0,0,0,0,0,0,1,1,66.7,5,3,1,3,0,1,0,1,0,1,0,0,0,0,0,0,0,1,0,0,1,3,2,2,1,38.6,0.4,48.8,32.0
5820,1,0,3,0,2,0,55.0,2,0,0,0,0,0,1,1,1,100.0,5,4,2,4,0,0,1,0,34,0,1,1,0,0,70,0,0,1,0,0,3,3,4,4,3,7.4,3.2,7.0,81.6
5821,3,2,0,0,1,0,43.3,3,0,1,1,0,0,0,0,0,66.7,5,2,3,3,0,1,0,0,22,0,0,1,0,0,28,1,0,0,0,30,5,1,2,4,1,47.9,32.1,56.6,43.4
5822,0,2,3,0,1,0,48.3,3,0,0,0,0,0,1,0,0,33.3,4,3,4,3,1,0,1,0,64,1,0,0,0,1,0,1,0,0,0,30,2,2,1,2,1,75.4,42.4,89.4,20.2
5823,1,0,3,0,0,2,65.0,5,0,0,0,1,0,0,0,0,33.3,4,4,3,2,1,0,0,1,6,1,0,0,0,0,0,1,0,0,1,2,1,3,4,5,4,21.3,0.2,38.8,53.5
5824,2,1,0,0,0,3,63.3,4,1,0,0,0,0,0,0,0,33.3,2,3,3,4,0,1,0,0,22,1,0,1,0,0,0,0,0,1,0,0,3,4,1,5,3,34.6,4.5,49.9,46.5
5825,2,3,1,0,0,0,40.0,2,0,0,0,0,0,1,0,0,33.3,1,2,3,4,0,1,0,0,22,1,0,0,0,1,0,1,0,0,1,2,3,1,5,4,2,58.1,28.2,73.2,30.7
5826,2,0,1,0,0,3,65.0,4,0,1,1,0,0,1,0,0,100.0,2,4,4,1,1,0,0,0,30,0,0,1,0,1,0,1,1,0,0,76,1,3,5,2,1,79.5,60.4,79.4,40.2
5827,0,3,0,1,2,0,53.3,3,0,0,1,1,0,0,0,0,66.7,2,3,4,3,0,1,0,0,22,0,0,1,0,0,28,1,0,0,0,30,2,1,2,2,1,60.5,41.0,68.9,43.6
5828,0,3,0,0,2,1,61.7,1,1,0,0,0,0,0,1,0,66.7,4,2,3,4,0,1,0,0,22,0,1,0,0,0,42,0,0,1,0,0,5,4,4,4,1,26.6,4.6,44.0,47.6
5829,1,3,2,0,0,0,40.0,2,1,1,0,0,1,0,0,0,100.0,1,2,3,4,1,1,0,0,52,0,0,1,0,0,28,1,1,0,0,76,2,2,5,5,1,74.7,70.5,77.7,44.1
5830,1,0,3,0,0,2,65.0,4,0,0,1,0,1,0,0,0,66.7,4,2,1,4,0,1,0,0,22,0,0,1,0,0,28,0,0,1,1,0,1,3,4,4,2,29.6,8.9,41.6,43.0
5831,2,3,1,0,0,0,40.0,3,1,0,0,0,0,0,0,0,33.3,5,4,4,2,1,0,0,1,6,1,0,0,0,0,0,0,1,0,0,46,3,2,2,4,3,46.2,22.4,61.4,43.2
5832,1,0,3,2,0,0,63.3,5,0,0,0,1,0,0,0,0,33.3,2,3,2,3,1,1,0,0,52,0,0,0,0,1,0,1,1,0,0,76,5,4,5,1,1,96.2,60.7,84.8,22.7
5833,1,2,0,3,0,0,60.0,4,0,0,0,1,1,0,0,0,66.7,5,4,3,4,0,1,0,0,22,1,0,1,0,0,0,1,0,1,0,2,1,2,4,2,1,47.6,19.8,68.8,41.6
5834,0,0,1,0,2,3,61.7,5,0,0,0,0,1,1,0,0,66.7,5,4,1,4,0,1,0,0,22,0,1,0,0,1,0,1,0,1,0,2,5,3,4,5,3,27.5,2.7,33.3,65.6
5835,3,0,0,1,2,0,63.3,2,0,0,0,0,0,1,1,0,66.7,5,4,3,4,0,1,0,0,22,1,0,1,0,0,0,0,0,1,0,0,5,2,4,4,4,22.2,1.0,46.4,62.6
5836,0,3,1,0,2,0,48.3,4,0,0,0,0,0,1,0,0,33.3,2,3,3,3,0,1,1,0,56,0,0,0,0,1,0,1,1,0,0,76,5,1,5,2,1,98.4,76.2,94.9,26.3
5837,3,2,0,1,0,0,60.0,3,0,0,0,0,1,0,0,0,33.3,5,2,3,4,0,0,0,1,0,0,0,1,0,0,28,1,0,0,0,30,1,1,4,2,2,47.9,20.9,63.7,24.5
5838,2,3,0,1,0,0,60.0,3,1,0,0,0,0,0,1,0,66.7,1,3,1,4,0,0,1,1,10,0,0,0,1,0,20,1,1,0,0,76,1,2,5,2,3,69.5,49.6,62.5,40.4
5839,0,0,2,1,0,3,61.7,4,0,1,1,0,0,1,0,0,100.0,5,3,3,3,0,1,0,0,22,0,1,1,0,0,70,0,0,1,0,0,1,4,4,1,2,20.3,2.5,23.9,61.5
5840,0,3,0,2,0,1,70.0,3,0,0,0,0,0,1,1,0,66.7,2,1,4,4,0,1,0,0,22,1,0,1,0,0,0,1,0,1,0,2,3,2,4,2,3,47.7,12.3,66.4,29.9
5841,3,1,0,0,2,0,43.3,3,0,0,1,1,0,0,0,0,66.7,5,3,1,4,1,1,0,0,52,0,0,1,0,0,28,1,0,1,0,2,3,3,5,1,4,38.3,7.8,42.1,47.6
5842,0,0,1,0,2,3,61.7,2,0,0,0,1,0,0,0,1,66.7,2,3,2,4,0,1,0,0,22,0,1,0,0,0,42,0,0,1,0,0,5,4,5,5,2,28.5,8.6,33.6,63.9
5843,1,3,0,0,0,2,63.3,3,0,1,0,0,0,0,0,0,33.3,4,2,4,4,0,1,0,0,22,1,0,0,1,0,0,1,1,0,0,76,5,4,4,2,3,68.6,37.1,77.1,25.0
5844,2,1,0,0,0,3,63.3,3,0,0,0,0,0,0,1,0,33.3,4,3,4,3,1,1,0,0,52,0,1,1,0,0,70,1,1,0,0,76,2,2,5,2,1,69.7,62.7,69.4,41.1
5845,1,0,0,0,2,3,71.7,3,0,0,0,0,1,1,0,0,66.7,2,3,1,3,0,1,0,0,22,0,1,0,0,0,42,0,0,1,0,0,5,4,4,5,2,27.1,9.3,26.7,66.4
5846,2,1,3,0,0,0,40.0,3,0,1,0,1,0,0,1,0,100.0,1,1,3,2,0,1,0,1,0,0,0,1,0,1,0,1,0,1,0,2,5,1,4,2,1,58.4,24.5,69.0,29.7
5847,3,2,1,0,0,0,40.0,2,1,0,0,1,0,0,0,0,66.7,2,4,1,2,1,1,0,0,52,1,0,0,0,0,0,0,1,0,1,18,3,3,2,2,1,67.5,33.5,59.5,41.0
5848,0,2,0,3,0,1,70.0,5,0,0,0,1,0,1,0,0,66.7,5,3,3,4,0,0,0,1,0,0,0,1,0,0,28,0,0,1,1,0,1,4,4,5,4,3.0,0.0,21.9,67.2
5849,2,3,0,1,0,0,60.0,2,1,1,0,1,0,0,0,0,100.0,2,4,3,3,1,1,0,0,52,1,0,1,0,0,0,0,1,0,1,18,3,3,1,4,2,52.4,26.4,56.1,54.7
5850,2,3,1,0,0,0,40.0,4,1,0,0,0,0,0,1,0,66.7,4,3,2,3,0,1,0,0,22,1,0,0,0,0,0,0,0,0,1,0,2,1,1,1,2,54.3,22.7,65.5,28.0
5851,3,2,1,0,0,0,40.0,3,0,0,0,0,0,0,1,0,33.3,4,4,4,2,1,1,0,0,52,0,0,1,1,0,48,1,1,0,0,76,3,2,4,1,2,69.0,59.1,66.9,39.2
5852,2,0,3,0,0,1,65.0,2,0,0,0,0,1,0,0,0,33.3,1,3,4,2,1,0,0,0,30,1,0,1,0,0,0,1,0,0,0,30,3,1,4,4,2,66.2,40.4,74.2,39.1
5853,0,0,2,0,1,3,61.7,4,0,0,1,0,0,1,0,0,66.7,4,4,1,4,0,1,1,0,56,0,1,1,0,0,70,0,0,1,0,0,3,2,4,4,1,27.8,22.9,33.3,70.1
5854,1,0,2,0,0,3,65.0,4,0,1,0,1,0,0,0,1,100.0,5,3,1,4,1,1,0,0,52,0,1,0,0,0,42,0,0,1,0,0,5,2,4,5,3,16.9,22.1,23.1,80.0
5855,0,3,2,0,0,1,65.0,4,0,0,0,0,0,0,1,0,33.3,4,4,1,2,0,1,0,0,22,0,1,1,0,0,70,0,0,1,0,0,3,4,5,5,2,6.9,8.6,7.6,67.1
5856,1,2,3,0,0,0,40.0,3,0,1,0,0,1,0,0,0,66.7,1,2,3,3,0,0,1,1,10,1,0,0,0,0,0,1,0,0,0,30,5,4,1,1,1,72.2,28.3,77.2,22.1
5857,2,0,3,0,0,1,65.0,1,0,1,1,0,0,0,0,0,66.7,1,2,3,3,0,1,0,0,22,1,0,0,0,1,0,0,1,0,0,46,3,1,1,2,1,84.1,54.3,91.0,22.4
5858,3,0,1,0,0,2,65.0,3,0,0,1,1,0,0,1,0,100.0,5,3,4,4,0,1,0,1,0,0,1,0,0,0,42,1,0,1,0,2,1,2,5,5,3,6.6,0.6,27.6,71.9
5859,0,2,0,3,1,0,53.3,4,0,1,0,0,0,0,0,0,33.3,4,2,3,4,0,1,0,1,0,0,0,0,0,1,0,1,0,0,0,30,3,1,5,2,1,62.9,26.8,81.7,14.5
5860,3,0,2,1,0,0,63.3,3,0,0,1,1,0,0,0,0,66.7,4,2,3,4,0,1,1,0,56,0,0,0,1,1,0,1,1,0,0,76,2,3,4,1,3,82.7,51.1,84.2,26.0
5861,3,0,2,1,0,0,63.3,5,0,0,0,0,0,1,0,0,33.3,1,4,4,4,1,0,0,1,6,1,0,0,0,0,0,0,1,0,1,18,3,3,2,5,4,33.8,16.4,54.0,54.7
5862,1,2,3,0,0,0,40.0,4,0,0,0,1,0,0,0,0,33.3,4,1,1,4,1,0,0,1,6,0,0,0,1,0,20,0,1,1,0,18,2,2,2,2,2,51.4,18.0,64.2,16.8
5863,0,1,3,0,0,2,65.0,5,0,1,1,0,0,1,0,0,100.0,2,3,3,4,0,1,0,0,22,0,0,1,1,0,48,0,0,1,1,0,5,4,4,5,3,20.2,12.6,25.9,76.8
5864,1,0,0,0,2,3,71.7,3,0,1,0,0,0,0,0,0,33.3,1,2,2,2,0,1,0,0,22,1,0,0,0,0,0,0,1,0,0,46,1,1,1,2,1,87.1,51.4,83.8,19.6
5865,3,0,1,2,0,0,63.3,1,1,0,0,1,0,1,0,0,100.0,2,3,1,1,1,0,0,0,30,1,1,0,0,0,14,1,0,0,1,2,1,2,1,1,1,62.9,22.0,56.4,38.9
5866,0,3,2,0,0,1,65.0,3,1,1,0,0,0,1,0,0,100.0,2,3,3,1,0,1,1,0,56,1,0,0,0,1,0,0,0,1,1,0,2,4,4,2,2,53.0,19.7,51.5,54.5
5867,3,1,0,2,0,0,60.0,2,1,1,0,0,0,0,0,0,66.7,2,2,2,4,0,1,0,0,22,0,0,0,1,0,20,1,1,0,0,76,3,4,2,2,3,65.7,49.3,64.9,34.3
5868,1,3,2,0,0,0,40.0,3,0,0,1,1,0,1,0,0,100.0,4,2,1,4,0,1,0,0,22,0,1,1,0,0,70,1,0,0,1,2,3,1,2,2,2,26.0,19.2,29.7,56.9
5869,2,3,0,0,1,0,43.3,1,0,1,0,1,0,0,0,1,100.0,4,3,3,3,0,1,0,0,22,0,1,0,1,0,62,1,0,0,0,30,1,4,5,5,2,19.8,15.2,25.0,69.0
5870,0,3,1,2,0,0,63.3,3,0,0,1,1,0,0,0,0,66.7,2,2,4,4,1,1,0,0,52,1,0,0,0,0,0,1,0,0,0,30,2,1,5,2,1,82.4,52.3,100.0,18.4
5871,2,3,0,0,1,0,43.3,3,0,0,0,1,0,1,1,0,100.0,5,3,2,3,1,1,0,0,52,1,0,0,0,0,0,1,0,0,1,2,3,2,5,1,1,62.7,25.4,69.3,35.3
5872,0,3,0,2,1,0,53.3,2,0,1,1,0,0,0,0,0,66.7,4,4,1,4,1,1,0,0,52,1,0,0,0,0,0,0,0,0,1,0,3,2,4,1,2,56.0,22.0,58.2,37.0
5873,1,0,3,0,0,2,65.0,4,0,0,1,0,0,1,0,1,100.0,1,4,2,1,0,0,1,1,10,1,0,0,1,0,0,1,0,1,0,2,3,4,4,4,1,48.4,13.4,42.8,55.6
5874,1,0,3,0,2,0,55.0,5,0,0,0,0,0,1,0,0,33.3,5,3,3,3,0,0,0,1,0,0,1,0,0,0,42,0,1,0,1,18,1,4,5,5,3,18.9,0.3,30.9,52.5
5875,3,2,0,1,0,0,60.0,2,0,1,0,0,0,1,0,1,100.0,5,4,2,2,1,1,0,0,52,0,1,1,0,0,70,1,1,0,0,76,3,3,5,2,1,52.6,51.6,35.9,64.1
5876,3,2,1,0,0,0,40.0,3,1,0,0,0,0,0,0,0,33.3,1,3,4,4,0,1,0,0,22,1,0,0,0,1,0,1,0,0,0,30,3,1,4,2,1,76.3,44.4,91.4,23.7
5877,0,1,3,0,0,2,65.0,2,0,0,0,0,1,0,0,1,66.7,4,4,4,2,1,0,1,0,64,0,0,0,1,1,0,0,1,0,0,46,3,2,5,4,4,53.0,36.1,56.0,60.5
5878,0,0,3,1,0,2,61.7,2,0,0,1,0,1,0,0,1,100.0,5,3,1,4,0,1,0,1,0,0,1,0,0,0,42,1,0,0,1,2,5,3,5,4,3,7.1,0.0,19.7,71.0
5879,2,3,1,0,0,0,40.0,3,0,1,0,0,0,1,0,0,66.7,4,1,4,4,1,0,1,0,64,0,1,1,0,0,70,1,0,0,0,30,1,2,4,2,2,51.8,37.8,61.4,34.9
5880,0,0,3,0,1,2,61.7,3,0,0,0,0,1,0,0,1,66.7,5,4,1,1,1,1,0,0,52,0,1,0,1,0,62,0,1,1,0,18,5,3,4,5,4,9.2,12.5,0.0,84.1
5881,2,3,1,0,0,0,40.0,3,0,0,0,0,0,0,1,0,33.3,4,4,1,4,1,0,0,1,6,0,1,0,0,0,42,1,0,0,1,2,2,2,2,1,3,30.4,7.8,38.8,43.3
5882,1,2,0,0,0,3,63.3,1,0,0,0,0,0,0,1,1,66.7,5,4,2,4,0,1,0,0,22,1,0,0,0,0,0,1,0,1,0,2,3,4,5,4,4,13.2,0.0,26.9,61.7
5883,2,3,1,0,0,0,40.0,1,0,1,1,1,0,0,0,0,100.0,2,2,2,4,1,1,0,0,52,1,0,0,0,0,0,1,1,0,0,76,2,2,5,2,1,94.1,67.9,90.1,23.4
5884,3,2,0,0,0,1,63.3,3,1,0,0,1,0,1,0,0,100.0,2,2,3,3,0,1,0,1,0,0,0,1,0,1,0,1,0,0,0,30,3,2,2,1,1,70.7,31.6,75.8,28.9
5885,0,0,3,2,1,0,55.0,3,0,0,1,0,0,1,1,0,100.0,5,4,1,4,0,0,1,0,34,0,1,0,0,0,42,0,0,1,1,0,1,3,4,4,3,14.2,5.4,20.8,77.7
5886,0,2,3,0,1,0,48.3,3,1,1,0,0,1,0,0,0,100.0,4,2,3,4,1,1,0,0,52,1,0,0,0,1,0,1,0,0,0,30,3,1,4,2,3,65.4,39.1,70.4,34.8
5887,2,3,1,0,0,0,40.0,2,1,0,1,1,0,0,0,0,100.0,4,3,3,3,1,1,0,0,52,0,0,1,0,0,28,0,1,0,1,18,3,3,2,2,1,54.1,26.6,59.1,45.8
5888,0,0,2,1,0,3,61.7,5,0,0,1,0,0,0,0,0,33.3,4,4,1,2,0,1,1,0,56,0,0,1,0,0,28,0,0,1,0,0,1,3,5,5,4,25.7,13.1,25.5,57.8
5889,3,2,1,0,0,0,40.0,3,0,0,0,1,0,0,1,0,66.7,5,2,3,4,0,0,0,1,0,1,0,0,0,0,0,1,0,0,0,30,3,3,5,1,2,56.7,11.7,71.6,24.4
5890,1,0,3,2,0,0,63.3,4,1,0,1,0,0,0,0,0,66.7,4,2,2,2,1,1,0,0,52,0,1,0,0,0,42,1,0,0,0,30,5,2,4,4,2,44.7,37.2,43.3,50.9
5891,2,1,3,0,0,0,40.0,3,1,0,0,0,0,0,0,0,33.3,2,3,4,2,0,1,0,0,22,1,0,0,0,0,0,1,0,0,0,30,2,1,1,2,2,68.5,33.9,80.7,22.5
5892,3,2,0,1,0,0,60.0,2,0,1,0,0,0,1,0,1,100.0,2,3,3,1,1,1,0,0,52,1,0,1,0,0,0,1,0,1,0,2,2,3,4,1,4,52.0,9.9,47.8,47.8
5893,3,0,2,0,0,1,65.0,3,0,0,0,0,0,0,1,0,33.3,4,4,2,1,1,0,1,0,64,0,1,0,0,1,0,0,1,0,0,46,1,2,5,2,4,61.6,43.6,55.1,38.8
5894,1,3,2,0,0,0,40.0,2,0,0,1,1,0,1,0,0,100.0,2,3,4,1,0,1,1,0,56,1,1,0,0,0,14,0,0,1,1,0,5,3,5,1,2,54.7,26.1,54.6,47.1
5895,3,2,0,0,0,1,63.3,3,0,0,1,0,0,0,1,0,66.7,4,1,3,2,0,0,1,1,10,1,0,0,0,0,0,1,0,0,0,30,3,1,5,2,1,70.2,32.2,74.4,21.7
5896,1,3,0,0,0,2,63.3,3,1,0,0,0,0,0,1,0,66.7,5,4,4,2,0,1,0,0,22,1,0,0,0,1,0,0,1,0,0,46,3,2,1,5,1,55.3,38.9,69.0,48.8
5897,1,0,0,2,0,3,73.3,3,0,0,0,1,0,0,1,0,66.7,4,2,3,3,0,0,1,1,10,0,1,0,0,0,42,1,0,0,1,2,3,2,2,4,1,29.5,15.2,42.1,53.6
5898,3,1,2,0,0,0,40.0,1,0,0,1,0,0,0,1,0,66.7,5,1,2,4,0,0,1,0,34,1,0,0,0,0,0,0,1,0,0,46,2,3,5,2,3,58.4,25.5,67.6,16.9
5899,2,0,3,0,1,0,55.0,3,0,1,0,0,0,0,0,1,66.7,1,4,4,4,0,1,1,0,56,0,0,0,0,1,0,1,0,0,0,30,3,3,5,4,2,65.7,42.7,70.5,51.0
5900,1,2,0,3,0,0,60.0,2,0,1,0,1,0,0,0,1,100.0,2,4,3,4,0,0,0,1,0,0,0,0,1,0,20,1,0,0,1,2,1,3,5,5,3,28.2,3.9,37.8,68.6
5901,3,1,0,2,0,0,60.0,1,0,0,0,1,1,0,0,0,66.7,4,3,4,4,0,1,0,0,22,0,1,0,0,0,42,0,1,0,0,46,3,4,5,4,2,37.8,19.8,51.0,51.0
5902,1,0,3,0,2,0,55.0,3,1,0,0,0,0,0,0,0,33.3,2,4,3,1,0,1,0,1,0,1,0,0,0,0,0,0,1,0,0,46,5,2,1,1,2,67.2,38.5,68.6,33.7
5903,2,0,0,1,0,3,73.3,5,0,0,1,0,1,0,0,0,66.7,4,4,1,4,1,0,1,0,64,0,0,1,0,0,28,0,1,0,0,46,5,4,5,5,3,39.9,32.8,38.0,68.6
5904,0,2,1,0,3,0,48.3,4,0,0,1,1,0,0,0,1,100.0,5,4,1,2,0,1,0,0,22,0,1,0,0,0,42,0,0,1,0,0,1,2,4,5,3,13.7,9.7,18.6,71.5
5905,3,1,2,0,0,0,40.0,2,0,0,0,0,1,1,0,0,66.7,4,2,3,4,1,0,1,0,64,0,1,1,0,0,70,1,0,1,0,2,2,2,5,2,4,27.5,16.8,33.7,54.5
5906,3,1,0,0,0,2,63.3,3,0,0,0,1,0,1,0,0,66.7,1,1,1,3,1,0,1,0,64,0,0,0,0,1,0,1,0,0,0,30,3,3,5,4,2,71.4,42.4,67.3,26.4
5907,3,2,1,0,0,0,40.0,3,0,0,0,1,0,1,0,1,100.0,2,2,4,3,0,1,0,0,22,1,0,0,0,0,0,1,0,1,0,2,3,3,4,5,4,31.7,6.2,50.3,52.0
5908,0,2,1,0,0,3,65.0,3,1,0,0,0,0,0,1,0,66.7,4,3,4,3,0,1,0,0,22,0,1,0,0,0,42,0,1,1,0,18,3,3,5,5,3,22.8,10.7,35.6,64.5
5909,0,1,0,0,2,3,61.7,5,0,1,0,0,1,0,0,0,66.7,5,4,3,4,0,1,0,1,0,0,1,0,0,0,42,0,0,1,1,0,1,3,4,5,2,14.5,0.3,34.6,64.5
5910,0,1,3,0,0,2,65.0,3,0,1,1,0,0,0,0,0,66.7,2,3,1,3,0,1,0,1,0,1,0,0,0,1,0,0,0,0,1,0,3,2,4,5,1,46.2,18.3,53.3,48.4
5911,1,0,3,2,0,0,63.3,3,0,0,0,0,0,0,0,1,33.3,5,3,3,4,0,1,0,0,22,0,1,0,0,0,42,0,0,1,0,0,3,2,5,4,2,28.3,9.3,43.8,47.5
5912,0,3,1,0,0,2,65.0,3,0,1,1,0,0,1,0,0,100.0,4,3,1,2,0,1,0,0,22,0,1,0,0,0,42,0,0,1,0,0,1,3,1,4,4,9.2,5.8,10.1,66.2
5913,1,0,3,2,0,0,63.3,5,0,0,0,0,0,1,0,0,33.3,5,2,1,3,0,1,0,1,0,0,0,1,0,0,28,0,1,1,0,18,5,4,4,4,3,25.2,4.2,30.8,42.2
5914,3,1,0,2,0,0,60.0,3,0,0,0,1,1,1,0,0,100.0,4,3,2,4,1,0,0,0,30,0,1,0,0,0,42,1,0,1,0,2,1,3,4,4,2,26.3,15.5,26.2,63.5
5915,2,1,0,0,0,3,63.3,4,0,0,0,0,1,0,0,0,33.3,5,4,2,3,0,1,0,0,22,0,1,0,0,0,42,1,0,1,0,2,5,4,4,5,2,14.9,0.0,19.4,67.7
5916,1,0,0,2,0,3,73.3,4,1,0,0,0,0,0,0,0,33.3,5,3,4,2,0,1,0,1,0,0,1,0,0,0,42,0,0,1,0,0,5,4,4,4,2,15.5,0.0,28.8,54.2
5917,0,3,2,1,0,0,63.3,5,0,1,0,1,0,0,0,0,66.7,4,2,3,4,0,0,1,0,34,0,1,0,0,0,42,0,0,1,0,0,1,3,4,5,4,18.1,5.4,36.2,57.2
5918,3,0,2,0,0,1,65.0,5,0,0,0,1,0,0,0,1,66.7,2,2,1,3,0,1,0,0,22,1,1,0,0,0,14,1,0,0,1,2,3,2,5,1,3,49.0,15.7,49.4,36.2
5919,1,0,2,0,0,3,65.0,4,1,0,1,0,0,0,0,1,100.0,4,3,3,4,0,1,0,1,0,0,0,1,0,0,28,0,1,0,0,46,3,3,4,4,1,41.4,25.4,54.0,57.2
5920,2,3,1,0,0,0,40.0,3,1,0,0,0,0,1,0,0,66.7,4,1,4,3,1,0,0,0,30,1,0,0,0,0,0,1,0,0,0,30,3,4,4,5,1,51.1,24.8,70.0,29.1
5921,1,3,2,0,0,0,40.0,4,0,1,0,0,0,1,0,1,100.0,2,3,2,2,1,0,0,0,30,0,0,0,0,1,0,0,0,1,0,0,1,3,1,2,1,56.7,19.7,57.6,39.8
5922,0,3,2,1,0,0,63.3,4,1,1,0,0,0,0,0,0,66.7,1,1,3,4,1,0,0,1,6,1,0,0,0,0,0,1,0,0,0,30,2,4,2,2,1,69.1,28.7,81.9,18.9
5923,3,1,2,0,0,0,40.0,3,0,0,0,1,1,1,0,0,100.0,4,2,4,2,0,0,0,1,0,1,0,0,0,1,0,0,0,0,1,0,1,2,4,1,1,53.5,9.5,75.4,27.8
5924,2,0,0,3,1,0,63.3,3,0,1,1,0,0,1,0,0,100.0,4,4,4,1,1,0,1,0,64,0,1,0,0,1,0,1,0,0,0,30,2,3,1,2,1,67.5,37.5,61.3,49.0
5925,1,3,0,0,2,0,43.3,2,0,0,1,0,0,0,1,0,66.7,5,4,1,4,1,0,0,0,30,1,1,0,0,0,14,0,0,1,0,0,5,3,4,2,3,33.1,2.2,38.5,52.8
5926,0,1,0,2,0,3,70.0,2,0,0,1,1,0,0,0,1,100.0,5,4,1,4,0,1,0,0,22,1,0,0,0,0,0,0,0,1,1,0,2,3,2,4,2,36.8,2.6,45.3,62.1
5927,2,0,0,0,1,3,71.7,5,0,0,1,1,0,0,0,0,66.7,4,2,1,3,0,1,1,0,56,1,0,1,0,0,0,0,0,1,0,0,5,3,5,4,1,53.3,26.3,58.8,39.3
5928,0,1,2,3,0,0,63.3,3,0,0,0,0,1,0,0,0,33.3,5,3,3,1,0,1,0,1,0,0,1,0,0,0,42,0,0,1,1,0,1,4,2,1,4,19.9,0.0,28.0,45.8
5929,3,0,2,1,0,0,63.3,3,0,0,0,1,0,0,0,0,33.3,2,3,4,1,1,0,0,1,6,1,0,0,0,0,0,1,0,0,0,30,5,3,2,2,3,51.7,20.5,54.0,40.8
5930,2,1,0,3,0,0,60.0,3,0,0,0,0,1,1,0,0,66.7,4,2,3,4,0,1,0,0,22,0,1,0,0,0,42,0,0,1,0,0,2,4,4,4,1,32.4,9.6,44.6,50.3
5931,0,0,0,2,1,3,55.0,3,1,1,0,0,0,0,0,0,66.7,5,3,1,3,0,0,1,0,34,1,0,0,0,1,0,0,1,1,0,18,5,4,4,4,2,40.9,13.9,44.6,48.5
5932,1,3,0,0,0,2,63.3,3,0,0,0,0,0,0,0,1,33.3,2,2,1,4,1,0,1,0,64,0,0,1,0,1,0,0,0,1,1,0,3,3,5,5,1,58.3,30.3,68.5,29.0
5933,2,3,0,0,0,1,63.3,5,0,0,0,1,0,0,0,1,66.7,1,3,1,3,0,1,0,0,22,0,1,0,0,0,42,0,0,1,0,0,5,4,4,2,4,25.1,6.1,17.3,64.6
5934,0,1,0,2,3,0,53.3,3,0,1,0,1,0,1,0,0,100.0,5,1,4,4,1,1,0,0,52,0,0,1,0,0,28,1,1,0,0,76,3,3,4,2,1,73.6,53.7,78.7,33.4
5935,2,0,1,0,3,0,55.0,3,0,1,0,1,0,0,0,0,66.7,2,3,3,4,1,1,0,0,52,1,0,0,1,0,0,1,0,0,0,30,2,2,4,1,1,83.0,43.8,81.4,27.6
5936,3,2,0,0,0,1,63.3,3,0,0,1,0,0,0,0,0,33.3,4,4,1,3,1,1,0,0,52,0,0,1,0,0,28,1,1,0,0,76,3,1,4,5,1,67.1,70.1,64.0,46.8
5937,1,2,0,3,0,0,60.0,3,0,0,0,1,0,0,0,0,33.3,2,3,4,4,1,0,1,0,64,1,0,0,0,0,0,1,1,0,0,76,2,1,5,2,2,95.4,73.9,100.0,23.2
5938,0,0,1,0,2,3,61.7,5,0,0,0,1,0,1,0,0,66.7,2,3,1,4,0,1,0,0,22,0,1,0,0,0,42,0,1,1,0,18,3,3,2,5,2,35.1,27.1,34.8,60.3
5939,2,0,1,0,3,0,55.0,3,0,0,0,1,0,0,0,0,33.3,5,4,1,3,0,1,0,0,22,0,1,0,0,1,0,0,0,0,1,0,1,3,1,4,1,42.2,6.4,50.1,34.7
5940,2,3,0,0,0,1,63.3,3,0,0,0,0,0,0,1,0,33.3,2,2,2,1,0,1,0,1,0,0,0,1,0,0,28,1,0,0,1,2,2,2,2,1,1,54.4,23.8,50.9,30.0
5941,1,0,0,0,2,3,71.7,2,1,0,0,0,0,0,0,1,66.7,2,2,4,3,1,0,0,0,30,1,1,0,0,0,14,1,0,0,0,30,2,4,2,1,1,67.6,25.5,71.0,27.6
5942,3,2,0,1,0,0,60.0,1,1,1,0,0,0,0,0,0,66.7,5,4,2,4,1,1,0,0,52,0,1,0,0,0,42,1,1,0,0,76,2,3,1,4,4,42.1,42.2,41.5,63.1
5943,3,0,2,1,0,0,63.3,1,0,1,0,0,0,0,0,0,33.3,4,3,3,3,1,1,0,0,52,1,1,0,0,0,14,1,0,0,0,30,3,1,2,2,1,69.6,43.2,77.9,31.8
5944,2,3,1,0,0,0,40.0,2,0,0,0,1,0,0,0,1,66.7,2,2,2,3,0,0,1,0,34,0,1,1,0,0,70,1,1,0,0,76,1,1,5,1,4,61.3,56.9,50.7,44.5
5945,3,0,2,0,1,0,55.0,1,1,0,0,0,0,0,0,0,33.3,5,2,1,3,0,1,0,1,0,1,0,0,0,1,0,1,0,1,0,2,5,1,4,5,1,41.4,11.6,57.1,32.8
5946,1,0,3,0,0,2,65.0,3,0,1,0,1,0,1,0,0,100.0,4,3,3,4,0,1,0,1,0,1,0,1,0,0,0,1,0,0,1,2,2,1,5,1,2,47.4,13.8,63.5,44.8
5947,3,0,2,1,0,0,63.3,2,0,1,0,1,0,1,0,0,100.0,2,2,3,2,1,0,0,0,30,1,0,0,0,0,0,1,1,0,0,76,3,2,5,2,1,90.4,60.1,84.6,27.0
5948,3,2,1,0,0,0,40.0,3,1,1,1,0,0,0,0,0,100.0,4,4,1,3,1,1,0,0,52,0,0,1,1,0,48,1,0,1,0,2,5,3,4,2,3,28.5,14.5,26.0,75.8
5949,0,3,2,0,1,0,48.3,3,0,0,0,0,1,0,0,0,33.3,1,3,4,3,1,1,0,0,52,1,0,0,0,0,0,1,0,0,0,30,5,1,2,1,3,69.0,44.0,83.1,30.2
5950,1,3,2,0,0,0,40.0,3,0,0,0,1,0,0,1,0,66.7,4,2,1,4,1,0,0,1,6,1,0,0,0,0,0,1,0,0,1,2,3,2,5,2,1,51.7,13.3,67.6,24.0
5951,0,3,2,1,0,0,63.3,2,0,1,0,0,0,0,0,0,33.3,2,3,2,1,1,1,0,0,52,1,0,0,0,1,0,1,1,0,0,76,3,2,2,1,1,95.8,68.1,83.2,19.0
5952,0,0,2,3,1,0,55.0,5,0,1,1,0,0,0,1,0,100.0,4,3,1,4,0,0,0,1,0,0,1,0,0,0,42,0,1,1,0,18,3,4,4,5,3,16.8,5.0,21.8,68.7
5953,3,1,0,0,0,2,63.3,4,0,0,1,0,0,0,0,1,66.7,5,4,3,4,1,1,0,0,52,0,0,1,0,0,28,1,1,0,0,76,1,2,5,2,2,69.9,63.5,69.4,45.4
5954,3,0,1,0,2,0,55.0,4,0,0,0,0,0,1,0,0,33.3,2,2,3,3,1,0,0,1,6,1,0,0,0,0,0,1,0,0,0,30,3,1,2,2,3,56.8,29.8,74.5,26.7
5955,3,1,2,0,0,0,40.0,3,0,0,1,0,0,0,0,0,33.3,5,4,3,1,1,1,0,0,52,1,0,0,0,1,0,1,1,0,0,76,5,2,2,5,4,61.8,49.2,54.8,48.2
5956,3,2,1,0,0,0,40.0,2,0,1,1,0,0,0,0,1,100.0,2,3,3,4,1,0,1,0,64,1,0,1,0,0,0,0,1,0,0,46,3,3,5,2,1,78.6,51.2,81.9,36.6
5957,0,2,0,3,0,1,70.0,5,1,0,1,0,0,0,1,0,100.0,5,2,2,3,0,1,0,1,0,0,1,0,0,0,42,0,0,0,1,0,3,2,4,1,2,27.6,5.0,30.3,53.4
5958,1,3,2,0,0,0,40.0,2,0,0,0,0,1,1,0,0,66.7,4,3,2,4,1,1,0,0,52,1,1,0,0,0,14,1,0,1,0,2,1,2,5,4,1,51.5,25.0,62.6,40.0
5959,1,2,3,0,0,0,40.0,3,1,0,0,0,0,0,1,1,100.0,4,4,3,3,1,0,1,0,64,1,0,0,0,1,0,1,0,0,1,2,5,3,4,2,3,45.3,14.2,51.8,62.4
5960,0,2,3,1,0,0,63.3,2,0,1,1,0,0,1,0,0,100.0,2,3,3,4,1,0,1,0,64,0,0,1,0,0,28,0,1,0,0,46,3,1,4,4,1,65.0,58.2,66.0,59.8
5961,3,1,0,2,0,0,60.0,3,0,1,1,1,0,0,0,0,100.0,2,2,3,2,0,1,0,1,0,1,0,0,0,1,0,1,0,0,0,30,2,2,5,1,1,69.7,29.7,74.6,32.8
5962,1,3,0,2,0,0,60.0,4,0,0,1,0,1,0,1,0,100.0,1,1,3,4,0,0,1,0,34,1,0,0,0,1,0,1,1,0,0,76,2,3,4,4,1,86.3,59.4,86.7,29.4
5963,3,1,0,0,2,0,43.3,1,0,0,0,0,0,0,1,0,33.3,1,1,3,4,0,1,1,0,56,1,0,0,0,1,0,1,0,0,0,30,2,2,5,2,4,65.0,33.8,76.2,14.4
5964,3,2,1,0,0,0,40.0,2,0,0,0,1,0,1,0,0,66.7,2,2,4,3,0,1,0,0,22,0,0,1,0,0,28,1,1,0,0,76,3,4,5,2,1,77.4,49.6,78.0,28.1
5965,0,0,1,3,2,0,55.0,2,0,0,0,1,0,0,0,1,66.7,2,4,2,4,1,0,0,1,6,1,0,0,0,1,0,1,0,0,0,30,3,1,2,2,1,68.3,33.6,73.0,39.9
5966,0,2,0,0,3,1,61.7,4,0,1,0,1,0,1,0,0,100.0,1,2,1,3,1,0,0,1,6,0,0,1,0,0,28,1,1,0,0,76,3,1,2,2,1,81.2,62.0,74.2,35.4
5967,0,3,2,0,1,0,48.3,4,0,1,0,0,0,1,0,0,66.7,5,4,4,4,0,1,0,0,22,0,1,0,0,0,42,0,0,1,0,0,5,3,4,5,4,7.5,0.8,25.4,74.1
5968,1,2,0,3,0,0,60.0,2,0,0,0,1,0,0,0,0,33.3,2,1,2,3,0,1,1,0,56,1,0,0,0,0,0,0,1,0,0,46,3,1,2,2,1,91.9,55.9,92.0,10.5
5969,3,2,0,1,0,0,60.0,5,0,0,0,1,1,0,0,0,66.7,1,1,3,4,0,0,0,1,0,1,1,0,0,0,14,1,0,0,0,30,3,4,2,2,1,60.1,25.5,72.7,23.4
5970,3,2,1,0,0,0,40.0,3,0,0,1,0,0,0,0,0,33.3,2,4,2,3,0,1,0,1,0,1,0,0,0,0,0,1,0,0,1,2,2,3,1,2,3,41.2,3.8,45.8,40.2
5971,0,1,2,0,0,3,65.0,4,0,0,0,0,1,0,0,0,33.3,5,3,1,4,1,1,0,0,52,0,1,0,0,0,42,1,0,1,0,2,2,4,2,4,4,19.4,3.0,23.6,52.2
5972,2,0,3,0,0,1,65.0,2,0,0,0,1,1,1,0,0,100.0,4,4,2,4,1,0,0,1,6,0,0,1,0,0,28,0,1,0,0,46,3,2,4,4,2,43.5,25.1,44.1,64.9
5973,3,0,1,0,2,0,55.0,3,0,0,1,0,0,0,0,1,66.7,2,4,2,3,0,1,0,1,0,0,1,0,0,0,42,0,0,0,1,0,5,4,5,5,1,23.8,8.1,26.7,71.8
5974,3,0,2,1,0,0,63.3,1,0,0,0,1,0,0,1,0,66.7,2,2,3,2,1,1,0,0,52,0,0,0,1,0,20,1,1,0,0,76,1,2,5,1,2,85.0,63.4,75.2,28.2
5975,0,0,3,1,0,2,61.7,3,0,0,1,0,0,0,0,0,33.3,5,3,2,3,0,1,1,0,56,1,1,0,0,0,14,0,0,1,0,0,2,3,1,5,1,47.0,20.1,59.6,39.6
5976,1,3,2,0,0,0,40.0,4,0,0,1,0,0,0,1,0,66.7,2,3,1,4,0,1,1,0,56,1,0,0,0,0,0,0,0,0,1,0,2,2,4,2,4,50.9,24.2,52.1,38.8
5977,0,0,1,0,2,3,61.7,3,0,0,0,1,0,0,0,1,66.7,2,3,1,3,0,1,0,0,22,0,1,1,0,0,70,0,0,1,0,0,5,2,4,4,3,18.5,13.7,13.9,71.1
5978,3,2,0,0,1,0,43.3,3,1,1,0,1,0,0,0,0,100.0,4,4,3,4,0,0,1,1,10,1,0,0,0,0,0,0,0,1,1,0,2,3,4,5,4,14.6,0.0,36.8,67.1
5979,0,0,3,2,0,1,61.7,3,0,1,1,0,0,1,0,0,100.0,5,3,1,4,0,1,0,0,22,0,1,0,0,0,42,0,1,0,1,18,5,2,5,4,2,28.4,18.9,28.9,71.5
5980,3,1,2,0,0,0,40.0,1,0,0,0,1,1,0,0,0,66.7,2,2,2,4,0,1,0,1,0,1,0,0,0,0,0,1,0,0,0,30,1,2,2,2,3,59.1,20.0,62.9,33.1
5981,0,3,0,1,2,0,53.3,3,0,0,0,1,0,0,0,0,33.3,5,4,1,4,1,0,0,1,6,1,0,0,1,0,0,0,0,1,1,0,1,4,2,4,3,23.0,0.0,36.7,42.4
5982,0,1,0,0,2,3,61.7,3,0,1,0,0,0,0,0,0,33.3,2,3,4,2,1,1,0,0,52,1,0,0,0,1,0,1,0,0,1,2,1,3,1,2,1,66.9,28.2,74.3,24.9
5983,2,0,1,3,0,0,63.3,4,1,0,0,0,0,0,0,0,33.3,2,3,3,4,0,1,0,0,22,0,1,1,0,0,70,1,0,1,0,2,5,2,2,4,2,24.0,21.5,26.6,63.0
5984,1,0,2,0,3,0,55.0,4,1,0,0,0,0,1,0,0,66.7,5,4,4,4,0,0,0,1,0,0,1,0,0,0,42,0,0,1,0,0,5,4,5,1,2,22.2,0.0,36.1,60.2
5985,3,0,1,0,0,2,65.0,3,0,0,0,0,0,1,0,1,66.7,5,2,3,3,1,0,0,1,6,1,0,0,0,0,0,0,0,0,1,0,2,3,2,1,4,35.4,0.0,55.9,34.1
5986,0,1,3,2,0,0,63.3,2,0,0,0,0,0,0,1,0,33.3,5,4,4,4,0,1,0,1,0,1,0,1,0,0,0,0,0,1,0,0,1,2,2,5,3,24.2,0.0,53.0,48.4
5987,0,2,3,0,0,1,65.0,3,0,0,0,0,1,0,0,0,33.3,2,4,3,3,0,1,0,0,22,1,0,0,0,0,0,0,0,0,1,0,2,3,2,1,1,60.8,18.2,65.6,32.0
5988,2,0,3,0,0,1,65.0,3,0,0,0,0,0,1,1,1,100.0,4,2,3,1,0,1,0,1,0,0,1,0,0,0,42,1,0,1,0,2,3,2,4,4,4,11.4,0.0,17.3,70.0
5989,3,2,1,0,0,0,40.0,2,1,1,0,1,0,0,0,0,100.0,1,1,4,4,1,1,0,0,52,1,0,0,0,0,0,1,1,0,0,76,3,3,1,2,1,95.9,61.3,95.9,20.5
5990,3,2,0,0,0,1,63.3,4,0,0,0,0,0,1,0,0,33.3,1,2,1,2,1,0,0,1,6,1,0,0,0,0,0,0,1,0,1,18,3,3,4,4,1,59.3,27.9,61.3,27.1
5991,2,0,1,0,3,0,55.0,5,1,0,0,0,0,0,0,0,33.3,2,3,3,4,0,1,1,0,56,0,0,1,0,0,28,0,0,1,0,0,5,4,4,5,4,30.3,14.6,33.3,59.7
5992,0,0,2,0,3,1,61.7,5,0,0,0,0,0,0,0,1,33.3,4,4,1,3,0,1,0,1,0,0,1,1,0,0,70,0,0,1,0,0,5,2,4,4,4,6.5,1.9,3.4,77.0
5993,3,1,2,0,0,0,40.0,3,0,0,0,1,0,1,0,0,66.7,4,1,4,1,0,1,0,1,0,1,0,0,0,0,0,1,0,0,1,2,1,1,1,2,1,54.2,17.2,75.3,17.2
5994,0,1,0,2,0,3,70.0,4,1,0,0,0,0,0,0,1,66.7,1,3,1,4,0,1,0,0,22,0,1,0,0,0,42,1,0,1,0,2,5,3,5,5,2,25.5,20.4,29.8,63.0
5995,0,2,0,1,0,3,70.0,1,0,0,0,1,0,0,0,0,33.3,4,4,4,1,0,1,0,0,22,1,0,0,0,0,0,0,0,1,0,0,3,2,5,4,4,27.7,0.8,44.3,54.0
5996,3,2,1,0,0,0,40.0,3,0,1,0,0,1,1,0,0,100.0,4,3,4,4,1,1,0,0,52,0,0,0,1,0,20,1,1,0,0,76,3,4,5,4,1,70.5,51.9,71.0,47.3
5997,1,3,0,0,0,2,63.3,4,1,0,0,1,0,0,0,0,66.7,2,1,3,3,0,1,0,0,22,1,0,0,0,1,0,1,0,0,1,2,3,2,4,5,2,45.2,21.1,62.1,35.1
5998,3,0,2,1,0,0,63.3,3,0,0,0,0,0,1,0,0,33.3,2,3,4,1,0,0,1,1,10,0,1,1,0,0,70,0,1,0,0,46,3,1,1,2,4,36.0,33.0,36.8,51.4
5999,0,3,2,0,0,1,65.0,1,1,0,0,0,0,1,1,0,100.0,4,4,1,3,0,1,0,0,22,1,0,0,0,0,0,0,1,1,0,18,3,4,4,4,2,37.4,9.9,43.1,60.4
6000,3,2,0,0,0,1,63.3,3,0,1,1,0,0,0,1,0,100.0,5,1,1,4,1,0,0,0,30,0,0,1,1,0,48,1,0,1,0,2,1,1,4,5,1,32.4,19.1,46.5,49.9
6001,3,0,2,1,0,0,63.3,4,0,0,0,0,1,0,1,0,66.7,4,3,1,3,1,0,0,0,30,0,1,0,0,0,42,1,1,0,0,76,2,2,1,5,2,54.5,52.3,47.6,55.1
6002,1,0,2,0,0,3,65.0,2,1,0,1,0,0,0,1,0,100.0,5,3,2,4,0,1,1,0,56,0,1,0,0,1,0,0,0,1,0,0,5,4,2,5,4,18.0,0.9,28.5,66.1
6003,1,0,0,3,2,0,63.3,4,1,0,0,0,0,0,0,0,33.3,4,3,3,2,0,1,0,1,0,0,1,1,0,0,70,0,0,1,0,0,3,4,4,4,2,12.0,2.2,18.0,59.6
6004,2,3,1,0,0,0,40.0,5,0,0,0,1,0,1,1,0,100.0,1,4,3,1,0,0,0,1,0,1,0,0,0,1,0,1,0,0,0,30,5,2,4,4,2,48.1,33.6,52.1,52.0
6005,2,1,0,0,3,0,43.3,3,0,0,0,0,0,1,0,0,33.3,5,1,3,3,0,0,0,1,0,1,0,1,0,0,0,0,0,1,0,0,1,2,4,1,1,54.1,10.7,71.7,9.5
6006,1,2,3,0,0,0,40.0,1,0,0,1,1,0,0,1,0,100.0,2,3,4,3,0,1,1,0,56,0,0,1,0,0,28,0,1,0,0,46,3,1,1,2,1,80.6,54.6,75.9,43.2
6007,2,1,3,0,0,0,40.0,4,0,0,0,0,0,0,0,1,33.3,2,4,2,3,1,1,0,0,52,0,0,1,0,0,28,1,1,0,0,76,2,2,5,4,2,81.5,63.4,67.6,40.9
6008,0,2,1,0,0,3,65.0,3,0,0,1,0,0,0,0,0,33.3,1,4,1,2,0,1,0,0,22,1,0,0,0,0,0,1,1,0,0,76,5,3,2,5,3,66.7,46.5,55.9,45.8
6009,1,0,2,3,0,0,63.3,3,0,1,0,0,0,1,0,0,66.7,5,3,3,4,0,1,0,1,0,0,1,0,0,1,0,1,1,0,0,76,1,3,5,4,1,64.1,42.9,75.1,37.8
6010,2,1,3,0,0,0,40.0,1,0,1,1,0,0,1,0,0,100.0,2,2,3,2,0,1,1,0,56,0,1,0,0,0,42,0,1,1,0,18,5,4,1,2,4,38.3,16.3,33.5,56.5
6011,0,2,3,0,0,1,65.0,1,1,1,0,1,0,0,0,0,100.0,4,2,3,4,0,1,0,0,22,1,0,0,0,0,0,1,1,0,0,76,3,3,4,2,1,77.3,43.9,84.5,26.5
6012,2,0,0,3,0,1,73.3,1,1,0,0,1,0,0,0,0,66.7,2,4,4,4,0,1,0,0,22,1,0,0,0,1,0,0,1,0,1,18,3,1,5,2,3,57.9,26.4,69.8,48.3
6013,2,1,3,0,0,0,40.0,3,1,1,0,0,0,1,0,0,100.0,5,3,3,4,1,1,0,0,52,0,0,1,1,0,48,0,1,1,0,18,5,3,4,2,2,35.6,24.1,43.3,58.0
6014,0,3,0,0,1,2,61.7,3,0,0,0,1,0,1,1,0,100.0,2,3,1,2,0,1,0,0,22,1,0,0,0,0,0,0,1,0,1,18,1,2,5,4,1,61.9,33.0,58.3,46.6
6015,0,2,3,0,1,0,48.3,2,0,1,0,1,0,0,0,0,66.7,4,4,4,4,1,0,1,0,64,0,1,1,0,0,70,1,0,0,1,2,5,3,4,4,2,23.8,22.3,34.0,79.5
6016,2,1,3,0,0,0,40.0,3,0,0,0,1,0,1,1,0,100.0,2,2,1,2,0,1,1,0,56,1,0,0,0,1,0,0,0,1,1,0,2,2,5,5,3,52.1,22.2,52.8,46.3
6017,0,0,2,0,3,1,61.7,1,0,0,0,0,0,0,0,1,33.3,5,3,1,3,0,0,1,1,10,0,1,0,0,0,42,0,0,1,1,0,5,3,4,2,4,14.5,0.0,26.1,51.6
6018,3,0,0,0,2,1,71.7,3,0,1,0,0,0,0,0,1,66.7,2,3,2,3,0,1,0,1,0,0,1,0,0,0,42,0,1,0,0,46,3,1,4,2,2,54.6,39.6,50.2,49.9
6019,0,2,0,3,0,1,70.0,4,1,0,0,0,1,0,0,0,66.7,4,4,1,1,0,1,1,0,56,0,1,1,0,0,70,0,0,1,0,0,1,2,5,4,3,20.8,15.1,6.5,72.2
6020,0,0,1,2,0,3,61.7,3,0,0,1,1,0,1,0,0,100.0,2,4,3,3,1,1,0,0,52,0,0,0,0,1,0,1,0,0,0,30,3,3,5,5,4,44.6,31.1,45.7,68.9
6021,3,0,0,2,1,0,63.3,1,1,0,0,0,0,0,0,1,66.7,1,2,4,4,0,1,0,0,22,1,0,0,0,0,0,1,1,0,0,76,2,3,5,2,1,83.7,57.4,93.7,24.7
6022,3,2,1,0,0,0,40.0,2,0,0,0,1,0,0,0,0,33.3,2,1,4,4,0,1,0,0,22,0,1,0,1,0,62,0,1,0,0,46,3,2,1,2,1,63.3,49.6,68.8,23.6
6023,0,2,1,0,3,0,48.3,5,0,0,0,0,1,0,0,0,33.3,2,2,3,1,0,1,0,0,22,1,1,0,0,0,14,0,1,1,0,18,1,2,2,4,1,54.2,33.2,62.8,25.2
6024,3,2,1,0,0,0,40.0,3,0,0,0,0,0,1,0,0,33.3,2,3,2,4,0,1,0,1,0,1,0,1,0,0,0,1,0,1,0,2,3,3,4,2,2,48.4,8.8,56.9,30.8
6025,1,3,0,0,2,0,43.3,3,0,0,0,1,0,0,0,0,33.3,5,3,3,4,1,1,0,0,52,1,0,0,0,0,0,0,0,0,1,0,2,4,1,2,1,53.7,15.0,64.9,28.7
6026,0,0,3,2,0,1,61.7,2,0,0,0,0,1,1,1,0,100.0,5,3,2,3,0,1,0,1,0,0,0,1,0,1,0,0,1,0,0,46,1,4,5,5,2,36.6,9.9,50.7,49.9
6027,2,0,3,1,0,0,63.3,2,1,1,0,0,0,0,0,0,66.7,5,3,3,4,1,0,0,1,6,0,1,1,0,0,70,1,0,1,0,2,1,3,4,5,1,10.7,1.9,29.5,65.2
6028,2,3,0,1,0,0,60.0,3,0,0,1,0,0,0,0,0,33.3,2,3,1,4,0,0,1,0,34,1,1,0,0,0,14,1,1,0,0,76,3,3,4,2,1,86.5,58.9,73.0,25.7
6029,0,2,0,0,1,3,61.7,5,0,0,1,1,0,0,0,0,66.7,5,3,1,1,0,1,0,0,22,0,0,1,0,0,28,0,0,1,0,0,1,4,2,4,3,23.2,0.0,25.2,52.3
6030,1,2,0,0,3,0,43.3,3,1,0,0,1,0,1,0,0,100.0,1,3,2,2,0,1,0,0,22,1,0,1,0,0,0,1,0,0,1,2,3,3,4,2,2,55.3,17.4,55.7,42.8
6031,3,2,0,1,0,0,60.0,2,0,0,0,1,1,0,0,1,100.0,2,3,4,2,0,1,0,0,22,1,1,0,0,0,14,1,0,0,1,2,3,2,1,2,2,48.6,18.7,61.2,48.7
6032,1,0,2,0,3,0,55.0,5,0,0,1,0,1,0,0,1,100.0,5,3,1,4,1,0,0,0,30,0,1,1,0,0,70,1,1,0,0,76,2,4,4,2,2,46.9,44.7,38.2,54.6
6033,1,3,0,0,2,0,43.3,2,1,0,1,1,0,0,0,0,100.0,2,2,2,3,0,1,1,0,56,1,0,0,1,0,0,1,0,0,0,30,2,1,5,2,1,79.2,52.2,76.8,27.7
6034,2,0,1,0,3,0,55.0,1,1,0,1,0,0,1,0,0,100.0,2,4,1,4,0,1,0,0,22,0,1,0,1,0,62,0,0,1,0,0,5,1,2,4,2,26.4,19.7,26.8,79.9
6035,3,0,1,0,0,2,65.0,4,0,1,0,1,1,0,0,0,100.0,4,4,1,3,1,0,1,0,64,1,1,0,0,0,14,1,0,1,0,2,3,3,5,4,2,38.3,19.9,39.0,66.3
6036,1,3,0,0,0,2,63.3,3,1,0,0,1,0,0,0,0,66.7,1,2,2,2,0,1,0,0,22,1,1,0,0,0,14,1,0,0,1,2,2,4,2,1,3,49.9,9.4,46.9,30.6
6037,0,0,0,1,3,2,55.0,5,1,1,0,0,0,0,0,0,66.7,1,2,1,3,0,1,0,0,22,1,0,1,0,0,0,0,0,1,0,0,1,3,2,4,2,51.7,17.0,53.0,34.1
6038,1,2,0,0,3,0,43.3,5,0,0,1,1,0,0,0,0,66.7,4,3,3,3,1,0,0,0,30,0,1,0,0,0,42,1,0,0,0,30,5,3,5,1,1,55.7,26.9,55.2,47.6
6039,3,2,0,1,0,0,60.0,2,0,0,0,1,0,0,0,0,33.3,5,4,4,4,0,0,1,0,34,1,0,0,0,0,0,0,1,1,0,18,1,4,5,4,2,37.7,9.6,63.6,39.0
6040,2,3,1,0,0,0,40.0,4,0,0,1,1,0,0,0,0,66.7,2,3,4,4,0,1,0,0,22,0,1,0,0,0,42,1,0,0,0,30,3,2,4,5,3,34.5,31.0,48.1,60.8
6041,1,3,2,0,0,0,40.0,1,1,0,0,0,1,0,1,0,100.0,5,2,2,3,0,1,0,0,22,1,0,0,0,0,0,1,0,0,0,30,1,2,2,1,3,51.3,20.6,55.1,32.8
6042,3,1,0,0,2,0,43.3,5,0,1,0,1,0,0,0,0,66.7,2,1,4,3,1,0,0,0,30,1,0,0,0,0,0,1,1,0,0,76,2,3,5,1,2,88.1,58.9,90.3,13.5
6043,3,1,0,0,0,2,63.3,3,0,0,1,0,0,1,1,0,100.0,5,3,4,2,1,1,0,0,52,1,0,0,0,0,0,0,1,0,0,46,5,1,1,1,1,79.0,51.3,84.1,37.8
6044,2,3,0,0,1,0,43.3,3,1,1,0,0,0,0,0,0,66.7,2,3,4,4,0,1,0,0,22,1,0,0,0,0,0,1,0,0,0,30,1,3,1,2,2,64.6,26.5,77.2,28.2
6045,0,3,1,2,0,0,63.3,3,1,0,0,0,0,1,0,0,66.7,4,2,2,1,1,1,0,0,52,0,1,0,0,0,42,1,0,0,0,30,2,2,4,2,1,57.9,41.8,44.8,46.5
6046,2,3,0,1,0,0,60.0,4,0,0,1,1,0,1,0,0,100.0,2,3,4,3,1,1,0,0,52,1,0,0,1,0,0,1,0,0,0,30,2,2,4,2,1,80.7,48.6,82.7,35.9
6047,0,2,3,1,0,0,63.3,3,0,0,0,0,0,1,0,0,33.3,1,3,3,4,0,1,0,0,22,1,0,0,0,0,0,1,0,1,0,2,2,1,4,2,1,67.3,35.3,80.8,24.4
6048,1,0,3,0,2,0,55.0,5,0,0,0,0,0,0,1,0,33.3,5,4,1,4,1,1,0,0,52,0,1,0,0,0,42,0,0,1,0,0,5,3,2,5,2,22.8,20.2,28.5,63.5
6049,2,3,0,0,0,1,63.3,5,0,0,0,1,0,0,0,0,33.3,1,4,1,4,0,1,1,0,56,0,1,1,0,0,70,0,0,1,0,0,1,3,5,4,4,20.7,21.4,17.4,72.9
6050,1,2,0,0,0,3,63.3,3,0,1,0,1,0,1,0,0,100.0,1,2,4,1,1,1,0,0,52,1,0,1,0,0,0,0,1,0,0,46,3,2,5,2,1,87.1,56.2,81.7,36.2
6051,2,0,0,0,3,1,71.7,4,0,0,1,0,0,0,0,0,33.3,2,3,3,1,0,1,0,1,0,1,0,1,0,0,0,1,1,0,0,76,5,4,4,5,4,51.5,33.3,46.3,47.6
6052,2,3,1,0,0,0,40.0,1,0,0,0,1,0,0,0,0,33.3,2,4,4,3,1,0,1,0,64,0,1,0,0,0,42,1,0,1,0,2,5,3,5,2,2,48.9,29.9,52.8,49.5
6053,2,1,0,0,0,3,63.3,2,0,1,0,1,0,0,0,0,66.7,5,1,3,4,0,1,0,0,22,0,1,0,0,0,42,1,1,0,0,76,5,2,4,4,4,42.5,38.4,48.2,53.7
6054,0,0,1,0,3,2,61.7,1,0,0,0,1,0,0,0,0,33.3,4,4,4,3,0,1,0,0,22,0,0,1,0,0,28,1,0,0,0,30,1,4,4,2,3,40.8,9.8,48.0,41.2
6055,2,0,3,0,1,0,55.0,5,1,0,0,1,0,0,0,0,66.7,2,3,2,1,0,1,0,0,22,1,0,0,0,0,0,1,0,0,1,2,2,3,1,2,1,56.3,20.7,58.7,33.8
6056,0,3,0,2,0,1,70.0,3,0,0,1,1,0,0,1,0,100.0,4,2,4,4,0,0,1,1,10,0,0,1,0,0,28,0,0,1,0,0,5,3,5,5,1,29.5,9.2,45.2,61.6
6057,3,1,2,0,0,0,40.0,3,0,1,0,0,1,1,0,0,100.0,2,4,1,3,0,1,0,1,0,1,1,0,0,0,14,1,0,0,1,2,3,1,1,2,1,53.9,24.2,54.4,52.5
6058,3,1,2,0,0,0,40.0,4,0,0,1,0,0,0,0,1,66.7,2,3,4,4,1,1,0,0,52,1,0,1,0,0,0,0,1,0,0,46,3,1,4,4,2,73.0,54.5,82.9,38.6
6059,0,3,2,0,1,0,48.3,2,1,0,0,0,1,0,0,1,100.0,5,4,1,1,0,1,0,0,22,0,0,1,0,0,28,0,0,1,0,0,2,3,2,5,2,21.1,6.1,22.7,68.8
6060,0,3,1,0,2,0,48.3,3,0,1,0,0,1,0,0,1,100.0,5,4,3,3,0,0,0,1,0,0,1,1,0,0,70,0,0,1,0,0,1,4,5,5,2,1.8,0.0,13.9,82.3
6061,0,0,2,0,3,1,61.7,5,1,1,1,0,0,0,0,0,100.0,5,4,1,1,0,1,0,0,22,0,1,0,0,0,42,1,0,1,0,2,5,3,5,2,1,25.3,12.4,20.3,65.6
6062,0,3,2,0,0,1,65.0,5,1,0,0,0,1,0,0,0,66.7,5,3,1,1,1,0,0,0,30,1,0,0,1,0,0,0,0,1,0,0,3,4,4,5,3,21.3,1.1,18.2,55.3
6063,2,0,1,0,0,3,65.0,5,0,0,1,0,0,0,0,0,33.3,2,2,1,4,1,0,1,0,64,0,1,1,0,0,70,1,0,1,0,2,5,1,4,1,4,37.8,28.7,34.6,54.3
6064,3,0,0,0,2,1,71.7,2,0,0,0,1,0,0,1,1,100.0,2,3,1,2,0,1,0,0,22,1,1,0,0,0,14,1,0,1,0,2,3,3,4,4,4,23.7,5.3,26.9,63.3
6065,1,0,2,0,3,0,55.0,2,1,1,0,0,0,1,0,0,100.0,5,4,1,4,0,1,1,0,56,0,1,0,0,0,42,0,0,1,1,0,5,3,5,4,2,25.0,9.9,29.9,76.0
6066,3,2,1,0,0,0,40.0,1,0,1,0,1,0,0,0,0,66.7,2,1,4,1,1,1,0,0,52,1,1,0,0,0,14,1,0,0,0,30,1,2,1,4,1,75.4,44.9,76.5,23.0
6067,0,2,3,1,0,0,63.3,3,0,0,0,1,0,0,0,0,33.3,4,1,4,2,1,0,1,0,64,0,1,1,0,0,70,0,1,0,0,46,3,2,2,2,2,54.3,44.9,55.3,38.5
6068,2,3,1,0,0,0,40.0,1,1,0,0,1,0,0,1,0,100.0,1,2,2,3,0,1,0,1,0,1,0,0,0,0,0,0,0,0,1,0,2,3,2,1,1,57.3,11.4,65.5,25.7
6069,3,2,0,0,1,0,43.3,2,0,0,1,0,1,1,0,0,100.0,1,2,3,4,1,0,0,0,30,0,0,1,1,0,48,1,1,0,0,76,1,4,2,4,1,66.4,53.7,61.6,39.4
6070,0,0,3,1,0,2,61.7,1,1,1,0,0,0,0,0,0,66.7,4,2,4,3,0,0,1,1,10,0,1,0,0,0,42,0,0,1,0,0,2,3,2,2,4,19.8,0.0,34.8,54.8
6071,1,2,0,3,0,0,60.0,2,0,1,0,0,0,0,0,0,33.3,4,3,4,4,1,0,1,0,64,1,1,0,0,0,14,1,1,0,0,76,1,3,5,5,3,69.4,49.7,72.3,34.7
6072,2,1,3,0,0,0,40.0,5,1,0,0,0,1,0,0,0,66.7,2,2,1,3,0,1,0,0,22,0,1,0,0,1,0,1,0,0,0,30,3,1,4,2,1,75.3,46.0,80.1,21.3
6073,3,1,2,0,0,0,40.0,2,0,1,0,0,0,1,0,0,66.7,2,1,3,3,0,1,0,0,22,1,0,0,0,0,0,1,0,0,0,30,3,2,1,4,1,67.3,35.9,79.9,21.0
6074,0,2,1,0,0,3,65.0,3,0,1,0,1,0,1,0,0,100.0,2,3,1,1,0,1,0,1,0,1,0,0,0,0,0,0,0,1,1,0,2,2,1,2,4,32.4,1.6,29.4,54.5
6075,0,3,1,2,0,0,63.3,1,1,0,0,0,0,0,0,0,33.3,2,1,3,1,0,0,0,1,0,0,0,0,0,1,0,0,1,0,0,46,3,1,5,2,1,74.9,45.7,84.6,12.5
6076,2,3,0,0,0,1,63.3,3,0,1,0,0,0,1,0,0,66.7,1,3,4,4,0,1,1,0,56,0,0,1,0,1,0,1,1,0,0,76,1,3,4,2,2,88.4,66.0,95.1,26.5
6077,3,0,0,1,0,2,73.3,2,1,0,0,1,0,1,0,0,100.0,5,4,1,4,0,0,1,1,10,0,0,1,0,0,28,1,1,0,0,76,5,3,4,5,4,30.1,29.7,27.3,78.5
6078,0,2,3,1,0,0,63.3,1,0,0,0,1,0,0,0,0,33.3,2,4,3,1,0,1,0,0,22,0,1,0,0,0,42,1,0,0,0,30,3,3,5,4,2,42.9,20.6,41.9,52.1
6079,0,0,0,3,2,1,55.0,1,0,0,1,0,0,0,1,1,100.0,5,2,1,4,0,1,0,0,22,1,1,0,0,0,14,1,0,0,1,2,5,4,2,2,4,24.5,0.0,32.2,51.4
6080,2,0,1,0,3,0,55.0,5,0,0,0,0,0,1,0,0,33.3,4,1,3,3,1,1,0,0,52,0,1,0,0,0,42,0,0,0,1,0,5,3,4,4,4,20.0,7.5,33.1,47.9
6081,2,0,0,0,1,3,71.7,1,0,0,0,1,0,0,0,0,33.3,2,3,4,3,1,1,0,0,52,1,0,0,0,0,0,1,1,0,0,76,2,3,4,1,1,99.4,62.9,99.3,19.3
6082,2,1,0,0,3,0,43.3,3,0,0,0,1,0,0,1,0,66.7,2,1,1,3,1,0,0,1,6,0,0,1,0,0,28,1,1,0,0,76,2,4,5,2,3,66.3,37.8,55.1,25.7
6083,0,0,1,3,2,0,55.0,3,1,0,0,0,0,0,0,0,33.3,1,3,4,2,0,1,0,0,22,1,0,0,0,0,0,1,0,0,1,2,1,3,5,1,1,67.2,26.5,81.8,20.3
6084,0,2,0,3,0,1,70.0,5,0,0,1,0,0,0,0,0,33.3,4,4,1,3,0,0,0,1,0,1,0,0,0,0,0,0,0,1,0,0,5,1,2,4,3,35.2,10.7,44.4,49.3
6085,1,3,0,2,0,0,60.0,2,0,0,0,0,0,1,1,0,66.7,4,3,1,1,0,1,0,0,22,0,1,0,0,0,42,0,1,1,0,18,1,4,4,4,4,13.1,0.5,11.0,61.1
6086,0,2,0,3,0,1,70.0,4,1,0,0,0,1,0,0,0,66.7,5,4,1,3,0,1,0,0,22,0,1,1,0,0,70,0,1,0,0,46,5,2,5,2,4,27.5,25.0,16.7,75.6
6087,0,2,1,0,3,0,48.3,3,1,0,0,0,0,0,1,0,66.7,5,3,3,1,1,0,0,0,30,1,0,0,0,0,0,1,0,1,0,2,1,2,5,4,2,39.6,4.6,48.9,39.3
6088,1,0,0,0,2,3,71.7,3,0,1,0,0,1,0,1,0,100.0,1,3,1,4,0,1,0,0,22,0,1,1,0,0,70,0,0,1,0,0,3,3,5,5,4,6.0,5.1,2.8,88.4
6089,2,3,1,0,0,0,40.0,3,0,0,0,0,1,0,0,0,33.3,2,4,3,2,0,1,0,0,22,1,0,0,0,0,0,1,0,1,0,2,1,4,2,2,3,46.1,5.4,55.2,31.8
6090,3,0,0,2,1,0,63.3,2,1,0,0,1,1,0,0,0,100.0,2,4,2,4,0,1,1,0,56,1,0,0,0,0,0,0,1,0,0,46,2,2,2,2,2,77.2,48.2,73.6,51.9
6091,3,2,0,0,0,1,63.3,3,1,0,0,0,0,1,0,0,66.7,4,1,4,3,0,1,0,0,22,0,0,1,0,0,28,1,1,0,0,76,3,3,5,4,2,61.7,43.0,70.1,38.1
6092,0,2,0,1,0,3,70.0,5,0,0,0,1,1,0,0,0,66.7,5,3,1,3,0,1,0,0,22,0,1,0,0,0,42,0,0,1,0,0,5,4,1,5,4,8.1,0.0,3.1,73.3
6093,3,2,0,0,0,1,63.3,3,0,0,0,1,0,0,1,1,100.0,4,3,4,3,0,1,0,0,22,0,0,1,0,0,28,1,1,0,0,76,2,2,5,2,4,54.1,43.8,60.0,49.4
6094,3,2,1,0,0,0,40.0,3,0,0,0,0,0,0,0,1,33.3,5,1,3,4,0,1,0,1,0,0,0,1,0,0,28,1,0,0,0,30,3,2,4,5,2,39.7,15.9,56.9,33.2
6095,2,1,3,0,0,0,40.0,1,0,1,0,0,0,1,0,0,66.7,4,2,4,2,0,1,0,1,0,1,0,0,0,0,0,1,0,0,0,30,2,1,4,4,1,56.8,29.2,75.2,23.8
6096,0,3,0,1,2,0,53.3,4,0,0,1,1,0,0,1,0,100.0,5,3,1,4,0,1,0,0,22,0,1,1,0,0,70,1,1,0,0,76,1,2,1,5,1,44.6,54.3,38.8,65.7
6097,1,0,0,0,3,2,71.7,3,0,0,1,0,0,0,0,0,33.3,5,3,1,4,0,1,0,0,22,0,1,0,0,1,0,1,1,0,0,76,5,4,5,4,4,51.0,31.0,48.9,45.2
6098,0,0,3,0,1,2,61.7,1,1,0,1,0,0,0,1,0,100.0,1,3,1,3,0,1,0,0,22,0,1,0,0,0,42,1,1,0,0,76,5,3,1,5,3,49.4,50.9,38.0,70.9
6099,3,1,0,0,2,0,43.3,5,0,0,0,0,0,1,0,0,33.3,5,3,1,3,0,1,0,1,0,0,1,0,0,0,42,1,0,1,0,2,1,4,5,5,4,2.7,0.0,13.7,58.2
6100,0,0,3,0,2,1,61.7,4,0,0,1,0,0,0,0,0,33.3,4,1,2,2,1,0,0,0,30,1,0,0,0,0,0,0,0,1,0,0,3,3,2,5,4,32.5,4.0,43.3,36.0
6101,0,1,0,2,3,0,53.3,2,0,1,0,0,0,0,0,0,33.3,2,2,4,3,0,1,0,1,0,1,0,0,0,0,0,1,0,0,0,30,2,1,4,4,1,64.3,32.6,82.7,21.1
6102,3,0,2,0,0,1,65.0,2,0,1,0,0,0,1,1,0,100.0,5,2,2,4,0,0,1,0,34,0,1,0,0,0,42,1,0,0,0,30,5,1,5,4,4,30.4,25.9,35.1,70.2
6103,3,0,1,2,0,0,63.3,1,1,1,0,0,0,1,0,0,100.0,2,4,3,4,0,1,0,1,0,1,1,0,0,0,14,0,0,1,0,0,3,4,4,5,2,25.3,0.9,37.2,70.3
6104,2,3,1,0,0,0,40.0,3,0,0,0,0,1,0,0,0,33.3,4,3,2,3,0,0,0,1,0,0,1,1,0,0,70,0,1,1,0,18,1,1,5,5,2,18.4,23.0,28.6,55.5
6105,3,1,0,2,0,0,60.0,1,0,0,0,0,1,0,0,1,66.7,2,3,4,4,1,1,0,0,52,1,0,0,0,0,0,1,1,0,0,76,3,1,4,1,1,98.6,68.7,100.0,26.6
6106,3,0,1,0,0,2,65.0,4,0,1,0,1,0,1,0,0,100.0,5,3,2,3,0,0,1,1,10,0,1,1,0,0,70,1,0,0,1,2,5,4,4,5,4,0.0,0.0,0.0,83.6
6107,3,2,0,0,1,0,43.3,3,0,0,0,0,1,0,1,1,100.0,4,3,1,4,1,0,0,0,30,1,0,0,0,1,0,0,1,0,0,46,1,3,4,1,1,65.4,38.1,63.9,35.6
6108,0,1,3,0,0,2,65.0,3,0,0,1,0,1,0,0,0,66.7,5,4,3,2,0,1,0,1,0,0,1,1,0,0,70,1,0,0,0,30,5,2,5,4,2,14.9,17.4,22.9,76.1
6109,0,2,0,0,3,1,61.7,4,1,0,0,0,0,0,0,0,33.3,2,2,2,2,1,1,0,0,52,1,0,1,0,0,0,0,0,1,0,0,5,4,2,1,4,52.6,9.8,53.9,26.7
6110,1,0,2,3,0,0,63.3,2,0,0,0,0,0,1,0,0,33.3,4,4,4,4,0,0,1,0,34,0,0,1,0,0,28,1,0,1,0,2,1,4,2,4,1,34.2,11.5,54.7,48.7
6111,3,1,0,2,0,0,60.0,3,1,0,0,0,0,0,0,0,33.3,2,2,3,2,0,1,0,1,0,1,0,0,0,1,0,1,0,0,0,30,2,1,5,2,1,72.0,35.2,85.1,15.3
6112,3,2,0,0,1,0,43.3,2,0,0,0,1,0,0,0,0,33.3,2,2,3,4,0,1,1,0,56,1,0,1,0,0,0,1,1,0,0,76,2,2,5,2,1,96.2,70.3,98.2,8.8
6113,3,1,0,0,0,2,63.3,3,0,1,0,1,0,0,1,0,100.0,4,4,1,4,1,1,0,0,52,0,0,1,0,0,28,1,1,0,0,76,1,1,4,4,4,50.3,56.4,49.0,64.4
6114,1,2,3,0,0,0,40.0,3,0,1,0,1,0,0,0,0,66.7,2,2,2,3,1,0,0,0,30,1,1,0,0,0,14,1,1,0,0,76,1,2,1,2,1,81.8,64.4,82.2,22.0
6115,0,1,0,2,0,3,70.0,5,0,0,0,0,1,1,0,0,66.7,2,4,4,3,0,0,0,1,0,0,1,0,0,1,0,0,0,1,0,0,1,3,2,4,2,38.2,10.8,56.3,50.1
6116,2,3,0,0,1,0,43.3,2,1,0,0,0,1,1,0,0,100.0,4,2,1,3,0,0,1,0,34,1,0,0,0,0,0,0,1,0,0,46,3,3,4,1,2,70.2,29.5,67.8,28.0
6117,1,2,3,0,0,0,40.0,4,1,0,0,0,0,0,0,0,33.3,2,1,1,4,0,1,1,0,56,0,0,1,0,1,0,0,1,0,0,46,3,4,4,2,1,81.3,41.9,85.7,3.3
6118,3,0,1,2,0,0,63.3,2,0,0,0,1,0,0,1,1,100.0,2,2,3,3,0,0,0,1,0,1,0,0,0,0,0,1,0,0,1,2,3,1,1,1,1,62.4,17.4,72.6,28.3
6119,0,3,1,0,0,2,65.0,2,0,0,1,1,0,0,0,1,100.0,1,1,4,1,0,1,0,1,0,1,0,0,0,0,0,0,0,1,1,0,3,1,2,5,3,37.3,16.0,50.5,46.1
6120,0,0,2,1,3,0,55.0,4,1,1,0,0,0,0,0,1,100.0,2,1,4,2,1,0,1,0,64,0,0,1,0,1,0,1,0,0,0,30,1,2,4,1,4,66.7,39.8,71.0,29.9
6121,0,0,1,2,0,3,61.7,4,0,0,1,1,1,0,0,0,100.0,5,4,1,1,0,1,0,0,22,0,0,1,0,0,28,1,0,1,0,2,1,3,1,4,4,14.4,1.1,13.0,73.0
6122,0,0,1,0,3,2,61.7,4,0,0,0,1,0,1,0,0,66.7,5,3,1,2,0,1,0,0,22,1,0,1,0,0,0,0,0,1,0,0,5,3,2,2,2,39.4,4.8,43.9,43.9
6123,2,0,0,3,1,0,63.3,5,0,1,0,0,1,1,0,0,100.0,5,2,3,4,0,1,0,0,22,0,1,0,0,0,42,0,0,1,1,0,5,4,4,4,1,26.3,8.7,43.1,58.8
6124,2,0,0,3,1,0,63.3,1,0,1,0,1,0,1,0,0,100.0,4,3,1,3,0,1,0,1,0,0,1,0,1,0,62,0,1,0,1,18,5,3,4,4,4,6.7,0.8,4.7,81.0
6125,0,3,0,2,1,0,53.3,4,0,0,0,1,0,0,0,1,66.7,5,3,1,3,1,0,0,0,30,0,1,1,0,0,70,0,1,0,1,18,5,3,2,5,3,12.1,13.0,7.9,72.4
6126,3,0,0,0,1,2,71.7,3,0,0,1,0,0,1,0,0,66.7,2,2,3,2,0,1,0,1,0,1,1,0,0,0,14,0,0,0,1,0,3,2,1,1,1,53.7,19.2,62.0,31.0
6127,3,1,0,2,0,0,60.0,1,0,0,1,1,1,0,0,0,100.0,4,2,3,3,0,1,1,0,56,1,0,0,0,1,0,0,1,0,0,46,3,2,5,2,1,77.2,44.7,81.5,32.1
6128,3,1,0,2,0,0,60.0,3,1,0,0,1,0,0,0,1,100.0,2,3,4,3,1,1,0,0,52,1,0,0,0,0,0,1,1,0,0,76,1,3,2,1,1,91.1,65.2,92.0,31.6
6129,2,1,0,0,3,0,43.3,1,0,0,0,1,0,0,0,0,33.3,2,1,1,3,0,1,0,0,22,1,0,0,0,1,0,1,0,0,0,30,5,2,2,4,1,68.6,33.3,71.7,20.6
6130,0,0,2,0,3,1,61.7,5,1,0,1,1,0,0,0,0,100.0,4,2,3,1,0,0,1,0,34,1,1,0,0,0,14,1,0,1,0,2,2,2,2,4,3,31.8,10.4,40.0,53.5
6131,1,0,0,3,2,0,63.3,3,0,1,0,1,0,1,0,0,100.0,4,1,3,1,0,0,1,1,10,0,0,1,0,0,28,1,1,0,0,76,3,4,4,2,1,65.8,44.8,58.8,31.4
6132,2,0,0,3,1,0,63.3,3,0,1,1,0,0,0,0,0,66.7,2,3,4,4,1,0,0,0,30,1,0,0,0,0,0,1,1,0,0,76,5,2,4,2,1,86.4,68.1,87.6,35.9
6133,0,0,3,0,2,1,61.7,5,1,0,0,1,0,1,0,0,100.0,4,2,3,2,0,1,0,0,22,1,1,0,0,0,14,0,1,1,0,18,5,3,2,4,4,27.9,13.0,32.3,58.7
6134,2,3,0,1,0,0,60.0,3,0,0,0,0,1,0,0,1,66.7,1,4,3,4,0,1,0,0,22,0,1,1,0,0,70,0,0,1,1,0,5,4,5,5,3,11.3,5.8,11.1,87.0
6135,1,3,0,2,0,0,60.0,2,0,0,0,1,0,0,0,0,33.3,2,3,4,1,1,1,0,0,52,1,0,0,0,0,0,0,1,0,1,18,3,1,1,2,2,73.7,40.7,74.2,28.5
6136,2,1,0,3,0,0,60.0,4,0,0,0,0,0,1,0,0,33.3,1,1,3,4,1,1,0,0,52,0,1,0,0,0,42,1,0,0,0,30,2,2,1,4,1,64.7,46.9,66.9,32.1
6137,1,2,3,0,0,0,40.0,5,0,0,0,1,0,0,0,0,33.3,2,3,4,3,1,1,0,0,52,1,0,0,0,0,0,1,0,0,0,30,3,4,4,4,3,55.1,30.2,66.0,34.4
6138,3,2,1,0,0,0,40.0,3,1,0,1,1,0,0,0,0,100.0,4,1,4,3,0,1,0,0,22,1,1,0,0,0,14,0,1,0,1,18,3,2,2,2,2,57.3,20.8,74.8,27.7
6139,2,3,0,1,0,0,60.0,2,0,1,0,0,0,1,0,0,66.7,2,3,3,3,0,1,1,0,56,1,0,1,0,0,0,1,0,0,0,30,1,3,4,2,1,70.5,38.8,74.2,32.8
6140,2,3,1,0,0,0,40.0,4,0,0,1,1,0,1,0,0,100.0,2,3,2,4,1,1,0,0,52,0,0,1,0,0,28,1,1,0,0,76,3,3,5,1,2,83.8,59.6,62.6,43.1
6141,0,1,2,3,0,0,63.3,3,1,0,1,1,0,0,0,0,100.0,5,3,3,1,1,1,0,0,52,0,1,0,0,0,42,0,1,1,0,18,1,4,5,5,3,21.3,16.5,21.3,71.8
6142,2,0,1,0,0,3,65.0,3,0,0,0,0,1,0,0,1,66.7,4,2,4,1,0,1,0,0,22,1,0,0,0,0,0,1,1,0,0,76,5,4,4,5,2,62.7,33.5,61.3,43.1
6143,2,1,0,0,3,0,43.3,3,0,0,0,0,0,0,0,1,33.3,2,3,4,3,0,1,1,0,56,1,0,0,0,0,0,1,0,1,0,2,3,3,4,1,2,61.5,20.6,74.2,28.1
6144,0,2,1,3,0,0,63.3,3,0,0,0,1,0,0,0,0,33.3,2,3,3,3,1,0,1,0,64,1,0,0,0,1,0,1,1,0,0,76,3,3,5,1,3,84.5,54.5,75.2,26.1
6145,3,0,1,0,0,2,65.0,2,1,0,0,0,0,1,0,0,66.7,5,4,3,3,0,1,0,0,22,0,1,1,0,0,70,1,0,1,0,2,3,4,1,1,1,21.8,3.4,28.5,60.2
6146,3,0,0,1,0,2,73.3,2,0,0,1,0,0,1,0,0,66.7,5,4,2,4,0,1,0,0,22,0,1,0,0,0,42,0,0,1,0,0,5,2,5,5,4,6.8,0.0,19.6,75.8
6147,3,2,1,0,0,0,40.0,2,1,1,0,1,0,0,0,0,100.0,1,2,3,4,0,1,0,0,22,0,0,1,0,0,28,0,1,0,0,46,3,1,1,5,4,49.5,38.7,54.5,59.1
6148,3,2,0,0,1,0,43.3,1,0,1,0,0,1,0,0,1,100.0,4,3,1,3,0,1,1,0,56,0,0,1,0,0,28,1,1,0,0,76,1,3,4,1,2,76.6,51.1,61.7,41.0
6149,2,0,0,1,3,0,63.3,3,0,0,0,1,1,0,0,0,66.7,2,4,1,3,1,0,0,0,30,0,0,0,0,1,0,1,1,0,0,76,5,2,4,2,1,79.3,59.9,72.4,44.7
6150,3,0,2,0,0,1,65.0,3,0,1,1,0,0,1,0,0,100.0,1,3,3,1,1,0,1,0,64,0,1,0,0,1,0,1,1,0,0,76,2,1,5,2,1,100.0,80.5,88.4,37.8
6151,3,2,0,0,0,1,63.3,3,1,0,1,0,0,1,0,0,100.0,4,3,2,3,1,0,1,0,64,1,0,0,1,0,0,0,1,0,0,46,5,4,5,1,2,64.2,37.5,60.0,43.7
6152,2,0,1,3,0,0,63.3,1,0,1,1,0,0,0,0,1,100.0,2,4,3,3,0,1,0,0,22,1,1,0,0,0,14,0,0,0,1,0,5,3,4,5,3,23.6,14.6,36.3,75.5
6153,2,3,0,1,0,0,60.0,1,1,1,0,1,0,0,0,0,100.0,5,4,1,2,1,1,0,0,52,1,1,0,0,0,14,1,0,1,0,2,2,3,5,4,3,24.9,9.1,22.6,68.1
6154,3,0,1,0,2,0,55.0,3,0,0,0,1,0,0,1,1,100.0,4,1,3,4,1,0,0,0,30,0,0,1,0,0,28,1,1,0,0,76,1,4,5,5,1,61.0,47.7,64.5,39.1
6155,0,3,0,2,0,1,70.0,2,0,0,0,0,0,1,1,0,66.7,1,3,3,4,0,1,0,0,22,0,0,0,1,1,0,1,1,0,0,76,3,3,4,1,3,73.0,49.0,71.6,38.7
6156,0,0,2,1,3,0,55.0,1,0,0,0,1,0,0,0,0,33.3,1,2,4,2,0,1,1,0,56,1,0,0,0,0,0,1,0,0,1,2,5,3,4,2,3,57.6,20.5,64.5,33.4
6157,3,2,1,0,0,0,40.0,4,0,0,0,0,0,0,0,1,33.3,4,2,3,4,1,0,1,0,64,1,0,0,0,1,0,1,0,0,1,2,3,1,4,5,1,58.4,38.4,79.8,28.3
6158,0,2,3,1,0,0,63.3,5,0,1,0,1,0,0,1,0,100.0,4,4,4,3,0,0,0,1,0,1,0,0,0,0,0,1,0,0,0,30,3,3,2,2,4,31.8,11.5,49.6,57.3
6159,1,0,0,3,0,2,73.3,3,1,0,0,0,0,1,1,0,100.0,2,3,1,4,1,0,0,0,30,1,0,0,1,0,0,0,1,0,1,18,5,3,5,2,3,52.6,20.5,48.8,53.2
6160,0,3,1,2,0,0,63.3,2,1,0,0,0,1,0,0,0,66.7,5,4,4,4,0,1,0,0,22,0,1,0,0,0,42,1,0,0,1,2,5,4,4,1,1,32.6,5.0,48.9,54.4
6161,2,3,0,1,0,0,60.0,3,0,0,1,0,0,0,0,0,33.3,2,2,4,2,1,0,0,0,30,0,0,1,0,0,28,1,0,0,1,2,2,4,5,2,4,33.4,0.0,40.8,32.8
6162,0,0,2,0,1,3,61.7,4,1,0,0,1,0,0,0,0,66.7,2,3,4,3,1,1,0,0,52,1,0,0,0,0,0,0,1,0,1,18,3,2,4,4,3,52.2,36.3,65.3,48.8
6163,1,2,0,0,0,3,63.3,2,1,0,0,1,0,1,0,0,100.0,1,4,3,3,1,0,0,0,30,1,1,0,0,0,14,0,0,0,1,0,5,3,1,2,4,35.0,7.2,48.9,64.7
6164,2,3,0,1,0,0,60.0,3,0,0,1,0,0,1,0,1,100.0,1,1,4,4,1,0,0,1,6,1,0,0,0,0,0,0,1,0,0,46,2,1,5,2,1,82.7,51.7,93.9,21.6
6165,3,1,0,0,2,0,43.3,3,0,0,0,0,0,1,0,0,33.3,2,3,1,3,0,1,0,0,22,1,0,1,0,0,0,0,1,0,0,46,2,3,2,1,1,79.7,37.4,75.9,18.4
6166,2,0,1,0,3,0,55.0,5,0,0,1,1,0,0,1,0,100.0,2,2,3,4,1,0,0,1,6,1,0,0,0,0,0,0,1,0,0,46,1,2,2,2,1,73.0,37.9,86.3,25.3
6167,2,3,1,0,0,0,40.0,3,1,0,0,0,0,0,0,0,33.3,2,3,1,3,0,1,1,0,56,0,0,1,0,0,28,1,0,0,0,30,3,1,4,5,3,50.3,42.9,50.4,48.1
6168,0,1,2,0,0,3,65.0,2,1,0,0,1,0,0,1,0,100.0,2,2,3,4,1,1,0,0,52,0,0,1,1,0,48,1,1,0,0,76,1,4,4,2,1,69.1,61.7,63.9,41.3
6169,0,1,0,3,2,0,53.3,1,0,0,0,1,1,1,0,0,100.0,5,3,1,3,0,1,1,0,56,0,1,0,0,0,42,1,0,0,0,30,5,3,5,2,3,37.1,27.1,40.8,56.5
6170,1,2,0,0,0,3,63.3,3,0,0,0,0,0,1,0,0,33.3,1,3,3,1,1,0,0,1,6,1,0,0,0,1,0,1,0,0,0,30,3,1,5,1,1,77.2,41.1,75.5,24.3
6171,3,2,0,1,0,0,60.0,5,0,0,0,1,1,0,1,0,100.0,2,4,3,3,0,1,0,0,22,1,0,0,0,1,0,0,1,1,0,18,2,4,1,2,1,56.2,29.0,61.2,52.4
6172,0,0,3,2,0,1,61.7,4,0,0,0,0,0,1,0,0,33.3,2,3,3,3,1,0,1,0,64,0,1,0,0,0,42,0,0,1,1,0,5,4,1,5,3,29.9,17.4,35.3,60.2
6173,3,2,0,0,0,1,63.3,3,0,0,1,0,1,1,0,0,100.0,5,3,3,3,0,0,0,1,0,1,0,0,0,0,0,1,0,0,0,30,5,4,2,4,1,45.0,16.9,55.2,48.9
6174,2,1,3,0,0,0,40.0,2,0,0,1,0,0,0,0,0,33.3,2,3,2,4,0,1,0,0,22,1,0,1,0,0,0,1,1,0,0,76,2,3,5,1,1,91.9,57.2,95.4,8.5
6175,2,3,0,0,1,0,43.3,3,0,1,0,1,0,1,0,0,100.0,4,2,3,2,0,1,0,0,22,0,0,1,0,1,0,1,0,0,1,2,5,2,2,2,1,55.3,16.0,62.4,39.2
6176,2,3,0,1,0,0,60.0,2,1,0,0,0,0,0,0,1,66.7,2,2,3,4,1,0,1,0,64,0,1,0,0,0,42,1,0,0,1,2,1,4,5,5,2,38.0,18.6,41.9,53.2
6177,1,2,3,0,0,0,40.0,5,0,0,1,1,0,1,0,0,100.0,1,2,2,3,1,0,0,0,30,1,0,0,0,1,0,1,0,0,1,2,5,1,4,2,1,68.5,32.0,74.8,38.0
6178,0,1,3,0,2,0,48.3,2,0,0,1,0,0,0,0,0,33.3,2,2,3,4,1,1,0,0,52,1,0,0,0,0,0,0,1,0,0,46,2,2,2,2,3,79.7,38.6,84.7,17.7
6179,0,3,2,1,0,0,63.3,5,0,1,0,0,0,0,0,0,33.3,5,3,3,1,0,1,0,1,0,1,1,0,0,0,14,0,0,1,0,0,5,4,2,4,1,26.5,0.8,40.6,42.3
6180,3,2,0,0,1,0,43.3,2,0,0,1,0,0,1,1,0,100.0,4,2,1,3,1,1,0,0,52,1,0,1,0,0,0,0,1,0,0,46,3,2,1,2,1,74.4,45.8,69.0,29.6
6181,2,3,0,1,0,0,60.0,3,0,0,0,1,0,1,0,0,66.7,4,4,3,4,0,1,1,0,56,0,1,1,0,0,70,1,1,0,0,76,3,3,5,5,2,46.7,58.1,42.8,71.7
6182,1,2,3,0,0,0,40.0,4,1,1,0,0,0,0,0,0,66.7,4,2,3,3,0,1,0,1,0,0,1,0,0,0,42,0,0,0,1,0,5,4,2,5,3,6.3,0.0,19.5,60.8
6183,3,2,1,0,0,0,40.0,5,0,0,0,0,0,0,1,0,33.3,5,2,4,1,0,1,0,0,22,1,0,0,0,0,0,1,0,1,0,2,1,4,1,2,1,50.5,7.7,64.9,13.9
6184,3,1,0,2,0,0,60.0,5,0,1,0,0,1,0,0,0,66.7,2,4,4,4,1,0,0,1,6,1,0,0,0,1,0,1,0,0,0,30,2,2,4,1,1,69.3,38.5,82.5,32.5
6185,2,3,0,0,1,0,43.3,4,0,1,0,0,0,1,0,0,66.7,5,4,4,1,0,1,0,0,22,0,0,1,0,0,28,1,0,0,0,30,3,1,4,4,1,44.6,34.8,54.0,55.2
6186,0,3,2,1,0,0,63.3,4,0,1,0,0,1,1,0,0,100.0,4,4,4,4,1,0,0,1,6,1,0,0,0,0,0,0,1,1,0,18,3,2,5,5,2,27.5,17.2,55.2,65.7
6187,1,3,2,0,0,0,40.0,1,0,0,1,0,0,1,0,0,66.7,1,1,1,1,1,0,0,0,30,0,0,1,0,1,0,1,0,0,1,2,5,1,5,4,2,62.8,30.9,61.7,28.4
6188,2,3,0,1,0,0,60.0,3,1,0,0,1,0,0,0,0,66.7,4,1,3,4,1,0,0,0,30,0,0,1,0,0,28,0,1,0,0,46,1,3,5,2,1,61.6,38.1,75.3,21.9
6189,1,3,0,2,0,0,60.0,3,0,0,0,0,0,1,0,0,33.3,2,2,2,3,0,1,0,1,0,1,0,1,0,0,0,1,0,0,0,30,1,2,5,4,2,56.6,25.8,64.8,26.9
6190,2,1,3,0,0,0,40.0,1,0,0,0,1,1,0,0,0,66.7,1,2,4,3,1,0,0,1,6,0,0,1,0,0,28,1,1,0,0,76,1,2,5,2,1,79.8,55.6,83.5,25.4
6191,2,3,0,1,0,0,60.0,3,0,0,0,0,0,0,1,0,33.3,2,2,1,1,0,1,0,1,0,1,0,0,0,0,0,1,1,0,0,76,2,1,2,4,2,74.5,57.9,67.3,23.7
6192,0,3,2,0,1,0,48.3,3,0,0,0,0,0,0,0,1,33.3,2,1,4,3,0,1,0,0,22,1,0,0,0,0,0,0,0,0,1,0,3,2,4,4,1,54.8,22.6,80.4,18.4
6193,3,0,0,0,2,1,71.7,3,1,0,0,0,0,0,0,0,33.3,2,2,4,3,1,1,0,0,52,0,1,0,0,0,42,1,0,0,0,30,2,3,5,2,2,61.9,35.0,62.2,34.1
6194,2,0,1,3,0,0,63.3,1,0,0,1,1,0,0,0,1,100.0,5,4,4,4,0,1,0,0,22,1,0,0,0,0,0,1,0,0,0,30,2,4,2,4,2,39.4,10.7,58.5,56.1
6195,2,1,0,3,0,0,60.0,2,0,0,0,0,1,0,1,0,66.7,5,3,2,2,0,1,0,1,0,1,0,0,0,0,0,1,0,0,0,30,3,2,1,2,1,53.0,20.7,63.5,29.7
6196,2,0,3,1,0,0,63.3,1,1,0,0,1,0,1,0,0,100.0,4,2,2,4,1,0,0,0,30,1,0,0,0,0,0,0,1,0,0,46,3,2,4,1,1,71.5,38.3,78.1,28.2
6197,2,0,1,3,0,0,63.3,1,0,1,0,1,0,1,0,0,100.0,2,1,1,4,0,1,0,0,22,0,0,0,1,0,20,0,1,0,1,18,5,3,4,2,2,52.3,18.9,48.3,42.8
6198,0,0,2,0,3,1,61.7,5,0,0,1,0,1,0,0,0,66.7,2,3,3,2,0,1,0,0,22,0,0,1,0,0,28,0,1,0,1,18,3,1,1,1,1,63.5,40.8,66.9,38.0
6199,2,1,0,0,0,3,63.3,3,1,0,1,0,0,1,0,0,100.0,4,3,3,1,1,1,0,0,52,0,0,1,0,0,28,1,0,0,0,30,2,2,1,1,3,53.5,35.2,48.4,54.4
6200,3,2,1,0,0,0,40.0,3,0,0,1,1,0,0,0,1,100.0,2,3,3,2,1,0,0,0,30,1,0,0,0,0,0,1,0,0,0,30,3,2,4,5,1,58.4,39.8,66.5,44.8
6201,3,0,1,0,0,2,65.0,2,0,0,1,1,1,0,0,0,100.0,5,3,1,4,1,1,0,0,52,0,1,1,0,0,70,1,0,1,0,2,3,3,4,5,3,11.2,7.0,15.1,79.9
6202,0,0,2,3,1,0,55.0,3,0,1,0,0,0,1,1,0,100.0,2,2,2,2,0,1,0,0,22,1,0,1,0,0,0,1,0,0,0,30,2,1,4,4,1,65.8,41.5,71.9,40.7
6203,1,2,0,0,0,3,63.3,3,0,0,1,0,0,0,0,0,33.3,2,3,3,2,0,1,0,0,22,1,0,0,0,0,0,1,0,0,0,30,3,2,1,2,1,70.4,33.7,70.8,30.8
6204,0,1,3,0,0,2,65.0,1,0,0,1,1,1,0,0,0,100.0,5,2,1,4,0,1,0,0,22,0,1,0,0,0,42,1,0,1,0,2,5,4,2,5,4,9.8,0.0,11.2,74.7
6205,3,0,2,0,1,0,55.0,4,0,0,1,0,0,0,0,1,66.7,2,1,2,4,1,0,1,0,64,1,0,0,1,0,0,1,0,0,1,2,3,1,4,2,1,75.2,38.4,79.2,25.0
6206,1,0,0,0,2,3,71.7,4,0,1,1,0,0,0,0,1,100.0,4,4,1,4,0,0,0,1,0,1,0,0,0,0,0,1,0,1,0,2,5,4,2,1,2,35.8,0.0,40.9,49.7
6207,0,3,0,1,0,2,70.0,1,0,0,0,0,0,0,0,1,33.3,4,4,2,1,0,1,0,0,22,0,1,1,0,0,70,0,0,0,1,0,5,4,4,1,1,25.4,6.3,17.2,56.9
6208,1,0,0,3,0,2,73.3,3,0,0,0,0,0,1,0,0,33.3,2,3,2,1,0,1,0,0,22,0,0,0,0,1,0,0,1,0,0,46,3,3,5,4,1,63.8,38.9,63.9,32.0
6209,1,2,3,0,0,0,40.0,4,0,0,0,1,0,0,0,0,33.3,4,3,3,4,1,0,0,1,6,1,1,0,0,0,14,1,1,0,0,76,2,4,5,2,1,70.9,41.7,75.4,22.8
6210,1,0,3,2,0,0,63.3,4,1,0,0,0,0,1,1,0,100.0,4,3,1,4,0,1,0,0,22,0,1,1,0,0,70,0,1,1,0,18,5,2,1,5,4,9.3,17.3,15.9,82.8
6211,0,0,2,3,0,1,61.7,3,1,0,1,0,1,0,0,0,100.0,1,3,3,4,0,1,0,0,22,0,1,1,0,0,70,0,0,1,0,0,5,3,2,1,4,17.8,9.9,19.6,70.8
6212,0,0,2,3,0,1,61.7,5,0,0,0,0,1,0,0,0,33.3,2,3,1,1,0,1,0,1,0,0,1,0,0,0,42,1,0,0,0,30,5,3,2,5,2,35.3,28.9,30.1,52.0
6213,2,3,1,0,0,0,40.0,4,0,0,0,1,0,1,0,0,66.7,2,1,4,1,0,0,0,1,0,1,0,0,0,0,0,0,1,0,0,46,3,1,4,2,1,81.2,46.8,83.7,13.2
6214,0,1,2,0,3,0,48.3,1,0,0,0,1,0,1,1,0,100.0,2,4,4,3,1,1,0,0,52,1,0,0,0,0,0,1,1,0,0,76,1,1,1,2,1,94.5,69.2,90.8,38.0
6215,2,1,3,0,0,0,40.0,2,0,1,0,1,0,0,0,1,100.0,1,2,4,3,1,1,0,0,52,0,0,1,0,0,28,1,0,1,0,2,3,3,4,2,2,58.4,22.2,60.4,42.3
6216,3,0,0,0,1,2,71.7,3,0,1,0,0,0,0,0,0,33.3,2,4,1,4,0,0,0,1,0,1,0,0,0,1,0,1,0,0,0,30,1,1,1,2,4,47.2,25.0,58.8,36.0
6217,0,0,3,1,2,0,55.0,5,0,0,1,0,0,1,0,1,100.0,4,3,1,4,0,1,0,0,22,0,0,1,0,0,28,0,0,1,0,0,5,3,2,4,2,26.7,7.3,32.2,66.7
6218,0,1,0,3,2,0,53.3,2,0,0,0,0,0,0,1,0,33.3,5,3,3,4,1,0,0,0,30,0,1,0,0,0,42,0,0,1,0,0,5,3,5,2,3,20.7,0.4,38.7,49.5
6219,3,1,0,0,2,0,43.3,5,0,0,0,0,1,0,0,0,33.3,2,4,1,4,0,1,0,0,22,0,1,1,0,0,70,1,0,0,0,30,5,4,5,4,2,33.6,28.6,27.9,59.4
6220,3,0,0,1,0,2,73.3,2,0,0,0,0,1,1,0,0,66.7,4,1,1,4,0,1,0,0,22,1,0,1,0,0,0,1,0,0,0,30,3,3,5,4,3,48.5,18.7,53.3,35.9
6221,0,3,1,0,0,2,65.0,5,0,0,0,0,0,1,0,0,33.3,1,2,2,4,0,1,1,0,56,0,1,0,0,0,42,1,1,0,0,76,1,4,4,5,3,62.4,56.9,53.2,45.0
6222,0,2,3,1,0,0,63.3,3,0,0,1,0,0,1,1,0,100.0,2,3,1,3,0,0,1,1,10,1,1,0,0,0,14,0,1,1,0,18,3,2,5,5,1,47.8,31.3,50.5,53.7
6223,1,2,3,0,0,0,40.0,4,1,0,0,0,0,0,0,0,33.3,4,3,4,2,1,1,0,0,52,1,0,0,0,1,0,1,0,0,0,30,2,2,1,1,1,81.6,39.8,83.0,18.9
6224,2,1,0,0,3,0,43.3,2,0,0,1,1,0,0,1,0,100.0,2,1,1,2,0,1,1,0,56,0,0,1,0,0,28,0,1,0,0,46,1,2,1,2,1,76.6,52.0,63.5,31.9
6225,0,0,0,2,3,1,55.0,5,0,0,0,0,0,0,0,1,33.3,4,3,1,4,0,1,1,0,56,0,1,0,0,0,42,0,0,0,1,0,2,2,5,4,1,44.4,23.4,49.3,43.3
6226,2,3,0,1,0,0,60.0,2,0,1,0,1,0,1,0,0,100.0,4,3,1,2,1,0,0,0,30,0,1,0,0,0,42,1,1,0,0,76,5,3,5,4,3,48.5,38.4,30.3,68.9
6227,3,1,2,0,0,0,40.0,3,0,0,0,1,0,0,0,1,66.7,5,4,3,2,1,0,0,1,6,1,0,0,0,0,0,1,0,0,1,2,1,2,1,1,2,42.8,6.1,51.0,32.3
6228,1,2,0,0,0,3,63.3,5,0,0,1,0,0,1,0,0,66.7,4,3,3,4,0,1,0,0,22,0,1,0,0,0,42,0,0,1,0,0,5,3,4,4,2,24.7,11.1,32.1,66.6
6229,1,0,2,0,0,3,65.0,2,1,0,1,1,0,0,0,0,100.0,1,1,4,3,1,0,1,0,64,1,0,0,0,1,0,1,0,0,0,30,3,3,2,2,3,69.7,41.9,76.3,37.7
6230,1,2,0,0,3,0,43.3,2,1,1,0,1,0,0,0,0,100.0,5,2,3,3,0,1,1,0,56,0,1,0,0,0,42,0,0,1,1,0,5,3,5,4,4,14.5,4.5,21.1,72.5
6231,1,0,2,3,0,0,63.3,3,0,0,0,1,0,1,0,0,66.7,2,2,4,4,1,1,0,0,52,0,1,0,0,1,0,1,0,0,0,30,1,2,1,4,2,72.5,40.1,87.9,32.2
6232,0,2,1,3,0,0,63.3,4,1,0,0,1,0,0,0,0,66.7,5,2,4,1,1,0,0,1,6,1,1,0,0,0,14,0,1,0,0,46,3,2,1,1,1,63.9,30.7,72.2,21.7
6233,0,3,1,0,2,0,48.3,5,0,0,1,0,0,0,1,0,66.7,2,2,4,4,1,0,1,0,64,1,0,0,0,1,0,1,1,0,0,76,3,1,1,1,2,100.0,75.9,100.0,20.3
6234,2,3,1,0,0,0,40.0,3,1,0,0,0,1,0,0,0,66.7,4,3,4,4,0,1,0,0,22,0,1,1,0,0,70,1,1,0,0,76,2,4,4,2,4,37.0,31.7,39.9,53.3
6235,2,0,1,3,0,0,63.3,5,0,0,0,1,0,0,1,0,66.7,2,3,4,2,0,1,0,1,0,0,1,0,0,0,42,0,0,1,0,0,5,2,4,5,3,20.2,7.8,32.6,69.9
6236,2,0,0,0,1,3,71.7,2,1,0,0,1,0,0,0,0,66.7,1,2,2,3,0,1,0,1,0,0,0,0,1,0,20,1,0,0,0,30,3,2,4,1,2,61.4,28.6,58.2,37.7
6237,3,1,0,2,0,0,60.0,3,1,0,0,0,0,0,0,0,33.3,4,3,4,3,0,1,0,0,22,0,0,0,0,1,0,1,0,0,0,30,5,2,2,5,3,46.4,24.6,61.3,42.1
6238,2,3,0,0,1,0,43.3,3,0,0,0,0,0,0,1,1,66.7,1,4,1,4,0,0,0,1,0,1,1,0,0,0,14,0,1,0,0,46,1,1,1,2,1,76.7,50.5,75.9,31.1
6239,0,0,3,0,1,2,61.7,3,0,0,0,1,0,0,0,0,33.3,2,3,1,3,0,1,0,0,22,0,1,0,0,1,0,0,1,0,0,46,2,4,5,2,1,71.3,37.5,70.1,21.9
6240,2,0,0,0,3,1,71.7,2,1,0,0,0,0,1,0,0,66.7,1,4,3,3,1,0,1,0,64,1,0,0,0,0,0,1,0,0,0,30,1,1,1,5,2,70.2,50.5,71.8,52.9
6241,1,0,3,2,0,0,63.3,5,0,1,0,0,0,1,1,0,100.0,2,1,4,4,1,0,0,0,30,1,0,0,0,0,0,1,1,0,0,76,1,2,1,1,2,88.6,58.9,93.7,19.3
6242,2,0,1,0,3,0,55.0,1,1,0,0,1,0,0,0,1,100.0,1,2,2,3,1,1,0,0,52,1,1,0,0,0,14,1,0,0,0,30,2,1,2,2,1,83.0,52.8,77.6,36.1
6243,1,3,0,0,0,2,63.3,2,1,0,0,0,0,0,0,0,33.3,5,2,1,4,0,0,1,0,34,1,0,0,0,0,0,1,0,0,1,2,5,3,1,4,4,27.2,3.5,40.9,37.6
6244,0,3,1,2,0,0,63.3,1,1,1,0,0,0,0,0,0,66.7,2,1,4,4,0,1,1,0,56,1,0,0,0,0,0,0,0,1,1,0,3,2,1,2,3,59.6,22.1,75.0,33.6
6245,3,0,2,0,0,1,65.0,3,1,1,0,0,0,0,0,0,66.7,1,1,1,2,0,0,0,1,0,0,1,1,0,0,70,0,0,1,1,0,3,3,2,1,1,41.4,9.1,31.3,41.7
6246,2,0,0,0,1,3,71.7,5,1,0,0,0,0,0,1,1,100.0,5,3,4,3,1,0,1,0,64,0,1,0,0,1,0,1,1,0,0,76,2,3,4,2,2,72.7,53.9,82.3,35.3
6247,3,0,2,0,0,1,65.0,1,0,0,0,1,0,1,0,0,66.7,2,3,4,1,0,1,0,0,22,1,0,0,0,0,0,1,0,1,0,2,2,3,4,5,3,35.9,9.6,45.3,52.3
6248,3,2,0,0,1,0,43.3,3,0,0,0,0,0,0,1,0,33.3,1,3,1,2,0,1,0,1,0,1,0,0,0,0,0,0,1,1,0,18,1,1,1,1,2,66.4,31.9,69.0,18.7
6249,3,0,2,1,0,0,63.3,5,1,0,0,0,0,0,1,1,100.0,5,3,1,4,0,1,0,0,22,0,1,1,0,0,70,0,0,1,0,0,5,3,2,2,4,4.7,0.0,4.0,77.6
6250,2,0,3,0,0,1,65.0,1,0,0,1,1,0,0,0,0,66.7,4,1,1,4,1,0,0,0,30,1,0,0,0,1,0,0,1,0,1,18,2,3,5,2,1,58.4,22.1,63.8,24.2
6251,1,3,2,0,0,0,40.0,4,0,0,1,1,0,0,0,0,66.7,1,1,2,3,1,0,0,0,30,1,0,0,0,0,0,1,0,0,0,30,5,2,5,1,1,76.7,45.4,83.0,22.4
6252,3,1,2,0,0,0,40.0,3,0,1,0,0,0,0,0,0,33.3,4,4,1,3,0,1,1,0,56,0,0,1,0,0,28,0,1,0,1,18,2,1,4,2,3,52.6,34.9,51.2,42.6
6253,3,0,2,0,0,1,65.0,2,0,0,0,0,0,1,0,1,66.7,5,2,2,3,1,1,0,0,52,1,0,0,0,1,0,1,0,0,0,30,3,4,5,4,4,39.7,15.3,45.1,45.5
6254,3,2,0,1,0,0,60.0,2,0,1,0,0,0,1,0,0,66.7,2,3,4,2,1,0,0,0,30,0,0,0,0,1,0,1,0,0,0,30,2,2,5,2,1,71.5,38.1,81.5,31.5
6255,1,2,3,0,0,0,40.0,2,0,0,0,1,0,0,1,0,66.7,5,2,2,3,1,0,0,1,6,0,1,1,0,0,70,1,0,1,0,2,5,3,5,4,3,6.4,0.0,10.8,64.0
6256,2,1,0,0,0,3,63.3,3,0,0,0,0,0,1,0,0,33.3,4,2,4,4,0,1,1,0,56,0,0,1,0,0,28,0,1,0,0,46,2,1,5,4,2,60.9,44.0,73.0,35.4
6257,0,0,3,2,1,0,55.0,3,0,0,0,0,1,0,0,0,33.3,5,4,3,3,0,1,0,0,22,1,0,0,0,0,0,1,0,0,0,30,1,3,2,1,2,56.1,17.8,63.5,27.3
6258,0,1,3,2,0,0,63.3,1,1,0,0,0,0,0,0,0,33.3,5,3,1,4,0,0,1,1,10,0,1,1,0,0,70,1,0,1,0,2,5,4,1,5,2,8.9,0.0,13.5,60.4
6259,2,0,3,0,0,1,65.0,5,0,1,0,0,0,0,0,0,33.3,4,4,3,4,1,0,0,1,6,1,1,0,0,0,14,1,1,0,0,76,2,3,5,2,3,61.1,44.2,67.6,30.6
6260,0,3,1,2,0,0,63.3,3,0,0,1,0,0,0,0,1,66.7,4,4,1,4,1,0,1,0,64,1,1,0,0,0,14,1,0,1,0,2,3,3,5,2,4,39.0,8.1,38.8,55.3
6261,3,0,2,0,1,0,55.0,3,1,0,0,0,0,0,0,0,33.3,1,2,3,3,0,1,0,1,0,1,0,0,0,0,0,1,0,0,0,30,2,2,4,2,2,66.7,30.0,77.0,19.7
6262,0,2,0,1,3,0,53.3,3,0,0,0,1,1,1,0,0,100.0,2,2,2,3,1,1,0,0,52,0,0,1,0,0,28,0,0,0,1,0,3,2,1,1,2,54.8,28.5,54.3,45.4
6263,0,3,2,0,0,1,65.0,3,1,0,0,1,0,0,0,0,66.7,4,2,3,4,1,0,0,0,30,0,1,0,0,0,42,0,1,0,0,46,1,2,5,5,4,33.2,28.9,41.1,55.8
6264,2,3,0,0,1,0,43.3,1,0,1,0,0,0,0,0,1,66.7,2,2,3,1,1,0,0,0,30,1,0,0,0,0,0,0,1,0,0,46,3,3,2,2,1,75.5,39.9,77.2,22.5
6265,2,3,1,0,0,0,40.0,3,0,1,0,1,0,1,0,0,100.0,1,1,3,4,1,0,1,0,64,0,0,1,0,0,28,1,1,0,0,76,3,2,4,2,2,88.7,71.4,84.3,34.4
6266,2,0,1,3,0,0,63.3,3,0,1,0,0,0,0,0,0,33.3,5,3,4,3,0,1,0,0,22,1,0,0,0,0,0,1,0,0,0,30,3,3,5,2,4,41.6,13.4,55.9,36.0
6267,1,3,2,0,0,0,40.0,4,0,0,0,1,0,0,1,0,66.7,1,2,3,3,1,1,0,0,52,1,0,0,0,0,0,0,1,0,0,46,2,1,5,2,2,84.1,58.1,85.5,26.2
6268,3,1,0,0,0,2,63.3,4,0,0,0,0,1,0,0,0,33.3,2,3,3,1,1,0,0,0,30,1,0,0,0,0,0,1,0,0,0,30,2,1,5,4,1,70.4,50.4,70.8,29.8
6269,0,3,0,0,1,2,61.7,2,0,0,0,1,0,0,0,0,33.3,4,1,4,4,1,1,0,0,52,1,0,0,0,0,0,0,1,0,0,46,1,1,5,5,1,73.8,48.9,96.7,17.1
6270,3,0,2,0,1,0,55.0,1,0,0,0,1,0,1,0,0,66.7,5,1,2,4,1,0,0,1,6,1,0,0,0,0,0,0,1,1,0,18,3,4,4,5,1,42.1,12.0,58.0,31.7
6271,3,2,1,0,0,0,40.0,2,0,0,1,1,1,0,0,0,100.0,2,4,3,3,1,0,1,0,64,1,0,0,0,0,0,1,0,0,0,30,2,3,2,1,1,72.9,42.0,73.9,42.0
6272,2,0,1,0,3,0,55.0,3,1,0,0,0,0,1,1,0,100.0,4,1,2,4,1,0,0,0,30,0,1,0,0,1,0,1,0,1,0,2,3,3,4,5,4,27.0,1.2,36.8,52.3
6273,1,0,2,0,0,3,65.0,3,0,0,0,1,0,1,0,1,100.0,1,3,3,2,0,1,0,0,22,1,0,0,0,0,0,0,1,0,1,18,2,1,4,1,2,67.6,33.3,71.8,37.8
6274,2,3,0,1,0,0,60.0,3,1,0,0,1,1,0,0,0,100.0,2,2,4,1,1,0,0,0,30,1,0,0,0,0,0,1,1,0,0,76,3,2,4,2,1,87.4,60.2,83.1,25.3
6275,0,1,0,3,0,2,70.0,4,0,1,1,1,0,0,0,0,100.0,5,1,1,4,0,0,1,0,34,0,1,0,0,0,42,0,0,1,0,0,5,4,5,1,3,23.5,2.1,27.2,50.8
6276,1,0,2,0,0,3,65.0,3,0,1,0,0,0,0,0,0,33.3,2,2,1,4,0,1,0,0,22,0,1,1,0,0,70,0,0,1,0,0,5,4,5,5,4,6.7,7.5,7.3,65.5
6277,1,3,2,0,0,0,40.0,1,0,0,0,1,1,1,0,0,100.0,4,2,4,4,0,1,0,0,22,1,0,0,0,0,0,1,0,0,0,30,3,3,1,4,2,46.1,18.4,65.3,40.1
6278,0,3,1,0,0,2,65.0,2,1,0,0,1,0,0,1,0,100.0,2,3,1,4,0,1,0,1,0,1,0,0,0,0,0,1,0,0,0,30,3,4,4,2,1,59.5,21.7,59.4,39.9
6279,0,3,1,2,0,0,63.3,3,0,0,0,1,0,0,1,0,66.7,2,4,1,4,0,0,1,0,34,0,1,0,0,0,42,0,0,1,1,0,2,2,1,1,2,49.8,16.8,45.4,53.8
6280,1,3,2,0,0,0,40.0,3,0,1,0,0,0,0,1,0,66.7,4,2,3,1,0,1,0,1,0,1,1,0,0,0,14,1,0,0,0,30,2,3,5,5,1,41.4,22.9,47.9,37.9
6281,2,0,1,0,0,3,65.0,3,0,1,0,0,0,1,1,0,100.0,4,3,1,4,0,1,0,0,22,0,0,1,0,0,28,1,1,0,0,76,3,2,5,4,3,50.5,46.9,46.3,56.6
6282,3,2,0,1,0,0,60.0,5,1,0,0,0,0,0,0,0,33.3,2,1,2,1,1,1,0,0,52,0,1,0,1,0,62,1,0,1,0,2,5,1,5,4,1,46.2,35.4,43.8,44.6
6283,2,3,0,0,1,0,43.3,3,0,0,0,0,1,0,1,0,66.7,2,2,4,3,1,0,1,0,64,0,0,1,0,0,28,1,1,0,0,76,5,2,4,1,1,94.2,72.6,86.4,25.1
6284,1,2,0,0,3,0,43.3,3,0,1,0,0,0,1,0,0,66.7,4,2,4,2,1,1,0,0,52,1,0,0,0,0,0,1,0,0,0,30,2,2,4,2,1,73.1,42.7,80.7,22.0
6285,3,2,0,1,0,0,60.0,2,0,0,0,1,1,0,0,0,66.7,5,1,1,2,0,1,1,0,56,1,0,0,1,0,0,0,1,0,1,18,3,1,4,2,1,68.4,33.1,71.0,16.6
6286,0,3,0,0,1,2,61.7,1,0,0,0,0,0,0,1,0,33.3,5,3,1,4,1,0,0,1,6,0,1,0,0,1,0,0,0,1,0,0,1,4,5,5,2,24.6,0.0,44.9,37.8
6287,3,2,0,0,1,0,43.3,2,0,0,0,0,0,0,1,0,33.3,2,4,4,3,0,1,0,1,0,1,0,1,0,0,0,0,0,1,1,0,3,1,1,5,4,31.3,8.9,51.5,51.9
6288,2,3,0,1,0,0,60.0,3,0,1,0,0,1,0,0,1,100.0,1,2,1,2,0,1,0,1,0,1,0,0,0,0,0,0,1,0,1,18,3,1,2,2,2,51.2,26.9,54.6,40.0
6289,2,1,0,3,0,0,60.0,2,0,0,0,0,0,1,0,0,33.3,4,2,4,4,0,1,0,0,22,0,0,1,0,0,28,1,1,0,0,76,3,3,5,2,3,57.4,41.6,64.4,31.2
6290,0,3,0,0,2,1,61.7,2,1,0,0,0,0,0,1,0,66.7,4,3,1,3,0,1,0,0,22,0,1,0,0,0,42,0,0,1,0,0,5,4,2,2,2,25.1,0.0,24.2,57.4
6291,0,0,1,3,0,2,61.7,4,0,0,0,1,1,0,1,0,100.0,2,4,3,4,0,1,0,0,22,0,1,0,0,0,42,1,0,0,0,30,5,4,4,4,3,30.1,17.7,32.8,73.3
6292,3,0,0,2,1,0,63.3,2,1,1,0,1,0,0,0,0,100.0,5,4,4,3,0,1,1,0,56,0,1,1,0,0,70,0,1,1,0,18,5,3,4,5,1,30.6,28.4,30.6,77.8
6293,1,3,2,0,0,0,40.0,3,0,0,1,0,1,0,0,1,100.0,4,2,4,3,1,0,1,0,64,0,0,1,0,0,28,1,0,1,0,2,3,4,4,4,3,31.4,6.5,39.7,54.3
6294,0,0,3,2,1,0,55.0,5,1,0,0,0,0,1,0,0,66.7,4,3,1,3,1,0,0,0,30,0,1,1,0,0,70,0,0,1,0,0,5,4,4,5,4,2.5,0.0,7.0,80.5
6295,2,0,3,0,0,1,65.0,2,0,1,0,1,0,0,0,0,66.7,2,3,4,3,1,1,0,0,52,0,0,0,1,1,0,1,1,0,0,76,3,2,5,2,1,94.5,65.1,95.8,24.2
6296,0,0,1,2,3,0,55.0,3,0,1,0,0,0,0,1,0,66.7,4,4,4,4,0,0,1,0,34,0,1,0,1,0,62,1,0,0,0,30,5,3,1,4,2,29.0,23.4,37.5,74.6
6297,3,0,1,0,0,2,65.0,3,0,0,0,1,0,1,0,0,66.7,2,4,3,1,1,1,0,0,52,1,1,0,0,0,14,0,0,0,1,0,3,1,1,4,3,45.3,31.7,49.1,59.5
6298,2,0,3,0,1,0,55.0,3,1,0,0,1,0,1,0,0,100.0,5,2,4,2,0,1,0,1,0,0,1,0,0,0,42,0,1,1,0,18,1,3,4,4,1,35.8,13.2,47.6,49.3
6299,3,0,1,0,2,0,55.0,3,1,0,0,0,0,0,0,0,33.3,1,3,3,4,0,0,0,1,0,0,1,1,0,0,70,0,0,1,0,0,5,3,4,4,3,16.9,6.1,28.2,62.5
6300,3,0,2,0,1,0,55.0,3,1,0,0,1,0,0,0,1,100.0,4,2,2,3,0,0,0,1,0,0,0,0,0,1,0,1,0,0,0,30,2,2,1,5,1,53.2,24.8,61.7,41.8
6301,2,0,3,1,0,0,63.3,5,0,0,0,1,0,1,0,0,66.7,4,3,1,4,0,1,0,1,0,0,1,0,0,0,42,0,1,0,1,18,1,4,4,2,3,26.9,5.6,35.4,50.1
6302,3,0,2,1,0,0,63.3,2,0,1,1,0,1,0,0,0,100.0,5,1,3,4,1,0,0,0,30,0,0,1,0,0,28,0,0,0,1,0,3,3,4,2,4,20.7,1.2,39.9,52.2
6303,2,1,0,0,3,0,43.3,2,0,1,1,0,0,1,0,0,100.0,4,2,2,4,1,1,0,0,52,0,1,1,0,0,70,1,0,0,0,30,3,3,5,4,3,29.0,25.3,30.8,72.2
6304,1,0,0,0,2,3,71.7,2,1,0,0,1,0,1,0,0,100.0,2,2,4,4,1,1,0,0,52,1,0,0,0,1,0,1,1,0,0,76,5,1,5,1,1,97.7,76.0,98.3,38.1
6305,1,0,3,0,2,0,55.0,2,0,0,0,0,1,0,0,0,33.3,4,3,3,4,1,1,0,0,52,0,0,1,0,0,28,1,0,0,0,30,1,4,4,4,2,44.9,26.4,53.8,37.2
6306,1,2,0,0,0,3,63.3,2,0,0,1,0,1,1,0,0,100.0,2,4,3,3,1,0,1,0,64,1,0,1,0,0,0,1,1,0,0,76,3,4,5,5,2,67.9,54.9,63.9,62.5
6307,0,1,0,0,2,3,61.7,5,1,0,0,0,0,0,0,0,33.3,2,4,2,3,0,1,0,0,22,1,0,0,0,0,0,0,0,1,0,0,5,4,2,4,3,34.3,6.0,37.0,52.3
6308,3,1,2,0,0,0,40.0,3,0,0,0,1,0,0,0,0,33.3,4,2,3,3,0,1,0,0,22,0,0,1,0,0,28,1,1,0,0,76,1,3,4,4,1,64.5,53.0,71.8,22.5
6309,0,1,0,3,2,0,53.3,5,0,0,1,0,1,0,0,0,66.7,5,4,1,3,0,1,0,0,22,0,1,0,0,0,42,0,0,1,0,0,2,4,2,4,2,14.4,1.0,19.5,57.9
6310,3,1,2,0,0,0,40.0,3,0,0,0,0,1,0,0,0,33.3,2,3,3,4,0,1,1,0,56,1,0,0,0,0,0,1,0,0,0,30,3,3,4,2,2,74.4,35.8,80.0,26.6
6311,1,0,2,0,3,0,55.0,3,0,0,1,0,1,0,0,0,66.7,2,2,4,2,0,0,0,1,0,1,0,0,0,0,0,1,1,0,0,76,2,1,4,4,2,74.8,54.0,83.7,29.8
6312,1,3,0,0,2,0,43.3,4,0,0,1,1,0,1,0,0,100.0,2,3,3,4,1,0,0,0,30,0,0,1,0,1,0,1,0,0,1,2,2,2,5,2,1,58.7,21.8,72.9,39.9
6313,0,0,0,3,1,2,55.0,2,0,0,0,1,0,0,0,0,33.3,4,3,2,2,1,0,0,1,6,0,0,1,0,0,28,0,0,1,0,0,3,3,4,4,4,12.7,0.0,22.8,51.1
6314,3,2,1,0,0,0,40.0,4,0,1,1,0,0,0,0,1,100.0,4,3,4,3,0,1,0,1,0,1,0,0,0,0,0,1,0,0,1,2,1,2,2,5,1,36.8,14.7,56.6,54.9
6315,2,0,3,0,0,1,65.0,3,0,0,0,0,0,0,0,1,33.3,2,3,4,1,0,1,0,1,0,1,0,0,0,0,0,1,0,0,1,2,3,1,4,2,1,59.8,24.7,72.6,27.0
6316,3,1,2,0,0,0,40.0,5,0,0,0,0,0,1,1,0,66.7,4,1,4,3,1,0,1,0,64,1,0,0,0,1,0,1,1,0,0,76,1,3,4,2,1,89.3,63.6,87.5,11.7
6317,0,1,2,0,0,3,65.0,3,1,0,1,0,0,0,0,1,100.0,2,1,3,2,1,0,1,0,64,1,0,1,0,0,0,1,0,0,0,30,3,3,1,2,2,78.3,40.3,73.2,32.5
6318,0,0,3,2,0,1,61.7,5,0,0,1,0,1,0,0,0,66.7,5,2,3,1,0,0,0,1,0,0,1,1,0,0,70,0,1,1,0,18,5,2,5,4,2,18.9,12.7,25.6,62.4
6319,0,2,1,0,0,3,65.0,4,1,0,0,0,0,1,0,0,66.7,5,3,1,2,0,1,0,0,22,0,0,1,0,0,28,0,0,1,0,0,5,3,2,4,1,27.5,3.7,33.1,58.8
6320,0,0,1,3,0,2,61.7,3,0,0,1,0,0,0,0,0,33.3,4,3,1,1,0,1,0,0,22,0,1,0,0,0,42,0,0,0,1,0,1,4,4,4,3,17.8,1.1,10.9,54.7
6321,3,1,0,0,2,0,43.3,3,1,0,0,0,0,0,0,0,33.3,4,4,4,1,0,0,1,1,10,0,0,0,1,1,0,1,1,0,0,76,3,4,2,1,1,76.2,34.9,73.5,24.1
6322,3,2,0,0,0,1,63.3,1,0,0,1,0,0,0,0,0,33.3,2,3,4,3,0,0,0,1,0,1,0,0,1,0,0,1,0,0,0,30,3,1,5,4,1,59.5,34.9,77.1,34.4
6323,3,1,0,0,2,0,43.3,1,0,0,0,1,0,1,0,0,66.7,4,3,2,1,0,1,0,1,0,1,0,0,0,0,0,1,0,0,0,30,5,3,2,5,1,46.0,19.6,48.4,45.9
6324,3,0,0,2,0,1,73.3,1,0,1,0,0,0,0,0,1,66.7,4,2,3,4,0,1,0,0,22,1,0,0,0,0,0,1,1,0,0,76,1,2,5,4,1,79.0,53.4,88.2,25.9
6325,2,0,3,0,0,1,65.0,2,0,0,1,0,0,0,0,0,33.3,2,4,3,1,0,1,0,0,22,0,0,1,0,1,0,1,1,0,0,76,3,4,2,5,1,70.9,49.1,64.5,37.6
6326,0,0,0,1,2,3,55.0,1,0,0,0,0,0,0,1,1,66.7,5,4,4,1,0,0,0,1,0,0,1,1,0,0,70,0,1,1,0,18,1,3,1,5,1,18.4,5.3,27.5,64.1
6327,3,0,0,0,2,1,71.7,1,0,0,0,0,1,0,0,0,33.3,5,4,4,1,0,0,1,0,34,0,1,0,0,0,42,1,0,1,0,2,5,2,2,5,1,28.6,17.5,35.8,65.2
6328,2,3,1,0,0,0,40.0,2,0,1,0,0,0,0,0,0,33.3,2,1,2,1,1,0,0,1,6,0,0,1,0,0,28,1,1,0,0,76,5,4,1,2,1,75.2,45.9,64.5,12.5
6329,2,0,3,1,0,0,63.3,4,0,0,0,0,1,0,1,1,100.0,2,3,3,3,0,1,0,0,22,0,1,0,0,0,42,0,0,1,0,0,1,4,5,4,3,18.0,5.7,25.7,73.2
6330,0,3,1,2,0,0,63.3,3,0,0,0,0,0,1,0,0,33.3,2,3,3,4,0,1,0,0,22,0,1,0,0,0,42,1,0,0,0,30,1,4,4,4,1,46.2,25.3,54.6,44.1
6331,0,2,3,0,0,1,65.0,3,0,0,0,0,0,1,0,0,33.3,4,1,2,3,0,1,0,0,22,0,1,0,0,0,42,0,0,1,0,0,1,4,2,5,2,24.4,9.1,38.8,35.0
6332,0,0,2,0,1,3,61.7,4,0,1,0,0,0,0,0,0,33.3,1,2,2,2,0,1,0,0,22,1,0,0,0,1,0,1,0,0,0,30,2,3,5,2,1,77.1,38.1,76.5,15.3
6333,0,1,0,3,2,0,53.3,5,1,0,0,0,1,1,0,0,100.0,5,4,2,3,0,1,0,1,0,0,1,0,0,0,42,0,0,1,1,0,5,3,2,5,1,21.4,7.2,28.1,71.1
6334,2,0,3,1,0,0,63.3,3,0,0,0,0,0,1,0,0,33.3,1,3,3,2,0,1,0,1,0,0,0,0,1,0,20,1,1,0,0,76,1,3,1,2,1,77.5,55.2,77.8,25.0
6335,3,1,0,2,0,0,60.0,2,0,0,0,1,0,0,1,0,66.7,2,4,2,4,0,1,1,0,56,0,0,1,1,0,48,1,0,0,0,30,1,2,2,4,3,47.4,42.8,40.4,64.7
6336,1,0,2,3,0,0,63.3,3,0,0,0,1,1,0,0,0,66.7,2,1,3,3,0,1,1,0,56,1,0,0,0,1,0,1,0,1,0,2,3,3,1,2,3,56.0,23.3,62.5,29.9
6337,2,1,3,0,0,0,40.0,4,1,0,1,0,0,0,0,0,66.7,5,3,2,3,0,1,0,1,0,1,1,0,0,0,14,1,0,1,0,2,2,3,4,2,3,29.2,0.0,43.5,41.7
6338,1,3,0,0,2,0,43.3,2,0,1,0,1,0,0,0,0,66.7,4,4,1,4,0,1,1,0,56,0,0,0,1,0,20,1,1,0,0,76,2,3,4,5,4,56.1,45.6,48.6,57.6
6339,2,3,1,0,0,0,40.0,3,0,0,0,1,0,1,0,0,66.7,2,1,3,3,0,1,0,0,22,0,0,1,0,1,0,1,1,0,0,76,3,3,5,2,2,81.6,49.6,83.1,12.1
6340,0,3,0,0,1,2,61.7,1,0,0,0,0,1,1,0,0,66.7,2,1,3,2,1,1,0,0,52,1,1,0,0,0,14,1,0,0,0,30,3,2,2,2,2,68.1,36.1,69.7,29.8
6341,3,1,0,2,0,0,60.0,3,0,1,0,1,0,1,0,0,100.0,4,2,2,2,1,1,0,0,52,0,1,1,0,0,70,1,0,0,0,30,3,1,5,2,2,47.2,45.3,38.3,56.4
6342,3,2,1,0,0,0,40.0,1,1,0,0,0,0,0,0,0,33.3,2,2,3,4,1,0,0,1,6,1,0,0,0,0,0,1,0,0,0,30,2,1,5,2,1,75.3,31.9,87.8,14.1
6343,1,3,0,0,2,0,43.3,4,0,1,0,0,0,0,1,0,66.7,4,3,1,4,0,1,0,0,22,0,1,0,0,0,42,0,0,1,1,0,5,4,4,4,2,21.6,2.9,28.0,58.9
6344,0,3,1,0,0,2,65.0,2,1,0,0,1,0,1,0,0,100.0,4,2,1,3,1,1,0,0,52,1,0,0,0,1,0,1,1,0,0,76,3,2,5,5,1,71.1,58.6,72.7,44.5
6345,1,3,0,0,2,0,43.3,4,1,0,0,0,0,1,0,0,66.7,4,3,3,1,1,1,0,0,52,0,1,0,0,0,42,0,0,1,1,0,3,3,4,2,3,30.2,17.5,29.7,54.5
6346,1,3,2,0,0,0,40.0,1,0,0,0,1,1,0,0,1,100.0,1,2,3,3,0,1,0,0,22,1,0,0,0,0,0,1,0,0,1,2,3,2,5,1,2,55.4,21.4,62.6,37.3
6347,1,0,0,3,0,2,73.3,4,0,0,1,1,0,0,0,0,66.7,4,3,1,2,0,1,0,0,22,0,1,1,0,0,70,1,1,0,0,76,3,4,5,5,3,38.6,39.0,21.8,63.4
6348,0,3,0,2,1,0,53.3,3,0,0,0,1,0,0,0,0,33.3,2,2,3,4,1,1,0,0,52,0,1,0,0,0,42,0,1,1,0,18,1,2,1,5,1,55.7,39.8,65.6,37.7
6349,2,1,3,0,0,0,40.0,3,0,1,0,0,0,1,0,1,100.0,2,2,4,4,0,1,0,0,22,1,1,0,0,0,14,0,1,0,0,46,3,3,5,1,1,77.5,43.0,84.0,23.5
6350,2,3,0,1,0,0,60.0,2,0,0,0,1,1,0,0,1,100.0,2,1,3,3,1,1,0,0,52,0,0,0,0,1,0,1,1,0,0,76,1,3,5,2,1,93.7,68.2,90.5,25.2
6351,3,0,0,1,0,2,73.3,5,0,0,0,0,0,0,1,0,33.3,5,4,1,2,0,1,0,0,22,0,1,0,0,0,42,1,0,1,0,2,5,4,5,5,4,6.4,0.0,10.4,76.2
6352,3,0,0,2,1,0,63.3,2,0,1,1,0,0,0,0,1,100.0,5,2,1,4,1,1,0,0,52,0,1,0,0,1,0,0,1,0,0,46,1,2,4,4,4,48.4,33.2,56.3,48.7
6353,2,0,0,1,3,0,63.3,3,1,0,0,0,0,0,0,0,33.3,4,3,1,3,0,1,0,0,22,0,1,1,0,0,70,0,1,1,0,18,5,3,5,4,4,10.9,9.0,9.5,65.7
6354,3,2,1,0,0,0,40.0,3,0,0,0,1,0,0,0,0,33.3,2,4,3,1,1,0,0,1,6,1,0,0,0,0,0,1,1,0,0,76,1,2,5,2,2,79.8,51.0,76.2,28.0
6355,0,0,3,1,2,0,55.0,4,0,0,0,0,1,1,0,1,100.0,4,3,1,3,0,1,0,0,22,0,1,1,0,0,70,0,0,1,0,0,5,4,5,4,3,4.8,3.4,0.1,83.1
6356,2,1,3,0,0,0,40.0,2,0,0,0,1,0,0,0,0,33.3,4,2,3,4,0,1,0,0,22,0,1,0,0,0,42,1,0,1,0,2,3,1,5,2,3,35.2,11.8,48.9,36.9
6357,3,0,1,0,0,2,65.0,3,0,1,1,0,0,0,0,0,66.7,2,1,4,2,0,1,0,0,22,0,1,0,0,1,0,0,0,1,0,0,2,2,4,1,1,69.5,21.3,81.7,17.8
6358,2,0,3,0,0,1,65.0,2,0,0,0,0,0,1,0,0,33.3,2,1,4,2,0,1,0,0,22,1,0,0,0,0,0,1,1,0,0,76,3,2,4,2,2,86.9,48.1,88.0,8.6
6359,0,2,3,1,0,0,63.3,2,1,1,0,0,0,0,0,1,100.0,4,4,1,4,0,1,1,0,56,1,0,0,0,1,0,0,0,1,0,0,2,2,4,4,1,50.6,28.7,52.0,56.5
6360,2,0,3,0,0,1,65.0,4,0,0,0,0,1,0,0,1,66.7,2,3,3,3,0,1,0,0,22,0,0,1,0,0,28,1,1,0,0,76,2,3,4,5,3,52.5,47.4,50.5,59.4
6361,1,2,0,0,3,0,43.3,1,0,0,0,1,0,1,0,0,66.7,4,2,3,4,0,1,0,0,22,1,0,0,0,0,0,1,0,0,1,2,2,2,4,1,3,47.3,9.0,65.8,29.9
6362,1,3,2,0,0,0,40.0,5,0,1,0,0,1,1,0,0,100.0,1,2,2,1,0,1,0,0,22,0,1,0,0,0,42,1,0,0,1,2,1,3,1,5,4,21.9,14.9,21.0,63.6
6363,0,1,2,0,0,3,65.0,5,1,0,0,0,1,0,0,0,66.7,4,3,3,4,0,1,0,0,22,0,1,1,0,0,70,1,0,0,0,30,5,4,4,5,4,9.0,15.7,12.6,79.4
6364,0,1,3,0,0,2,65.0,4,0,1,0,0,0,0,0,0,33.3,4,3,4,3,0,1,0,0,22,0,0,1,0,0,28,1,0,1,0,2,5,3,4,5,2,25.4,6.1,47.8,54.7
6365,2,3,1,0,0,0,40.0,4,1,0,0,1,1,0,0,0,100.0,2,4,3,4,0,1,0,0,22,1,0,0,0,1,0,1,0,0,0,30,1,3,4,2,1,63.0,33.3,71.9,46.5
6366,1,3,0,0,2,0,43.3,2,1,0,1,1,0,0,0,0,100.0,4,4,4,4,0,1,0,0,22,1,0,0,0,0,0,1,1,0,0,76,3,3,5,5,1,63.3,43.2,76.4,56.0
6367,0,0,2,0,1,3,61.7,5,1,0,0,0,0,0,0,0,33.3,5,4,3,1,0,1,0,0,22,0,0,1,0,0,28,0,1,1,0,18,1,4,2,4,2,32.2,10.2,35.8,50.0
6368,0,0,2,0,3,1,61.7,5,1,0,1,1,0,0,0,0,100.0,1,3,3,3,0,0,0,1,0,0,0,0,0,1,0,0,0,1,0,0,1,2,2,4,3,37.1,16.5,52.6,53.0
6369,0,2,1,3,0,0,63.3,4,0,0,0,1,0,0,1,1,100.0,1,3,3,2,0,1,0,0,22,0,0,0,1,0,20,1,0,0,0,30,3,4,4,1,1,66.6,29.2,59.0,40.1
6370,2,0,0,1,3,0,63.3,5,0,1,0,0,0,0,0,0,33.3,4,3,1,4,0,1,0,0,22,1,0,1,0,0,0,0,0,1,0,0,5,4,4,1,3,40.0,0.0,50.4,34.1
6371,1,0,0,0,3,2,71.7,5,0,0,0,0,1,0,1,0,66.7,5,3,3,3,0,1,0,1,0,0,1,0,0,0,42,1,0,0,0,30,5,3,4,5,3,17.8,10.6,31.9,64.5
6372,0,0,2,1,3,0,55.0,3,1,0,1,0,0,0,0,0,66.7,4,2,2,3,0,1,0,0,22,0,0,1,0,0,28,1,0,1,0,2,5,4,5,5,1,32.2,11.7,42.4,47.3
6373,0,0,3,0,2,1,61.7,4,0,1,1,0,0,0,0,0,66.7,4,4,4,2,0,0,0,1,0,0,1,0,0,0,42,0,1,1,0,18,5,3,4,4,3,18.2,7.3,24.0,73.4
6374,3,0,0,0,2,1,71.7,3,1,0,0,0,0,0,0,0,33.3,4,3,3,4,0,1,0,0,22,1,1,0,0,0,14,1,0,0,0,30,2,3,2,2,2,55.0,18.8,63.1,31.8
6375,0,0,2,3,0,1,61.7,3,0,1,0,1,0,0,0,1,100.0,2,3,4,2,1,0,0,1,6,0,1,0,0,0,42,0,0,1,1,0,2,3,5,1,3,33.4,13.1,41.3,53.5
6376,1,3,0,0,2,0,43.3,3,0,0,0,1,0,0,1,0,66.7,4,2,3,3,0,1,0,0,22,0,0,0,1,1,0,0,1,0,0,46,3,1,1,1,4,62.2,33.4,68.9,27.8
6377,3,2,1,0,0,0,40.0,3,0,0,1,0,1,1,0,0,100.0,4,2,2,3,0,0,0,1,0,1,0,0,0,0,0,1,0,0,1,2,1,4,5,2,3,32.0,0.0,40.5,36.0
6378,2,0,3,1,0,0,63.3,2,1,0,0,0,0,0,1,1,100.0,4,4,3,1,0,1,0,1,0,1,0,0,0,0,0,0,0,0,1,0,3,4,5,1,2,36.2,0.0,42.1,54.6
6379,0,3,2,0,0,1,65.0,3,0,0,0,0,0,0,1,0,33.3,2,1,4,2,0,1,0,0,22,1,0,0,0,0,0,1,1,0,0,76,2,2,5,2,1,90.3,61.2,93.2,3.5
6380,3,1,0,2,0,0,60.0,2,0,0,0,0,0,1,0,0,33.3,2,3,4,1,1,1,0,0,52,1,0,0,0,1,0,1,0,0,0,30,3,2,5,5,1,72.2,49.1,77.6,34.9
6381,2,3,1,0,0,0,40.0,3,0,0,1,0,0,0,0,1,66.7,2,2,4,1,0,1,0,0,22,0,0,0,1,1,0,1,0,0,1,2,3,3,5,4,1,52.6,19.3,63.6,34.2
6382,1,0,2,3,0,0,63.3,2,0,0,0,0,1,0,0,0,33.3,2,4,4,1,1,1,0,0,52,1,0,0,1,0,0,0,1,1,0,18,3,1,5,2,2,65.9,41.8,72.8,35.2
6383,0,2,1,0,3,0,48.3,5,1,0,0,0,0,0,0,0,33.3,4,3,3,4,0,1,1,0,56,0,0,1,0,0,28,0,0,1,1,0,2,4,5,2,2,46.7,16.0,58.6,35.0
6384,3,2,0,1,0,0,60.0,3,0,0,0,0,0,0,0,1,33.3,4,4,4,2,1,0,0,0,30,0,0,1,0,0,28,1,1,0,0,76,3,4,1,4,2,56.2,45.9,63.5,50.1
6385,3,1,2,0,0,0,40.0,3,1,0,0,0,0,0,1,0,66.7,4,4,3,3,1,0,0,0,30,0,0,1,0,0,28,1,1,0,0,76,2,3,5,4,4,52.1,47.9,46.3,52.5
6386,3,2,0,1,0,0,60.0,2,0,1,0,0,0,1,0,0,66.7,5,3,3,4,0,1,0,0,22,1,0,0,0,1,0,0,0,0,1,0,3,1,5,1,1,60.2,15.8,75.2,31.4
6387,3,2,1,0,0,0,40.0,4,1,1,0,0,0,0,0,0,66.7,5,3,4,4,1,1,0,0,52,0,0,0,0,1,0,0,1,0,0,46,1,4,5,2,1,73.4,32.7,78.1,26.0
6388,0,3,2,0,1,0,48.3,2,0,0,1,0,0,0,0,0,33.3,2,1,3,4,0,1,0,0,22,0,0,0,1,0,20,0,1,0,0,46,2,2,2,2,1,77.2,46.6,87.5,12.2
6389,0,0,3,0,1,2,61.7,2,0,0,0,1,0,1,1,0,100.0,4,3,3,4,0,1,1,0,56,0,1,0,0,0,42,0,0,1,0,0,5,3,5,5,1,25.1,18.4,33.0,73.9
6390,2,0,0,3,1,0,63.3,5,0,0,0,1,1,0,0,0,66.7,2,2,3,4,0,1,0,1,0,0,0,0,0,1,0,1,1,0,0,76,3,1,1,2,1,86.6,58.2,93.0,27.7
6391,0,0,2,1,0,3,61.7,2,0,0,0,0,0,1,1,0,66.7,4,2,2,3,1,1,0,0,52,1,0,0,0,0,0,0,0,1,1,0,5,4,5,5,1,46.8,16.7,55.4,44.8
6392,0,2,0,3,0,1,70.0,3,0,1,0,0,0,0,0,0,33.3,2,2,4,4,0,1,0,0,22,1,0,0,0,1,0,0,1,0,0,46,3,2,4,2,1,78.5,44.0,84.8,19.7
6393,1,2,3,0,0,0,40.0,5,0,1,1,0,0,0,0,1,100.0,4,2,1,4,0,1,1,0,56,1,1,0,0,0,14,0,1,0,0,46,2,3,4,4,3,51.3,42.1,52.4,49.3
6394,2,3,1,0,0,0,40.0,3,0,0,0,1,0,1,0,1,100.0,4,3,4,2,0,0,1,1,10,1,0,0,0,1,0,1,1,0,0,76,3,2,5,4,2,68.6,47.3,75.6,45.1
6395,0,0,2,0,3,1,61.7,1,0,0,1,0,0,0,1,0,66.7,4,4,3,2,0,1,0,0,22,1,1,0,0,0,14,1,0,0,0,30,2,4,4,4,2,40.2,19.2,44.5,48.6
6396,3,0,0,0,1,2,71.7,1,1,0,0,0,0,0,0,0,33.3,5,3,1,4,0,1,1,0,56,0,0,1,0,0,28,0,0,1,0,0,5,4,2,5,3,21.7,4.5,32.4,55.9
6397,3,0,1,2,0,0,63.3,2,0,0,0,1,1,1,0,0,100.0,1,4,3,4,0,1,1,0,56,1,0,0,0,0,0,0,0,1,1,0,2,1,2,5,3,48.0,29.1,57.9,68.8
6398,0,1,3,0,2,0,48.3,3,0,0,0,1,0,0,0,0,33.3,1,1,2,2,1,0,0,1,6,1,0,0,0,1,0,1,1,0,0,76,2,3,1,5,1,78.9,52.3,82.4,16.9
6399,3,2,0,1,0,0,60.0,4,0,1,0,0,0,0,1,0,66.7,5,3,3,3,0,1,0,1,0,1,1,0,0,0,14,0,0,1,0,0,5,4,2,5,1,23.3,3.6,42.5,57.8
6400,3,0,2,0,1,0,55.0,4,1,0,0,0,0,0,0,0,33.3,5,4,2,1,0,1,0,0,22,0,0,1,0,0,28,0,1,1,0,18,5,4,4,2,4,25.4,4.9,18.8,55.4
6401,2,0,1,3,0,0,63.3,3,0,1,0,1,0,1,0,0,100.0,2,3,4,3,0,1,0,0,22,1,0,0,1,0,0,0,1,0,0,46,2,3,5,2,1,71.6,36.5,86.3,36.3
6402,3,1,0,0,2,0,43.3,5,1,1,0,0,0,0,0,1,100.0,2,2,4,1,0,1,1,0,56,1,0,0,0,0,0,0,0,1,0,0,3,3,5,5,1,55.4,28.8,59.0,44.9
6403,2,3,0,0,0,1,63.3,3,0,0,1,0,1,0,0,0,66.7,5,2,2,1,0,0,0,1,0,1,0,0,0,0,0,1,0,0,1,2,5,3,1,4,1,38.0,3.6,50.2,40.8
6404,0,0,2,1,3,0,55.0,5,0,1,1,0,0,1,0,0,100.0,5,2,4,2,0,1,0,0,22,0,1,0,0,0,42,1,0,0,1,2,5,1,1,1,1,44.1,22.8,52.3,47.2
6405,3,1,2,0,0,0,40.0,1,1,1,0,0,0,0,0,0,66.7,4,3,3,3,0,0,1,0,34,0,1,0,1,0,62,0,0,1,1,0,3,2,4,2,3,21.9,11.1,28.7,59.1
6406,3,1,0,0,0,2,63.3,3,1,0,0,0,0,1,0,0,66.7,5,2,3,4,1,0,1,0,64,1,1,0,0,0,14,1,0,0,1,2,2,2,5,2,4,45.1,20.8,55.1,42.9
6407,1,2,3,0,0,0,40.0,3,0,0,0,0,0,0,1,0,33.3,4,3,3,3,1,1,0,0,52,1,0,0,0,1,0,0,1,0,1,18,5,3,2,2,1,67.3,26.2,77.8,27.4
6408,0,1,0,3,0,2,70.0,1,0,0,0,0,1,1,0,1,100.0,5,2,3,3,0,1,1,0,56,0,0,0,1,0,20,0,0,1,0,0,5,3,2,4,3,29.5,13.2,43.2,58.7
6409,0,3,2,0,1,0,48.3,1,1,0,0,0,0,1,1,0,100.0,2,2,4,2,1,0,0,1,6,1,0,0,0,0,0,1,0,0,0,30,5,3,5,1,4,53.2,12.4,57.4,39.0
6410,3,2,0,0,0,1,63.3,2,0,0,1,1,0,1,0,0,100.0,4,3,1,4,1,0,0,1,6,0,0,1,0,0,28,1,1,0,0,76,3,2,5,1,2,64.0,41.6,59.2,42.5
6411,3,0,2,1,0,0,63.3,3,0,0,0,1,0,0,0,0,33.3,2,3,3,3,0,1,0,0,22,0,1,0,0,0,42,0,1,0,1,18,3,2,4,2,3,42.0,15.8,50.0,45.3
6412,2,3,0,1,0,0,60.0,4,0,0,0,0,1,1,0,0,66.7,2,3,4,3,0,1,0,0,22,1,0,0,0,0,0,1,0,0,1,2,1,2,1,4,2,51.2,16.7,69.2,39.8
6413,0,0,0,2,3,1,55.0,5,0,0,0,0,1,1,0,0,66.7,5,2,4,3,1,1,0,0,52,0,1,0,0,0,42,0,0,1,1,0,5,4,5,5,3,20.0,7.4,31.9,62.9
6414,3,0,1,0,2,0,55.0,3,1,0,0,0,0,0,0,0,33.3,5,2,2,3,0,1,0,1,0,1,0,0,0,0,0,1,0,1,0,2,5,2,1,2,4,29.7,0.0,49.9,32.4
6415,3,0,1,0,0,2,65.0,3,0,1,0,0,0,1,0,0,66.7,5,4,2,4,0,1,0,0,22,1,1,0,0,0,14,1,0,1,0,2,5,3,4,5,3,17.3,1.6,31.3,70.9
6416,0,1,2,0,3,0,48.3,3,0,1,0,0,0,0,1,0,66.7,4,1,4,3,0,0,1,0,34,0,1,0,0,1,0,1,0,0,0,30,2,3,4,4,1,58.4,26.0,72.8,28.4
6417,0,2,0,1,0,3,70.0,4,0,0,0,0,0,0,1,1,66.7,2,3,3,1,0,1,0,1,0,1,0,0,1,0,0,1,0,0,0,30,5,4,4,2,1,58.7,23.9,60.3,38.1
6418,0,0,3,2,1,0,55.0,3,0,0,1,1,0,1,0,0,100.0,1,4,3,2,1,0,0,1,6,1,0,0,0,0,0,1,0,0,1,2,2,2,1,2,2,49.1,19.6,56.9,53.4
6419,2,0,0,3,0,1,73.3,2,1,0,0,0,0,0,1,0,66.7,2,4,3,4,0,1,0,1,0,0,1,0,0,0,42,0,0,1,1,0,5,4,5,4,4,9.4,0.0,22.2,73.7
6420,1,0,3,2,0,0,63.3,5,1,0,0,1,0,0,0,0,66.7,4,4,3,1,0,0,1,0,34,0,1,0,0,0,42,0,0,1,0,0,3,3,4,4,2,33.7,15.2,29.4,63.4
6421,2,1,0,0,0,3,63.3,3,0,0,0,0,0,0,1,0,33.3,1,2,2,2,0,0,1,1,10,1,0,0,0,1,0,0,1,0,0,46,3,4,2,5,2,65.0,27.8,62.0,32.2
6422,1,3,2,0,0,0,40.0,3,1,0,1,1,0,0,0,0,100.0,5,4,3,2,1,1,0,0,52,1,1,0,0,0,14,1,0,0,0,30,3,2,2,2,2,53.1,34.6,50.5,55.0
6423,0,3,0,0,1,2,61.7,3,0,0,0,0,0,1,0,0,33.3,2,2,1,4,0,1,0,0,22,0,0,0,1,0,20,0,0,1,0,0,5,4,4,4,1,46.9,13.8,49.3,33.2
6424,0,2,0,1,0,3,70.0,3,0,0,0,1,1,0,0,0,66.7,5,4,1,4,0,1,0,0,22,1,1,0,0,0,14,0,0,1,0,0,1,4,4,5,3,16.2,0.0,30.9,57.2
6425,1,2,0,3,0,0,60.0,4,1,0,0,1,0,0,1,0,100.0,5,3,4,3,1,1,0,0,52,0,1,0,0,0,42,0,0,1,0,0,1,1,5,2,3,36.6,20.0,48.0,58.0
6426,2,1,0,0,0,3,63.3,3,0,0,0,1,0,0,1,0,66.7,4,4,3,3,1,1,0,0,52,0,0,1,0,0,28,1,1,0,0,76,1,2,5,4,4,49.2,46.1,51.5,60.3
6427,2,1,3,0,0,0,40.0,3,0,1,1,1,0,0,0,0,100.0,2,3,4,1,1,1,0,0,52,0,1,0,0,0,42,1,0,0,1,2,2,2,5,1,2,49.6,28.4,51.1,51.1
6428,3,1,2,0,0,0,40.0,4,0,1,1,1,0,0,0,0,100.0,4,3,3,4,0,1,0,0,22,0,0,0,0,1,0,1,0,0,0,30,3,1,5,1,1,70.7,36.9,78.9,34.5
6429,2,1,3,0,0,0,40.0,3,0,0,1,0,1,0,0,1,100.0,2,4,1,4,0,1,1,0,56,0,1,0,1,0,62,1,1,0,0,76,2,4,4,2,2,60.5,48.3,43.6,59.9
6430,1,2,0,0,0,3,63.3,3,1,1,0,0,0,0,0,0,66.7,2,3,3,2,1,1,0,0,52,1,0,1,0,0,0,1,0,1,0,2,5,4,2,1,1,68.2,22.5,66.7,36.1
6431,1,0,3,0,0,2,65.0,5,1,1,0,1,0,0,0,0,100.0,4,3,4,3,0,1,1,0,56,0,0,1,1,0,48,1,0,1,0,2,2,2,2,5,2,29.3,28.1,38.7,73.4
6432,3,1,0,0,0,2,63.3,1,0,0,0,0,0,0,0,1,33.3,4,2,3,4,1,1,0,0,52,0,1,1,0,0,70,0,0,1,1,0,5,1,4,4,2,24.5,21.4,34.4,57.9
6433,3,1,2,0,0,0,40.0,3,0,1,0,0,1,1,0,0,100.0,4,1,1,3,1,1,0,0,52,0,0,0,1,0,20,0,1,0,0,46,2,2,2,4,2,61.9,41.5,57.6,35.7
6434,0,0,2,1,0,3,61.7,1,0,0,0,1,1,1,0,0,100.0,5,1,2,4,1,0,0,0,30,1,0,0,0,0,0,0,1,0,0,46,2,2,4,1,1,77.6,39.7,83.4,18.4
6435,0,1,3,2,0,0,63.3,4,0,0,1,0,0,0,0,0,33.3,1,1,1,4,1,0,1,0,64,1,1,0,0,0,14,1,1,0,0,76,2,2,5,2,2,93.2,71.4,83.2,12.8
6436,1,3,2,0,0,0,40.0,3,0,1,0,0,0,1,0,1,100.0,2,3,3,4,1,0,0,0,30,0,1,0,1,0,62,0,1,1,0,18,2,1,4,2,1,47.9,37.2,54.8,57.8
6437,2,3,1,0,0,0,40.0,2,0,1,0,1,0,1,0,0,100.0,4,2,3,4,0,1,1,0,56,1,0,0,0,1,0,0,1,0,1,18,3,1,5,1,2,66.6,33.2,79.4,28.8
6438,2,3,0,0,1,0,43.3,1,1,0,0,0,0,0,1,1,100.0,4,4,3,1,1,0,0,0,30,0,1,0,0,1,0,0,0,1,1,0,3,1,2,2,1,53.2,18.7,59.6,50.5
6439,2,0,1,0,0,3,65.0,5,0,0,0,1,1,0,0,0,66.7,4,3,2,3,0,1,0,0,22,0,0,1,0,0,28,1,0,1,0,2,2,4,4,5,1,23.2,11.3,33.8,55.2
6440,0,0,2,0,1,3,61.7,5,0,1,0,0,1,1,0,0,100.0,5,2,2,4,0,1,0,0,22,1,0,0,0,0,0,0,1,0,0,46,2,3,5,5,1,52.8,34.2,62.5,43.1
6441,1,3,0,2,0,0,60.0,4,1,0,0,0,0,0,0,1,66.7,5,1,3,4,1,1,0,0,52,1,0,0,0,0,0,1,0,1,0,2,3,2,2,1,2,54.3,18.5,69.7,18.5
6442,0,3,2,0,1,0,48.3,3,1,0,0,1,0,0,0,0,66.7,2,4,3,4,0,1,0,0,22,1,0,0,0,1,0,1,0,0,0,30,3,3,2,5,1,55.1,32.7,65.4,48.4
6443,3,0,2,0,0,1,65.0,3,0,0,1,0,1,0,0,0,66.7,1,1,4,4,1,0,1,0,64,0,0,0,1,1,0,0,0,1,0,0,2,3,1,2,1,72.4,26.5,82.3,25.4
6444,3,2,0,1,0,0,60.0,2,1,0,0,1,0,0,0,1,100.0,2,2,3,3,0,1,1,0,56,0,0,1,0,1,0,0,1,0,0,46,5,2,2,1,2,81.3,51.4,80.6,34.5
6445,1,2,3,0,0,0,40.0,3,0,1,0,0,0,0,0,0,33.3,4,2,3,1,1,1,0,0,52,0,0,1,0,0,28,1,1,0,0,76,3,2,2,2,2,73.8,62.9,73.1,23.1
6446,3,0,0,2,1,0,63.3,4,0,0,0,0,0,0,0,1,33.3,4,2,2,3,1,1,0,0,52,0,0,0,1,0,20,0,1,0,0,46,2,4,5,1,3,61.2,32.1,62.2,24.4
6447,3,2,0,0,0,1,63.3,4,0,1,0,0,0,1,0,0,66.7,4,4,3,4,1,0,0,0,30,0,0,1,0,0,28,1,0,0,0,30,3,3,4,2,1,50.5,29.1,57.3,48.6
6448,3,0,2,0,0,1,65.0,3,0,0,1,0,0,0,0,0,33.3,2,4,3,4,0,1,0,0,22,1,0,1,0,0,0,1,1,0,0,76,3,3,4,4,1,80.6,60.7,81.1,36.8
6449,3,2,1,0,0,0,40.0,2,0,1,1,0,0,0,1,0,100.0,5,3,2,4,1,1,0,0,52,0,0,0,1,0,20,1,1,0,0,76,1,3,4,2,3,64.0,41.7,55.3,38.0
6450,3,1,0,0,2,0,43.3,2,0,0,0,1,1,0,0,1,100.0,2,2,3,4,0,1,0,0,22,1,0,0,0,0,0,1,1,0,0,76,3,2,4,4,1,81.0,62.3,87.7,32.9
6451,2,0,1,3,0,0,63.3,3,0,1,1,0,0,1,0,0,100.0,4,3,2,3,0,0,1,1,10,0,1,1,0,0,70,1,1,0,0,76,2,4,5,1,2,45.9,35.1,35.5,55.6
6452,1,2,0,3,0,0,60.0,5,0,0,1,0,0,0,0,0,33.3,4,4,4,4,1,1,0,0,52,0,0,1,0,0,28,0,1,0,0,46,5,3,4,4,2,52.1,44.0,54.6,49.4
6453,2,0,1,0,0,3,65.0,2,0,0,0,0,1,0,0,0,33.3,4,4,4,3,1,0,0,1,6,0,1,0,0,0,42,0,1,0,0,46,2,2,2,5,3,29.3,26.9,39.9,61.7
6454,0,0,3,0,1,2,61.7,5,1,0,0,1,0,0,0,0,66.7,1,4,1,4,0,1,1,0,56,0,0,1,0,1,0,0,0,1,0,0,5,4,2,4,3,46.3,22.2,43.0,54.4
6455,2,3,1,0,0,0,40.0,3,0,0,0,0,0,1,0,0,33.3,2,2,2,3,0,1,1,0,56,1,1,0,0,0,14,1,0,0,0,30,3,4,4,2,1,70.4,38.6,66.8,22.7
6456,2,3,0,0,1,0,43.3,4,0,1,1,1,0,0,0,0,100.0,4,4,3,1,0,1,1,0,56,0,1,0,0,0,42,0,1,1,0,18,3,1,2,2,3,34.5,28.7,33.0,64.0
6457,1,3,2,0,0,0,40.0,3,0,0,0,0,0,1,0,0,33.3,2,1,2,2,1,1,0,0,52,0,0,1,0,0,28,1,1,0,0,76,3,3,1,4,2,77.3,58.0,68.1,21.9
6458,3,0,0,1,2,0,63.3,4,1,0,0,0,1,0,0,0,66.7,2,3,4,4,1,1,0,0,52,0,1,0,0,0,42,0,1,1,0,18,5,3,5,2,3,43.8,31.4,43.7,59.7
6459,1,3,2,0,0,0,40.0,2,0,0,0,1,0,1,0,0,66.7,4,3,3,2,1,0,0,1,6,0,0,0,0,1,0,1,0,0,0,30,5,1,4,2,2,60.6,24.2,67.9,35.7
6460,2,0,3,0,0,1,65.0,3,0,0,0,0,0,1,0,0,33.3,5,2,1,4,0,1,0,0,22,1,0,1,0,0,0,0,1,0,1,18,5,3,4,2,4,40.3,10.7,49.7,32.6
6461,2,0,3,0,0,1,65.0,1,1,0,0,1,0,0,0,0,66.7,2,2,3,3,1,0,1,0,64,1,1,0,0,0,14,0,1,0,0,46,5,2,1,4,2,72.9,51.3,71.7,41.9
6462,0,0,2,3,0,1,61.7,5,0,0,1,1,0,0,0,1,100.0,4,4,1,3,1,0,0,0,30,0,0,0,0,1,0,1,0,1,0,2,5,3,2,5,3,26.1,5.2,29.8,69.2
6463,2,3,1,0,0,0,40.0,5,1,0,1,0,0,1,0,0,100.0,2,1,3,4,0,1,0,1,0,1,0,0,0,0,0,1,0,0,1,2,2,3,2,5,1,45.7,15.7,63.9,39.3
6464,2,1,0,3,0,0,60.0,2,1,0,0,1,0,0,0,0,66.7,5,2,4,3,0,1,0,1,0,1,0,0,0,0,0,1,1,0,0,76,5,3,5,2,2,60.9,32.7,75.9,28.9
6465,1,3,2,0,0,0,40.0,3,0,0,0,0,0,0,1,0,33.3,4,1,2,4,0,1,0,0,22,0,1,1,0,0,70,1,0,0,0,30,2,3,1,4,1,42.1,23.6,45.6,34.7
6466,3,2,1,0,0,0,40.0,3,0,0,0,1,0,0,0,0,33.3,5,3,4,1,0,1,0,1,0,0,1,1,0,0,70,0,1,1,0,18,1,3,4,1,3,21.5,2.1,27.5,41.4
6467,3,0,2,0,0,1,65.0,3,0,0,0,0,0,1,0,0,33.3,4,2,1,3,1,0,0,1,6,1,0,0,0,0,0,0,0,1,1,0,3,1,1,2,1,58.3,13.6,68.4,19.0
6468,3,2,0,0,0,1,63.3,3,0,0,0,1,0,1,0,0,66.7,2,2,4,4,0,0,0,1,0,1,0,0,0,1,0,1,0,0,1,2,3,1,5,2,1,63.2,20.5,85.2,28.6
6469,1,0,2,0,3,0,55.0,2,0,0,0,1,0,1,0,0,66.7,1,2,3,3,1,0,0,1,6,1,0,1,0,0,0,1,0,0,0,30,3,1,1,2,3,60.6,28.8,67.2,33.6
6470,0,3,0,0,2,1,61.7,4,1,0,0,0,0,0,1,0,66.7,1,4,1,3,0,1,0,0,22,1,1,0,0,0,14,0,0,1,0,0,3,4,4,5,2,35.6,9.1,39.4,60.3
6471,0,3,0,1,0,2,70.0,5,0,0,1,0,0,0,1,1,100.0,5,4,3,2,0,1,0,0,22,1,0,1,0,0,0,0,0,1,0,0,1,4,4,5,2,27.4,2.0,40.1,63.8
6472,3,0,1,0,2,0,55.0,5,1,0,0,0,0,0,0,0,33.3,5,3,3,4,0,1,0,1,0,0,1,0,0,0,42,0,0,1,0,0,1,2,2,5,2,24.6,4.6,40.2,51.8
6473,1,2,0,3,0,0,60.0,3,0,0,1,1,0,0,0,1,100.0,2,1,1,2,0,0,0,1,0,1,0,0,0,0,0,1,0,0,1,2,1,1,5,1,2,57.5,19.2,58.3,30.0
6474,1,3,2,0,0,0,40.0,3,1,0,1,0,0,0,0,0,66.7,1,4,1,4,0,1,0,0,22,0,0,0,0,1,0,1,0,1,0,2,1,4,4,1,3,47.3,11.4,53.7,37.4
6475,3,1,2,0,0,0,40.0,5,0,0,0,0,1,0,0,0,33.3,4,2,3,1,0,1,0,0,22,1,0,0,0,1,0,0,1,0,0,46,1,3,5,1,4,59.9,29.4,59.3,15.2
6476,1,3,2,0,0,0,40.0,3,1,0,0,0,0,1,0,0,66.7,4,1,1,4,1,1,0,0,52,1,0,0,0,1,0,1,0,1,0,2,3,3,5,2,2,56.5,16.5,61.7,27.1
6477,1,2,3,0,0,0,40.0,5,1,0,0,0,0,0,0,0,33.3,2,2,2,4,0,1,0,1,0,1,0,0,0,0,0,0,0,0,1,0,5,1,5,2,1,62.0,24.9,78.4,20.4
6478,2,0,0,3,0,1,73.3,3,0,1,1,0,1,0,0,0,100.0,2,4,4,4,0,1,0,0,22,0,1,1,0,0,70,1,0,0,0,30,2,4,4,2,1,41.6,26.5,36.2,69.5
6479,0,0,3,1,2,0,55.0,3,0,0,0,1,0,0,0,1,66.7,1,3,4,2,1,0,1,0,64,1,0,1,0,0,0,0,1,1,0,18,1,3,1,2,2,69.8,42.8,71.4,39.3
6480,3,2,1,0,0,0,40.0,4,0,1,0,0,0,0,0,0,33.3,2,2,1,4,1,0,0,0,30,0,1,0,0,1,0,1,0,1,0,2,1,2,5,2,2,58.5,19.3,73.5,13.9
6481,2,3,1,0,0,0,40.0,2,1,1,0,0,0,0,0,0,66.7,2,4,3,1,0,1,1,0,56,0,0,0,1,1,0,1,0,0,0,30,3,2,5,1,1,77.0,44.8,76.8,31.3
6482,1,3,2,0,0,0,40.0,3,0,0,0,0,1,0,0,0,33.3,5,2,3,4,0,1,0,0,22,0,0,1,1,0,48,1,1,0,0,76,1,3,1,5,2,51.8,47.0,57.0,39.5
6483,0,3,2,0,0,1,65.0,5,0,0,0,0,0,1,0,0,33.3,1,2,3,1,1,0,1,0,64,1,0,0,0,0,0,1,0,0,0,30,3,1,4,2,1,85.7,63.4,85.5,17.2
6484,2,1,0,3,0,0,60.0,3,0,0,1,0,0,0,0,0,33.3,1,3,4,4,0,1,0,0,22,1,0,1,0,0,0,1,0,0,0,30,5,3,1,2,3,62.0,23.2,74.1,35.8
6485,1,3,2,0,0,0,40.0,1,1,1,0,0,0,0,0,0,66.7,5,3,1,4,0,1,0,0,22,1,0,0,0,0,0,0,0,1,0,0,1,3,5,5,2,29.0,0.0,45.6,46.8
6486,2,1,0,3,0,0,60.0,4,0,0,1,0,1,0,0,0,66.7,4,4,3,2,1,0,0,0,30,1,1,0,0,0,14,1,0,0,0,30,3,3,5,5,1,46.6,31.3,49.0,56.7
6487,3,1,2,0,0,0,40.0,3,0,1,1,1,0,0,0,0,100.0,4,3,3,3,1,1,0,0,52,1,1,0,0,0,14,1,1,0,0,76,5,2,1,2,4,69.9,51.2,62.5,51.9
6488,1,2,0,3,0,0,60.0,3,0,0,0,0,0,0,0,1,33.3,2,1,4,3,1,1,0,0,52,0,0,0,1,0,20,0,1,0,0,46,3,3,2,1,2,79.6,45.7,85.8,15.8
6489,0,1,3,0,2,0,48.3,4,0,0,0,0,0,0,1,0,33.3,4,3,3,3,0,1,0,0,22,1,0,1,0,0,0,0,1,0,1,18,5,2,2,4,1,55.2,23.8,69.0,37.6
6490,0,2,1,0,0,3,65.0,2,0,0,0,0,1,0,0,0,33.3,5,4,1,3,1,0,1,0,64,0,1,1,0,0,70,1,1,0,0,76,5,3,5,4,3,38.1,52.1,26.5,63.9
6491,3,0,0,2,0,1,73.3,4,0,0,0,1,0,1,0,1,100.0,4,2,1,2,0,1,0,0,22,0,1,0,0,0,42,1,0,1,0,2,1,2,1,4,4,19.0,9.0,14.3,61.5
6492,0,0,0,3,1,2,55.0,1,0,0,0,0,0,0,1,0,33.3,5,4,1,3,0,0,1,0,34,0,0,1,0,0,28,0,0,1,1,0,3,4,4,5,3,17.6,0.0,23.4,58.1
6493,1,0,3,0,2,0,55.0,2,0,0,0,0,0,1,0,1,66.7,2,2,3,4,1,1,0,0,52,1,0,0,0,0,0,1,0,0,1,2,3,1,4,5,1,59.3,36.5,71.4,39.5
6494,2,1,0,0,0,3,63.3,2,1,1,0,0,1,0,0,0,100.0,5,3,1,4,0,0,0,1,0,0,1,1,0,0,70,0,0,1,0,0,5,2,5,5,2,1.4,5.4,7.1,86.7
6495,1,3,0,2,0,0,60.0,3,0,0,1,0,1,0,0,1,100.0,2,2,4,3,1,0,0,0,30,1,0,0,0,0,0,1,0,1,0,2,5,2,4,2,3,48.4,17.0,61.9,47.3
6496,3,0,1,0,0,2,65.0,3,0,0,0,1,0,0,0,0,33.3,1,3,1,1,0,1,0,0,22,1,0,0,0,0,0,1,0,0,0,30,2,3,2,1,1,78.1,37.0,70.3,18.0
6497,1,3,0,2,0,0,60.0,3,1,1,0,0,0,0,0,0,66.7,4,3,3,1,1,0,0,1,6,1,0,0,0,0,0,1,0,0,1,2,3,3,2,1,2,46.3,4.7,52.1,40.4
6498,1,0,2,0,3,0,55.0,3,0,0,1,0,0,0,0,1,66.7,1,2,3,4,0,0,1,0,34,1,0,0,0,0,0,1,1,0,0,76,5,3,4,2,2,85.8,57.4,86.9,32.8
6499,3,0,1,2,0,0,63.3,2,0,1,0,1,0,0,0,0,66.7,1,3,2,3,1,1,0,0,52,1,1,0,0,0,14,1,1,0,0,76,3,4,5,5,4,63.2,55.2,52.0,57.4
6500,0,1,2,3,0,0,63.3,3,0,0,1,1,0,0,0,0,66.7,2,2,3,4,1,1,0,0,52,0,0,1,0,0,28,1,1,0,0,76,3,3,1,1,3,71.4,54.3,74.4,32.8
6501,1,3,0,0,0,2,63.3,3,0,0,1,0,0,0,0,1,66.7,4,3,3,2,1,0,0,1,6,0,1,1,0,0,70,1,0,1,0,2,2,4,4,5,2,10.2,3.5,14.6,67.2
6502,2,1,0,3,0,0,60.0,2,0,0,0,0,1,0,0,0,33.3,1,4,3,4,0,1,0,0,22,1,0,0,1,0,0,1,1,0,0,76,2,4,5,1,1,84.3,50.1,83.0,25.4
6503,0,0,3,0,1,2,61.7,3,0,0,0,0,0,0,0,1,33.3,5,4,1,3,0,1,0,0,22,0,1,1,0,0,70,0,0,1,0,0,1,3,4,5,1,11.6,7.9,16.9,63.8
6504,0,0,3,1,2,0,55.0,2,0,0,1,0,0,0,1,0,66.7,1,4,1,3,1,0,0,1,6,0,0,1,0,1,0,0,0,1,0,0,5,3,2,5,1,43.2,16.9,44.9,57.9
6505,0,1,2,0,3,0,48.3,1,0,1,1,0,0,0,0,0,66.7,2,1,3,4,1,1,0,0,52,1,0,0,1,0,0,1,1,0,0,76,1,2,4,2,2,91.6,59.0,94.1,12.2
6506,2,1,0,3,0,0,60.0,2,0,1,0,1,0,0,0,0,66.7,2,3,2,4,1,0,0,0,30,1,0,0,0,0,0,1,1,0,0,76,3,4,5,2,2,77.9,47.4,75.4,31.4
6507,2,3,0,1,0,0,60.0,5,0,0,1,0,0,0,0,0,33.3,4,4,4,2,0,1,0,0,22,0,0,1,1,0,48,1,0,0,0,30,3,4,5,1,1,52.1,24.2,53.5,38.5
6508,3,2,1,0,0,0,40.0,4,0,1,0,0,0,0,0,1,66.7,1,2,1,1,1,0,1,0,64,1,0,0,0,0,0,1,0,1,0,2,1,4,4,5,1,63.4,32.8,52.4,27.9
6509,0,1,3,2,0,0,63.3,3,0,0,0,0,0,1,0,0,33.3,2,2,3,3,0,1,0,0,22,0,0,1,0,0,28,1,0,0,0,30,2,1,1,2,3,51.3,34.4,61.6,33.1
6510,2,3,1,0,0,0,40.0,3,0,0,0,1,0,0,0,0,33.3,2,4,1,3,1,0,0,0,30,1,0,0,0,1,0,1,1,0,0,76,5,1,4,2,2,89.3,64.5,77.7,31.4
6511,3,0,1,2,0,0,63.3,3,1,1,0,1,0,0,0,0,100.0,4,3,3,4,1,0,1,0,64,1,1,0,0,0,14,1,1,0,0,76,5,2,4,2,4,64.7,52.5,63.4,56.8
6512,0,3,0,1,0,2,70.0,3,1,0,0,1,0,0,0,0,66.7,2,4,4,3,1,1,0,0,52,1,0,0,0,0,0,1,0,0,0,30,3,2,4,1,1,75.2,43.1,78.3,35.2
6513,0,1,2,0,0,3,65.0,4,1,0,1,1,0,0,0,0,100.0,2,2,4,2,0,1,0,0,22,1,0,0,0,1,0,0,0,1,0,0,3,4,5,4,2,40.4,7.1,50.1,46.6
6514,3,0,1,0,0,2,65.0,4,0,0,0,1,1,0,0,0,66.7,5,3,1,4,0,0,0,1,0,0,0,1,0,1,0,0,1,1,0,18,5,4,5,5,3,23.3,2.7,33.6,57.8
6515,1,3,0,2,0,0,60.0,3,0,1,0,0,1,0,1,0,100.0,4,2,4,3,0,1,0,0,22,1,1,0,0,0,14,1,1,0,0,76,1,2,4,1,2,76.7,52.7,79.2,32.2
6516,0,0,1,0,2,3,61.7,4,1,0,0,0,1,0,0,0,66.7,5,3,1,4,0,1,0,0,22,0,1,1,0,0,70,1,0,1,0,2,5,4,4,5,3,0.0,0.0,3.8,78.0
6517,3,2,1,0,0,0,40.0,3,1,0,0,1,0,0,0,0,66.7,2,2,1,3,1,1,0,0,52,0,0,1,0,0,28,1,0,1,0,2,3,3,2,2,1,61.5,29.1,61.6,33.2
6518,3,0,1,2,0,0,63.3,3,1,0,0,1,0,1,0,0,100.0,1,2,1,3,1,1,0,0,52,0,0,0,0,1,0,1,0,0,0,30,3,3,2,2,1,82.0,47.9,73.2,33.6
6519,2,3,1,0,0,0,40.0,2,0,1,0,1,0,1,0,0,100.0,4,3,3,3,1,0,1,0,64,0,0,1,0,0,28,0,1,1,0,18,5,3,5,2,4,40.6,20.6,42.1,62.7
6520,2,1,0,3,0,0,60.0,3,0,0,0,1,0,0,0,0,33.3,4,3,3,4,1,0,1,0,64,0,0,1,0,1,0,0,1,0,0,46,5,2,5,1,3,70.1,43.7,78.2,28.7
6521,1,0,0,3,0,2,73.3,1,0,0,0,1,0,0,1,0,66.7,2,2,1,2,1,1,0,0,52,1,0,0,0,0,0,1,0,0,0,30,5,3,5,1,1,80.3,37.6,72.6,26.1
6522,0,0,0,3,1,2,55.0,2,0,0,1,0,0,0,0,0,33.3,5,4,3,4,0,1,0,1,0,0,0,1,0,0,28,0,0,1,0,0,5,3,4,5,4,3.7,0.0,29.6,67.2
6523,0,1,3,0,0,2,65.0,4,0,0,0,0,1,0,0,1,66.7,2,3,3,4,0,1,1,0,56,0,1,0,0,0,42,0,0,1,0,0,5,4,4,4,3,34.5,19.3,38.8,64.3
6524,1,3,2,0,0,0,40.0,2,0,1,0,0,0,1,0,0,66.7,2,1,3,4,0,1,0,0,22,1,0,0,0,0,0,1,0,0,0,30,5,1,1,4,1,63.5,42.4,80.3,28.5
6525,1,2,3,0,0,0,40.0,5,0,0,0,0,1,1,0,0,66.7,4,2,3,3,0,1,1,0,56,0,1,0,0,0,42,0,0,1,1,0,5,2,5,4,2,37.2,22.1,42.4,52.4
6526,3,2,1,0,0,0,40.0,1,0,0,1,1,0,1,0,0,100.0,5,4,3,2,0,0,0,1,0,0,0,0,0,1,0,1,0,0,1,2,3,1,5,4,1,37.2,12.7,56.9,53.2
6527,2,3,1,0,0,0,40.0,3,0,1,0,1,0,0,0,1,100.0,4,2,3,3,0,0,1,1,10,1,0,0,0,0,0,1,1,0,0,76,3,3,5,4,3,54.5,39.1,61.5,42.2
6528,3,2,0,1,0,0,60.0,5,0,1,0,1,0,0,0,0,66.7,1,1,4,4,0,1,0,0,22,1,0,0,0,0,0,0,0,0,1,0,2,1,5,5,1,60.1,30.5,81.8,30.8
6529,0,3,0,0,2,1,61.7,5,0,0,1,0,0,0,1,1,100.0,2,2,1,4,0,1,0,0,22,0,0,1,0,0,28,0,0,1,1,0,2,4,5,5,2,31.2,13.9,33.3,55.6
6530,2,1,0,0,0,3,63.3,2,1,0,1,0,0,0,0,0,66.7,4,3,1,4,0,0,1,0,34,1,1,0,0,0,14,0,0,1,0,0,1,3,4,2,2,40.3,11.3,48.0,39.4
6531,3,2,0,0,1,0,43.3,1,1,1,0,1,0,0,0,0,100.0,2,3,3,3,0,1,0,0,22,0,0,1,0,1,0,1,1,0,0,76,3,2,2,4,4,64.6,47.4,59.2,50.4
6532,1,3,2,0,0,0,40.0,4,0,0,0,1,0,1,0,1,100.0,2,2,3,3,0,1,0,0,22,1,0,0,0,0,0,1,1,0,0,76,2,2,4,2,1,89.8,63.5,87.4,30.6
6533,1,3,0,0,0,2,63.3,2,0,0,0,0,0,0,1,0,33.3,4,2,4,4,1,0,1,0,64,1,0,0,0,0,0,1,0,1,0,2,3,2,5,2,2,58.7,25.9,80.0,27.6
6534,0,1,0,0,3,2,61.7,5,1,1,0,1,0,0,0,0,100.0,4,3,3,3,0,0,0,1,0,0,1,0,0,0,42,0,0,1,0,0,2,3,4,4,1,26.1,9.4,37.6,58.5
6535,0,3,1,0,0,2,65.0,4,0,1,0,0,0,0,0,0,33.3,1,3,4,2,1,0,0,1,6,0,1,0,0,0,42,0,0,1,0,0,2,4,2,5,3,22.8,3.9,37.4,53.9
6536,2,3,1,0,0,0,40.0,5,0,1,0,0,0,0,0,0,33.3,4,2,3,4,0,1,0,0,22,0,0,1,0,0,28,1,0,0,0,30,5,4,5,2,3,47.1,17.2,51.2,32.3
6537,0,1,0,2,3,0,53.3,5,0,0,0,1,0,0,1,0,66.7,4,2,2,1,0,1,0,1,0,1,0,0,0,1,0,1,0,0,0,30,3,1,5,2,3,51.6,24.9,57.3,36.5
6538,1,2,0,0,0,3,63.3,5,0,0,0,1,0,0,0,0,33.3,2,4,1,4,0,1,0,0,22,0,1,0,0,0,42,1,0,1,0,2,3,4,2,5,2,27.4,14.1,29.7,62.5
6539,1,0,0,0,3,2,71.7,2,1,0,0,0,1,0,0,1,100.0,2,3,1,4,0,1,0,1,0,0,1,1,0,0,70,1,0,1,0,2,5,3,4,2,2,18.5,11.3,15.9,75.6
6540,0,1,3,2,0,0,63.3,2,1,1,0,0,0,1,0,0,100.0,1,3,3,4,0,1,0,0,22,1,0,0,0,0,0,0,0,0,1,0,1,1,2,4,1,54.1,35.5,72.6,44.2
6541,0,2,1,3,0,0,63.3,1,0,0,0,1,0,0,0,0,33.3,1,3,3,3,0,1,0,1,0,1,0,0,0,0,0,1,1,0,0,76,3,2,1,2,2,80.4,50.1,81.0,24.8
6542,1,2,0,0,3,0,43.3,5,0,0,0,1,0,0,0,1,66.7,2,3,3,3,1,0,0,1,6,1,0,0,0,0,0,1,0,0,1,2,2,1,4,2,2,59.1,24.0,68.3,32.8
6543,3,1,0,0,2,0,43.3,1,1,1,0,0,0,1,0,0,100.0,2,4,3,4,1,1,0,0,52,1,0,1,0,0,0,1,0,0,1,2,3,4,4,5,1,48.7,20.0,56.7,55.8
6544,1,3,0,0,0,2,63.3,2,1,0,0,0,1,0,1,0,100.0,2,3,3,2,0,0,0,1,0,0,0,1,0,0,28,1,0,0,0,30,2,1,1,5,3,35.6,30.5,37.9,65.2
6545,0,0,3,1,0,2,61.7,5,0,0,0,1,0,0,0,0,33.3,5,4,3,2,0,1,0,0,22,0,1,0,0,0,42,0,0,1,0,0,5,3,4,5,4,7.7,0.0,21.7,69.4
6546,1,2,3,0,0,0,40.0,3,0,0,1,0,0,1,0,1,100.0,5,3,1,3,0,1,0,1,0,1,1,0,0,0,14,1,1,0,0,76,5,4,4,5,4,30.4,25.5,30.4,61.2
6547,0,2,0,3,1,0,53.3,4,0,0,0,0,0,1,0,0,33.3,5,4,3,4,0,1,0,1,0,1,0,0,0,0,0,1,0,0,0,30,1,1,4,2,3,54.2,21.6,67.8,33.6
6548,0,3,1,0,2,0,48.3,1,0,1,0,1,0,0,0,0,66.7,1,1,3,4,0,1,1,0,56,1,0,0,0,0,0,1,0,0,0,30,3,4,5,2,1,78.1,35.1,83.9,16.1
6549,1,0,2,0,3,0,55.0,4,0,0,1,0,0,0,0,0,33.3,2,2,3,1,0,1,0,1,0,1,0,0,0,0,0,1,0,0,0,30,3,2,5,2,1,72.3,35.0,76.9,15.6
6550,1,3,0,0,2,0,43.3,1,0,0,0,0,1,1,0,1,100.0,2,2,1,4,1,0,0,0,30,1,0,0,0,1,0,1,1,0,0,76,2,3,4,4,1,81.8,58.9,73.0,35.4
6551,0,0,3,0,2,1,61.7,2,0,1,1,0,0,0,0,0,66.7,1,3,3,3,0,1,0,0,22,0,1,0,0,0,42,0,1,1,0,18,1,3,2,5,1,43.2,28.3,46.1,49.4
6552,0,2,3,0,0,1,65.0,3,0,0,0,0,0,1,0,0,33.3,1,2,3,4,1,1,0,0,52,0,1,0,0,0,42,1,1,0,0,76,3,3,4,4,1,78.8,66.5,77.8,28.0
6553,2,0,0,0,3,1,71.7,3,0,0,0,1,0,0,0,0,33.3,5,3,1,3,0,1,0,0,22,0,1,0,0,1,0,1,0,0,1,2,2,3,2,4,3,33.5,0.5,41.9,43.6
6554,1,2,3,0,0,0,40.0,2,0,0,1,0,0,0,0,0,33.3,2,3,4,3,0,0,1,0,34,1,0,1,0,0,0,1,0,1,0,2,3,2,5,2,1,63.3,27.7,82.1,23.1
6555,2,0,3,0,1,0,55.0,4,0,0,0,1,1,0,0,0,66.7,5,3,3,4,1,1,0,0,52,0,1,0,0,0,42,0,0,1,0,0,1,3,2,5,2,28.7,12.7,43.3,54.0
6556,1,3,2,0,0,0,40.0,3,0,0,1,0,0,1,0,0,66.7,5,4,3,2,1,0,1,0,64,1,0,0,0,0,0,1,0,0,1,2,3,4,5,2,1,51.3,19.9,58.4,37.7
6557,1,0,2,0,3,0,55.0,3,0,0,0,1,1,1,0,0,100.0,1,1,4,1,0,1,0,0,22,1,0,0,0,1,0,1,1,0,0,76,3,3,4,4,1,83.7,57.3,81.9,31.0
6558,2,0,0,1,0,3,73.3,1,0,1,1,0,1,0,0,0,100.0,5,3,4,3,0,1,0,0,22,0,1,0,1,0,62,0,1,1,0,18,2,3,5,5,4,4.9,2.1,13.7,79.6
6559,3,1,2,0,0,0,40.0,3,1,1,0,0,0,0,0,0,66.7,1,2,4,2,0,1,0,0,22,1,0,0,0,0,0,1,0,0,1,2,2,1,2,2,3,54.3,26.8,69.8,32.3
6560,0,0,1,3,2,0,55.0,3,1,0,0,0,0,0,1,1,100.0,2,3,4,4,1,0,1,0,64,1,0,0,0,0,0,1,0,0,1,2,2,4,4,2,1,61.7,24.7,72.4,41.3
6561,2,1,0,0,3,0,43.3,3,0,0,0,0,0,1,0,0,33.3,1,1,3,4,1,1,0,0,52,1,0,1,0,0,0,1,1,0,0,76,3,1,1,2,1,100.0,72.5,100.0,7.1
6562,3,0,1,0,2,0,55.0,3,0,1,0,1,0,0,0,0,66.7,2,1,4,4,0,1,0,0,22,0,0,1,0,0,28,1,1,0,0,76,5,3,5,2,4,59.2,40.9,61.6,41.7
6563,0,3,1,2,0,0,63.3,5,1,1,0,0,0,1,0,0,100.0,5,4,2,3,1,0,0,0,30,1,1,0,0,0,14,0,0,1,1,0,5,4,4,2,1,39.1,5.6,43.4,58.2
6564,3,2,1,0,0,0,40.0,4,0,1,0,1,0,1,0,0,100.0,1,3,1,4,0,0,1,1,10,1,1,0,0,0,14,0,0,0,1,0,1,1,1,4,1,51.3,27.2,56.7,49.1
6565,3,0,1,2,0,0,63.3,3,0,0,1,0,1,0,0,0,66.7,2,1,4,3,1,0,0,0,30,1,1,0,0,0,14,1,1,0,0,76,3,3,5,2,2,70.4,53.6,78.0,28.0
6566,0,3,2,0,1,0,48.3,1,0,1,0,0,0,0,1,0,66.7,4,4,3,1,0,0,1,1,10,0,0,1,0,1,0,0,0,0,1,0,3,2,1,2,3,40.1,4.7,46.0,45.1
6567,2,1,0,3,0,0,60.0,1,0,0,0,1,1,0,0,1,100.0,2,2,4,4,0,1,0,0,22,1,0,0,0,0,0,1,0,0,0,30,3,3,5,2,1,65.6,28.0,79.3,39.1
6568,0,3,2,0,1,0,48.3,2,0,0,0,0,1,1,0,0,66.7,5,3,2,4,1,1,0,0,52,1,0,1,0,0,0,0,0,1,0,0,2,3,4,2,1,54.7,16.7,68.8,32.5
6569,0,0,3,0,1,2,61.7,1,0,0,1,0,0,1,0,0,66.7,2,3,2,3,0,1,0,0,22,0,1,0,1,0,62,1,0,0,0,30,2,2,4,2,1,48.8,35.3,45.6,48.3
6570,1,0,3,0,2,0,55.0,1,0,1,0,0,0,0,0,0,33.3,1,1,2,4,1,0,0,0,30,1,0,0,0,0,0,0,0,1,1,0,1,3,2,2,1,71.9,23.5,85.3,10.9
6571,3,0,1,0,0,2,65.0,3,1,1,0,0,0,0,0,0,66.7,5,1,4,4,1,0,0,1,6,1,0,0,0,1,0,1,0,0,0,30,2,2,5,1,1,62.8,26.3,84.7,11.5
6572,3,2,0,0,1,0,43.3,4,0,1,1,0,0,0,0,0,66.7,2,4,3,4,1,0,0,0,30,0,0,1,0,0,28,1,1,0,0,76,3,2,4,2,1,81.1,69.0,82.9,35.8
6573,1,3,0,0,2,0,43.3,3,0,0,0,0,1,0,0,0,33.3,5,3,3,4,0,1,0,0,22,0,0,1,0,0,28,0,1,0,1,18,3,1,1,4,3,34.4,23.5,54.9,45.6
6574,0,2,1,0,3,0,48.3,4,0,0,1,0,0,1,1,0,100.0,2,4,3,2,1,1,0,0,52,0,1,1,0,0,70,0,0,1,0,0,5,1,5,2,4,26.0,23.7,19.2,86.6
6575,0,1,2,0,0,3,65.0,4,1,1,0,0,0,0,0,0,66.7,1,3,2,3,0,1,0,1,0,0,1,0,0,0,42,0,0,1,1,0,5,4,2,2,3,28.1,5.6,27.3,58.6
6576,2,3,0,0,0,1,63.3,1,0,1,0,0,0,1,0,0,66.7,4,4,4,3,0,1,0,0,22,0,0,1,0,1,0,0,1,1,0,18,3,4,4,5,3,31.2,4.5,44.8,56.1
6577,2,0,0,3,0,1,73.3,4,0,1,1,0,0,1,0,0,100.0,5,4,1,4,0,1,0,0,22,0,1,1,0,0,70,0,0,1,0,0,5,3,5,5,3,0.0,0.4,4.5,91.5
6578,0,3,0,2,0,1,70.0,5,0,1,0,1,0,1,0,0,100.0,5,2,1,3,1,1,0,0,52,1,0,0,0,0,0,0,0,0,1,0,2,3,5,2,4,37.6,9.7,42.9,44.5
6579,3,0,1,0,0,2,65.0,3,0,0,0,0,0,1,0,0,33.3,2,4,3,1,0,1,0,0,22,0,1,1,0,0,70,1,1,0,0,76,5,4,4,4,4,34.8,40.4,21.9,69.2
6580,3,1,0,0,2,0,43.3,5,1,0,0,0,0,0,0,0,33.3,5,4,3,3,0,1,0,0,22,0,0,0,0,1,0,0,0,1,1,0,5,4,4,5,1,31.9,4.7,45.9,52.2
6581,0,1,0,3,0,2,70.0,1,0,0,0,0,0,1,1,0,66.7,5,3,4,4,0,1,0,0,22,1,0,1,0,0,0,0,1,0,0,46,1,4,5,5,2,51.3,21.2,70.2,41.0
6582,1,2,3,0,0,0,40.0,1,0,0,0,0,0,1,0,0,33.3,5,1,1,3,1,1,0,0,52,1,0,1,0,0,0,1,0,1,0,2,5,3,5,2,2,54.6,11.3,61.4,15.8
6583,2,3,0,1,0,0,60.0,3,0,0,0,0,1,0,1,0,66.7,5,1,2,4,1,1,0,0,52,1,0,1,0,0,0,0,0,1,0,0,1,4,5,5,3,33.4,6.2,44.6,37.6
6584,1,2,0,0,0,3,63.3,3,0,0,0,0,0,0,0,1,33.3,4,3,3,4,1,1,0,0,52,0,1,0,1,0,62,1,1,0,0,76,5,4,4,5,4,37.9,41.4,34.1,58.3
6585,0,2,3,1,0,0,63.3,1,0,0,1,0,0,1,0,0,66.7,4,4,2,2,1,1,0,0,52,1,0,1,0,0,0,1,0,0,0,30,2,2,4,5,2,51.8,35.5,54.0,51.4
6586,1,0,3,0,0,2,65.0,4,0,1,1,0,0,0,0,0,66.7,4,3,1,4,0,1,1,0,56,0,1,0,0,0,42,0,1,0,0,46,5,3,4,2,1,59.7,47.1,46.9,47.8
6587,1,0,3,0,0,2,65.0,3,0,0,1,1,0,0,1,0,100.0,5,2,2,4,1,1,0,0,52,1,1,0,0,0,14,1,1,0,0,76,1,3,5,2,2,72.4,49.5,67.4,37.0
6588,0,1,3,2,0,0,63.3,3,0,0,1,0,0,0,0,0,33.3,1,1,3,4,0,0,1,1,10,0,1,1,0,0,70,1,1,0,0,76,5,3,5,1,4,55.3,46.1,50.1,36.8
6589,0,3,2,0,1,0,48.3,4,0,1,0,0,0,0,0,0,33.3,1,1,4,2,1,0,0,0,30,0,0,0,0,1,0,1,1,0,0,76,1,4,1,2,1,92.1,62.1,94.6,8.0
6590,2,3,0,1,0,0,60.0,1,0,1,0,1,0,0,1,0,100.0,4,2,4,3,0,1,0,1,0,1,0,0,0,1,0,1,0,0,0,30,2,2,2,2,1,59.2,21.3,78.7,28.0
6591,0,2,1,0,0,3,65.0,5,0,1,0,0,0,0,0,1,66.7,5,2,1,3,0,1,0,1,0,0,1,1,0,0,70,0,1,1,0,18,5,3,2,5,2,9.9,13.4,4.6,69.4
6592,2,0,3,0,0,1,65.0,4,0,0,0,0,1,0,0,1,66.7,5,3,1,4,1,1,0,0,52,0,1,1,0,0,70,1,0,0,0,30,1,2,5,5,3,25.4,29.3,18.6,66.4
6593,0,3,2,1,0,0,63.3,4,1,0,0,0,0,1,0,1,100.0,5,4,3,4,0,1,0,0,22,0,1,0,0,0,42,0,0,1,0,0,5,4,5,5,2,14.8,0.0,21.7,82.7
6594,0,2,0,0,3,1,61.7,4,1,0,0,0,0,0,0,0,33.3,2,3,1,4,0,0,1,0,34,0,1,0,0,0,42,1,0,1,0,2,2,3,2,4,3,32.8,14.6,37.9,50.6
6595,1,0,2,0,0,3,65.0,1,0,0,0,0,0,1,0,0,33.3,1,3,3,2,1,0,0,0,30,1,0,0,1,0,0,1,0,0,0,30,3,3,2,2,1,72.2,32.9,72.2,23.5
6596,1,3,2,0,0,0,40.0,1,0,1,0,0,1,0,0,1,100.0,1,2,3,3,1,0,0,0,30,1,0,0,0,0,0,0,0,0,1,0,5,2,4,2,4,43.3,14.7,50.7,51.7
6597,0,2,0,0,1,3,61.7,3,1,0,1,0,0,0,0,0,66.7,2,2,3,1,0,1,0,0,22,0,1,0,0,0,42,0,1,0,0,46,3,1,2,5,2,54.1,51.7,47.1,55.1
6598,1,3,2,0,0,0,40.0,3,0,0,0,1,0,0,0,0,33.3,2,1,4,3,1,0,1,0,64,0,1,0,0,0,42,1,0,1,0,2,3,3,1,4,1,56.5,28.7,70.6,31.2
6599,0,0,2,0,1,3,61.7,5,1,0,0,0,0,1,1,0,100.0,5,3,2,3,1,1,0,0,52,1,0,0,1,0,0,0,0,1,0,0,1,3,4,2,2,47.2,17.9,57.6,42.4
6600,0,2,3,0,0,1,65.0,3,1,0,0,1,0,0,0,1,100.0,1,1,1,4,0,0,0,1,0,0,0,1,0,1,0,1,0,0,1,2,1,1,4,2,4,46.3,7.9,50.9,37.0
6601,0,2,3,0,1,0,48.3,2,0,0,1,1,0,0,0,0,66.7,2,2,1,4,0,1,0,1,0,1,1,0,0,0,14,0,0,0,1,0,3,3,1,2,3,33.7,0.0,42.1,39.5
6602,3,0,1,0,2,0,55.0,5,0,0,0,0,1,0,0,0,33.3,5,4,3,3,0,0,1,0,34,1,0,1,0,0,0,1,0,0,0,30,2,3,4,4,3,43.4,23.7,56.2,43.1
6603,3,1,2,0,0,0,40.0,1,0,1,1,0,0,1,0,0,100.0,2,2,3,4,1,1,0,0,52,1,0,0,0,0,0,1,0,0,0,30,2,4,1,1,1,77.7,34.5,77.4,26.9
6604,0,2,3,0,1,0,48.3,4,0,1,1,0,1,0,0,0,100.0,5,2,4,2,1,0,0,0,30,1,1,0,0,0,14,0,0,0,1,0,3,2,2,1,2,46.3,14.7,61.9,32.8
6605,0,2,0,1,0,3,70.0,2,0,0,0,0,0,0,1,0,33.3,2,3,2,4,0,0,1,1,10,0,1,0,0,0,42,0,1,1,0,18,5,4,5,4,2,30.5,16.6,37.2,56.7
6606,1,2,3,0,0,0,40.0,3,1,0,0,0,0,1,0,0,66.7,2,2,1,2,0,1,0,0,22,1,0,0,1,0,0,0,0,1,1,0,3,3,2,2,2,56.0,11.0,56.0,27.6
6607,0,0,1,0,3,2,61.7,4,1,0,0,0,0,0,0,0,33.3,5,3,1,3,0,1,0,0,22,0,1,1,0,0,70,1,0,1,0,2,1,3,4,4,2,13.8,4.3,16.4,56.0
6608,3,2,0,0,0,1,63.3,3,0,1,0,0,0,0,0,0,33.3,2,3,4,4,0,1,0,0,22,1,0,1,0,0,0,1,1,0,0,76,3,3,5,1,3,78.4,41.9,82.2,25.0
6609,0,0,2,3,1,0,55.0,2,0,0,1,0,0,0,0,0,33.3,4,3,1,4,0,0,1,1,10,1,1,0,0,0,14,0,0,1,0,0,1,2,2,4,2,31.0,7.0,48.8,35.4
6610,3,2,0,1,0,0,60.0,3,0,1,0,1,0,0,1,0,100.0,2,2,3,1,1,0,1,0,64,0,0,0,0,1,0,1,0,0,1,2,3,1,5,2,1,77.1,41.6,71.6,33.5
6611,0,3,0,1,0,2,70.0,5,0,0,0,0,1,0,1,0,66.7,5,4,1,4,0,0,1,1,10,0,1,0,0,0,42,0,1,1,0,18,5,3,4,5,4,10.3,6.5,13.3,83.0
6612,3,0,2,1,0,0,63.3,5,0,0,0,0,0,1,0,0,33.3,4,4,4,2,1,0,0,1,6,1,0,1,0,0,0,1,1,0,0,76,1,3,2,2,4,63.6,40.2,66.4,36.1
6613,3,0,1,2,0,0,63.3,2,0,0,0,1,0,1,0,0,66.7,2,3,3,3,1,1,0,0,52,1,0,0,0,0,0,0,1,0,1,18,3,1,5,2,1,72.3,41.1,84.4,33.1
6614,1,3,0,2,0,0,60.0,3,0,1,0,1,0,1,0,0,100.0,2,3,1,1,0,1,0,0,22,0,1,0,0,0,42,0,0,1,0,0,1,4,2,5,2,29.1,8.6,21.9,63.5
6615,0,3,1,2,0,0,63.3,3,0,1,0,0,1,0,0,0,66.7,4,4,3,4,0,1,0,0,22,0,0,0,0,1,0,1,0,0,0,30,3,2,5,1,3,56.1,28.3,66.1,41.9
6616,3,2,1,0,0,0,40.0,2,0,0,0,1,0,0,0,0,33.3,1,1,1,3,1,1,0,0,52,1,0,0,0,0,0,0,1,0,0,46,3,3,2,2,3,79.1,41.9,73.5,17.6
6617,1,3,2,0,0,0,40.0,2,0,0,0,0,0,1,0,0,33.3,2,2,4,1,1,0,0,0,30,1,0,0,0,1,0,0,0,1,1,0,3,1,2,2,4,48.9,17.0,63.8,30.8
6618,3,1,0,0,2,0,43.3,3,0,1,1,0,0,0,1,0,100.0,2,2,3,3,0,1,0,0,22,0,0,1,0,1,0,1,1,0,0,76,2,2,2,2,1,83.3,55.8,81.8,31.5
6619,0,0,3,1,0,2,61.7,5,0,0,1,0,0,0,1,0,66.7,2,4,1,1,0,1,0,0,22,0,1,1,0,0,70,0,0,1,1,0,5,3,2,4,1,26.8,20.2,15.2,75.0
6620,0,0,2,3,0,1,61.7,5,0,0,0,0,0,1,0,0,33.3,1,3,2,2,1,0,0,0,30,1,0,0,0,0,0,1,0,1,0,2,1,4,4,4,3,47.0,14.2,47.2,33.2
6621,2,3,1,0,0,0,40.0,2,1,0,0,0,0,1,1,0,100.0,4,3,1,3,0,1,0,0,22,0,1,0,0,0,42,1,1,0,0,76,2,3,5,1,3,56.2,38.6,44.8,49.6
6622,0,2,0,0,3,1,61.7,3,0,0,1,0,0,0,0,0,33.3,2,4,3,3,0,1,0,0,22,1,0,0,0,0,0,0,0,0,1,0,2,3,1,4,1,49.5,19.7,64.2,39.8
6623,2,0,0,3,1,0,63.3,3,1,0,1,0,0,0,0,0,66.7,2,3,2,2,0,1,0,0,22,1,0,0,0,0,0,1,0,0,0,30,3,2,4,2,2,65.1,35.0,56.3,37.0
6624,0,1,3,0,2,0,48.3,3,0,1,0,1,0,0,0,0,66.7,2,2,1,3,1,1,0,0,52,1,0,1,0,0,0,0,1,0,0,46,1,2,4,1,2,84.4,53.3,74.6,24.3
6625,3,1,0,0,0,2,63.3,4,0,1,1,0,0,1,0,0,100.0,5,4,3,4,1,0,0,0,30,1,0,0,1,0,0,0,0,1,0,0,5,4,1,5,2,26.3,10.8,43.7,66.1
6626,1,2,0,3,0,0,60.0,1,0,0,0,1,0,0,0,0,33.3,1,2,3,4,0,1,0,0,22,1,0,1,0,0,0,1,1,0,0,76,1,1,4,2,1,92.1,62.8,100.0,14.0
6627,0,3,1,0,2,0,48.3,4,1,0,0,0,1,1,0,0,100.0,4,4,3,3,0,1,0,0,22,0,0,1,0,0,28,1,1,0,0,76,2,1,2,2,3,60.0,50.7,61.2,54.8
6628,2,0,1,0,3,0,55.0,5,0,1,1,1,0,0,0,0,100.0,2,4,3,3,0,0,1,0,34,0,1,0,0,1,0,1,0,0,0,30,3,1,5,4,2,56.6,48.1,64.7,55.4
6629,3,2,1,0,0,0,40.0,2,0,1,0,0,0,0,0,0,33.3,4,3,4,4,1,0,1,0,64,0,0,0,0,1,0,1,1,0,0,76,3,1,5,2,1,95.3,70.4,100.0,14.1
6630,0,1,2,0,0,3,65.0,2,0,0,1,0,0,1,0,1,100.0,4,2,4,4,0,1,1,0,56,1,1,0,0,0,14,1,0,0,0,30,2,3,2,4,1,59.2,34.0,68.8,43.7
6631,0,3,0,1,2,0,53.3,2,0,0,1,1,0,1,0,0,100.0,1,2,3,3,0,1,0,0,22,0,1,0,0,0,42,1,0,0,0,30,2,3,5,1,2,53.0,32.8,52.5,42.0
6632,2,1,0,3,0,0,60.0,1,0,0,1,0,0,1,0,0,66.7,4,3,2,4,0,0,1,0,34,1,0,0,0,0,0,0,1,0,0,46,3,2,4,5,1,58.3,37.1,62.7,45.0
6633,1,0,0,0,3,2,71.7,5,0,0,1,0,0,1,1,0,100.0,4,2,4,4,0,1,0,0,22,0,0,1,0,0,28,0,0,1,0,0,3,4,5,5,2,24.1,2.8,42.1,63.0
6634,2,1,0,0,0,3,63.3,3,1,0,0,0,0,1,1,0,100.0,1,2,1,2,0,1,0,1,0,1,0,0,0,0,0,1,0,0,1,2,3,2,2,1,2,60.1,14.5,56.1,41.3
6635,0,2,3,1,0,0,63.3,3,0,0,0,0,0,1,1,0,66.7,2,4,4,4,0,1,0,0,22,0,1,0,0,1,0,1,1,0,0,76,2,4,5,4,1,72.3,48.7,79.5,44.8
6636,2,1,3,0,0,0,40.0,2,0,0,0,0,0,1,0,0,33.3,4,3,3,4,1,1,0,0,52,1,1,0,0,0,14,1,1,0,0,76,1,4,5,2,2,73.4,45.6,75.3,19.6
6637,0,2,0,3,0,1,70.0,3,0,0,1,1,1,0,0,0,100.0,4,3,3,4,0,1,1,0,56,1,0,0,0,0,0,0,0,1,0,0,2,4,4,5,4,30.6,6.4,42.9,63.0
6638,2,3,1,0,0,0,40.0,4,0,1,0,1,1,0,0,0,100.0,5,2,1,2,0,0,1,1,10,0,0,1,0,0,28,0,0,1,0,0,1,4,2,5,2,16.0,0.0,28.0,53.3
6639,3,2,1,0,0,0,40.0,1,0,0,0,1,0,1,0,0,66.7,5,3,1,3,0,1,0,0,22,0,1,0,0,0,42,1,0,0,1,2,1,4,4,4,2,18.3,0.1,20.1,53.2
6640,3,0,1,0,2,0,55.0,3,1,1,1,0,0,0,0,0,100.0,2,2,1,3,0,1,0,0,22,1,1,0,0,0,14,1,1,0,0,76,5,1,2,5,1,75.6,64.9,69.5,43.0
6641,3,2,1,0,0,0,40.0,4,0,0,1,1,0,1,0,0,100.0,2,1,1,4,0,1,1,0,56,0,0,0,0,1,0,1,0,0,0,30,2,1,1,5,2,68.9,49.3,77.2,36.2
6642,3,2,1,0,0,0,40.0,4,0,0,0,1,1,0,0,0,66.7,5,3,3,1,0,1,0,1,0,1,0,1,0,0,0,0,0,0,1,0,1,4,1,1,2,35.4,0.0,45.8,30.1
6643,0,1,3,2,0,0,63.3,5,1,0,0,0,0,0,0,0,33.3,5,3,3,4,0,0,0,1,0,0,1,1,0,0,70,1,0,0,0,30,2,4,4,5,3,10.0,10.4,12.6,64.0
6644,3,0,1,2,0,0,63.3,3,0,1,0,1,1,0,0,0,100.0,1,1,3,3,0,1,0,1,0,1,0,0,1,0,0,1,0,0,1,2,3,1,1,2,1,63.6,24.4,81.5,32.8
6645,3,0,2,1,0,0,63.3,1,1,0,1,0,0,0,0,0,66.7,2,3,3,2,0,0,1,0,34,1,1,0,0,0,14,1,1,0,0,76,2,4,5,5,4,52.4,38.9,47.7,55.2
6646,2,3,1,0,0,0,40.0,3,0,1,0,0,1,0,0,0,66.7,1,2,2,4,1,1,0,0,52,0,0,1,0,0,28,1,1,0,0,76,1,2,5,1,1,95.7,75.7,90.4,20.0
6647,0,1,0,2,0,3,70.0,4,0,0,1,0,0,1,0,1,100.0,4,4,2,3,0,1,0,0,22,0,1,0,0,0,42,0,0,0,1,0,3,1,5,2,2,30.5,16.1,33.1,64.9
6648,1,0,2,0,0,3,65.0,2,0,0,0,0,0,0,1,0,33.3,5,3,4,3,0,1,0,1,0,0,0,0,0,1,0,0,1,0,0,46,5,4,5,5,4,31.5,8.6,48.2,48.1
6649,2,3,0,0,1,0,43.3,4,0,1,0,1,0,0,0,1,100.0,4,3,2,3,1,1,0,0,52,1,0,0,0,1,0,0,1,0,1,18,2,1,1,1,1,69.0,32.9,71.3,33.4
6650,2,3,1,0,0,0,40.0,2,0,0,0,0,1,0,0,0,33.3,2,4,2,3,1,0,1,0,64,0,1,0,0,0,42,1,1,0,0,76,1,2,5,2,4,65.7,64.8,52.7,47.4
6651,1,2,0,0,3,0,43.3,2,1,0,1,0,0,0,0,0,66.7,5,1,1,3,0,0,0,1,0,0,1,1,0,0,70,1,0,1,0,2,1,2,4,4,3,7.9,0.0,15.6,52.6
6652,0,0,2,3,0,1,61.7,2,1,0,1,0,0,1,0,0,100.0,5,2,1,3,0,1,0,1,0,0,1,0,0,0,42,0,0,1,0,0,5,2,4,4,4,7.9,0.0,14.5,70.7
6653,0,1,3,2,0,0,63.3,4,0,0,0,0,1,0,0,0,33.3,2,3,3,4,0,1,1,0,56,0,0,1,0,0,28,0,1,1,0,18,3,3,1,5,2,52.7,30.3,56.7,47.4
6654,3,2,0,1,0,0,60.0,3,0,1,0,0,1,0,0,0,66.7,5,3,4,3,1,0,0,0,30,0,1,0,0,0,42,1,0,0,0,30,2,4,4,4,2,32.3,20.9,43.4,56.5
6655,1,0,0,0,3,2,71.7,2,0,0,1,0,0,1,0,0,66.7,5,4,1,3,0,1,0,0,22,0,1,1,0,0,70,1,0,1,0,2,5,4,5,5,4,0.0,0.0,0.0,87.9
6656,2,1,3,0,0,0,40.0,1,1,1,0,0,0,0,0,0,66.7,2,1,3,4,1,1,0,0,52,0,1,0,0,1,0,0,1,0,1,18,2,2,1,1,4,61.4,21.8,71.1,19.7
6657,2,0,1,0,3,0,55.0,3,0,1,0,0,1,1,0,0,100.0,5,3,4,4,1,0,1,0,64,0,0,1,1,0,48,0,1,0,0,46,1,4,5,4,3,39.3,30.7,38.3,65.7
6658,1,0,3,0,0,2,65.0,2,0,1,0,0,0,0,0,0,33.3,4,2,3,3,0,1,0,1,0,0,0,0,1,0,20,0,1,0,0,46,5,3,4,1,3,47.1,19.3,52.9,32.4
6659,3,0,1,2,0,0,63.3,2,1,0,0,0,1,1,0,0,100.0,5,2,2,3,0,1,0,0,22,0,0,1,0,0,28,0,1,0,0,46,3,3,5,2,1,56.9,30.7,55.5,41.9
6660,3,2,1,0,0,0,40.0,1,0,0,0,1,0,0,0,0,33.3,2,2,4,4,0,1,0,0,22,0,0,1,0,0,28,0,1,1,0,18,2,2,4,5,3,43.4,22.9,61.0,39.5
6661,0,2,3,1,0,0,63.3,2,0,0,1,0,0,0,0,0,33.3,5,4,3,1,0,1,0,0,22,1,0,1,0,0,0,0,0,0,1,0,1,4,2,5,1,37.2,4.1,45.7,39.7
6662,0,2,0,0,1,3,61.7,1,0,0,1,0,1,0,1,0,100.0,5,4,1,4,1,0,0,1,6,1,1,0,0,0,14,0,0,1,0,0,1,4,2,5,2,18.0,0.0,31.1,65.5
6663,0,2,1,0,0,3,65.0,3,0,0,0,0,0,1,0,0,33.3,1,4,3,3,0,1,0,0,22,1,0,1,0,0,0,0,0,0,1,0,2,1,1,4,1,58.9,32.2,69.8,42.0
6664,1,2,0,3,0,0,60.0,1,0,0,0,1,0,0,0,0,33.3,4,2,4,2,0,1,1,0,56,0,0,1,0,0,28,0,0,1,1,0,5,2,5,4,1,51.5,24.5,61.7,34.7
6665,1,3,2,0,0,0,40.0,3,1,0,0,1,0,0,0,1,100.0,4,3,4,4,0,1,0,0,22,1,0,0,0,0,0,0,1,0,1,18,2,3,4,1,3,47.3,16.1,67.1,42.3
6666,0,1,2,3,0,0,63.3,3,0,0,0,0,1,1,0,0,66.7,2,4,4,1,0,1,0,0,22,1,0,0,0,0,0,1,0,1,0,2,5,1,5,5,2,46.2,23.0,55.9,59.4
6667,1,0,0,2,3,0,63.3,4,1,1,0,1,0,0,0,0,100.0,1,1,3,3,1,0,1,0,64,1,0,1,0,0,0,1,0,1,0,2,3,3,5,5,2,50.9,28.2,58.2,45.2
6668,2,3,1,0,0,0,40.0,3,1,1,0,0,0,0,0,0,66.7,1,2,2,4,1,0,0,0,30,0,1,1,0,0,70,1,1,0,0,76,2,2,2,2,4,55.7,55.4,47.8,45.1
6669,3,2,1,0,0,0,40.0,1,0,1,0,1,0,0,0,0,66.7,1,3,1,1,0,0,1,0,34,0,0,1,0,1,0,1,1,0,0,76,3,3,1,1,1,92.5,59.6,73.4,23.7
6670,0,1,2,0,0,3,65.0,2,1,0,1,0,0,0,0,0,66.7,2,3,1,3,0,1,0,0,22,1,0,1,0,0,0,0,0,0,1,0,1,2,4,5,2,45.7,23.1,52.3,44.0
6671,1,3,2,0,0,0,40.0,3,0,0,0,1,0,1,0,1,100.0,4,1,3,4,1,0,1,0,64,0,1,0,1,0,62,1,1,0,0,76,1,1,4,2,2,73.0,63.4,65.6,35.8
6672,3,2,0,1,0,0,60.0,3,0,0,0,0,1,1,0,0,66.7,4,2,3,2,0,1,0,1,0,1,0,0,0,0,0,0,1,0,0,46,5,3,2,4,1,56.5,27.0,64.8,34.6
6673,2,0,1,3,0,0,63.3,3,0,0,0,0,0,0,1,0,33.3,5,4,3,3,1,0,0,0,30,1,0,0,0,0,0,0,0,0,1,0,3,1,2,5,3,31.3,12.3,48.7,52.7
6674,3,1,0,0,2,0,43.3,3,0,1,0,0,0,0,0,0,33.3,4,1,4,1,0,0,1,1,10,1,0,0,0,0,0,0,0,1,1,0,3,2,5,2,1,55.9,10.4,72.7,11.4
6675,1,0,3,0,2,0,55.0,2,0,0,1,1,0,0,0,0,66.7,4,2,4,3,0,0,1,0,34,1,0,1,0,0,0,1,1,0,0,76,5,3,1,2,1,84.1,53.3,87.0,20.4
6676,3,0,1,0,2,0,55.0,2,0,0,0,0,0,1,0,0,33.3,2,3,2,1,1,0,0,0,30,0,1,1,0,0,70,0,0,0,1,0,3,4,4,2,1,35.0,13.4,23.7,48.2
6677,0,3,0,2,1,0,53.3,3,0,0,1,1,0,1,0,0,100.0,2,1,4,1,1,1,0,0,52,1,0,0,0,1,0,0,1,0,1,18,3,2,5,5,3,53.7,31.1,62.7,45.6
6678,0,0,3,0,1,2,61.7,3,0,0,1,1,1,0,0,0,100.0,5,2,1,4,1,1,0,0,52,0,1,0,0,0,42,0,1,1,0,18,2,2,4,2,3,35.2,22.9,34.6,57.1
6679,1,2,0,0,3,0,43.3,4,0,0,0,0,0,0,1,0,33.3,1,2,2,3,0,1,1,0,56,0,1,0,0,0,42,0,1,0,1,18,3,1,1,1,2,68.1,46.1,62.3,34.7
6680,2,0,1,0,3,0,55.0,4,1,0,0,0,0,1,0,1,100.0,4,4,4,4,0,1,0,0,22,0,1,0,0,0,42,1,1,0,0,76,5,4,5,4,2,50.0,44.2,52.0,66.2
6681,2,1,0,0,0,3,63.3,3,0,0,0,1,0,0,0,0,33.3,5,1,3,4,1,1,0,0,52,1,0,0,0,0,0,0,1,1,0,18,3,3,4,1,1,63.3,19.6,77.7,10.2
6682,0,3,0,2,0,1,70.0,4,1,0,0,0,0,1,0,0,66.7,5,4,1,4,0,1,0,0,22,0,0,1,0,0,28,0,0,1,0,0,1,4,2,4,2,24.4,0.0,34.9,56.8
6683,0,3,1,0,2,0,48.3,1,0,0,0,0,1,0,1,0,66.7,2,2,4,4,0,0,0,1,0,0,1,0,0,0,42,0,0,1,1,0,1,4,2,2,2,32.1,1.8,51.0,40.8
6684,0,1,3,0,0,2,65.0,4,1,0,1,0,0,1,0,0,100.0,1,4,1,3,0,1,0,0,22,0,1,0,0,0,42,1,0,0,0,30,3,3,4,1,2,55.8,36.2,43.6,59.1
6685,2,0,0,0,3,1,71.7,4,1,1,0,0,0,0,0,0,66.7,5,3,1,4,0,1,0,0,22,0,1,0,0,0,42,1,0,0,1,2,1,3,4,5,3,16.5,2.7,27.1,66.3
6686,1,0,3,2,0,0,63.3,2,1,1,0,0,0,0,0,0,66.7,2,2,4,3,0,1,0,1,0,0,1,0,0,0,42,0,0,0,1,0,1,1,1,1,1,46.8,20.7,63.3,36.1
6687,0,2,3,1,0,0,63.3,3,0,0,0,1,0,1,0,1,100.0,2,2,4,3,0,1,0,1,0,1,0,0,0,0,0,1,1,0,0,76,1,1,4,1,1,90.5,58.9,92.4,27.6
6688,3,2,0,1,0,0,60.0,4,0,0,0,1,0,1,0,0,66.7,5,2,1,3,0,1,0,0,22,0,1,0,0,0,42,1,0,0,0,30,2,4,5,5,4,16.5,9.2,14.5,59.2
6689,2,3,1,0,0,0,40.0,1,0,1,1,0,0,1,0,0,100.0,1,3,1,4,0,1,0,0,22,1,0,0,0,1,0,0,1,0,0,46,2,1,1,2,1,80.6,55.1,77.3,37.5
6690,0,0,2,0,1,3,61.7,4,1,0,0,1,0,0,0,0,66.7,5,2,3,3,0,1,1,0,56,0,1,0,0,0,42,1,0,0,0,30,5,4,1,2,3,42.2,18.5,36.6,47.3
6691,1,3,0,0,0,2,63.3,4,1,0,0,1,0,1,0,0,100.0,2,3,4,4,1,0,0,0,30,0,0,1,0,0,28,1,0,1,0,2,1,2,5,2,4,35.9,19.8,49.5,57.2
6692,3,2,0,0,0,1,63.3,3,0,1,0,1,0,1,0,0,100.0,2,2,2,1,0,1,0,0,22,0,1,1,0,0,70,1,1,0,0,76,2,4,5,4,2,50.4,45.2,26.6,59.5
6693,1,2,0,0,0,3,63.3,5,0,1,0,0,1,0,0,1,100.0,4,4,3,3,0,0,0,1,0,1,0,0,0,0,0,1,0,0,0,30,5,1,1,5,2,40.6,29.0,56.7,61.0
6694,3,1,0,2,0,0,60.0,4,0,0,1,0,0,0,0,0,33.3,5,4,1,4,0,0,0,1,0,0,1,0,0,0,42,0,0,0,1,0,5,4,4,4,3,7.3,0.0,11.7,64.1
6695,3,2,0,0,1,0,43.3,3,0,0,1,0,0,0,0,0,33.3,4,1,4,4,1,1,0,0,52,0,0,1,0,1,0,1,0,0,0,30,3,3,5,1,1,79.5,34.4,93.4,4.7
6696,0,0,3,2,0,1,61.7,3,1,0,1,0,0,0,0,0,66.7,5,4,3,4,0,0,0,1,0,0,1,0,1,0,62,1,0,1,0,2,5,3,5,5,2,5.5,0.0,20.3,81.3
6697,3,0,0,2,0,1,73.3,2,0,1,0,0,1,0,1,0,100.0,1,2,4,4,1,0,1,0,64,1,0,0,0,1,0,1,0,1,0,2,2,3,4,1,2,66.8,29.6,76.7,33.2
6698,2,1,0,0,0,3,63.3,1,0,0,0,1,0,1,0,1,100.0,2,4,3,2,1,0,1,0,64,0,0,1,0,0,28,1,1,0,0,76,1,3,5,2,3,73.6,59.5,53.4,53.5
6699,1,0,0,0,2,3,71.7,4,0,0,1,0,0,0,0,0,33.3,4,4,1,4,0,1,0,1,0,0,1,1,0,0,70,0,0,1,1,0,3,2,4,2,2,17.2,9.1,19.1,59.0
6700,3,0,0,2,1,0,63.3,3,0,0,0,0,1,0,0,0,33.3,4,3,4,4,0,1,0,0,22,0,1,0,0,1,0,1,1,0,0,76,2,3,2,1,2,78.2,50.8,87.6,20.8
6701,2,0,0,0,1,3,71.7,2,0,1,0,0,0,0,0,1,66.7,2,4,3,4,1,1,0,0,52,1,0,0,0,0,0,1,1,0,0,76,3,2,5,4,1,88.6,72.8,83.4,43.8
6702,2,0,1,0,0,3,65.0,4,0,0,0,0,1,0,0,0,33.3,5,4,3,3,0,0,0,1,0,1,1,0,0,0,14,0,0,1,0,0,1,3,5,4,2,24.1,1.4,44.3,46.4
6703,3,2,1,0,0,0,40.0,1,1,0,0,0,0,0,1,0,66.7,5,1,1,4,0,1,0,1,0,0,1,1,0,0,70,1,0,0,1,2,5,3,5,5,3,3.4,0.0,13.0,63.3
6704,2,1,3,0,0,0,40.0,2,0,0,1,1,0,0,0,0,66.7,5,4,3,3,0,1,0,1,0,0,0,1,0,1,0,0,0,0,1,0,1,2,1,5,2,28.6,0.0,50.6,50.0
6705,1,2,0,3,0,0,60.0,5,1,0,1,0,0,0,0,1,100.0,2,3,4,4,0,1,1,0,56,0,0,1,0,0,28,1,1,0,0,76,3,3,5,4,1,67.9,65.8,71.7,56.0
6706,0,1,0,2,0,3,70.0,5,1,1,0,0,1,0,0,0,100.0,4,4,3,3,0,1,0,0,22,0,1,1,0,0,70,0,0,1,0,0,5,3,4,4,3,3.7,7.9,6.6,89.9
6707,0,0,3,2,1,0,55.0,1,0,0,0,0,1,0,0,0,33.3,4,1,3,2,0,1,0,0,22,1,0,0,0,0,0,1,0,0,0,30,2,2,1,2,2,64.7,24.3,75.3,13.5
6708,3,0,2,0,0,1,65.0,2,0,1,0,0,0,0,0,0,33.3,2,3,4,4,0,1,1,0,56,1,0,0,0,0,0,1,0,0,1,2,5,1,5,1,1,74.6,39.0,84.8,25.8
6709,2,0,0,0,3,1,71.7,3,0,0,0,0,0,1,0,0,33.3,2,1,3,1,1,1,0,0,52,0,0,0,0,1,0,1,1,0,0,76,3,3,1,2,1,99.3,60.6,90.4,6.3
6710,3,2,1,0,0,0,40.0,4,0,1,0,0,0,1,0,0,66.7,4,3,4,4,1,0,0,0,30,0,0,0,0,1,0,1,1,0,0,76,1,3,1,4,2,72.0,47.3,82.8,35.0
6711,2,3,0,1,0,0,60.0,3,0,1,0,0,0,0,0,0,33.3,2,3,4,3,0,0,0,1,0,1,0,0,0,0,0,1,0,0,0,30,2,2,2,1,3,62.5,21.5,71.2,22.6
6712,3,0,2,1,0,0,63.3,5,0,0,0,0,0,0,1,0,33.3,5,3,4,2,0,1,0,0,22,0,1,1,0,0,70,1,1,0,0,76,1,4,4,4,3,36.0,33.8,29.9,48.7
6713,2,3,0,0,1,0,43.3,2,0,1,0,0,0,0,1,0,66.7,2,2,1,1,0,1,0,1,0,1,1,0,0,0,14,1,0,1,0,2,2,1,1,4,4,29.6,5.1,31.6,47.3
6714,0,2,0,1,0,3,70.0,1,0,0,0,0,0,0,0,1,33.3,2,2,1,4,0,1,0,0,22,0,1,0,0,1,0,0,0,1,1,0,5,2,1,2,2,52.8,15.3,60.7,24.0
6715,0,3,1,0,2,0,48.3,3,0,1,1,0,0,0,0,1,100.0,4,3,4,1,1,1,0,0,52,0,0,1,0,0,28,1,1,0,0,76,2,4,4,2,3,62.7,46.7,47.3,49.9
6716,2,3,0,1,0,0,60.0,3,0,0,0,0,0,1,0,0,33.3,2,4,4,3,1,0,1,0,64,0,0,0,0,1,0,0,1,0,0,46,2,1,5,4,3,73.6,51.6,78.0,34.7
6717,0,0,1,0,2,3,61.7,4,1,0,0,0,0,0,0,0,33.3,2,2,1,2,1,0,1,0,64,0,1,0,0,0,42,0,0,1,0,0,5,3,2,5,3,34.3,24.2,24.0,53.7
6718,1,3,0,0,0,2,63.3,2,1,0,0,0,0,1,0,0,66.7,4,2,2,3,1,0,0,0,30,0,0,1,0,0,28,1,1,0,0,76,3,1,5,4,2,63.7,53.7,65.9,44.2
6719,1,0,0,3,2,0,63.3,2,0,0,1,0,1,0,0,0,66.7,2,3,2,3,1,1,0,0,52,1,0,0,0,0,0,1,1,0,0,76,3,3,4,2,1,93.4,67.1,81.3,26.9
6720,2,3,1,0,0,0,40.0,1,0,0,0,0,0,1,0,0,33.3,4,2,1,3,0,1,0,1,0,1,0,1,0,0,0,0,1,1,0,18,3,4,4,4,2,40.4,2.5,46.6,29.8
6721,0,2,1,0,0,3,65.0,2,0,1,1,0,0,0,0,0,66.7,2,2,2,3,0,1,1,0,56,1,0,1,0,0,0,0,0,1,0,0,5,3,1,2,2,63.6,23.5,63.0,36.0
6722,1,3,0,0,2,0,43.3,3,0,0,0,0,1,0,0,0,33.3,2,2,1,3,0,0,1,0,34,0,0,0,0,1,0,1,1,0,0,76,3,1,2,2,1,98.4,70.1,93.5,11.1
6723,0,1,2,0,0,3,65.0,5,0,0,0,0,0,0,0,1,33.3,2,4,1,4,1,0,0,0,30,0,1,0,0,1,0,1,0,1,0,2,1,4,5,5,3,37.9,8.7,45.5,50.2
6724,0,0,2,1,0,3,61.7,5,0,0,0,1,0,0,1,1,100.0,5,4,3,1,0,1,0,0,22,0,0,0,0,1,0,0,1,1,0,18,1,3,2,4,4,25.6,9.5,33.6,63.6
6725,0,1,0,2,0,3,70.0,5,0,0,1,0,1,0,0,0,66.7,4,2,1,4,0,1,0,0,22,0,1,0,0,0,42,1,0,1,0,2,5,4,2,5,2,18.8,4.8,26.9,61.6
6726,3,1,0,0,2,0,43.3,4,0,1,0,0,0,0,0,0,33.3,2,3,3,4,1,1,0,0,52,1,0,0,0,1,0,1,1,0,0,76,3,1,5,1,3,94.3,68.4,92.0,21.2
6727,3,0,2,1,0,0,63.3,3,0,0,0,1,0,1,0,0,66.7,4,1,2,1,0,1,0,0,22,0,0,0,1,0,20,1,1,0,0,76,2,2,4,5,2,65.7,50.7,57.4,35.0
6728,0,0,2,0,1,3,61.7,4,0,0,0,1,0,0,0,0,33.3,5,2,1,4,1,1,0,0,52,0,1,0,0,0,42,0,0,1,0,0,5,4,1,4,4,13.8,0.0,19.6,56.4
6729,2,0,0,0,1,3,71.7,4,0,0,0,0,1,0,1,0,66.7,4,2,4,3,0,1,0,0,22,0,1,0,0,0,42,0,0,1,0,0,3,2,5,4,3,26.3,7.0,42.7,49.8
6730,1,2,0,0,3,0,43.3,3,1,0,1,0,0,0,1,0,100.0,5,4,3,4,1,1,0,0,52,0,0,1,0,1,0,1,1,0,0,76,1,3,1,4,2,63.9,47.4,72.6,48.7
6731,0,3,2,0,0,1,65.0,4,0,1,0,0,0,0,1,0,66.7,5,4,1,3,1,0,0,0,30,0,1,0,0,0,42,1,0,1,0,2,5,3,1,4,2,16.3,9.5,25.3,71.5
6732,3,2,1,0,0,0,40.0,2,0,0,0,1,0,0,1,0,66.7,2,2,2,2,1,0,0,1,6,0,0,0,0,1,0,0,0,1,1,0,5,3,4,4,2,44.5,7.3,53.5,34.9
6733,3,2,0,0,1,0,43.3,2,0,1,0,1,0,1,0,0,100.0,4,4,3,2,0,1,0,0,22,1,0,1,0,0,0,0,1,0,1,18,1,1,1,4,1,52.8,29.0,56.6,51.1
6734,3,2,1,0,0,0,40.0,3,0,0,1,0,0,0,0,0,33.3,1,3,1,4,0,1,1,0,56,1,0,1,0,0,0,1,0,1,0,2,2,1,5,2,1,77.4,41.2,80.9,24.5
6735,0,0,1,3,0,2,61.7,5,0,1,1,0,1,0,0,0,100.0,2,3,2,4,1,1,0,0,52,1,0,1,0,0,0,1,0,0,0,30,2,3,1,2,2,63.9,38.6,65.1,43.3
6736,1,3,2,0,0,0,40.0,5,0,1,0,0,0,1,0,0,66.7,1,3,1,2,1,0,0,0,30,1,0,0,0,0,0,1,0,1,0,2,3,2,5,1,1,73.6,33.7,68.1,29.7
6737,2,0,0,3,0,1,73.3,2,0,0,0,1,0,0,0,1,66.7,1,2,4,4,1,1,0,0,52,1,0,0,0,1,0,1,1,0,0,76,3,4,4,2,1,92.7,62.8,92.8,21.8
6738,0,0,2,0,3,1,61.7,1,0,0,1,0,0,0,1,0,66.7,5,3,4,4,0,0,0,1,0,1,0,0,0,0,0,0,0,1,0,0,3,3,4,5,3,20.9,0.0,50.3,54.4
6739,1,3,0,0,2,0,43.3,3,0,0,0,1,0,1,0,1,100.0,2,1,2,3,0,1,1,0,56,0,0,0,0,1,0,0,1,0,1,18,3,3,5,2,1,75.0,38.1,70.4,29.2
6740,2,3,0,0,1,0,43.3,3,1,0,1,0,0,0,1,0,100.0,2,4,4,2,0,0,0,1,0,1,0,0,0,1,0,0,0,1,1,0,5,2,1,5,1,39.0,7.7,51.0,63.2
6741,2,0,3,0,1,0,55.0,2,0,0,0,0,0,1,0,0,33.3,2,2,3,2,0,1,0,0,22,0,0,0,0,1,0,1,1,0,0,76,3,2,5,2,4,77.1,50.9,70.8,24.0
6742,3,2,0,1,0,0,60.0,2,0,1,0,1,0,0,0,0,66.7,2,4,4,2,1,0,0,0,30,0,0,1,0,0,28,1,1,0,0,76,1,2,5,1,1,79.5,61.7,77.2,40.1
6743,0,0,1,3,0,2,61.7,3,0,0,1,0,0,1,0,1,100.0,2,2,4,1,0,1,0,0,22,1,0,0,0,0,0,1,0,0,1,2,1,3,1,4,2,40.9,13.1,49.5,45.0
6744,3,2,0,1,0,0,60.0,2,0,0,0,1,0,0,0,1,66.7,1,1,1,2,1,1,0,0,52,0,0,1,0,1,0,1,1,0,0,76,3,2,4,1,1,100.0,72.1,88.3,15.5
6745,2,0,1,3,0,0,63.3,4,0,1,0,1,0,1,0,0,100.0,2,2,4,4,1,0,0,0,30,1,0,0,0,0,0,1,0,0,1,2,2,1,5,2,1,65.5,32.6,81.3,35.0
6746,2,3,1,0,0,0,40.0,2,0,0,0,1,0,0,0,1,66.7,5,1,2,1,1,0,0,0,30,1,0,0,0,0,0,1,0,0,0,30,3,2,1,5,3,45.8,20.6,48.4,34.0
6747,0,0,1,2,3,0,55.0,2,0,1,0,0,0,1,0,0,66.7,4,2,2,1,0,0,1,0,34,0,0,1,0,0,28,1,0,1,0,2,1,3,5,2,3,31.9,8.1,30.0,40.0
6748,3,0,1,2,0,0,63.3,1,1,0,0,0,0,0,0,1,66.7,5,2,2,1,0,0,1,0,34,0,1,1,0,0,70,0,1,0,1,18,1,1,4,2,1,45.2,28.3,38.3,45.1
6749,3,0,2,0,1,0,55.0,1,0,0,0,1,0,1,0,1,100.0,2,1,3,4,0,1,0,0,22,1,0,0,0,1,0,1,1,0,0,76,5,3,4,4,4,60.1,42.3,61.7,47.3
6750,3,0,2,1,0,0,63.3,5,1,0,0,1,0,0,0,0,66.7,5,2,3,3,0,1,0,0,22,0,1,0,0,0,42,1,1,0,0,76,3,4,2,4,3,42.0,35.5,45.8,51.4
6751,2,0,3,1,0,0,63.3,3,0,0,0,0,1,1,0,0,66.7,2,3,3,1,1,0,1,0,64,0,1,0,1,0,62,1,1,0,0,76,2,2,2,2,2,74.9,74.5,54.2,54.2
6752,2,1,3,0,0,0,40.0,1,0,1,0,1,0,0,0,0,66.7,1,4,4,3,0,1,0,1,0,1,0,0,0,0,0,1,0,0,0,30,3,2,1,5,2,52.7,23.7,68.7,48.8
6753,1,3,2,0,0,0,40.0,3,1,0,0,0,1,0,0,0,66.7,4,3,4,2,0,1,1,0,56,0,1,0,0,0,42,0,0,1,0,0,3,2,1,5,1,35.7,24.0,41.7,57.4
6754,2,1,0,3,0,0,60.0,3,0,1,0,0,0,1,1,0,100.0,4,4,2,3,1,1,0,0,52,1,1,0,0,0,14,1,0,1,0,2,3,3,4,4,1,44.4,19.1,44.3,57.8
6755,1,2,0,0,3,0,43.3,3,0,0,1,1,0,0,0,1,100.0,2,3,4,4,0,1,0,0,22,0,0,0,0,1,0,1,1,0,0,76,2,2,4,4,1,82.5,63.3,90.9,36.8
6756,0,0,0,3,1,2,55.0,5,0,0,0,0,0,1,0,0,33.3,5,4,4,2,0,0,1,1,10,0,1,0,0,0,42,1,1,0,0,76,2,3,4,4,3,40.6,39.0,43.9,54.2
6757,2,1,0,0,0,3,63.3,1,0,0,1,0,0,0,0,0,33.3,4,4,3,2,1,0,0,1,6,0,1,0,0,0,42,1,0,0,0,30,5,3,2,4,4,22.9,9.7,25.9,68.4
6758,0,1,3,0,0,2,65.0,2,0,0,1,0,0,0,0,0,33.3,4,2,3,1,0,1,0,1,0,0,1,0,0,0,42,1,0,0,0,30,2,3,4,4,1,39.0,21.2,48.0,35.7
6759,0,3,2,0,0,1,65.0,4,1,0,0,1,0,1,0,0,100.0,1,4,1,4,0,0,1,0,34,0,1,0,0,0,42,0,0,1,0,0,1,4,1,1,1,51.2,24.4,43.3,54.6
6760,0,3,1,0,0,2,65.0,5,0,0,1,0,0,0,0,0,33.3,2,4,3,4,0,0,1,1,10,0,1,1,0,0,70,0,0,1,1,0,1,3,2,2,1,33.7,20.1,40.0,54.2
6761,2,1,0,0,3,0,43.3,4,0,1,0,0,1,1,0,0,100.0,2,3,3,1,0,1,0,0,22,1,0,1,0,0,0,0,1,1,0,18,2,2,2,1,1,63.7,31.0,69.4,38.2
6762,3,0,1,0,0,2,65.0,1,0,0,0,0,0,1,0,0,33.3,4,2,1,4,0,1,1,0,56,0,0,1,0,1,0,0,1,0,0,46,3,2,5,4,1,75.5,51.6,77.8,27.1
6763,3,1,0,0,2,0,43.3,3,1,0,0,0,0,0,0,1,66.7,2,1,1,2,1,0,0,1,6,1,0,0,0,0,0,1,1,0,0,76,2,2,1,4,1,85.1,56.3,80.8,19.8
6764,3,0,0,1,2,0,63.3,3,1,0,0,0,0,0,0,0,33.3,2,1,4,3,1,1,0,0,52,0,0,0,1,1,0,1,1,0,0,76,3,4,5,2,1,91.9,62.7,95.9,7.8
6765,0,3,2,1,0,0,63.3,3,0,0,0,1,0,0,0,0,33.3,1,4,4,3,0,1,0,1,0,1,0,0,0,1,0,1,0,0,0,30,5,2,2,1,1,71.3,33.3,77.1,33.4
6766,2,0,0,1,3,0,63.3,4,0,1,0,1,0,0,0,0,66.7,4,4,2,3,0,1,0,0,22,0,0,1,0,0,28,1,0,0,1,2,5,4,5,4,2,18.4,3.0,25.6,68.7
6767,0,0,2,0,1,3,61.7,5,0,0,0,0,1,0,0,0,33.3,5,3,4,3,0,1,1,0,56,0,1,1,0,0,70,0,1,1,0,18,3,4,1,4,1,28.8,27.4,38.3,56.7
6768,0,1,2,3,0,0,63.3,3,1,0,0,0,1,1,0,0,100.0,4,3,3,1,0,1,0,0,22,0,1,0,0,0,42,0,0,1,0,0,2,3,1,1,3,26.0,6.4,28.2,53.4
6769,3,0,1,0,2,0,55.0,5,0,1,0,0,0,0,0,0,33.3,2,3,3,2,0,1,0,0,22,1,0,0,0,0,0,0,1,1,0,18,2,4,4,4,1,63.6,26.7,61.3,31.3
6770,2,0,3,0,0,1,65.0,2,0,1,0,0,0,0,0,0,33.3,1,2,3,1,1,0,0,1,6,1,1,0,0,0,14,1,0,0,0,30,5,3,4,2,3,56.6,23.0,49.9,35.9
6771,0,0,0,1,2,3,55.0,4,0,0,1,1,0,0,0,0,66.7,4,3,4,4,0,1,0,0,22,1,0,1,0,0,0,1,1,0,0,76,1,3,4,2,1,79.4,52.0,86.6,23.0
6772,1,3,2,0,0,0,40.0,4,0,0,1,1,0,0,1,0,100.0,1,3,2,4,0,0,0,1,0,0,1,1,0,0,70,0,0,1,0,0,5,4,4,4,3,9.6,0.7,12.4,75.4
6773,3,1,0,2,0,0,60.0,1,1,0,0,1,0,0,0,0,66.7,5,2,3,4,1,1,0,0,52,1,1,0,0,0,14,1,1,0,0,76,2,2,5,2,1,78.8,56.1,84.4,21.3
6774,0,0,3,2,0,1,61.7,4,0,1,0,0,0,0,0,0,33.3,2,3,1,3,0,0,0,1,0,0,1,0,0,0,42,1,0,0,0,30,5,4,4,5,2,36.3,13.8,31.7,59.2
6775,3,1,2,0,0,0,40.0,5,0,0,0,1,0,1,0,0,66.7,2,3,3,1,1,1,0,0,52,1,0,0,0,0,0,1,0,0,0,30,2,2,2,2,3,69.1,40.0,68.2,36.7
6776,3,2,0,1,0,0,60.0,2,1,0,0,1,0,0,0,0,66.7,1,4,3,4,1,0,0,0,30,0,0,1,1,0,48,1,1,0,0,76,2,4,2,2,4,52.7,44.9,46.6,60.7
6777,0,3,0,0,1,2,61.7,2,1,0,0,0,1,0,0,0,66.7,5,3,1,4,0,1,0,1,0,1,0,0,1,0,0,1,0,1,0,2,5,3,4,5,1,32.8,2.4,45.7,45.0
6778,2,0,3,0,1,0,55.0,1,0,0,0,1,1,0,0,0,66.7,2,4,3,1,0,1,1,0,56,1,0,0,0,0,0,1,0,0,0,30,1,2,4,4,2,63.1,36.8,62.0,41.8
6779,3,2,0,1,0,0,60.0,4,0,1,0,0,0,0,0,0,33.3,5,3,2,2,0,1,1,0,56,0,0,1,0,0,28,1,0,0,0,30,5,4,4,5,3,32.2,25.2,38.4,52.9
6780,2,3,1,0,0,0,40.0,3,0,0,0,1,0,0,0,0,33.3,4,3,1,3,1,0,0,1,6,1,0,1,0,0,0,1,0,0,0,30,2,1,5,4,1,62.1,30.6,64.4,32.5
6781,3,2,0,1,0,0,60.0,3,0,0,0,0,0,1,0,0,33.3,4,3,3,4,0,1,0,0,22,0,1,0,1,0,62,1,0,0,1,2,2,2,1,5,3,19.4,10.0,27.1,61.5
6782,0,0,1,3,0,2,61.7,4,1,1,0,0,0,1,0,0,100.0,5,3,1,3,1,1,0,0,52,1,1,0,0,0,14,1,0,1,0,2,5,3,2,5,3,25.5,17.1,29.3,69.5
6783,0,1,0,3,0,2,70.0,4,0,0,1,0,0,0,0,0,33.3,1,4,1,3,0,1,0,1,0,0,1,1,0,0,70,1,0,0,0,30,5,2,1,5,3,25.3,24.5,20.2,74.1
6784,2,0,1,0,3,0,55.0,4,0,0,0,0,0,0,1,1,66.7,1,4,1,3,1,1,0,0,52,0,1,0,0,0,42,0,1,0,0,46,5,4,5,4,1,57.7,48.6,42.6,60.6
6785,2,0,0,0,3,1,71.7,4,1,0,0,1,0,0,0,0,66.7,4,4,2,4,0,1,0,0,22,0,1,1,0,0,70,0,0,1,0,0,3,4,4,4,2,14.2,2.5,19.2,73.7
6786,1,3,0,2,0,0,60.0,4,1,0,0,0,1,0,0,0,66.7,2,3,1,1,0,1,0,0,22,0,1,0,0,0,42,1,0,1,0,2,5,3,1,4,3,22.8,12.8,15.8,66.1
6787,0,0,2,1,0,3,61.7,2,0,0,0,0,1,0,1,0,66.7,5,2,1,4,0,1,0,1,0,0,1,0,0,0,42,0,1,1,0,18,1,4,2,4,1,30.0,1.0,36.7,44.7
6788,3,2,0,0,1,0,43.3,3,1,1,1,0,0,0,0,0,100.0,2,2,3,3,0,1,0,0,22,0,1,0,0,0,42,0,1,0,1,18,2,2,4,5,4,24.6,20.9,29.9,66.0
6789,0,2,1,0,0,3,65.0,3,0,1,0,0,0,1,1,0,100.0,5,4,4,1,0,1,1,0,56,0,1,0,0,0,42,0,0,1,0,0,5,4,4,4,4,13.2,0.8,14.0,75.7
6790,1,0,2,0,3,0,55.0,1,0,0,0,1,1,0,0,0,66.7,4,1,4,3,0,1,1,0,56,1,0,0,0,0,0,0,0,0,1,0,3,4,1,4,1,51.4,17.5,68.1,28.3
6791,3,2,1,0,0,0,40.0,3,0,0,1,1,1,0,0,0,100.0,5,4,4,3,1,1,0,0,52,0,0,1,0,0,28,0,1,0,0,46,1,3,5,1,1,60.9,38.3,65.2,46.7
6792,0,0,1,0,3,2,61.7,2,0,0,0,0,0,1,0,0,33.3,5,3,1,2,0,0,0,1,0,0,0,1,0,0,28,0,1,1,0,18,5,4,2,5,4,16.0,0.0,13.7,59.0
6793,0,3,1,2,0,0,63.3,1,0,0,0,0,1,1,1,0,100.0,4,2,1,1,0,1,0,0,22,0,1,0,0,1,0,0,1,0,1,18,1,2,2,1,2,53.6,17.7,53.3,32.4
6794,0,1,3,0,0,2,65.0,3,0,0,0,1,0,0,0,0,33.3,4,4,1,4,0,1,0,0,22,0,1,1,0,0,70,0,0,1,0,0,5,2,4,5,4,0.1,1.7,6.1,78.3
6795,1,2,0,0,3,0,43.3,3,0,0,0,0,0,1,0,0,33.3,2,3,3,3,0,0,0,1,0,1,1,0,0,0,14,0,1,0,1,18,5,4,1,1,3,44.4,5.5,55.0,29.4
6796,1,3,0,0,0,2,63.3,3,1,0,0,0,0,0,0,0,33.3,4,3,1,3,1,0,1,0,64,1,0,0,0,1,0,1,1,0,0,76,2,1,5,4,2,81.5,69.3,74.6,31.3
6797,2,0,1,3,0,0,63.3,2,0,1,1,0,0,0,0,1,100.0,5,1,4,4,1,0,0,0,30,1,0,0,0,0,0,0,0,1,0,0,2,4,5,2,1,43.6,6.4,67.7,33.6
6798,0,2,1,0,0,3,65.0,2,0,0,0,0,0,0,0,1,33.3,2,3,1,4,0,1,0,0,22,0,1,0,0,0,42,0,0,1,0,0,5,2,2,5,2,33.9,18.7,34.2,56.9
6799,2,3,1,0,0,0,40.0,3,0,0,1,0,0,1,1,0,100.0,4,1,4,4,1,1,0,0,52,1,0,1,0,0,0,0,1,1,0,18,2,3,5,4,3,52.8,19.2,65.1,36.1
6800,1,0,3,0,0,2,65.0,5,0,1,0,0,0,0,0,0,33.3,4,1,1,4,0,1,1,0,56,0,1,0,0,0,42,1,0,1,0,2,5,2,1,4,1,44.2,29.2,49.8,41.9
6801,3,0,0,2,1,0,63.3,1,0,0,0,1,0,0,0,0,33.3,1,4,3,3,1,1,0,0,52,0,0,1,0,0,28,0,1,0,1,18,5,2,5,4,3,51.4,32.0,53.1,55.9
6802,1,3,2,0,0,0,40.0,3,1,0,0,0,0,1,0,0,66.7,2,3,2,3,0,1,0,1,0,0,0,0,0,1,0,0,1,0,1,18,5,2,4,4,2,49.2,23.0,59.1,44.0
6803,0,2,0,0,3,1,61.7,4,0,0,1,0,0,0,1,1,100.0,5,4,4,3,1,0,1,0,64,0,0,1,0,0,28,1,0,0,1,2,1,3,4,4,4,19.0,15.0,27.2,72.8
6804,0,3,2,0,0,1,65.0,1,0,0,1,0,0,0,0,0,33.3,2,2,1,4,1,0,0,1,6,1,0,0,0,1,0,1,0,1,0,2,5,4,2,2,2,47.1,6.3,56.1,25.1
6805,0,1,2,3,0,0,63.3,2,0,0,0,1,0,0,1,0,66.7,2,3,4,4,1,0,1,0,64,1,0,0,0,0,0,1,0,0,0,30,3,3,5,2,1,77.7,43.2,86.5,36.6
6806,3,0,1,0,2,0,55.0,3,0,1,0,0,0,0,0,0,33.3,2,2,2,4,0,1,0,0,22,1,0,0,0,0,0,0,1,0,0,46,3,1,5,1,1,81.9,47.5,90.8,13.5
6807,3,2,1,0,0,0,40.0,1,1,0,0,0,0,0,0,0,33.3,1,2,2,2,1,1,0,0,52,1,0,0,0,0,0,1,0,0,1,2,5,1,4,1,2,70.2,35.9,72.6,22.8
6808,3,1,0,0,2,0,43.3,3,0,0,0,1,1,1,0,0,100.0,2,3,1,1,1,0,0,1,6,1,0,0,1,0,0,1,0,0,0,30,3,1,5,5,1,53.9,34.0,51.0,49.1
6809,0,0,2,3,1,0,55.0,5,1,0,0,0,0,0,0,0,33.3,1,4,1,3,0,1,0,1,0,1,1,0,0,0,14,1,0,0,1,2,5,4,4,5,3,29.4,2.6,31.2,54.4
6810,3,1,2,0,0,0,40.0,2,0,0,0,1,0,0,0,0,33.3,5,3,4,3,0,1,0,0,22,0,0,0,1,1,0,1,0,0,0,30,5,3,5,4,3,38.0,12.2,59.1,37.3
6811,3,2,0,0,0,1,63.3,3,0,0,1,0,0,1,0,0,66.7,1,4,4,4,1,1,0,0,52,1,0,0,0,0,0,1,1,0,0,76,3,1,4,2,1,96.7,74.5,94.4,39.7
6812,1,2,3,0,0,0,40.0,3,0,0,0,0,0,1,0,0,33.3,1,1,2,4,1,1,0,0,52,1,0,1,0,0,0,1,0,0,0,30,3,2,5,5,4,61.2,36.9,67.9,24.0
6813,2,0,3,0,1,0,55.0,2,0,0,1,1,0,1,0,0,100.0,5,2,2,3,0,1,1,0,56,0,1,0,0,0,42,1,0,0,0,30,5,3,4,1,2,45.8,29.9,48.6,51.0
6814,0,0,2,1,0,3,61.7,3,0,0,0,1,0,0,0,0,33.3,5,3,1,1,0,1,0,0,22,0,1,0,0,0,42,0,0,1,0,0,1,3,2,4,4,11.1,0.0,11.4,50.8
6815,0,1,0,2,0,3,70.0,5,0,0,0,0,1,0,0,0,33.3,5,4,1,4,1,0,0,0,30,0,1,0,0,0,42,0,0,1,1,0,2,3,2,5,3,17.7,7.1,25.0,63.3
6816,0,0,3,1,0,2,61.7,5,0,0,0,1,0,0,0,0,33.3,5,4,1,3,1,0,0,1,6,0,1,0,0,0,42,0,0,1,0,0,5,2,4,4,1,26.8,12.5,31.8,60.9
6817,1,0,2,0,0,3,65.0,3,0,1,0,0,1,0,0,0,66.7,5,4,1,4,0,1,0,0,22,1,1,0,0,0,14,0,0,1,0,0,1,3,5,2,2,34.6,6.7,42.7,49.6
6818,0,0,1,2,0,3,61.7,3,0,0,0,0,1,1,0,0,66.7,5,3,1,3,0,0,1,0,34,0,1,1,0,0,70,0,0,1,0,0,3,3,1,2,3,18.0,2.1,12.7,63.9
6819,2,0,0,1,3,0,63.3,3,0,0,1,0,0,0,0,0,33.3,1,3,3,3,1,1,0,0,52,1,0,1,0,0,0,1,0,0,0,30,3,2,4,5,1,69.2,48.7,74.9,36.5
6820,3,2,0,0,0,1,63.3,4,0,0,0,1,0,1,0,0,66.7,1,3,2,4,0,1,0,0,22,0,1,1,0,0,70,1,1,0,0,76,1,4,5,5,4,33.1,43.4,22.2,69.2
6821,0,0,1,2,3,0,55.0,3,0,1,1,1,0,0,0,0,100.0,5,3,3,2,1,0,0,0,30,1,0,0,0,0,0,1,0,0,1,2,2,2,2,2,3,37.0,7.4,52.0,48.3
6822,3,0,1,0,0,2,65.0,5,1,0,0,0,0,1,0,1,100.0,2,3,1,3,1,0,0,1,6,0,1,0,0,0,42,0,0,0,1,0,1,3,1,5,2,19.1,8.4,23.2,69.9
6823,3,1,0,2,0,0,60.0,5,0,0,0,0,0,1,0,0,33.3,1,3,3,2,0,1,0,0,22,1,1,0,0,0,14,0,1,0,0,46,1,4,1,5,1,61.1,43.8,61.6,34.5
6824,3,2,1,0,0,0,40.0,1,0,0,0,1,0,0,1,1,100.0,1,3,3,4,0,1,0,0,22,1,0,1,0,0,0,1,0,0,0,30,2,2,2,5,2,48.4,38.5,65.7,49.8
6825,2,0,1,3,0,0,63.3,1,0,1,0,0,1,0,1,0,100.0,5,1,4,3,1,1,0,0,52,1,0,0,0,0,0,0,0,0,1,0,2,2,1,5,1,41.9,17.4,61.8,40.0
6826,2,0,3,1,0,0,63.3,2,1,0,0,0,0,0,0,0,33.3,2,4,1,3,0,1,1,0,56,0,0,1,0,0,28,1,0,0,0,30,3,3,1,4,1,61.7,42.3,59.9,44.1
6827,0,1,0,0,2,3,61.7,3,0,0,1,1,0,0,0,0,66.7,5,2,4,1,1,0,0,1,6,1,0,0,0,0,0,1,0,0,1,2,3,2,1,2,1,49.8,14.4,63.6,27.7
6828,3,1,0,0,2,0,43.3,3,0,0,0,1,0,1,0,0,66.7,4,3,2,3,0,1,0,0,22,1,0,1,0,0,0,0,1,0,0,46,3,1,1,4,2,58.8,42.6,70.3,40.1
6829,3,1,0,0,2,0,43.3,3,0,1,0,1,0,0,0,0,66.7,4,3,4,2,0,1,0,0,22,1,0,0,0,1,0,1,0,1,0,2,2,1,4,5,2,42.0,18.0,55.9,46.0
6830,3,2,1,0,0,0,40.0,3,0,1,0,0,0,1,1,0,100.0,2,4,1,4,0,1,0,0,22,1,0,0,1,0,0,0,1,0,0,46,3,3,4,1,1,74.9,40.8,68.4,44.3
6831,3,0,2,0,0,1,65.0,3,1,0,0,1,0,0,0,0,66.7,5,3,3,3,1,0,0,0,30,0,0,1,0,1,0,0,1,0,0,46,3,2,4,1,2,69.0,31.8,68.9,37.1
6832,2,0,0,1,3,0,63.3,3,0,1,0,0,0,0,0,0,33.3,1,1,1,4,1,1,0,0,52,1,0,0,0,0,0,1,0,0,1,2,2,2,4,2,1,77.4,37.4,82.0,13.2
6833,3,0,1,0,0,2,65.0,2,0,1,0,1,0,0,0,1,100.0,2,2,2,1,0,1,0,0,22,1,0,0,0,0,0,1,1,0,0,76,3,2,4,5,4,62.1,51.8,52.2,47.9
6834,3,2,0,1,0,0,60.0,4,0,1,0,1,0,1,0,0,100.0,4,4,3,3,1,1,0,0,52,1,1,0,0,0,14,0,1,0,1,18,2,3,5,4,1,46.4,30.3,50.8,56.7
6835,0,2,0,3,1,0,53.3,3,0,1,0,1,0,1,0,0,100.0,4,2,4,4,1,1,0,0,52,1,0,1,0,0,0,1,1,0,0,76,3,2,5,2,1,91.4,61.7,94.9,28.2
6836,2,0,1,0,3,0,55.0,5,0,0,1,1,1,0,0,0,100.0,5,3,4,4,1,0,0,1,6,0,1,0,0,0,42,0,0,1,1,0,5,2,4,1,1,33.2,12.7,48.5,61.7
6837,3,0,0,1,2,0,63.3,1,0,0,1,1,0,0,1,0,100.0,4,2,3,2,0,1,0,0,22,1,0,1,0,0,0,0,0,1,1,0,2,2,4,1,3,43.6,8.0,54.1,40.9
6838,2,0,1,0,0,3,65.0,3,1,0,0,0,0,0,0,0,33.3,4,3,1,2,0,1,1,0,56,0,0,0,0,1,0,1,0,0,0,30,3,1,5,1,1,79.4,42.8,80.3,23.3
6839,2,0,3,1,0,0,63.3,5,0,1,0,1,1,0,0,0,100.0,5,1,3,4,1,0,1,0,64,0,1,0,0,1,0,1,1,0,0,76,3,1,5,4,3,74.4,63.7,78.7,36.8
6840,1,2,0,0,0,3,63.3,3,0,1,0,0,0,0,0,0,33.3,4,4,3,4,1,1,0,0,52,1,0,0,0,0,0,1,0,0,0,30,1,4,5,2,3,53.8,20.4,69.6,35.2
6841,0,1,2,3,0,0,63.3,4,0,0,0,1,1,0,0,1,100.0,2,4,3,1,0,1,0,0,22,0,1,0,0,0,42,1,0,0,0,30,5,2,2,4,1,45.6,40.4,38.4,74.4
6842,0,0,2,0,1,3,61.7,1,0,0,1,1,0,0,1,0,100.0,4,4,4,2,1,0,0,1,6,1,0,0,0,0,0,1,0,0,0,30,3,1,1,4,4,35.1,19.7,47.1,61.3
6843,0,0,2,1,0,3,61.7,5,1,1,0,0,0,0,0,1,100.0,5,4,2,3,1,0,0,1,6,0,1,0,0,0,42,0,0,1,0,0,5,2,2,4,4,4.5,0.0,10.4,82.6
6844,0,0,1,2,3,0,55.0,3,0,0,0,0,0,1,0,0,33.3,2,2,1,4,0,1,1,0,56,1,0,0,0,0,0,1,1,0,0,76,3,3,4,1,1,98.5,63.0,87.8,11.2
6845,2,3,0,1,0,0,60.0,1,0,1,0,1,1,0,0,0,100.0,1,4,4,4,0,0,0,1,0,1,0,0,0,0,0,1,0,0,0,30,5,2,1,1,2,65.2,27.0,68.5,49.4
6846,3,0,0,2,1,0,63.3,3,1,1,0,0,0,0,0,0,66.7,2,1,4,4,1,1,0,0,52,0,0,1,1,0,48,0,1,0,0,46,1,4,5,4,1,62.6,44.2,65.2,38.7
6847,2,0,1,0,0,3,65.0,3,1,0,0,0,0,1,0,0,66.7,2,3,2,3,1,0,0,0,30,1,0,1,0,0,0,0,1,0,0,46,2,1,5,5,4,53.1,40.1,56.2,53.8
6848,3,1,2,0,0,0,40.0,3,0,1,0,0,0,0,0,0,33.3,2,3,2,4,0,1,0,1,0,0,1,0,0,0,42,1,0,0,0,30,3,2,5,2,2,47.4,30.6,55.4,39.6
6849,2,0,1,0,3,0,55.0,1,1,1,0,1,0,0,0,0,100.0,5,2,1,1,0,1,1,0,56,0,0,0,0,1,0,1,1,0,0,76,3,2,2,5,4,57.3,45.8,47.3,52.2
6850,1,3,2,0,0,0,40.0,1,0,0,1,0,0,1,0,0,66.7,4,4,4,1,1,1,0,0,52,0,0,1,0,0,28,0,1,1,0,18,2,3,1,1,1,57.1,23.4,55.2,42.1
6851,3,2,0,1,0,0,60.0,2,0,1,1,0,0,1,0,0,100.0,2,3,4,4,0,1,1,0,56,0,0,0,1,0,20,1,1,0,0,76,5,2,1,1,3,73.4,59.2,73.4,49.0
6852,0,2,3,0,1,0,48.3,1,1,1,0,0,1,0,0,0,100.0,1,4,1,1,0,1,0,0,22,1,1,0,0,0,14,1,0,0,1,2,5,4,2,5,1,39.7,16.7,37.3,63.1
6853,0,3,1,0,0,2,65.0,4,0,1,0,0,0,1,0,0,66.7,4,2,3,2,0,1,0,0,22,1,0,0,0,0,0,1,0,0,0,30,2,3,5,1,1,66.6,27.5,72.0,19.9
6854,0,3,2,0,1,0,48.3,3,0,0,1,0,1,0,1,0,100.0,4,1,4,3,1,1,0,0,52,1,0,0,0,0,0,1,0,0,1,2,2,2,5,2,2,58.8,21.3,75.1,30.2
6855,0,3,2,1,0,0,63.3,4,0,0,0,1,0,0,0,1,66.7,5,3,3,4,0,1,0,0,22,0,1,0,0,0,42,0,0,1,1,0,5,3,4,4,3,15.3,3.5,29.5,66.5
6856,1,2,0,3,0,0,60.0,3,1,0,0,1,0,0,0,0,66.7,2,2,3,1,0,1,1,0,56,1,0,0,0,0,0,1,1,0,0,76,1,1,4,1,1,99.2,72.3,85.1,19.2
6857,3,1,0,0,0,2,63.3,3,0,1,0,0,0,0,1,0,66.7,2,1,1,4,1,1,0,0,52,0,0,1,0,0,28,1,1,0,0,76,1,3,5,2,2,77.5,58.1,74.8,25.0
6858,1,3,2,0,0,0,40.0,1,1,1,0,1,0,0,0,0,100.0,4,3,3,3,0,1,0,0,22,0,1,0,0,0,42,1,0,1,0,2,5,4,4,5,4,6.8,0.0,17.4,77.0
6859,3,2,1,0,0,0,40.0,2,0,1,1,1,0,0,0,0,100.0,2,3,4,3,0,0,1,0,34,1,0,0,0,0,0,0,0,1,1,0,5,4,5,5,2,34.6,11.1,50.7,57.8
6860,3,1,2,0,0,0,40.0,1,0,0,0,1,0,0,0,0,33.3,5,2,1,1,1,0,0,1,6,0,1,0,0,1,0,1,0,0,0,30,1,2,1,2,1,61.1,24.5,61.8,14.3
6861,2,0,3,1,0,0,63.3,1,0,0,1,1,0,1,0,0,100.0,2,4,4,4,1,0,1,0,64,1,0,0,0,0,0,1,0,0,0,30,3,1,4,1,1,81.1,51.7,86.0,47.2
6862,0,3,1,2,0,0,63.3,1,0,0,0,1,0,1,1,0,100.0,1,2,4,4,1,1,0,0,52,1,1,0,0,0,14,1,1,0,0,76,5,3,2,4,2,73.2,65.1,74.0,46.8
6863,2,0,0,1,0,3,73.3,4,0,1,0,0,0,1,0,0,66.7,5,4,4,4,0,1,0,1,0,0,1,0,0,0,42,0,1,0,0,46,1,4,1,1,2,42.6,17.0,48.6,49.9
6864,2,1,0,0,0,3,63.3,5,0,0,0,0,0,0,0,1,33.3,5,3,1,4,0,0,1,1,10,0,0,1,0,1,0,0,0,1,0,0,1,2,1,4,3,25.2,6.2,45.8,40.0
6865,1,2,3,0,0,0,40.0,2,0,1,0,1,0,1,0,0,100.0,5,3,3,4,1,0,1,0,64,1,0,0,1,0,0,1,0,0,0,30,3,4,5,5,2,48.6,27.0,57.2,50.5
6866,3,1,0,2,0,0,60.0,1,0,0,1,1,1,0,0,0,100.0,4,3,1,1,1,1,0,0,52,0,1,0,1,0,62,1,0,1,0,2,1,2,4,2,4,24.9,11.6,10.2,68.7
6867,2,0,1,0,3,0,55.0,2,0,1,0,1,0,1,0,0,100.0,1,2,4,1,1,0,0,0,30,1,0,0,0,1,0,1,0,0,0,30,3,1,5,2,1,73.7,43.6,77.9,36.7
6868,2,0,0,0,1,3,71.7,5,0,0,1,1,0,1,0,0,100.0,2,1,3,2,1,1,0,0,52,1,0,0,0,1,0,1,0,0,1,2,5,1,5,2,1,72.4,34.0,74.1,37.0
6869,0,0,1,3,0,2,61.7,4,1,1,0,1,0,0,0,0,100.0,4,3,3,1,0,1,0,0,22,1,0,0,0,0,0,0,0,1,0,0,5,3,4,4,3,29.4,1.4,36.6,62.6
6870,2,0,1,0,0,3,65.0,1,0,0,0,1,0,0,0,1,66.7,5,1,4,4,0,1,0,0,22,0,1,1,0,0,70,0,0,1,0,0,3,4,5,2,3,14.9,0.0,29.1,52.1
6871,3,1,2,0,0,0,40.0,1,0,1,0,0,0,0,0,0,33.3,5,4,4,3,0,0,0,1,0,0,1,0,0,0,42,1,1,0,0,76,1,3,5,5,3,38.4,25.3,46.0,50.7
6872,0,0,0,1,2,3,55.0,3,0,1,0,0,0,0,0,0,33.3,4,4,2,4,1,0,0,0,30,0,0,1,0,0,28,1,0,0,0,30,2,2,4,4,3,35.7,26.8,40.6,48.4
6873,0,1,0,0,3,2,61.7,2,1,0,0,0,0,0,0,0,33.3,5,2,1,4,0,1,0,0,22,0,0,1,0,0,28,0,1,0,0,46,2,3,4,2,3,48.7,22.5,50.9,26.1
6874,3,1,2,0,0,0,40.0,2,1,1,0,0,1,0,0,0,100.0,4,2,1,2,1,1,0,0,52,0,1,0,0,0,42,0,0,1,1,0,1,4,4,4,2,32.8,10.0,32.3,53.9
6875,2,3,0,0,0,1,63.3,3,0,0,1,0,0,1,0,1,100.0,2,1,4,1,0,1,0,0,22,0,0,1,0,0,28,1,0,0,1,2,1,2,1,1,2,48.1,18.7,52.4,35.5
6876,2,3,0,1,0,0,60.0,3,0,1,0,1,0,0,0,1,100.0,1,2,2,2,1,0,0,1,6,1,0,0,0,1,0,1,0,1,0,2,3,3,5,4,4,30.2,4.7,34.4,55.2
6877,1,2,3,0,0,0,40.0,1,0,0,1,0,0,0,0,0,33.3,2,1,4,3,0,1,1,0,56,1,0,0,0,0,0,1,0,0,0,30,5,3,4,4,1,74.6,42.1,81.2,22.6
6878,1,2,0,0,0,3,63.3,5,0,0,0,0,1,1,0,0,66.7,4,3,3,3,0,1,0,0,22,1,0,0,0,1,0,0,0,1,0,0,3,3,5,5,4,26.4,3.3,38.3,52.9
6879,0,2,3,1,0,0,63.3,3,0,0,0,0,0,1,0,0,33.3,1,2,3,3,1,0,0,0,30,1,1,0,0,0,14,0,0,1,0,0,2,1,2,2,1,65.2,31.3,74.2,22.0
6880,0,2,1,0,0,3,65.0,4,1,0,1,0,0,0,0,0,66.7,5,4,1,2,0,1,0,0,22,0,1,0,0,0,42,1,0,0,0,30,5,3,5,5,3,22.4,11.7,17.1,74.3
6881,3,0,1,0,0,2,65.0,1,1,0,0,0,0,0,1,1,100.0,5,1,4,4,0,1,0,0,22,1,0,1,0,0,0,0,1,1,0,18,5,1,5,4,4,35.3,14.8,57.9,51.9
6882,2,1,0,0,3,0,43.3,2,0,1,0,1,0,1,0,0,100.0,2,2,4,4,0,1,1,0,56,1,0,0,0,0,0,1,0,0,1,2,3,1,5,2,4,50.4,25.1,70.3,36.9
6883,1,0,3,0,2,0,55.0,5,0,1,1,0,0,0,0,1,100.0,5,2,1,3,0,1,0,0,22,0,1,1,0,0,70,1,0,1,0,2,5,2,4,2,2,24.9,13.1,23.0,61.8
6884,0,2,1,0,3,0,48.3,1,0,1,0,0,0,0,0,0,33.3,5,3,2,1,0,0,0,1,0,1,0,1,0,0,0,0,0,0,1,0,3,2,1,4,1,39.6,6.4,52.4,27.4
6885,2,3,1,0,0,0,40.0,2,0,0,0,1,0,0,0,0,33.3,1,2,4,2,0,1,1,0,56,0,1,0,0,1,0,1,1,0,0,76,2,2,4,4,3,84.9,65.6,85.8,24.2
6886,0,0,1,0,2,3,61.7,5,0,0,0,1,0,0,0,0,33.3,5,4,1,2,0,1,1,0,56,0,1,0,0,0,42,1,0,1,0,2,5,4,4,5,1,30.9,18.1,33.8,57.7
6887,0,2,0,1,0,3,70.0,2,0,0,0,0,0,0,0,1,33.3,4,3,4,4,0,1,0,0,22,1,1,0,0,0,14,0,0,1,0,0,1,2,4,4,3,36.5,11.9,61.8,43.7
6888,2,3,0,0,1,0,43.3,2,1,0,0,1,0,0,0,1,100.0,1,4,1,4,1,1,0,0,52,0,0,0,1,1,0,1,1,0,0,76,2,1,4,4,2,82.2,71.4,72.6,54.9
6889,0,0,1,2,0,3,61.7,5,0,0,0,1,0,0,0,0,33.3,4,4,4,2,0,0,0,1,0,0,1,0,0,0,42,0,0,1,0,0,3,4,4,4,3,11.3,0.0,23.7,61.1
6890,2,0,0,1,0,3,73.3,4,0,0,0,1,0,1,0,0,66.7,5,3,3,1,0,1,1,0,56,0,0,0,1,0,20,0,0,1,0,0,3,3,5,1,1,46.3,17.8,51.5,42.1
6891,0,1,2,0,3,0,48.3,2,0,1,0,0,0,0,0,1,66.7,2,3,2,2,1,0,0,0,30,0,0,0,0,1,0,1,0,1,0,2,5,2,2,1,2,56.0,24.7,64.7,41.2
6892,0,3,0,2,1,0,53.3,4,0,0,0,0,0,0,0,1,33.3,5,3,1,4,0,1,0,0,22,0,1,1,0,0,70,0,0,1,0,0,5,2,4,5,3,9.7,6.5,17.2,67.7
6893,1,3,2,0,0,0,40.0,4,0,0,1,0,0,1,1,0,100.0,5,4,2,3,0,1,0,1,0,1,0,0,0,0,0,0,0,1,0,0,5,4,1,5,4,14.9,0.0,26.0,72.2
6894,1,2,0,0,3,0,43.3,2,0,0,0,1,0,0,1,0,66.7,2,1,3,4,0,1,0,0,22,1,0,0,1,0,0,1,0,0,0,30,2,2,4,2,1,71.6,32.9,84.0,16.3
6895,3,2,0,0,1,0,43.3,2,0,1,0,1,0,0,0,1,100.0,2,1,1,4,0,1,0,0,22,1,0,1,0,0,0,1,0,0,0,30,3,3,2,1,1,72.5,28.1,75.9,20.8
6896,2,1,0,0,3,0,43.3,2,0,0,0,0,1,0,1,1,100.0,2,3,4,3,0,1,0,1,0,1,0,0,0,0,0,1,0,0,1,2,2,2,1,1,1,60.8,17.9,80.7,32.9
6897,0,3,2,0,0,1,65.0,4,1,0,0,0,0,0,0,0,33.3,4,3,3,4,0,0,0,1,0,0,1,0,0,0,42,0,0,1,0,0,1,3,4,4,3,21.8,0.0,43.7,46.1
6898,2,0,0,1,0,3,73.3,4,1,0,0,0,0,0,0,0,33.3,5,3,1,4,0,0,1,1,10,0,0,1,0,0,28,1,0,1,0,2,2,3,2,5,1,30.7,9.5,42.8,39.9
6899,2,3,0,0,0,1,63.3,3,0,0,1,0,0,0,0,0,33.3,4,2,1,3,0,1,0,0,22,1,0,1,0,0,0,1,0,1,0,2,2,2,1,1,1,59.1,16.5,69.2,18.0
6900,0,3,1,2,0,0,63.3,5,1,0,1,0,0,1,0,0,100.0,2,3,2,4,0,1,0,0,22,0,1,1,0,0,70,0,0,1,1,0,5,3,4,5,2,11.9,15.5,14.0,83.4
6901,2,3,1,0,0,0,40.0,5,0,0,1,0,0,1,0,0,66.7,4,3,1,3,0,1,0,0,22,1,0,0,0,0,0,1,0,0,0,30,3,2,4,5,2,48.8,28.4,52.9,41.2
6902,2,1,3,0,0,0,40.0,3,0,0,0,1,0,0,0,1,66.7,2,1,3,2,1,1,0,0,52,1,1,0,0,0,14,1,1,0,0,76,3,3,2,2,1,93.4,66.3,87.5,11.0
6903,3,1,0,0,0,2,63.3,3,0,0,0,0,1,0,0,0,33.3,2,4,1,4,1,0,0,0,30,1,0,0,0,0,0,1,0,0,0,30,1,2,1,2,3,62.2,27.7,68.0,34.3
6904,3,0,0,1,0,2,73.3,3,0,0,0,0,0,0,0,1,33.3,4,2,3,2,1,1,0,0,52,0,0,0,1,0,20,1,1,0,0,76,2,2,4,4,2,73.4,61.6,73.5,30.9
6905,0,3,2,1,0,0,63.3,3,0,0,0,1,0,0,0,0,33.3,2,4,3,4,1,0,0,1,6,1,0,0,0,1,0,1,0,0,0,30,3,4,5,2,1,61.0,21.9,68.7,36.4
6906,1,2,3,0,0,0,40.0,2,0,1,1,1,0,0,0,0,100.0,4,1,4,1,1,0,0,1,6,1,0,0,0,0,0,0,0,0,1,0,3,2,1,2,1,48.5,8.9,62.3,32.0
6907,2,1,3,0,0,0,40.0,1,0,1,0,0,1,0,1,0,100.0,2,2,4,2,1,0,1,0,64,0,1,0,0,0,42,1,1,0,0,76,5,1,1,5,1,74.7,76.1,70.6,54.9
6908,2,1,3,0,0,0,40.0,3,0,1,0,0,0,0,0,0,33.3,2,1,3,4,0,1,0,1,0,0,0,0,0,1,0,1,0,0,0,30,3,1,2,2,1,79.6,37.1,95.5,1.9
6909,0,1,0,3,0,2,70.0,5,1,0,1,1,0,0,0,0,100.0,2,2,3,3,1,0,0,0,30,1,0,0,0,0,0,0,0,1,1,0,1,3,4,1,1,60.0,27.6,69.3,33.8
6910,3,2,0,0,1,0,43.3,5,0,0,0,0,0,0,0,1,33.3,4,3,1,3,0,1,0,1,0,1,0,0,0,1,0,1,0,0,0,30,3,2,1,4,1,59.1,29.5,61.5,34.1
6911,0,1,3,2,0,0,63.3,3,0,0,0,1,0,0,0,0,33.3,4,2,3,4,1,1,0,0,52,0,0,0,0,1,0,0,1,0,0,46,2,2,5,2,1,77.8,45.2,89.4,8.4
6912,3,0,2,0,1,0,55.0,2,0,0,0,0,1,0,0,1,66.7,2,3,3,1,1,0,0,0,30,1,1,0,0,0,14,0,1,0,0,46,2,3,4,4,3,54.0,36.1,54.9,44.7
6913,2,0,0,1,3,0,63.3,2,1,0,0,0,0,1,0,0,66.7,2,1,3,4,1,1,0,0,52,0,0,1,0,0,28,1,0,0,0,30,3,4,5,5,2,50.0,32.7,52.0,46.8
6914,3,1,2,0,0,0,40.0,1,1,0,0,0,1,0,0,0,66.7,4,4,2,4,1,0,1,0,64,1,0,0,0,0,0,1,0,1,0,2,2,4,2,1,2,54.0,11.0,56.1,37.6
6915,1,0,3,2,0,0,63.3,1,0,0,1,0,1,1,0,0,100.0,2,1,3,1,1,1,0,0,52,0,0,0,1,1,0,0,1,1,0,18,3,2,4,1,3,64.6,26.8,66.8,32.0
6916,1,0,0,3,0,2,73.3,3,0,1,0,0,1,1,0,0,100.0,2,1,2,3,0,1,0,0,22,1,0,0,0,1,0,1,0,0,0,30,2,4,5,2,2,60.5,21.6,68.1,30.7
6917,0,1,3,2,0,0,63.3,2,0,0,1,1,0,0,0,0,66.7,2,1,3,4,1,1,0,0,52,0,1,0,1,0,62,1,1,0,0,76,2,4,4,4,2,60.1,52.8,56.2,39.8
6918,0,3,0,2,0,1,70.0,3,1,1,0,0,0,0,0,1,100.0,2,2,2,3,1,0,1,0,64,0,0,1,0,0,28,1,0,0,1,2,3,2,5,2,1,58.9,32.6,56.0,46.8
6919,0,1,0,0,3,2,61.7,3,0,1,0,1,1,0,0,0,100.0,4,1,2,3,0,0,0,1,0,1,0,0,0,0,0,1,0,0,0,30,3,2,1,1,1,60.8,29.3,70.3,26.0
6920,3,2,1,0,0,0,40.0,3,0,0,0,0,1,0,1,0,66.7,2,1,1,3,0,1,0,1,0,1,0,0,0,0,0,1,1,0,0,76,2,2,2,4,2,76.3,50.8,77.0,20.8
6921,0,1,0,3,2,0,53.3,3,0,0,1,0,0,0,0,0,33.3,4,4,4,2,0,1,0,0,22,1,0,0,0,0,0,0,0,1,1,0,2,3,5,1,1,54.2,13.2,69.2,23.5
6922,2,0,0,1,0,3,73.3,4,0,0,1,1,0,0,0,1,100.0,4,1,4,1,1,0,0,0,30,1,0,0,0,0,0,0,1,0,0,46,2,2,5,2,3,58.8,34.0,64.1,34.8
6923,3,1,2,0,0,0,40.0,2,0,0,1,0,0,0,0,0,33.3,2,3,1,4,0,1,0,0,22,0,1,1,0,0,70,0,0,1,0,0,3,2,5,5,3,16.6,17.9,20.5,61.3
6924,1,3,0,0,2,0,43.3,3,1,0,1,0,0,1,0,0,100.0,4,3,1,4,1,1,0,0,52,0,0,1,0,1,0,1,1,0,0,76,2,2,5,4,1,78.2,65.9,76.6,39.7
6925,1,0,3,2,0,0,63.3,2,0,0,0,1,0,1,1,0,100.0,2,3,1,4,1,0,0,0,30,1,0,1,0,0,0,1,1,0,0,76,3,2,4,1,1,91.6,59.7,86.1,32.5
6926,2,1,3,0,0,0,40.0,2,1,1,0,0,0,0,0,0,66.7,1,4,4,1,0,1,0,0,22,0,0,0,1,0,20,1,0,0,1,2,2,3,2,2,3,44.9,11.6,51.1,48.2
6927,0,1,0,2,3,0,53.3,4,0,0,0,1,0,0,0,0,33.3,5,4,1,3,0,1,0,0,22,0,0,0,1,0,20,0,1,0,1,18,2,2,2,4,3,35.6,14.1,34.5,48.1
6928,3,0,1,2,0,0,63.3,3,0,0,0,1,0,0,1,0,66.7,4,4,2,3,0,1,0,1,0,1,1,0,0,0,14,1,0,1,0,2,5,2,4,2,1,40.6,8.9,52.2,47.4
6929,0,2,0,0,3,1,61.7,1,0,0,0,0,0,0,1,0,33.3,4,3,1,2,0,1,0,0,22,0,1,0,0,1,0,0,0,1,0,0,1,2,4,1,3,46.2,10.3,51.2,27.1
6930,3,1,0,2,0,0,60.0,1,0,0,1,0,0,0,0,1,66.7,5,4,2,4,0,1,0,0,22,1,0,0,0,1,0,1,1,0,0,76,3,1,2,2,1,77.2,51.7,82.1,33.2
6931,3,1,2,0,0,0,40.0,3,0,1,0,1,0,0,0,1,100.0,4,4,4,3,1,0,0,1,6,1,0,0,0,1,0,1,1,0,0,76,3,2,5,2,2,67.2,44.0,74.2,44.0
6932,0,0,3,0,2,1,61.7,3,0,0,1,1,0,0,0,1,100.0,5,3,4,3,0,1,0,0,22,0,1,0,0,0,42,0,0,1,0,0,5,4,4,2,3,19.9,0.0,29.7,67.9
6933,1,3,0,2,0,0,60.0,3,0,0,0,0,1,0,0,0,33.3,2,2,1,3,1,1,0,0,52,0,0,0,1,1,0,1,1,0,0,76,3,4,5,1,1,94.9,57.6,85.0,11.8
6934,1,3,2,0,0,0,40.0,3,1,0,0,1,0,1,0,0,100.0,2,1,4,4,0,0,0,1,0,1,0,0,0,0,0,1,1,0,0,76,5,3,1,4,1,70.6,51.9,84.6,29.1
6935,0,3,2,1,0,0,63.3,2,1,0,0,0,0,0,1,0,66.7,2,1,2,2,1,0,0,1,6,1,0,0,0,0,0,1,0,0,1,2,3,3,2,1,2,53.8,5.8,55.7,25.9
6936,2,0,3,0,1,0,55.0,3,0,1,0,1,0,1,0,0,100.0,4,3,3,4,1,1,0,0,52,0,0,1,0,0,28,0,1,1,0,18,3,2,4,2,2,48.4,28.4,51.7,53.7
6937,2,3,0,0,1,0,43.3,1,0,1,0,0,0,0,0,0,33.3,4,2,3,2,0,0,1,1,10,1,0,0,0,0,0,0,1,0,0,46,5,1,5,1,1,80.1,39.5,85.5,16.6
6938,3,1,2,0,0,0,40.0,3,0,0,1,1,0,0,0,0,66.7,1,2,4,4,0,1,0,0,22,1,0,0,0,0,0,0,1,0,0,46,5,4,5,1,3,70.1,34.1,76.0,29.2
6939,0,1,2,3,0,0,63.3,2,0,0,1,0,0,0,0,0,33.3,2,2,4,4,0,1,1,0,56,1,0,0,0,0,0,1,1,0,0,76,2,1,4,1,2,98.0,67.0,100.0,18.0
6940,2,1,0,0,0,3,63.3,1,1,0,0,0,0,1,0,0,66.7,2,2,1,4,1,1,0,0,52,0,0,1,0,0,28,1,0,1,0,2,3,2,2,2,2,59.0,25.3,53.2,39.2
6941,0,2,3,0,0,1,65.0,4,0,0,0,1,0,0,1,1,100.0,2,2,3,4,1,0,0,1,6,1,0,0,0,0,0,1,1,0,0,76,2,3,5,4,1,71.0,49.9,79.1,34.6
6942,1,0,0,3,2,0,63.3,5,1,0,0,0,0,1,0,0,66.7,4,4,2,4,0,1,0,0,22,0,1,0,0,0,42,0,0,1,0,0,5,4,4,5,1,21.4,7.3,25.4,72.1
6943,2,0,3,1,0,0,63.3,3,0,0,0,1,0,0,1,0,66.7,1,2,3,4,0,1,0,0,22,1,0,0,0,0,0,1,0,0,0,30,5,3,4,1,1,68.6,37.5,75.5,30.0
6944,0,1,0,3,0,2,70.0,4,0,0,0,0,0,1,0,0,33.3,2,3,1,3,0,1,0,0,22,1,1,0,0,0,14,1,0,1,0,2,5,3,5,5,3,32.6,12.9,37.6,54.8
6945,1,3,2,0,0,0,40.0,3,0,1,0,0,0,0,0,0,33.3,4,1,1,3,0,1,0,1,0,1,0,0,0,1,0,1,0,0,0,30,5,2,5,4,1,57.2,22.7,68.9,17.0
6946,1,3,0,0,2,0,43.3,4,0,0,1,0,0,0,0,0,33.3,1,2,3,4,0,1,0,1,0,1,0,0,0,0,0,1,0,0,0,30,2,2,1,1,1,76.7,40.5,86.5,7.1
6947,2,1,0,0,0,3,63.3,2,1,0,0,0,1,0,0,0,66.7,2,3,3,2,0,1,1,0,56,0,1,0,0,0,42,1,0,1,0,2,3,2,2,4,4,27.1,19.5,26.1,64.8
6948,1,3,2,0,0,0,40.0,1,0,0,0,1,0,1,0,1,100.0,5,2,2,3,0,1,1,0,56,0,0,1,0,0,28,1,1,0,0,76,3,4,5,4,1,61.8,46.8,55.8,47.0
6949,3,2,0,0,0,1,63.3,3,0,1,0,0,0,0,0,0,33.3,4,1,3,2,0,1,1,0,56,0,1,1,0,0,70,0,1,0,0,46,2,3,4,2,1,62.3,38.3,55.4,27.4
6950,3,2,0,0,0,1,63.3,3,1,0,0,0,0,1,0,0,66.7,2,4,1,4,1,0,0,1,6,1,0,0,0,0,0,1,0,0,1,2,1,3,4,4,3,33.0,5.2,42.7,57.0
6951,0,3,0,2,0,1,70.0,1,0,1,0,0,1,1,0,0,100.0,4,3,4,3,0,0,1,0,34,1,1,0,0,0,14,0,0,1,0,0,2,3,4,5,4,27.2,2.1,38.3,65.2
6952,2,0,1,0,3,0,55.0,1,1,0,0,1,0,1,0,0,100.0,4,3,1,3,0,1,0,0,22,1,0,1,0,0,0,1,1,0,0,76,3,2,5,1,2,74.5,45.3,69.5,34.2
6953,0,2,1,3,0,0,63.3,3,0,0,0,1,0,1,0,0,66.7,1,4,3,4,1,1,0,0,52,0,1,1,0,0,70,0,0,1,0,0,5,4,5,4,1,34.2,23.7,33.3,73.6
6954,0,0,3,0,2,1,61.7,5,0,0,0,0,0,1,1,1,100.0,5,3,3,3,0,1,0,1,0,0,1,0,1,0,62,1,0,1,0,2,5,2,4,2,2,16.7,9.6,26.4,68.5
6955,0,2,1,3,0,0,63.3,3,1,0,0,0,0,0,0,0,33.3,4,2,2,4,1,1,0,0,52,1,0,0,0,1,0,1,0,1,0,2,3,4,5,4,3,34.9,9.1,51.3,35.7
6956,1,0,2,0,0,3,65.0,5,0,0,1,0,0,0,0,1,66.7,5,3,3,4,0,1,0,1,0,0,1,1,0,0,70,1,1,0,0,76,2,4,4,4,4,16.8,23.3,27.9,61.8
6957,2,0,1,3,0,0,63.3,2,0,0,0,0,0,1,1,0,66.7,2,3,2,3,0,1,1,0,56,1,0,0,1,0,0,1,1,0,0,76,3,3,4,2,2,90.5,58.3,82.3,28.7
6958,2,3,1,0,0,0,40.0,4,1,0,0,0,1,1,0,0,100.0,4,3,3,4,0,0,1,1,10,0,0,1,1,0,48,1,0,0,0,30,5,3,4,5,4,15.9,12.6,29.9,74.1
6959,2,1,3,0,0,0,40.0,1,1,0,0,0,0,1,0,1,100.0,5,3,2,1,0,1,0,0,22,1,0,0,0,0,0,1,0,0,1,2,1,1,2,5,2,35.8,13.2,42.8,55.1
6960,1,0,3,0,0,2,65.0,3,0,0,0,0,1,0,0,0,33.3,1,2,3,4,0,1,0,1,0,1,0,0,0,0,0,1,0,0,1,2,2,3,1,5,1,50.9,14.7,72.2,28.4
6961,0,2,0,1,3,0,53.3,1,0,1,0,0,0,0,0,0,33.3,2,2,3,3,0,1,0,0,22,0,0,1,0,0,28,1,1,0,0,76,1,3,2,2,2,74.6,49.0,70.6,24.9
6962,0,1,3,2,0,0,63.3,4,1,0,0,0,0,0,0,0,33.3,5,1,3,4,0,1,1,0,56,0,1,0,0,0,42,0,0,1,1,0,1,4,5,5,4,20.4,2.5,31.0,43.7
6963,0,0,2,1,3,0,55.0,5,1,0,0,0,1,0,0,0,66.7,4,2,3,4,0,1,1,0,56,0,0,0,0,1,0,0,1,1,0,18,2,2,4,5,1,56.8,37.1,77.4,33.3
6964,3,0,2,1,0,0,63.3,4,0,1,0,0,1,0,0,1,100.0,5,2,3,4,1,1,0,0,52,0,1,0,1,0,62,1,1,0,0,76,3,2,4,4,4,37.0,50.4,37.7,70.4
6965,2,0,1,0,0,3,65.0,4,0,0,1,0,0,0,0,1,66.7,2,2,1,4,1,1,0,0,52,0,0,1,0,0,28,1,1,0,0,76,2,3,4,5,1,71.1,62.0,67.5,41.2
6966,0,3,2,1,0,0,63.3,4,1,0,0,0,1,0,0,0,66.7,2,3,2,4,1,0,0,1,6,1,1,0,0,0,14,1,0,0,1,2,5,3,2,1,1,48.4,14.3,56.7,44.8
6967,1,0,3,0,2,0,55.0,3,1,0,0,0,0,1,0,0,66.7,4,4,3,3,1,0,0,1,6,1,0,0,0,0,0,1,1,0,0,76,3,1,1,1,2,69.8,52.0,80.9,38.0
6968,0,1,2,0,0,3,65.0,3,0,0,1,0,0,0,1,1,100.0,4,4,3,4,0,1,1,0,56,1,1,0,0,0,14,0,1,0,0,46,2,4,4,2,2,60.7,34.6,56.2,51.3
6969,0,1,0,0,3,2,61.7,4,0,0,0,1,1,1,0,0,100.0,5,3,1,3,0,0,0,1,0,0,1,0,0,0,42,0,1,1,0,18,1,4,2,4,4,3.8,0.0,7.6,75.2
6970,1,0,0,0,2,3,71.7,5,0,0,0,0,0,1,0,1,66.7,4,3,1,1,0,1,0,0,22,0,1,0,0,0,42,0,0,1,0,0,1,4,4,4,4,11.4,0.0,8.6,60.9
6971,3,2,1,0,0,0,40.0,1,0,0,0,0,0,1,0,0,33.3,5,2,3,4,0,1,0,0,22,0,0,0,0,1,0,0,1,0,1,18,3,2,1,4,3,42.4,13.5,67.1,29.2
6972,2,0,0,0,1,3,71.7,3,1,0,0,1,0,0,1,0,100.0,4,3,2,4,0,0,1,1,10,1,0,0,0,0,0,0,0,0,1,0,3,2,5,4,1,39.5,17.4,54.1,46.7
6973,2,1,0,0,3,0,43.3,3,0,0,0,1,0,0,0,0,33.3,2,2,3,4,1,1,0,0,52,1,0,0,0,1,0,1,1,0,0,76,2,2,1,2,1,95.2,73.4,100.0,11.1
6974,1,2,3,0,0,0,40.0,3,0,0,0,1,0,1,0,0,66.7,2,2,3,4,0,1,1,0,56,1,0,0,1,0,0,1,1,0,0,76,3,3,2,2,2,92.4,61.5,90.4,19.2
6975,0,2,3,1,0,0,63.3,3,0,1,0,0,0,0,0,1,66.7,4,2,4,3,0,1,0,0,22,1,0,0,0,0,0,1,1,0,0,76,5,1,2,2,2,80.1,53.5,83.9,29.7
6976,2,3,1,0,0,0,40.0,2,0,0,1,0,0,1,0,0,66.7,4,1,3,2,1,0,0,0,30,0,0,0,0,1,0,0,0,1,0,0,1,2,4,1,3,48.7,5.2,60.3,16.7
6977,0,0,2,1,0,3,61.7,3,1,1,1,0,0,0,0,0,100.0,2,4,2,3,0,1,0,1,0,0,1,1,0,0,70,0,1,1,0,18,1,3,4,5,2,18.9,19.3,17.2,83.5
6978,3,0,1,2,0,0,63.3,3,0,1,0,0,0,1,0,1,100.0,2,4,3,4,0,1,0,0,22,1,0,0,0,1,0,1,1,0,0,76,2,2,4,2,4,66.0,46.7,70.6,51.7
6979,3,0,2,1,0,0,63.3,1,0,0,0,0,0,1,0,0,33.3,2,2,1,1,0,1,0,0,22,1,0,0,0,0,0,1,0,0,0,30,3,4,4,2,1,71.9,29.5,62.0,17.1
6980,0,3,2,0,0,1,65.0,4,0,1,0,0,0,0,1,0,66.7,5,2,4,2,0,1,0,0,22,1,0,0,0,0,0,1,0,0,1,2,1,2,1,2,1,50.0,14.0,67.3,29.4
6981,2,3,0,1,0,0,60.0,3,1,1,0,1,0,0,0,0,100.0,5,4,1,4,0,1,1,0,56,0,1,1,0,0,70,0,0,1,0,0,1,4,5,2,3,14.5,5.4,14.6,74.5
6982,0,2,3,1,0,0,63.3,3,1,1,0,1,0,0,0,0,100.0,4,2,3,2,1,0,0,1,6,0,0,1,0,0,28,1,0,0,0,30,5,1,1,4,1,45.7,30.7,48.2,54.7
6983,1,0,2,3,0,0,63.3,5,1,0,0,0,0,0,1,0,66.7,2,2,3,2,0,1,0,0,22,0,0,1,1,0,48,1,0,0,0,30,2,1,4,1,4,42.1,35.0,41.4,49.1
6984,2,3,0,1,0,0,60.0,1,0,0,1,1,0,1,0,0,100.0,2,2,3,3,0,0,1,0,34,0,0,0,0,1,0,1,0,0,0,30,3,3,5,1,3,62.8,27.2,61.7,40.6
6985,1,2,3,0,0,0,40.0,2,0,0,0,0,0,1,0,1,66.7,1,3,4,4,0,1,0,1,0,0,1,0,0,0,42,0,0,1,0,0,1,3,4,4,4,21.1,1.4,35.4,61.5
6986,2,3,0,0,1,0,43.3,3,0,0,0,1,0,1,0,0,66.7,2,3,3,1,0,1,0,1,0,1,0,0,0,1,0,0,0,0,1,0,3,2,5,1,2,55.7,15.0,58.7,34.6
6987,3,2,0,0,0,1,63.3,2,0,1,0,1,0,0,0,0,66.7,1,4,3,3,0,1,0,0,22,0,0,0,0,1,0,1,0,0,1,2,2,1,2,2,3,54.1,24.4,62.5,49.3
6988,0,3,1,0,2,0,48.3,2,0,0,0,0,0,1,0,0,33.3,4,3,4,1,0,1,1,0,56,1,0,0,0,1,0,1,1,0,0,76,3,2,4,2,1,91.7,62.5,88.5,16.6
6989,0,0,3,2,1,0,55.0,5,0,0,0,0,0,1,0,0,33.3,4,1,3,4,0,1,0,0,22,0,1,0,0,0,42,0,0,1,0,0,5,4,4,2,1,39.7,9.9,58.4,24.5
6990,0,0,1,2,0,3,61.7,5,0,1,1,0,0,0,1,0,100.0,4,2,3,4,1,0,0,0,30,1,0,0,0,0,0,1,1,0,0,76,5,1,1,2,1,85.9,62.6,95.8,37.7
6991,0,1,0,0,3,2,61.7,5,0,0,1,0,0,0,1,0,66.7,4,3,1,3,0,1,0,0,22,0,1,1,0,0,70,0,0,0,1,0,1,3,4,2,1,30.1,14.6,25.3,56.9
6992,3,2,0,0,1,0,43.3,2,0,1,0,0,0,0,0,0,33.3,4,2,4,1,0,1,0,0,22,1,0,0,0,0,0,1,1,0,0,76,1,1,5,2,1,85.3,55.9,95.0,8.2
6993,2,3,0,1,0,0,60.0,1,0,0,0,0,0,0,0,1,33.3,4,2,3,1,1,1,0,0,52,1,0,0,0,1,0,1,0,0,0,30,3,3,1,1,2,71.6,34.4,70.0,16.9
6994,1,2,0,3,0,0,60.0,3,0,0,0,1,0,0,1,0,66.7,1,3,4,4,0,1,1,0,56,0,0,1,1,0,48,0,1,1,0,18,3,2,4,2,1,61.8,43.2,70.7,45.0
6995,0,1,3,2,0,0,63.3,1,1,0,0,0,0,0,0,1,66.7,4,2,3,1,0,1,0,1,0,1,0,0,0,0,0,1,1,0,0,76,2,1,4,5,3,59.9,42.1,63.8,38.3
6996,2,1,0,3,0,0,60.0,3,0,1,0,0,1,0,0,0,66.7,4,2,3,3,0,0,1,1,10,1,0,0,0,1,0,0,1,0,1,18,3,2,4,5,1,49.2,23.6,73.7,38.6
6997,0,0,0,3,2,1,55.0,5,0,0,0,0,0,1,0,0,33.3,4,3,3,4,1,1,0,0,52,1,0,0,1,0,0,0,0,1,0,0,5,2,5,1,1,64.3,27.7,77.4,27.5
6998,0,3,2,0,1,0,48.3,3,0,0,0,0,1,0,1,1,100.0,5,2,3,1,0,1,0,1,0,1,0,0,0,1,0,1,0,0,0,30,3,2,5,1,2,53.1,19.4,59.5,33.0
6999,0,3,2,1,0,0,63.3,2,0,1,0,0,0,0,1,0,66.7,4,1,3,3,0,1,0,0,22,0,0,1,0,0,28,0,1,1,0,18,2,1,5,4,2,42.9,27.3,56.2,39.2
7000,2,1,3,0,0,0,40.0,3,0,0,0,1,0,0,0,0,33.3,2,1,3,3,0,0,1,0,34,1,0,1,0,0,0,1,0,1,0,2,5,4,5,4,3,48.2,14.8,60.9,28.0
7001,2,0,3,0,1,0,55.0,3,0,0,0,1,0,1,0,0,66.7,2,2,1,1,0,1,0,1,0,0,0,1,1,0,48,1,1,0,0,76,3,2,2,2,2,65.7,49.8,45.4,43.6
7002,2,0,3,0,1,0,55.0,4,0,1,0,0,0,0,0,0,33.3,1,2,2,2,1,1,0,0,52,1,0,0,0,0,0,1,0,0,0,30,2,2,1,1,3,74.5,41.2,70.3,18.7
7003,3,0,2,1,0,0,63.3,2,1,1,0,1,0,0,0,0,100.0,1,1,3,3,0,1,0,0,22,0,1,0,0,0,42,1,1,0,0,76,3,2,1,1,3,71.8,54.2,67.3,33.8
7004,3,0,2,0,1,0,55.0,3,0,1,0,1,0,0,0,0,66.7,5,3,3,2,1,1,0,0,52,0,0,0,0,1,0,0,0,1,1,0,3,3,2,2,2,44.9,17.0,56.6,40.9
7005,3,0,1,0,0,2,65.0,5,0,1,0,1,0,1,0,0,100.0,4,3,3,1,0,1,0,1,0,1,0,0,0,0,0,0,1,0,1,18,1,1,4,2,1,59.0,30.6,63.2,33.8
7006,2,0,3,1,0,0,63.3,2,0,1,0,0,0,1,0,0,66.7,2,1,1,3,1,0,1,0,64,1,0,0,0,0,0,1,1,0,0,76,1,3,4,1,2,97.6,63.7,81.4,14.4
7007,3,0,0,1,2,0,63.3,2,0,0,0,1,0,0,1,1,100.0,4,3,3,2,0,0,1,0,34,0,1,0,0,0,42,0,1,1,0,18,2,4,4,5,4,18.2,6.5,16.5,70.0
7008,2,3,0,0,1,0,43.3,2,0,0,0,0,1,0,0,1,66.7,4,4,1,3,0,1,1,0,56,1,1,0,0,0,14,0,1,1,0,18,1,4,4,4,2,40.3,20.9,44.7,51.1
7009,0,1,3,2,0,0,63.3,3,0,0,1,1,0,0,0,0,66.7,4,4,3,4,0,1,0,1,0,0,0,0,0,1,0,1,0,0,0,30,2,2,1,5,2,41.5,14.7,57.6,56.4
7010,1,3,2,0,0,0,40.0,2,1,0,0,0,1,0,1,0,100.0,4,4,3,3,0,1,0,0,22,1,0,1,0,0,0,0,1,1,0,18,5,4,1,4,3,31.7,6.3,37.4,66.6
7011,3,2,0,0,0,1,63.3,4,1,0,0,1,1,0,0,0,100.0,5,3,3,4,0,1,0,0,22,0,0,1,0,0,28,1,1,0,0,76,3,4,2,4,2,51.3,37.4,55.1,54.0
7012,3,2,1,0,0,0,40.0,3,1,1,0,0,0,0,0,1,100.0,2,4,2,3,0,1,0,1,0,1,0,1,0,0,0,1,0,0,0,30,5,2,4,1,1,65.0,37.4,66.0,49.0
7013,0,3,2,0,0,1,65.0,5,0,0,0,1,1,0,0,0,66.7,5,2,3,4,0,1,0,0,22,0,0,1,1,0,48,1,0,1,0,2,5,3,4,5,3,13.7,0.0,32.1,61.5
7014,2,0,3,0,1,0,55.0,1,1,0,0,0,0,0,0,0,33.3,1,4,3,3,0,1,0,1,0,1,0,0,1,0,0,1,0,0,0,30,3,1,2,2,1,69.4,37.5,80.0,34.5
7015,2,0,3,0,0,1,65.0,1,1,0,0,1,0,0,0,0,66.7,4,2,2,3,0,0,1,0,34,1,0,0,0,1,0,0,0,1,0,0,5,3,5,5,1,45.9,11.2,53.2,41.0
7016,2,1,3,0,0,0,40.0,2,1,0,0,1,0,0,1,0,100.0,2,3,1,1,0,1,0,0,22,0,0,0,0,1,0,1,1,0,0,76,2,1,5,2,3,74.2,56.9,63.3,41.4
7017,1,3,0,0,2,0,43.3,3,0,0,0,0,0,0,0,1,33.3,5,1,3,4,0,1,1,0,56,1,0,0,0,1,0,1,1,0,0,76,5,1,5,2,2,86.3,63.0,94.7,13.7
7018,3,0,2,0,0,1,65.0,2,0,1,0,1,0,1,0,0,100.0,5,4,3,3,1,1,0,0,52,1,0,0,0,1,0,1,0,1,0,2,2,4,1,2,4,32.3,3.9,41.5,55.1
7019,3,1,0,0,0,2,63.3,3,0,0,0,1,0,0,1,1,100.0,2,4,1,3,0,1,1,0,56,1,1,0,0,0,14,0,0,0,1,0,1,2,5,4,3,43.8,23.3,44.5,66.6
7020,2,3,1,0,0,0,40.0,3,1,0,0,0,0,0,0,0,33.3,2,4,4,3,0,1,1,0,56,0,0,0,1,1,0,1,0,1,0,2,2,1,5,4,3,50.3,35.7,62.1,40.9
7021,2,1,3,0,0,0,40.0,3,0,0,0,1,0,0,1,0,66.7,4,4,1,2,0,1,0,0,22,1,0,1,0,0,0,1,0,0,0,30,5,3,1,2,1,54.1,27.3,55.5,41.9
7022,3,2,0,0,1,0,43.3,3,1,0,0,0,0,0,0,1,66.7,1,2,3,3,1,1,0,0,52,1,1,0,0,0,14,0,1,0,0,46,3,3,4,2,2,76.1,51.3,72.8,31.6
7023,2,1,3,0,0,0,40.0,3,0,1,0,1,0,0,0,0,66.7,5,3,1,2,1,0,1,0,64,0,1,1,0,0,70,1,0,1,0,2,5,2,5,2,1,35.7,27.0,31.6,57.6
7024,1,2,0,0,0,3,63.3,3,1,0,0,0,0,1,0,1,100.0,2,1,2,4,0,0,1,1,10,1,0,0,0,0,0,1,1,0,0,76,2,3,2,2,1,83.5,54.5,84.0,20.7
7025,0,2,3,0,0,1,65.0,4,0,0,0,1,0,1,1,0,100.0,4,3,4,1,0,1,0,0,22,1,0,1,0,0,0,1,0,0,0,30,3,3,4,5,2,43.5,22.3,49.5,56.9
7026,2,3,0,0,0,1,63.3,3,0,1,0,0,0,0,0,0,33.3,4,4,1,4,1,0,1,0,64,0,0,1,0,0,28,1,1,0,0,76,5,2,2,1,3,68.5,55.1,64.7,43.6
7027,2,3,1,0,0,0,40.0,4,1,0,1,0,0,0,1,0,100.0,5,3,2,4,0,0,0,1,0,0,1,0,0,0,42,0,0,1,1,0,5,4,4,1,2,21.0,0.0,31.0,56.4
7028,0,1,3,0,0,2,65.0,3,0,0,0,1,1,1,0,0,100.0,4,4,3,3,0,1,0,0,22,1,1,0,0,0,14,1,1,0,0,76,1,3,5,2,3,58.4,42.6,65.4,52.5
7029,0,2,0,1,0,3,70.0,3,0,0,0,1,0,0,0,0,33.3,4,3,1,4,1,0,0,0,30,0,1,1,0,0,70,0,1,0,0,46,2,4,1,1,3,36.5,25.7,28.7,52.4
7030,0,2,0,1,0,3,70.0,5,0,0,1,1,1,0,0,0,100.0,5,4,4,4,0,1,0,0,22,0,1,0,0,0,42,1,0,1,0,2,1,2,5,4,1,28.3,17.0,47.6,64.4
7031,0,3,0,0,2,1,61.7,2,0,0,1,1,0,0,0,0,66.7,5,1,4,3,0,1,0,0,22,0,1,0,0,0,42,0,1,1,0,18,5,2,4,4,3,25.0,12.2,41.7,52.0
7032,0,1,0,2,0,3,70.0,3,0,0,0,0,1,0,0,0,33.3,5,4,1,4,0,1,0,0,22,0,1,0,0,0,42,1,0,1,0,2,5,4,4,5,4,6.8,0.0,10.7,65.9
7033,3,1,0,0,0,2,63.3,5,0,0,0,1,0,0,1,0,66.7,2,3,3,3,1,0,0,0,30,1,0,1,0,0,0,1,1,0,0,76,2,2,4,1,3,77.0,60.6,72.5,31.3
7034,3,2,0,0,0,1,63.3,3,0,0,0,0,0,1,0,1,66.7,2,2,4,3,0,0,0,1,0,1,0,0,0,0,0,0,1,0,1,18,5,2,5,1,2,58.9,17.6,72.5,31.0
7035,1,0,0,0,2,3,71.7,3,0,1,0,0,0,0,0,0,33.3,4,3,1,3,0,1,0,0,22,1,1,0,0,0,14,0,0,1,0,0,5,1,2,5,4,22.5,11.5,27.9,60.4
7036,3,2,0,1,0,0,60.0,3,0,1,1,0,0,1,0,0,100.0,4,4,3,4,1,1,0,0,52,0,1,0,1,0,62,1,0,1,0,2,5,2,4,2,1,37.0,30.8,43.8,71.0
7037,3,1,0,2,0,0,60.0,4,1,1,0,0,0,0,0,0,66.7,2,4,3,1,0,0,0,1,0,1,1,0,0,0,14,0,1,1,0,18,5,4,2,5,1,46.1,19.3,44.8,58.0
7038,0,1,3,2,0,0,63.3,3,0,1,0,1,1,0,0,0,100.0,4,3,4,4,0,0,1,0,34,0,1,1,0,0,70,1,1,0,0,76,2,3,5,2,3,51.1,46.3,47.5,58.3
7039,0,0,1,2,3,0,55.0,4,0,0,0,1,1,1,0,0,100.0,2,4,1,2,0,1,0,0,22,0,0,1,0,0,28,0,0,0,1,0,5,3,2,2,4,28.7,5.9,20.5,69.0
7040,0,1,0,0,3,2,61.7,2,0,0,0,0,1,0,0,0,33.3,5,4,1,3,0,1,0,1,0,0,1,1,0,0,70,1,0,1,0,2,5,4,4,2,3,3.9,0.0,5.0,66.4
7041,3,1,2,0,0,0,40.0,2,1,0,0,0,0,0,0,0,33.3,2,2,3,3,0,1,0,1,0,0,1,0,0,1,0,1,1,0,0,76,5,2,2,2,4,68.1,44.0,72.9,26.1
7042,0,2,0,3,1,0,53.3,3,1,0,0,0,0,1,0,0,66.7,5,2,1,4,0,1,0,0,22,1,0,0,0,0,0,1,0,1,0,2,2,2,5,1,1,58.3,13.6,69.7,17.5
7043,3,0,0,0,2,1,71.7,4,0,0,0,0,0,0,0,1,33.3,1,3,4,4,1,0,1,0,64,1,0,0,0,0,0,1,0,0,0,30,3,2,4,1,2,83.7,53.3,87.7,26.2
7044,2,1,3,0,0,0,40.0,3,0,0,0,1,0,0,1,0,66.7,2,4,4,4,0,1,1,0,56,0,0,0,1,1,0,1,1,0,0,76,3,2,4,2,1,93.0,69.5,93.5,37.4
7045,3,0,0,0,1,2,71.7,2,0,0,0,1,0,0,0,0,33.3,1,3,3,3,0,0,1,0,34,0,1,0,0,0,42,1,1,0,0,76,2,2,2,2,1,78.4,61.4,72.9,36.2
7046,0,3,0,0,2,1,61.7,5,0,1,0,0,0,1,1,0,100.0,2,4,1,3,0,1,0,0,22,0,1,0,0,0,42,1,1,0,0,76,5,3,5,5,1,55.6,55.3,44.9,70.3
7047,3,1,2,0,0,0,40.0,1,0,0,0,0,0,1,0,0,33.3,2,3,2,3,0,1,1,0,56,0,0,0,1,1,0,1,0,1,0,2,2,3,5,2,2,66.2,19.5,69.7,26.6
7048,3,1,0,0,0,2,63.3,1,1,0,0,0,0,0,1,0,66.7,2,4,3,1,0,1,0,0,22,1,1,0,0,0,14,0,1,0,0,46,3,1,4,4,1,70.7,46.7,66.4,50.7
7049,0,3,2,0,1,0,48.3,2,0,0,0,0,1,1,1,0,100.0,1,4,4,1,0,1,0,1,0,1,0,0,0,0,0,1,0,0,0,30,3,2,1,4,2,50.8,31.3,56.6,57.3
7050,2,0,1,0,3,0,55.0,5,0,0,0,0,1,0,0,0,33.3,4,3,4,4,0,1,0,0,22,0,0,1,0,0,28,1,0,0,1,2,3,2,1,2,2,43.8,19.2,62.3,41.6
7051,0,0,1,0,3,2,61.7,5,1,0,0,0,0,0,0,0,33.3,4,4,1,3,1,0,0,0,30,1,1,0,0,0,14,1,0,0,0,30,5,3,5,2,1,60.0,33.0,60.0,36.8
7052,2,1,3,0,0,0,40.0,3,0,0,1,1,0,1,0,0,100.0,5,4,3,3,1,0,1,0,64,0,1,0,0,0,42,0,1,0,0,46,5,4,5,1,3,43.5,28.7,37.1,60.7
7053,3,2,1,0,0,0,40.0,3,0,0,0,0,0,0,0,1,33.3,5,1,3,4,0,1,0,0,22,0,0,1,0,0,28,1,1,0,0,76,5,3,4,5,4,41.5,32.4,47.1,35.4
7054,3,2,0,1,0,0,60.0,3,0,0,0,1,0,0,0,0,33.3,4,2,4,3,1,0,0,0,30,1,0,0,0,1,0,1,1,0,0,76,2,2,4,5,3,61.6,51.2,73.7,30.4
7055,0,3,0,0,2,1,61.7,3,0,1,1,0,0,0,0,0,66.7,2,1,4,4,1,0,1,0,64,0,0,0,1,0,20,0,1,0,0,46,1,2,5,1,1,81.8,55.6,95.1,15.1
7056,3,0,2,0,0,1,65.0,1,1,0,1,0,0,0,1,0,100.0,4,2,2,4,1,1,0,0,52,1,0,1,0,0,0,1,1,0,0,76,1,1,5,1,3,82.5,54.2,83.3,30.6
7057,3,2,0,0,1,0,43.3,4,0,0,0,0,1,0,0,0,33.3,4,3,3,3,0,1,1,0,56,0,1,0,0,0,42,0,0,1,1,0,3,3,5,4,2,39.7,18.2,43.3,46.2
7058,3,0,1,2,0,0,63.3,1,1,1,1,0,0,0,0,0,100.0,4,3,2,4,0,1,0,0,22,1,0,1,0,0,0,1,0,1,0,2,3,2,5,2,2,39.4,12.3,53.9,44.9
7059,0,3,0,0,2,1,61.7,2,0,0,1,1,0,1,0,0,100.0,5,3,4,4,0,1,0,0,22,1,0,1,0,0,0,1,1,0,0,76,3,3,1,2,1,72.2,45.8,80.2,39.4
7060,1,3,2,0,0,0,40.0,3,1,0,0,0,0,0,0,0,33.3,4,3,1,4,1,1,0,0,52,0,0,0,0,1,0,1,0,1,0,2,3,4,5,5,4,30.0,4.5,38.6,44.6
7061,3,2,0,0,0,1,63.3,3,1,0,1,0,0,0,0,1,100.0,5,4,3,3,1,0,1,0,64,1,0,0,1,0,0,1,0,0,0,30,2,2,2,5,4,39.5,29.2,48.5,66.5
7062,0,2,1,0,3,0,48.3,3,0,1,0,1,0,0,0,0,66.7,2,4,4,3,1,1,0,0,52,1,0,0,0,0,0,1,1,0,0,76,5,1,2,1,3,82.9,64.7,83.3,43.1
7063,3,2,0,1,0,0,60.0,3,0,1,0,1,1,0,0,0,100.0,4,3,3,1,0,1,0,0,22,1,0,0,0,1,0,0,0,0,1,0,2,2,4,4,2,41.4,9.5,49.7,49.4
7064,0,2,1,0,3,0,48.3,3,1,0,0,1,0,0,0,0,66.7,2,1,1,4,0,1,0,0,22,1,0,1,0,0,0,1,1,0,0,76,3,2,5,2,1,84.3,64.5,81.2,19.0
7065,0,2,0,1,0,3,70.0,2,0,0,0,1,0,1,0,1,100.0,4,2,2,1,1,0,0,0,30,0,1,0,0,0,42,0,1,0,0,46,2,4,5,2,4,34.3,17.8,22.6,53.2
7066,3,1,0,2,0,0,60.0,3,0,0,0,0,0,1,1,0,66.7,4,2,4,1,1,0,1,0,64,0,0,0,0,1,0,0,1,1,0,18,2,2,2,1,2,67.4,34.7,71.5,24.6
7067,3,0,1,2,0,0,63.3,2,0,1,0,1,0,0,0,0,66.7,2,2,3,2,1,1,0,0,52,1,0,0,0,0,0,1,1,0,0,76,3,2,5,4,3,81.8,58.2,78.2,35.0
7068,0,3,0,2,1,0,53.3,2,0,1,0,1,0,1,0,0,100.0,4,3,3,4,0,1,1,0,56,1,0,0,1,0,0,1,1,0,0,76,2,3,5,2,1,85.2,57.0,85.8,34.1
7069,0,0,1,3,0,2,61.7,2,0,0,0,0,0,1,0,0,33.3,2,4,1,3,0,1,0,0,22,0,1,0,0,0,42,1,0,0,1,2,5,3,4,5,3,28.0,12.9,24.0,70.7
7070,1,3,2,0,0,0,40.0,3,0,1,1,0,1,0,0,0,100.0,2,4,3,2,1,0,0,0,30,0,1,0,0,0,42,0,1,1,0,18,2,2,4,5,1,46.8,34.7,45.6,66.4
7071,2,1,3,0,0,0,40.0,3,1,0,0,0,0,0,0,0,33.3,4,4,4,3,0,0,1,1,10,1,0,1,0,0,0,1,1,0,0,76,2,2,1,2,1,80.2,46.3,92.6,24.1
7072,0,2,3,0,1,0,48.3,3,0,0,0,1,1,0,0,0,66.7,2,3,1,3,1,1,0,0,52,1,0,0,0,0,0,1,1,0,0,76,2,3,2,4,3,72.6,57.2,63.4,39.7
7073,1,3,0,0,2,0,43.3,3,0,1,1,0,0,1,0,0,100.0,2,3,3,3,0,1,0,1,0,1,0,0,0,1,0,1,1,0,0,76,2,3,2,1,1,85.7,48.1,88.1,30.8
7074,3,0,2,0,1,0,55.0,2,0,0,0,1,0,1,0,0,66.7,2,2,4,4,1,0,1,0,64,1,0,0,1,0,0,1,1,0,0,76,5,1,4,2,1,100.0,74.7,100.0,28.0
7075,3,0,2,0,0,1,65.0,3,0,0,0,1,0,0,0,0,33.3,4,1,3,4,0,1,1,0,56,0,0,1,0,0,28,0,1,1,0,18,2,3,4,1,2,62.6,28.0,69.5,19.4
7076,3,0,2,1,0,0,63.3,5,1,0,0,0,0,1,0,0,66.7,2,1,3,4,0,1,1,0,56,0,0,0,0,1,0,0,1,0,0,46,5,2,4,2,1,90.5,57.8,91.7,23.0
7077,0,2,0,0,1,3,61.7,3,1,0,1,1,0,0,0,0,100.0,5,4,3,2,0,1,0,0,22,1,0,0,0,0,0,1,0,0,0,30,3,2,5,2,1,55.3,28.8,62.4,45.4
7078,1,0,3,0,0,2,65.0,2,0,1,1,0,0,0,1,0,100.0,5,3,2,4,1,0,1,0,64,0,1,0,0,0,42,0,0,1,0,0,1,2,1,4,2,32.6,19.8,36.3,64.6
7079,3,0,1,0,2,0,55.0,3,0,1,0,0,0,0,1,1,100.0,1,2,3,4,0,1,1,0,56,0,0,1,0,0,28,0,1,1,0,18,2,4,5,5,2,45.8,26.2,55.9,50.9
7080,1,0,0,3,0,2,73.3,3,1,1,1,0,0,0,0,0,100.0,5,3,3,2,0,1,0,0,22,1,0,0,1,0,0,1,0,0,0,30,3,4,1,2,4,35.8,7.6,44.4,57.3
7081,0,1,3,0,2,0,48.3,5,0,1,1,0,1,0,0,0,100.0,5,2,4,3,0,1,0,0,22,0,0,1,0,0,28,0,1,1,0,18,5,4,4,4,4,21.4,1.7,29.3,61.0
7082,3,1,0,0,0,2,63.3,2,1,0,0,0,1,1,0,0,100.0,4,3,1,3,0,1,0,0,22,0,1,0,0,0,42,0,1,1,0,18,1,3,5,5,4,13.1,7.2,15.6,73.7
7083,1,0,2,0,3,0,55.0,2,1,0,0,1,0,1,0,0,100.0,2,1,4,2,0,1,1,0,56,1,1,0,0,0,14,1,0,0,0,30,1,3,5,5,1,64.0,39.8,67.8,36.2
7084,1,2,3,0,0,0,40.0,3,1,1,0,1,0,0,0,0,100.0,4,3,4,4,0,1,1,0,56,0,0,1,0,0,28,1,1,0,0,76,3,3,1,2,2,69.4,54.7,62.3,50.3
7085,1,0,2,0,3,0,55.0,3,0,1,0,1,0,0,0,0,66.7,2,2,4,3,0,0,0,1,0,1,0,0,0,0,0,1,0,0,0,30,3,2,1,2,4,52.8,23.5,70.4,32.1
7086,3,2,0,1,0,0,60.0,1,0,0,0,1,1,0,0,0,66.7,2,4,1,3,0,0,1,0,34,1,0,0,0,0,0,0,1,1,0,18,5,4,4,2,2,57.1,21.8,49.9,47.9
7087,0,0,3,2,0,1,61.7,4,0,0,1,1,0,1,0,0,100.0,5,2,3,2,0,1,0,0,22,0,1,0,0,0,42,0,0,1,0,0,1,4,4,5,4,5.3,0.0,11.9,66.4
7088,2,3,1,0,0,0,40.0,3,0,0,0,1,0,1,0,1,100.0,1,2,3,3,1,1,0,0,52,1,0,0,0,0,0,0,0,0,1,0,3,3,1,2,2,63.5,23.8,67.5,35.5
7089,2,1,0,0,3,0,43.3,4,0,0,1,1,0,0,0,0,66.7,2,3,1,3,0,1,0,1,0,1,0,0,0,0,0,1,0,0,0,30,3,3,5,2,2,54.3,23.8,52.9,38.2
7090,0,2,1,3,0,0,63.3,2,0,1,0,0,1,1,0,0,100.0,4,4,1,3,0,1,1,0,56,0,1,0,0,0,42,1,0,0,1,2,5,3,5,5,2,20.0,13.6,22.4,78.9
7091,3,1,2,0,0,0,40.0,5,0,0,0,0,0,0,0,1,33.3,2,3,3,4,1,1,0,0,52,1,0,0,0,0,0,0,1,0,0,46,1,1,1,4,1,83.3,59.1,95.0,23.1
7092,3,2,0,0,1,0,43.3,1,1,0,0,1,0,0,0,1,100.0,4,1,4,4,1,0,0,1,6,1,0,0,0,0,0,1,1,0,0,76,3,1,5,4,1,74.3,54.9,89.4,31.0
7093,3,2,0,0,0,1,63.3,1,0,0,1,0,0,0,0,1,66.7,2,2,3,3,0,1,0,1,0,1,0,0,0,0,0,1,0,0,0,30,3,3,4,1,1,62.6,23.5,72.7,26.6
7094,2,0,1,3,0,0,63.3,5,0,1,0,0,1,1,0,0,100.0,5,3,3,4,1,0,1,0,64,0,0,1,0,1,0,0,1,1,0,18,3,1,5,4,1,52.6,43.1,67.3,55.4
7095,2,3,0,0,1,0,43.3,3,0,0,0,1,0,0,0,1,66.7,5,2,3,3,1,1,0,0,52,1,0,0,0,0,0,1,0,0,0,30,3,3,5,2,1,69.6,29.4,73.7,22.2
7096,1,3,2,0,0,0,40.0,1,0,0,0,0,0,0,1,0,33.3,1,1,2,4,0,1,0,0,22,1,0,0,0,0,0,1,0,0,1,2,3,1,2,2,2,62.4,24.4,80.6,17.0
7097,0,1,3,0,2,0,48.3,5,1,0,0,1,0,0,0,0,66.7,2,4,4,4,0,1,0,0,22,0,1,0,0,0,42,1,0,1,0,2,1,3,2,5,2,25.5,19.8,43.0,62.9
7098,1,2,3,0,0,0,40.0,4,1,1,1,0,0,0,0,0,100.0,2,4,1,4,0,1,0,0,22,0,1,1,0,0,70,0,0,1,0,0,5,4,2,4,4,6.2,5.9,0.0,90.3
7099,0,0,1,3,2,0,55.0,1,0,1,0,1,0,0,0,0,66.7,2,3,3,1,0,1,0,0,22,1,1,0,0,0,14,1,0,0,0,30,3,3,4,2,1,67.5,32.6,63.4,33.6
7100,1,0,0,2,3,0,63.3,2,0,0,0,0,0,0,1,0,33.3,2,1,3,4,0,1,0,0,22,1,0,1,0,0,0,1,1,0,0,76,1,3,1,1,1,93.8,58.3,98.0,4.1
7101,3,0,1,2,0,0,63.3,1,0,0,1,0,0,0,0,1,66.7,4,1,2,1,0,1,0,0,22,1,0,0,0,0,0,0,1,1,0,18,2,1,1,5,3,42.5,17.0,46.0,39.9
7102,3,0,2,1,0,0,63.3,4,0,1,0,0,0,0,0,0,33.3,2,2,1,3,1,1,0,0,52,1,1,0,0,0,14,0,1,0,0,46,5,2,5,1,1,87.6,54.0,83.6,19.9
7103,1,0,0,3,0,2,73.3,2,0,0,0,1,0,0,0,0,33.3,4,3,3,3,1,0,0,0,30,0,0,1,0,0,28,1,0,0,0,30,2,4,5,1,3,44.9,18.3,51.8,38.1
7104,2,3,0,0,1,0,43.3,1,0,0,0,1,0,1,0,0,66.7,4,2,3,2,0,1,0,0,22,1,0,0,0,0,0,1,0,0,0,30,3,3,4,5,2,47.8,19.5,58.8,39.3
7105,0,3,0,2,0,1,70.0,1,0,0,0,0,1,0,1,0,66.7,5,2,3,4,0,1,1,0,56,0,1,0,0,0,42,0,1,0,1,18,5,3,5,4,2,39.5,23.1,49.5,59.9
7106,0,0,2,0,3,1,61.7,3,0,0,0,0,0,0,1,0,33.3,5,3,2,1,1,0,0,0,30,0,1,1,0,0,70,0,0,1,1,0,1,4,5,5,4,3.4,0.0,0.0,67.7
7107,1,0,2,0,0,3,65.0,3,0,0,0,0,0,1,0,0,33.3,4,3,2,4,1,1,0,0,52,1,0,1,0,0,0,1,1,0,0,76,1,2,4,2,2,78.9,57.0,78.7,27.8
7108,3,2,0,0,0,1,63.3,2,0,1,0,1,0,1,0,0,100.0,2,4,3,3,0,1,0,0,22,0,1,0,0,0,42,1,0,1,0,2,2,1,5,1,2,45.9,26.3,47.4,61.1
7109,0,0,0,3,2,1,55.0,3,0,0,0,0,0,1,0,0,33.3,5,3,3,4,0,1,0,0,22,0,1,0,0,0,42,1,0,0,0,30,2,2,5,5,1,40.1,29.9,54.5,46.9
7110,2,0,0,0,3,1,71.7,1,0,1,0,0,0,0,1,0,66.7,4,2,4,3,0,1,0,0,22,1,0,0,0,0,0,0,0,0,1,0,1,3,2,4,1,48.2,13.6,65.1,34.0
7111,0,3,1,0,2,0,48.3,1,0,1,0,1,0,0,0,0,66.7,2,3,4,4,1,0,1,0,64,1,0,0,0,1,0,1,1,0,0,76,1,3,5,5,4,67.3,50.1,73.8,47.6
7112,0,2,1,0,3,0,48.3,4,0,0,0,1,0,0,0,0,33.3,4,4,3,3,0,0,0,1,0,0,1,0,0,1,0,0,1,0,1,18,1,4,2,1,4,34.8,4.3,47.2,34.2
7113,3,0,0,1,0,2,73.3,3,1,0,0,0,0,1,0,0,66.7,4,2,2,3,0,1,0,0,22,1,0,1,0,0,0,1,1,0,0,76,2,2,2,2,2,76.6,50.1,77.3,28.7
7114,0,1,2,3,0,0,63.3,3,0,0,1,0,0,0,0,0,33.3,4,3,3,3,0,1,1,0,56,0,0,1,0,0,28,0,0,1,0,0,5,4,4,4,3,28.6,11.7,36.6,51.7
7115,0,2,1,3,0,0,63.3,3,0,0,1,0,0,1,1,0,100.0,5,2,4,4,0,1,0,1,0,0,0,1,0,0,28,1,0,1,0,2,5,3,4,4,2,18.0,0.0,39.3,54.6
7116,0,3,1,2,0,0,63.3,2,0,0,0,0,0,0,1,1,66.7,4,4,1,4,0,1,1,0,56,1,0,0,0,0,0,0,1,1,0,18,2,3,4,5,1,49.9,30.9,57.4,47.6
7117,1,3,0,0,2,0,43.3,1,1,0,0,0,1,0,0,0,66.7,5,1,3,3,0,1,0,0,22,0,1,0,0,0,42,0,1,0,0,46,5,3,4,4,4,28.2,18.3,32.7,50.8
7118,1,0,2,0,3,0,55.0,3,1,0,0,1,0,1,0,0,100.0,2,2,4,4,1,0,0,0,30,1,1,0,0,0,14,1,1,0,0,76,2,3,5,2,1,80.2,56.7,85.1,32.7
7119,2,1,0,0,0,3,63.3,3,0,1,0,0,0,0,1,0,66.7,2,4,2,1,0,1,0,1,0,0,0,1,0,1,0,1,0,0,0,30,3,1,1,1,1,65.6,33.3,64.4,39.4
7120,0,0,1,2,0,3,61.7,5,0,0,0,1,1,0,0,0,66.7,5,3,3,4,0,1,0,0,22,0,1,0,1,0,62,1,0,0,0,30,2,4,2,4,2,19.5,17.3,27.1,67.7
7121,1,0,0,0,3,2,71.7,5,1,0,1,0,0,0,0,1,100.0,5,4,2,4,1,0,0,0,30,0,1,0,0,0,42,1,0,1,0,2,5,4,1,5,3,9.4,2.8,18.5,83.6
7122,0,0,3,0,1,2,61.7,2,0,0,1,0,0,0,0,0,33.3,4,4,3,4,1,0,1,0,64,1,0,0,0,1,0,1,0,0,0,30,2,3,1,2,4,53.2,21.3,59.5,36.6
7123,1,2,0,0,0,3,63.3,3,1,0,0,1,0,0,0,0,66.7,4,2,4,1,1,1,0,0,52,0,0,1,0,1,0,1,0,0,1,2,5,3,4,2,2,56.1,19.4,62.8,33.8
7124,0,2,1,0,0,3,65.0,5,0,0,0,0,0,1,0,0,33.3,2,3,1,2,0,0,1,1,10,1,1,0,0,0,14,0,1,1,0,18,5,3,4,5,3,37.4,18.0,33.4,52.0
7125,0,1,3,0,0,2,65.0,4,0,1,0,1,0,0,0,0,66.7,5,4,1,2,0,1,1,0,56,1,0,0,0,0,0,1,0,0,1,2,2,2,4,4,3,34.8,19.2,38.7,59.1
7126,3,0,2,1,0,0,63.3,3,0,1,0,0,1,1,0,0,100.0,4,1,4,4,1,1,0,0,52,0,0,1,0,0,28,1,0,0,0,30,3,2,2,4,1,53.9,44.1,71.6,41.9
7127,3,1,0,2,0,0,60.0,3,0,0,0,1,0,1,0,0,66.7,5,2,2,4,1,0,1,0,64,1,0,1,0,0,0,1,0,0,0,30,2,1,4,5,2,58.7,40.6,67.7,34.7
7128,1,3,0,0,2,0,43.3,3,0,0,0,1,0,0,0,0,33.3,2,2,3,4,0,1,0,0,22,1,0,0,0,0,0,1,1,0,0,76,3,3,2,1,2,89.7,52.4,88.2,13.4
7129,0,2,0,3,1,0,53.3,5,0,1,0,0,0,1,0,0,66.7,5,4,1,4,0,1,0,0,22,1,0,0,0,0,0,0,0,1,0,0,5,4,5,5,2,24.7,5.6,36.8,58.6
7130,3,1,2,0,0,0,40.0,3,0,0,0,1,1,1,0,0,100.0,1,1,2,2,1,0,1,0,64,0,0,1,0,0,28,1,0,0,0,30,5,3,5,4,4,49.4,40.3,39.2,52.1
7131,3,0,1,0,0,2,65.0,4,1,0,0,0,0,0,0,0,33.3,4,1,4,4,0,1,1,0,56,1,0,0,0,0,0,1,0,0,0,30,5,1,4,1,1,82.9,46.4,93.5,14.8
7132,0,3,1,0,0,2,65.0,5,0,0,0,0,1,0,0,0,33.3,4,3,3,3,0,1,1,0,56,0,1,0,0,0,42,0,0,1,0,0,1,1,4,5,1,45.8,31.2,53.2,51.8
7133,0,1,0,2,0,3,70.0,3,0,0,0,0,0,0,0,1,33.3,2,3,3,3,0,1,1,0,56,0,1,1,0,0,70,1,1,0,0,76,1,2,2,5,1,67.7,70.3,60.5,49.0
7134,3,0,2,0,1,0,55.0,4,0,1,0,0,1,0,0,0,66.7,2,3,3,3,0,1,0,0,22,0,1,0,0,1,0,0,0,1,1,0,5,2,4,5,2,38.0,17.9,58.1,54.6
7135,3,0,1,0,0,2,65.0,4,0,0,1,0,0,1,0,0,66.7,4,3,3,2,0,1,0,0,22,0,1,0,0,1,0,0,0,1,0,0,3,3,5,4,3,30.6,5.9,40.8,49.2
7136,3,2,1,0,0,0,40.0,3,0,1,0,1,0,0,0,0,66.7,5,2,1,4,1,1,0,0,52,0,1,0,0,0,42,1,1,0,0,76,2,4,1,4,2,56.1,49.3,51.2,40.8
7137,2,3,0,0,1,0,43.3,3,0,0,1,0,0,0,0,0,33.3,2,3,4,1,0,0,1,1,10,1,0,0,0,0,0,1,1,0,0,76,3,1,2,2,1,86.3,56.8,88.6,19.6
7138,2,3,1,0,0,0,40.0,3,1,0,0,0,1,1,0,0,100.0,2,3,3,2,0,0,0,1,0,1,0,0,0,0,0,0,0,0,1,0,2,2,1,2,2,52.4,19.0,59.0,39.3
7139,2,0,0,3,1,0,63.3,5,0,1,0,0,1,1,0,0,100.0,5,4,4,4,0,1,0,0,22,0,1,0,0,0,42,1,0,0,0,30,2,4,4,5,3,14.8,15.3,33.8,74.4
7140,3,0,0,1,2,0,63.3,2,0,0,1,0,0,0,0,0,33.3,4,1,4,4,1,0,1,0,64,0,0,1,0,1,0,0,1,0,0,46,2,1,1,2,1,86.2,62.9,100.0,12.4
7141,1,0,2,0,3,0,55.0,3,0,0,1,0,0,1,0,1,100.0,2,3,3,1,0,1,0,0,22,1,1,0,0,0,14,1,0,0,1,2,3,1,2,1,3,45.6,19.8,46.9,52.2
7142,2,0,0,3,1,0,63.3,4,0,0,0,1,1,1,0,0,100.0,4,3,2,4,0,1,0,0,22,1,0,0,0,0,0,1,0,0,0,30,2,4,2,2,1,58.7,29.7,62.8,41.3
7143,3,2,0,0,0,1,63.3,2,0,1,1,0,0,1,0,0,100.0,1,3,1,2,1,0,1,0,64,0,1,0,0,0,42,0,1,1,0,18,5,3,1,2,2,54.9,32.5,40.1,60.3
7144,2,0,0,0,3,1,71.7,4,1,0,0,0,0,1,0,0,66.7,4,2,4,2,0,0,0,1,0,0,0,0,0,1,0,0,0,1,1,0,5,2,4,2,1,48.1,10.5,68.2,35.5
7145,0,3,0,2,1,0,53.3,3,0,0,0,0,0,1,1,0,66.7,4,2,4,3,0,1,0,0,22,0,0,1,0,1,0,0,1,0,0,46,5,1,5,2,1,71.0,47.1,91.3,31.7
7146,0,0,0,3,2,1,55.0,5,0,0,1,1,0,0,0,0,66.7,5,4,2,3,0,0,1,1,10,0,1,1,0,0,70,0,0,1,1,0,1,4,5,5,2,5.0,0.0,8.4,72.6
7147,1,2,3,0,0,0,40.0,5,0,0,0,0,1,0,0,0,33.3,2,3,3,3,1,0,0,0,30,0,1,1,0,0,70,1,1,0,0,76,1,3,5,5,2,51.9,57.1,48.5,53.7
7148,3,0,2,0,1,0,55.0,4,0,1,0,1,0,0,0,0,66.7,4,3,3,3,0,1,0,0,22,0,1,1,0,0,70,0,1,1,0,18,5,3,2,5,2,17.3,16.7,20.5,70.4
7149,2,3,1,0,0,0,40.0,3,0,0,0,0,0,0,0,1,33.3,2,3,2,2,0,0,0,1,0,1,0,0,0,1,0,1,0,0,0,30,2,3,1,5,1,58.7,29.0,59.8,27.9
7150,2,1,3,0,0,0,40.0,2,0,0,1,0,0,0,0,0,33.3,1,1,2,1,1,1,0,0,52,0,0,0,0,1,0,1,0,0,0,30,3,1,5,2,1,94.0,50.5,87.9,8.6
7151,0,3,1,0,0,2,65.0,3,0,0,0,0,0,1,1,0,66.7,2,1,3,4,1,0,0,0,30,0,0,1,0,1,0,1,0,0,0,30,2,2,1,5,1,63.9,35.5,77.8,28.1
7152,0,0,2,0,3,1,61.7,1,0,0,1,1,0,0,0,0,66.7,1,4,4,3,0,0,0,1,0,1,0,0,0,0,0,0,1,1,0,18,5,2,2,4,1,57.0,21.6,70.2,50.6
7153,1,3,2,0,0,0,40.0,3,0,0,0,0,1,1,0,0,66.7,2,1,3,3,0,0,0,1,0,1,0,0,0,0,0,1,0,0,0,30,5,3,4,1,3,59.7,18.4,64.4,22.7
7154,1,2,3,0,0,0,40.0,2,0,1,0,1,1,0,0,0,100.0,4,3,1,1,0,1,1,0,56,0,1,0,0,0,42,0,1,0,0,46,3,2,4,2,1,64.1,50.8,46.2,49.0
7155,1,3,0,2,0,0,60.0,2,0,0,0,1,0,1,0,1,100.0,2,4,1,4,1,1,0,0,52,1,0,0,0,0,0,1,1,0,0,76,5,4,4,5,4,62.8,46.3,51.2,66.6
7156,0,0,1,0,2,3,61.7,2,0,1,0,0,1,1,0,0,100.0,5,4,3,4,0,1,0,1,0,1,1,0,0,0,14,0,0,1,0,0,1,2,5,4,3,22.0,0.0,43.0,63.1
7157,3,2,1,0,0,0,40.0,3,0,0,0,0,0,1,0,0,33.3,4,3,1,2,1,0,0,0,30,0,1,0,1,0,62,1,0,0,0,30,1,3,4,5,3,24.0,18.4,19.2,53.5
7158,1,2,3,0,0,0,40.0,3,0,0,0,1,1,0,0,0,66.7,2,4,4,1,0,1,1,0,56,0,0,0,1,0,20,1,0,1,0,2,2,1,2,1,1,63.2,35.3,64.4,40.6
7159,0,2,3,0,1,0,48.3,5,1,0,1,0,0,0,0,1,100.0,4,2,4,3,1,0,1,0,64,1,0,1,0,0,0,1,1,0,0,76,2,3,5,1,2,88.8,60.8,88.9,31.4
7160,0,0,3,1,0,2,61.7,4,0,1,0,0,0,0,0,0,33.3,1,4,2,1,1,1,0,0,52,1,0,0,0,1,0,1,1,0,0,76,3,2,4,2,2,94.2,63.6,78.4,26.5
7161,3,0,2,0,1,0,55.0,2,1,0,0,0,0,0,0,0,33.3,2,1,4,4,1,1,0,0,52,0,0,0,1,0,20,1,0,0,0,30,5,3,1,1,1,74.1,41.3,81.3,18.0
7162,3,0,2,0,0,1,65.0,3,0,1,1,0,0,0,0,1,100.0,2,3,2,3,1,1,0,0,52,0,0,1,0,0,28,0,1,0,0,46,1,3,5,2,1,67.9,50.6,61.5,41.9
7163,2,3,0,0,0,1,63.3,3,1,0,0,1,0,0,0,0,66.7,5,4,3,3,0,1,1,0,56,0,1,0,0,0,42,1,1,0,0,76,5,3,5,4,3,49.9,50.1,44.5,63.5
7164,0,0,0,1,2,3,55.0,2,1,0,0,1,0,0,1,0,100.0,2,3,1,1,0,1,0,0,22,0,1,0,0,0,42,1,0,0,0,30,5,4,5,2,3,41.8,19.0,26.3,62.4
7165,1,2,0,0,0,3,63.3,1,0,0,1,1,0,1,0,0,100.0,5,2,1,4,0,1,0,1,0,0,1,0,0,0,42,0,1,1,0,18,1,3,5,5,3,19.9,0.5,22.7,60.3
7166,3,2,0,0,0,1,63.3,4,0,0,0,0,0,1,0,1,66.7,4,3,1,4,0,1,1,0,56,0,1,0,1,0,62,0,1,1,0,18,5,1,2,5,2,37.6,38.8,30.7,68.5
7167,2,0,1,0,3,0,55.0,5,0,1,0,0,1,0,0,0,66.7,4,3,3,4,0,0,1,1,10,0,0,1,0,0,28,0,0,1,0,0,3,2,5,1,2,37.1,13.0,54.1,44.4
7168,1,2,0,3,0,0,60.0,2,0,0,0,1,0,0,0,0,33.3,4,2,3,4,0,1,0,1,0,0,0,0,0,1,0,1,0,0,0,30,3,1,2,5,1,55.3,29.1,79.0,28.0
7169,3,1,2,0,0,0,40.0,3,0,0,0,1,0,0,0,0,33.3,4,4,3,3,0,1,0,0,22,0,0,1,0,0,28,1,1,0,0,76,2,3,4,2,3,60.2,42.4,58.1,34.1
7170,2,3,0,1,0,0,60.0,3,0,1,0,0,0,0,0,1,66.7,4,3,2,3,0,1,0,1,0,0,1,0,0,1,0,1,0,0,0,30,5,1,4,2,1,62.5,32.9,69.6,34.9
7171,0,3,1,0,2,0,48.3,3,1,0,0,1,0,0,1,0,100.0,1,1,4,2,0,1,0,1,0,1,1,0,0,0,14,1,0,0,0,30,1,1,2,2,2,64.0,36.7,70.4,27.0
7172,3,1,0,0,0,2,63.3,3,0,1,0,0,0,1,0,1,100.0,2,4,1,3,0,0,1,0,34,0,1,0,1,0,62,1,0,0,0,30,2,3,2,4,2,32.4,30.0,22.2,78.3
7173,0,2,0,3,0,1,70.0,3,1,0,0,0,0,1,0,0,66.7,4,2,2,3,0,1,0,0,22,0,1,0,0,0,42,1,0,0,1,2,5,4,4,5,3,15.3,1.9,23.4,63.4
7174,1,3,2,0,0,0,40.0,2,1,0,0,0,0,0,1,0,66.7,4,1,3,4,1,0,1,0,64,1,0,0,1,0,0,1,1,0,0,76,3,3,5,5,1,77.8,60.6,90.0,20.7
7175,1,3,0,0,2,0,43.3,5,1,1,0,0,0,1,0,0,100.0,4,4,3,2,1,0,1,0,64,0,1,0,0,0,42,0,0,1,0,0,5,3,1,2,4,23.6,12.1,25.5,69.2
7176,0,0,3,0,2,1,61.7,4,0,0,0,1,0,1,0,1,100.0,5,3,4,1,0,0,0,1,0,1,0,0,0,1,0,0,0,0,1,0,2,2,5,5,3,20.8,0.7,42.7,54.4
7177,3,1,2,0,0,0,40.0,2,0,1,0,0,0,1,1,0,100.0,2,1,4,1,1,0,0,0,30,1,0,0,0,0,0,0,1,0,1,18,3,3,5,2,1,61.0,27.2,65.7,28.1
7178,1,3,0,2,0,0,60.0,3,0,0,0,0,0,1,0,0,33.3,4,2,3,3,0,1,1,0,56,0,1,0,1,0,62,1,0,0,0,30,3,1,5,2,3,42.5,37.5,44.1,44.0
7179,2,1,3,0,0,0,40.0,3,1,0,0,0,0,0,0,0,33.3,1,2,1,2,0,1,0,1,0,1,0,0,0,0,0,1,0,0,0,30,2,2,2,5,1,65.9,35.7,65.3,24.5
7180,0,3,0,0,1,2,61.7,4,1,0,0,0,1,0,0,0,66.7,5,3,1,4,0,1,0,0,22,0,0,0,0,1,0,1,0,0,0,30,5,4,2,4,2,41.8,17.3,50.2,44.4
7181,0,1,3,0,0,2,65.0,3,0,1,0,0,0,1,0,0,66.7,1,3,1,3,0,1,1,0,56,0,1,0,0,0,42,1,0,1,0,2,5,3,5,4,2,40.2,24.0,33.7,60.8
7182,0,0,1,0,3,2,61.7,3,0,0,1,1,0,0,0,0,66.7,1,2,3,2,0,1,0,0,22,1,0,0,0,0,0,0,0,1,0,0,1,2,2,2,1,63.4,23.0,70.8,28.0
7183,3,1,2,0,0,0,40.0,3,0,0,1,1,0,0,0,0,66.7,2,4,3,3,0,0,0,1,0,1,0,0,1,0,0,1,1,0,0,76,3,4,5,4,1,69.3,45.7,73.3,41.7
7184,2,0,1,0,0,3,65.0,3,1,0,0,0,0,1,0,0,66.7,4,3,1,2,0,1,0,0,22,1,0,0,0,1,0,0,0,0,1,0,5,1,1,2,1,59.3,21.3,61.1,40.2
7185,0,0,2,0,1,3,61.7,3,0,0,0,0,1,0,0,1,66.7,4,3,4,4,0,1,0,0,22,1,0,0,0,0,0,1,1,0,0,76,5,2,5,1,1,83.4,54.2,95.6,34.4
7186,3,1,0,0,2,0,43.3,3,0,0,0,1,0,1,0,0,66.7,4,3,2,1,0,1,0,0,22,1,0,1,0,0,0,0,1,1,0,18,2,2,4,4,1,52.3,24.6,55.9,38.7
7187,3,0,1,0,0,2,65.0,4,0,1,0,0,0,0,0,0,33.3,2,4,1,4,0,1,0,0,22,0,0,0,1,0,20,0,0,1,0,0,1,3,5,1,3,47.2,18.4,46.2,39.0
7188,0,3,2,0,1,0,48.3,5,0,1,0,0,0,0,0,0,33.3,4,3,3,3,0,1,1,0,56,0,0,1,0,0,28,1,0,0,0,30,1,2,5,2,2,58.2,39.0,67.0,34.4
7189,1,0,2,0,3,0,55.0,3,0,0,0,0,0,1,0,0,33.3,5,2,3,3,0,1,0,0,22,0,0,1,0,0,28,0,0,0,1,0,3,1,4,4,1,44.7,20.4,61.1,37.1
7190,2,0,1,0,0,3,65.0,1,0,0,0,0,0,1,0,0,33.3,2,2,2,2,0,0,0,1,0,1,0,0,0,0,0,1,0,0,0,30,2,1,1,2,3,61.7,27.9,72.4,20.4
7191,0,2,3,0,1,0,48.3,3,1,0,0,0,1,0,0,0,66.7,5,4,2,4,0,0,1,1,10,0,0,1,0,1,0,1,0,1,0,2,5,3,5,4,3,24.6,1.7,43.5,54.5
7192,0,2,3,1,0,0,63.3,2,0,0,0,1,0,0,0,0,33.3,1,2,1,2,0,1,1,0,56,1,0,0,0,0,0,1,0,0,1,2,3,3,5,4,3,50.4,20.7,48.5,35.1
7193,1,0,2,0,3,0,55.0,3,0,0,0,1,0,0,0,0,33.3,4,3,3,2,1,1,0,0,52,1,0,0,0,0,0,0,0,1,1,0,3,1,1,2,2,59.3,26.9,69.0,30.6
7194,2,3,0,0,1,0,43.3,5,0,0,1,0,0,0,0,0,33.3,2,1,2,1,1,1,0,0,52,1,0,0,0,0,0,1,0,1,0,2,2,3,4,2,1,71.8,27.7,69.7,10.9
7195,1,0,2,0,3,0,55.0,1,0,1,0,1,0,0,1,0,100.0,4,2,2,3,0,1,1,0,56,1,0,0,0,0,0,1,0,0,0,30,2,3,2,2,2,65.1,30.8,60.3,33.4
7196,1,0,0,3,2,0,63.3,1,1,1,0,0,0,1,0,0,100.0,5,3,3,2,0,1,0,1,0,1,0,0,0,0,0,1,0,0,0,30,3,1,4,2,1,51.0,26.4,56.8,40.6
7197,1,2,0,0,0,3,63.3,1,0,0,0,0,0,0,0,1,33.3,2,1,1,3,0,0,1,0,34,1,0,0,0,0,0,1,0,0,1,2,5,1,1,1,1,72.6,31.2,77.4,10.5
7198,0,3,2,0,1,0,48.3,3,0,0,1,1,0,0,0,0,66.7,4,2,2,4,0,1,0,1,0,1,0,0,0,0,0,1,0,0,0,30,3,2,1,2,3,50.8,15.4,57.6,29.0
7199,3,1,2,0,0,0,40.0,3,1,0,0,1,0,0,1,0,100.0,4,4,2,4,0,1,1,0,56,1,1,0,0,0,14,1,0,1,0,2,2,2,5,2,2,47.1,21.7,50.7,55.7
7200,0,3,0,2,1,0,53.3,3,0,0,0,0,1,1,0,1,100.0,1,1,2,2,0,1,0,0,22,0,1,0,0,1,0,0,0,1,0,0,2,2,2,4,2,51.3,18.1,58.6,41.0
7201,0,2,0,0,3,1,61.7,4,0,0,0,0,0,1,1,0,66.7,5,3,2,3,0,0,0,1,0,0,1,0,0,0,42,1,0,0,1,2,5,4,2,5,3,6.5,0.0,14.3,70.3
7202,0,0,1,2,0,3,61.7,3,0,0,0,0,0,0,0,1,33.3,1,3,3,2,0,1,0,1,0,1,0,1,0,0,0,0,0,1,0,0,2,3,1,5,2,44.2,8.6,56.7,39.2
7203,3,0,2,0,0,1,65.0,2,0,0,1,0,1,0,0,1,100.0,5,3,1,4,0,1,0,0,22,0,1,1,0,0,70,0,0,1,0,0,2,4,4,5,3,0.8,0.0,0.0,77.7
7204,3,2,0,0,0,1,63.3,1,1,0,1,1,0,0,0,0,100.0,4,3,4,4,1,1,0,0,52,1,0,0,0,0,0,1,0,0,0,30,5,3,4,2,1,65.7,29.9,71.2,47.5
7205,1,0,0,2,0,3,73.3,1,0,0,0,0,0,1,0,0,33.3,5,3,1,4,0,1,0,0,22,0,1,0,0,0,42,0,0,1,0,0,1,3,4,5,2,22.6,0.0,31.5,53.8
7206,0,3,2,1,0,0,63.3,3,0,1,0,0,0,0,0,0,33.3,2,1,3,3,1,1,0,0,52,0,1,0,0,0,42,1,1,0,0,76,3,2,4,4,2,72.0,67.5,73.3,30.2
7207,0,1,3,2,0,0,63.3,1,0,0,0,1,0,0,0,0,33.3,1,2,3,4,1,0,1,0,64,0,0,1,1,0,48,1,1,0,0,76,1,2,4,2,1,90.2,75.7,83.8,28.6
7208,3,0,0,0,1,2,71.7,3,1,0,0,1,0,0,0,0,66.7,2,4,3,4,0,0,1,0,34,0,1,1,0,0,70,0,1,0,0,46,1,3,4,2,2,47.2,41.7,42.2,61.6
7209,1,0,0,0,3,2,71.7,2,1,1,0,0,0,0,1,0,100.0,4,4,3,3,0,1,0,0,22,1,0,0,0,0,0,1,0,1,0,2,2,1,5,1,1,52.7,20.9,64.8,49.4
7210,0,2,3,0,0,1,65.0,3,0,0,0,1,0,1,0,0,66.7,2,3,2,2,1,1,0,0,52,0,0,0,0,1,0,1,0,0,0,30,1,2,2,1,2,72.5,40.2,70.3,29.9
7211,1,3,0,0,2,0,43.3,3,0,0,1,0,0,0,1,0,66.7,4,3,1,2,0,1,0,0,22,0,1,1,0,0,70,0,1,1,0,18,5,4,4,5,3,8.8,10.2,2.1,74.9
7212,3,1,2,0,0,0,40.0,1,0,0,1,1,0,0,1,0,100.0,4,3,3,4,0,1,1,0,56,1,1,0,0,0,14,1,0,0,0,30,2,3,4,2,3,44.1,28.6,55.3,47.0
7213,2,0,1,0,3,0,55.0,2,0,0,1,0,0,0,0,0,33.3,2,2,3,4,1,1,0,0,52,0,0,1,1,0,48,1,1,0,0,76,1,1,4,2,1,84.3,76.9,85.3,22.7
7214,2,3,0,0,0,1,63.3,1,0,1,0,0,0,0,0,1,66.7,2,2,3,3,1,0,0,0,30,1,1,0,0,0,14,0,1,0,1,18,3,2,4,5,1,55.2,31.1,64.0,40.8
7215,1,2,3,0,0,0,40.0,3,0,0,1,0,0,0,0,0,33.3,2,1,4,2,0,1,0,0,22,0,1,0,0,0,42,1,0,0,1,2,2,2,1,1,1,59.8,21.1,61.4,22.1
7216,1,0,3,0,2,0,55.0,2,0,0,0,0,0,0,0,1,33.3,5,3,1,2,0,1,0,1,0,0,1,1,0,0,70,0,0,1,0,0,1,3,4,4,2,14.1,0.0,16.8,51.9
7217,2,0,0,3,0,1,73.3,2,1,0,0,0,0,0,0,0,33.3,1,3,3,4,1,0,1,0,64,1,0,0,0,0,0,0,1,1,0,18,3,2,5,2,1,78.7,44.5,85.7,26.0
7218,2,1,0,3,0,0,60.0,1,0,1,1,0,1,0,0,0,100.0,5,3,4,3,0,1,1,0,56,0,1,1,0,0,70,1,0,0,0,30,1,2,4,4,3,21.6,30.0,26.9,76.2
7219,2,1,3,0,0,0,40.0,5,0,0,0,0,0,1,0,0,33.3,2,3,2,2,1,0,1,0,64,1,0,0,0,1,0,1,1,0,0,76,3,2,1,2,1,100.0,75.0,89.3,21.9
7220,0,1,2,0,0,3,65.0,2,1,0,0,0,0,1,0,0,66.7,5,2,2,3,0,0,0,1,0,0,1,1,0,0,70,0,0,1,0,0,5,4,1,5,4,0.0,0.0,0.0,73.1
7221,2,0,1,0,3,0,55.0,4,0,0,0,1,1,0,0,0,66.7,2,4,1,4,0,1,0,0,22,1,0,0,0,0,0,1,0,0,0,30,2,2,2,1,1,72.7,37.8,73.7,33.7
7222,0,1,0,3,2,0,53.3,3,0,0,1,1,0,0,0,0,66.7,2,2,2,4,0,1,1,0,56,0,1,0,0,1,0,1,1,0,0,76,3,4,1,2,1,90.5,58.7,84.6,23.2
7223,2,3,0,1,0,0,60.0,3,0,0,0,1,0,1,0,0,66.7,4,4,4,3,1,0,1,0,64,1,0,1,0,0,0,0,1,1,0,18,2,1,1,2,3,63.2,34.1,74.0,46.0
7224,1,0,3,0,0,2,65.0,2,1,0,1,1,0,0,0,0,100.0,5,3,1,3,0,1,0,0,22,0,1,1,0,0,70,1,0,0,1,2,1,3,5,5,4,0.0,0.0,0.3,80.3
7225,0,3,1,0,0,2,65.0,2,0,0,0,1,0,0,1,0,66.7,2,2,1,4,0,0,0,1,0,0,1,1,0,0,70,1,0,0,1,2,5,4,4,4,3,10.9,2.4,9.3,67.5
7226,0,3,2,0,1,0,48.3,3,0,1,0,1,0,0,0,0,66.7,2,1,4,2,0,1,0,0,22,0,0,0,0,1,0,1,1,0,0,76,2,2,4,2,1,87.0,61.0,92.7,13.8
7227,1,0,0,3,2,0,63.3,2,0,1,0,0,0,0,1,0,66.7,2,2,1,4,0,0,1,0,34,0,0,1,0,0,28,1,0,1,0,2,5,3,5,1,1,54.4,20.9,61.2,34.2
7228,2,1,0,0,0,3,63.3,4,1,1,0,0,0,0,0,0,66.7,4,2,2,4,1,0,0,0,30,1,1,0,0,0,14,1,1,0,0,76,2,2,4,1,2,79.1,52.4,74.9,27.3
7229,0,1,3,0,0,2,65.0,4,1,1,0,0,1,0,0,0,100.0,5,4,1,4,1,1,0,0,52,0,1,1,0,0,70,0,0,1,0,0,2,4,4,4,1,19.4,14.5,14.8,76.4
7230,3,0,1,0,0,2,65.0,4,0,1,0,0,1,1,0,0,100.0,2,1,2,2,1,1,0,0,52,1,0,1,0,0,0,0,0,1,1,0,3,2,5,1,2,63.9,31.8,69.6,31.2
7231,2,3,1,0,0,0,40.0,2,0,0,0,0,1,1,0,1,100.0,5,3,3,4,0,1,0,0,22,0,1,1,0,0,70,1,0,0,1,2,1,4,4,4,3,5.0,2.7,10.9,76.7
7232,1,2,0,3,0,0,60.0,4,0,1,1,1,0,0,0,0,100.0,5,3,1,2,0,1,0,1,0,0,0,1,0,0,28,0,0,1,0,0,5,4,2,4,3,13.6,0.0,15.3,74.9
7233,3,1,2,0,0,0,40.0,3,0,0,0,1,1,0,0,0,66.7,4,3,1,1,1,0,0,0,30,0,0,0,1,0,20,0,1,0,0,46,1,3,4,5,1,53.5,37.5,37.2,51.0
7234,2,3,1,0,0,0,40.0,2,0,0,0,0,0,1,0,0,33.3,4,1,4,1,0,0,1,0,34,0,0,0,1,0,20,1,1,0,0,76,2,1,4,5,3,65.0,58.3,69.5,23.5
7235,3,2,0,1,0,0,60.0,3,0,0,0,1,0,0,0,0,33.3,4,2,2,2,1,0,1,0,64,1,1,0,0,0,14,0,1,1,0,18,5,2,5,4,3,50.3,29.5,48.6,40.3
7236,3,0,2,0,1,0,55.0,5,1,0,0,1,0,0,0,0,66.7,1,2,1,1,0,1,0,1,0,1,0,0,0,1,0,1,0,0,1,2,3,4,4,1,2,52.6,3.1,49.3,29.8
7237,2,1,3,0,0,0,40.0,2,0,0,0,0,0,1,0,0,33.3,5,4,4,4,0,1,1,0,56,1,0,1,0,0,0,1,1,0,0,76,5,3,5,2,3,68.4,43.4,74.6,35.4
7238,1,0,0,0,2,3,71.7,1,0,0,0,1,0,1,0,0,66.7,4,4,2,3,0,1,0,0,22,0,1,0,0,0,42,0,0,0,1,0,5,3,2,5,1,24.2,6.8,31.7,64.6
7239,1,0,0,3,2,0,63.3,3,0,1,0,0,1,0,0,1,100.0,2,3,2,2,1,0,1,0,64,1,0,1,0,0,0,1,1,0,0,76,1,3,4,2,2,88.4,62.8,73.3,34.2
7240,1,2,3,0,0,0,40.0,2,0,1,0,1,0,0,0,1,100.0,4,2,3,1,1,0,0,1,6,0,0,0,0,1,0,1,1,0,0,76,3,1,5,2,1,81.3,56.4,82.5,26.6
7241,0,0,3,0,2,1,61.7,4,0,1,0,0,1,0,0,0,66.7,4,4,4,4,1,1,0,0,52,0,1,0,0,0,42,0,1,1,0,18,5,4,4,4,3,32.2,18.5,36.2,68.8
7242,0,3,1,0,0,2,65.0,2,0,1,0,1,0,1,0,0,100.0,5,2,3,3,0,1,0,1,0,0,1,0,0,0,42,1,1,0,0,76,3,2,1,1,1,61.0,43.2,64.5,36.1
7243,2,3,0,0,0,1,63.3,4,0,0,1,0,0,1,0,0,66.7,2,1,1,3,1,0,0,0,30,0,0,1,0,0,28,1,0,0,0,30,1,3,2,1,2,63.5,30.2,55.6,23.7
7244,2,3,1,0,0,0,40.0,2,1,1,0,0,0,0,0,0,66.7,5,3,1,4,1,1,0,0,52,0,1,1,0,0,70,1,1,0,0,76,3,2,4,2,1,59.9,57.9,48.7,47.6
7245,3,0,0,2,0,1,73.3,4,0,0,0,0,0,0,1,0,33.3,5,1,1,4,0,1,0,0,22,1,0,0,0,1,0,0,0,1,0,0,3,4,4,5,4,24.6,0.0,38.5,29.4
7246,0,2,3,0,1,0,48.3,5,0,0,0,1,0,0,0,0,33.3,4,3,4,3,0,1,0,0,22,0,1,0,0,1,0,1,0,0,1,2,3,3,2,5,1,47.7,14.6,64.1,31.6
7247,1,3,0,2,0,0,60.0,3,0,0,0,0,0,1,0,0,33.3,2,1,3,3,0,1,0,0,22,1,0,0,0,0,0,1,0,0,0,30,1,1,1,2,4,64.5,33.2,72.2,13.6
7248,2,0,1,0,0,3,65.0,1,0,0,0,0,0,1,0,0,33.3,5,2,4,3,1,0,1,0,64,0,0,0,0,1,0,0,1,0,1,18,2,2,5,1,1,73.5,33.2,87.1,13.9
7249,3,0,0,1,0,2,73.3,2,1,0,0,0,1,1,0,0,100.0,4,4,2,4,0,1,0,0,22,1,0,0,0,1,0,1,0,1,0,2,1,3,1,5,4,23.4,0.0,35.0,68.6
7250,3,2,1,0,0,0,40.0,4,0,1,0,0,1,0,1,0,100.0,4,3,3,4,0,1,0,1,0,0,1,0,0,0,42,0,0,1,0,0,5,2,4,5,3,8.4,2.5,27.5,77.3
7251,3,0,1,0,0,2,65.0,1,0,0,0,0,1,0,1,0,66.7,4,2,1,4,0,0,0,1,0,0,1,0,0,0,42,1,1,0,0,76,3,4,1,5,1,42.7,34.0,45.1,48.1
7252,3,0,1,2,0,0,63.3,4,0,0,1,1,0,1,0,0,100.0,2,2,3,4,0,1,0,0,22,1,1,0,0,0,14,1,0,0,0,30,3,2,2,2,1,62.6,40.4,68.0,42.0
7253,2,0,0,1,0,3,73.3,3,0,0,0,1,0,0,0,0,33.3,1,4,1,2,1,0,0,0,30,1,1,0,0,0,14,1,0,0,0,30,3,1,5,2,1,67.4,44.4,63.3,37.2
7254,3,0,2,0,1,0,55.0,3,0,0,0,1,0,0,0,1,66.7,2,2,2,1,0,1,0,1,0,1,0,0,0,0,0,0,1,0,1,18,3,1,1,2,3,52.9,23.0,55.7,34.5
7255,0,0,1,3,0,2,61.7,3,0,0,0,0,1,0,0,0,33.3,5,4,3,4,0,0,1,0,34,0,0,1,0,1,0,0,0,1,0,0,5,4,5,5,3,25.3,0.4,47.4,55.0
7256,2,3,1,0,0,0,40.0,3,0,0,1,1,0,1,0,0,100.0,4,1,3,2,0,0,1,0,34,0,0,1,0,0,28,0,1,0,0,46,3,4,5,2,1,61.9,33.1,61.0,32.5
7257,1,0,3,0,0,2,65.0,2,1,0,1,0,0,0,0,0,66.7,5,3,1,3,0,1,0,0,22,0,1,0,0,0,42,1,0,1,0,2,2,3,2,4,3,12.7,5.1,15.0,59.9
7258,3,0,2,1,0,0,63.3,3,0,0,0,1,0,0,1,1,100.0,4,2,1,2,0,1,0,1,0,1,0,0,0,0,0,0,0,0,1,0,2,3,2,5,3,20.4,0.0,29.1,53.4
7259,1,2,0,3,0,0,60.0,2,0,0,1,0,1,0,1,0,100.0,2,3,4,4,0,0,0,1,0,0,1,0,0,0,42,0,1,1,0,18,1,3,2,5,3,20.7,15.0,38.1,71.3
7260,0,2,0,0,1,3,61.7,4,1,0,0,0,1,1,0,0,100.0,5,3,3,3,0,0,1,0,34,0,1,0,0,0,42,0,0,1,1,0,3,2,2,4,2,24.0,15.3,33.5,70.3
7261,1,3,2,0,0,0,40.0,3,0,1,0,0,0,0,0,0,33.3,2,4,3,4,1,0,1,0,64,1,0,0,0,0,0,1,1,0,0,76,5,3,5,4,2,82.4,63.0,85.7,34.4
7262,1,3,0,2,0,0,60.0,3,0,0,0,1,0,0,0,0,33.3,4,2,4,3,1,0,1,0,64,1,0,0,0,0,0,0,1,0,0,46,3,2,5,2,1,80.1,54.4,94.6,21.5
7263,3,0,0,1,2,0,63.3,3,1,0,0,0,0,0,0,0,33.3,5,3,2,1,1,1,0,0,52,1,0,0,1,0,0,1,1,0,0,76,1,2,4,1,3,79.8,52.3,78.6,16.6
7264,3,1,2,0,0,0,40.0,3,1,0,0,1,0,0,1,0,100.0,1,2,1,3,0,1,0,0,22,1,0,0,0,0,0,1,0,0,1,2,1,3,1,1,1,66.1,21.4,59.0,32.1
7265,2,3,0,1,0,0,60.0,3,0,1,0,0,0,0,0,0,33.3,5,3,2,4,0,1,0,0,22,1,0,0,0,0,0,0,0,1,1,0,5,4,4,5,1,37.8,8.5,50.0,41.2
7266,3,1,2,0,0,0,40.0,1,0,0,0,0,0,0,1,0,33.3,1,3,2,3,1,0,0,1,6,1,0,0,0,0,0,0,1,0,1,18,3,2,5,4,3,47.1,17.1,54.7,36.0
7267,3,2,1,0,0,0,40.0,3,0,0,0,1,1,0,0,0,66.7,2,3,3,4,1,0,0,0,30,0,0,1,0,0,28,1,1,0,0,76,3,3,5,2,3,65.4,52.1,64.8,38.8
7268,0,0,3,0,1,2,61.7,3,0,0,0,1,0,0,0,0,33.3,5,1,4,1,0,1,0,1,0,1,0,0,0,1,0,1,1,0,0,76,2,2,2,2,3,64.3,37.5,73.3,15.8
7269,0,2,0,0,1,3,61.7,1,0,1,0,0,0,0,0,1,66.7,5,3,2,3,0,1,0,0,22,0,1,0,0,0,42,0,1,0,1,18,5,3,2,5,3,17.6,6.9,16.2,66.3
7270,2,1,0,3,0,0,60.0,3,0,0,0,1,0,0,1,0,66.7,1,2,4,4,1,0,0,0,30,1,0,0,0,0,0,1,1,0,0,76,3,2,4,1,1,97.2,65.3,99.9,21.7
7271,3,1,0,2,0,0,60.0,3,0,1,0,0,1,0,1,0,100.0,2,3,3,3,1,1,0,0,52,0,0,1,0,1,0,0,1,0,0,46,1,4,4,2,3,69.8,38.0,67.3,43.6
7272,1,3,0,0,0,2,63.3,5,0,0,1,0,0,1,0,1,100.0,5,1,2,1,0,1,1,0,56,0,0,1,0,0,28,1,0,1,0,2,3,3,2,4,2,37.9,22.5,42.1,48.1
7273,3,2,1,0,0,0,40.0,3,0,0,1,0,0,0,1,0,66.7,2,4,3,1,0,1,1,0,56,0,1,0,0,0,42,0,1,0,1,18,5,3,1,2,2,47.8,36.1,37.5,59.4
7274,0,1,3,0,2,0,48.3,2,0,1,0,1,0,0,0,1,100.0,2,2,3,4,1,1,0,0,52,0,1,0,1,0,62,1,0,0,0,30,2,1,5,1,1,65.9,54.7,63.6,46.7
7275,3,2,1,0,0,0,40.0,2,1,1,0,0,1,0,0,0,100.0,2,3,3,4,0,1,0,0,22,1,0,0,0,0,0,1,1,0,0,76,3,2,4,2,3,73.2,56.2,73.1,43.3
7276,3,1,2,0,0,0,40.0,4,1,0,1,0,0,0,1,0,100.0,2,3,4,3,0,1,0,0,22,0,1,0,0,0,42,1,1,0,0,76,2,4,4,4,4,47.6,37.5,44.5,62.6
7277,0,3,2,0,1,0,48.3,3,0,0,0,0,1,0,0,0,33.3,2,1,3,1,0,1,0,1,0,0,0,1,0,1,0,1,0,0,0,30,2,2,1,2,1,71.7,32.9,78.2,9.5
7278,0,0,1,3,2,0,55.0,3,0,1,0,1,0,0,0,0,66.7,2,3,3,4,1,0,1,0,64,0,0,0,0,1,0,0,1,0,0,46,3,2,4,1,3,75.8,47.0,75.2,36.5
7279,3,0,2,1,0,0,63.3,3,1,0,0,1,0,0,0,0,66.7,2,4,3,4,0,0,1,0,34,1,0,0,0,1,0,1,0,0,0,30,3,2,4,2,1,69.7,42.0,74.9,44.0
7280,3,0,0,0,2,1,71.7,3,0,0,0,0,0,1,0,0,33.3,4,2,3,4,1,0,1,0,64,0,0,0,0,1,0,1,0,1,0,2,1,2,5,2,1,69.4,27.1,87.4,19.0
7281,0,0,2,0,3,1,61.7,5,0,1,0,0,0,0,0,0,33.3,5,4,1,2,0,1,0,1,0,0,0,1,0,0,28,0,0,1,0,0,1,4,4,5,3,10.1,0.0,19.3,59.8
7282,1,3,0,0,0,2,63.3,3,1,0,1,0,0,0,1,0,100.0,2,3,4,3,0,1,1,0,56,1,0,0,0,0,0,0,0,0,1,0,2,1,1,2,3,57.5,31.5,73.4,46.0
7283,2,1,3,0,0,0,40.0,2,0,0,1,0,0,1,1,0,100.0,2,4,3,1,1,0,0,1,6,1,0,0,0,0,0,1,0,0,1,2,3,2,2,2,3,42.9,10.9,44.6,54.4
7284,0,3,2,0,1,0,48.3,1,1,0,1,0,0,0,0,0,66.7,5,4,4,4,0,1,0,0,22,0,1,0,0,0,42,1,1,0,0,76,5,3,4,5,4,33.1,32.8,45.2,71.1
7285,3,0,0,2,1,0,63.3,2,0,0,0,0,0,1,1,0,66.7,1,3,1,4,0,1,0,0,22,1,0,1,0,0,0,1,0,1,0,2,1,3,4,5,4,33.2,11.5,39.6,50.7
7286,0,1,2,3,0,0,63.3,5,0,1,0,0,0,0,0,0,33.3,2,2,1,2,0,0,0,1,0,0,0,1,1,0,48,1,0,0,1,2,3,1,5,2,1,46.1,27.2,45.5,34.7
7287,2,0,1,0,0,3,65.0,5,0,0,0,1,1,0,0,0,66.7,5,3,1,4,1,1,0,0,52,0,1,0,0,0,42,0,0,1,0,0,3,3,5,5,3,14.9,11.7,16.9,69.4
7288,0,2,3,0,1,0,48.3,5,0,1,0,0,1,0,0,1,100.0,4,3,3,4,1,1,0,0,52,0,1,0,0,0,42,1,0,1,0,2,5,4,2,4,4,11.7,7.1,20.5,78.7
7289,0,1,2,0,3,0,48.3,3,0,0,0,0,0,0,1,1,66.7,2,2,3,1,0,1,0,0,22,1,0,0,0,0,0,1,0,0,0,30,2,4,5,2,2,62.1,21.3,67.4,21.7
7290,3,0,2,0,0,1,65.0,2,1,0,0,0,0,1,1,0,100.0,4,4,2,1,0,1,0,0,22,0,0,0,1,0,20,1,0,0,0,30,3,4,5,1,3,44.8,11.3,38.2,55.1
7291,1,2,3,0,0,0,40.0,3,1,0,1,0,0,1,0,0,100.0,4,2,3,4,0,1,0,0,22,1,0,0,0,1,0,1,0,0,0,30,1,1,5,1,1,73.5,34.1,85.3,23.1
7292,0,2,3,0,0,1,65.0,4,0,0,1,0,0,0,1,0,66.7,2,4,1,2,0,1,0,0,22,0,1,0,0,0,42,0,0,1,0,0,3,3,4,4,2,29.5,18.1,25.8,60.4
7293,3,0,0,1,0,2,73.3,3,1,0,0,0,0,0,0,0,33.3,5,4,3,4,1,1,0,0,52,1,1,0,0,0,14,1,1,0,0,76,1,3,1,5,2,61.9,55.1,65.2,46.7
7294,3,0,2,0,0,1,65.0,1,1,0,1,0,1,0,0,0,100.0,2,4,1,3,0,0,0,1,0,0,0,1,0,0,28,0,0,1,0,0,1,3,5,1,2,37.7,7.3,35.1,55.3
7295,3,1,2,0,0,0,40.0,3,0,1,0,0,0,0,0,0,33.3,4,3,4,4,0,0,1,1,10,1,0,0,0,1,0,0,1,0,0,46,2,1,4,1,1,76.2,41.4,92.6,11.8
7296,3,1,0,0,2,0,43.3,1,1,1,0,0,0,0,0,0,66.7,2,4,2,1,1,1,0,0,52,1,0,0,0,0,0,1,1,0,0,76,3,1,4,1,1,94.4,72.7,79.6,30.2
7297,2,3,1,0,0,0,40.0,3,0,1,0,1,0,1,0,0,100.0,2,1,1,4,0,1,0,0,22,0,1,1,0,0,70,1,1,0,0,76,2,2,5,2,1,67.7,60.3,54.4,37.8
7298,0,2,3,1,0,0,63.3,2,1,0,1,0,0,0,1,0,100.0,2,1,4,4,1,0,0,0,30,1,0,1,0,0,0,1,0,0,0,30,2,2,4,1,1,73.0,37.8,88.0,22.3
7299,1,2,0,0,3,0,43.3,3,0,0,0,1,0,0,1,0,66.7,2,4,4,4,1,1,0,0,52,1,0,0,0,0,0,1,0,0,1,2,1,1,1,4,1,65.4,33.0,80.0,42.3
7300,1,2,3,0,0,0,40.0,3,0,0,0,0,0,1,0,0,33.3,5,4,4,2,1,0,0,0,30,1,0,0,0,1,0,1,0,0,0,30,5,2,5,2,1,59.4,33.0,74.3,36.8
7301,2,3,1,0,0,0,40.0,4,0,0,0,0,0,1,0,0,33.3,4,4,3,3,1,0,1,0,64,0,0,1,0,0,28,1,0,0,1,2,3,2,5,2,3,40.7,24.2,52.1,47.8
7302,1,3,0,0,2,0,43.3,2,0,0,1,0,0,1,0,0,66.7,4,4,4,4,0,1,0,0,22,1,0,1,0,0,0,0,0,1,1,0,2,4,1,5,2,27.5,0.1,52.1,55.1
7303,0,2,0,3,1,0,53.3,3,0,1,0,0,1,0,0,1,100.0,4,2,4,2,1,0,0,1,6,1,0,1,0,0,0,1,0,0,1,2,3,3,1,4,1,37.2,9.1,55.0,42.7
7304,2,1,0,0,0,3,63.3,3,0,1,0,1,0,0,0,0,66.7,4,2,4,3,0,1,0,0,22,0,0,1,0,0,28,1,0,0,1,2,3,3,1,4,3,25.5,5.9,37.7,52.4
7305,0,2,3,0,1,0,48.3,3,0,0,0,1,0,0,0,1,66.7,4,2,3,3,1,0,0,1,6,1,0,0,0,0,0,1,0,0,1,2,2,2,4,1,3,47.9,4.8,63.3,27.1
7306,0,2,3,0,1,0,48.3,5,0,1,0,0,0,0,0,0,33.3,5,3,1,3,0,1,1,0,56,0,1,0,0,0,42,0,0,1,0,0,3,4,4,5,2,29.3,14.6,30.5,50.3
7307,0,3,0,1,0,2,70.0,5,1,1,0,0,1,0,0,0,100.0,4,1,1,4,1,1,0,0,52,0,1,1,0,0,70,0,0,1,1,0,1,4,4,5,2,20.6,18.3,20.4,58.2
7308,3,0,2,1,0,0,63.3,3,0,0,0,0,0,0,0,1,33.3,4,4,2,3,0,1,0,0,22,0,0,1,0,0,28,1,1,0,0,76,5,2,2,5,4,41.6,42.7,44.6,56.9
7309,0,2,3,0,1,0,48.3,3,0,0,0,0,0,0,1,0,33.3,2,2,4,3,0,0,0,1,0,1,0,0,0,1,0,1,1,0,0,76,3,1,5,1,1,91.9,56.4,100.0,8.2
7310,2,3,1,0,0,0,40.0,4,1,0,0,0,0,1,1,0,100.0,4,3,4,3,1,1,0,0,52,0,0,0,0,1,0,1,1,0,0,76,3,4,2,4,1,71.1,57.6,73.1,42.8
7311,0,3,1,0,0,2,65.0,4,0,0,0,1,1,0,0,0,66.7,5,3,1,3,0,1,0,0,22,0,1,0,0,0,42,0,0,1,0,0,3,1,2,1,4,29.1,10.6,27.6,55.6
7312,1,0,2,3,0,0,63.3,3,1,0,1,0,0,0,0,0,66.7,5,4,1,3,0,0,1,0,34,1,0,1,0,0,0,0,0,1,0,0,2,4,2,4,4,28.0,0.0,35.3,58.0
7313,3,0,0,0,1,2,71.7,1,0,1,0,0,1,0,0,1,100.0,4,4,1,2,0,1,0,0,22,0,1,0,0,0,42,0,0,1,0,0,2,2,5,4,2,21.7,11.0,23.1,72.0
7314,3,1,0,0,0,2,63.3,3,0,0,0,1,1,0,0,0,66.7,2,2,3,1,1,0,0,1,6,1,0,1,0,0,0,1,0,1,0,2,3,3,1,4,2,43.4,8.2,45.3,37.7
7315,3,0,1,2,0,0,63.3,4,0,0,1,1,0,1,0,0,100.0,5,3,2,4,0,0,1,1,10,0,1,0,0,0,42,1,0,0,1,2,1,4,4,5,1,18.2,3.5,22.9,63.8
7316,1,3,0,0,0,2,63.3,2,0,0,0,1,0,0,0,0,33.3,5,4,3,3,0,1,0,0,22,0,1,0,0,0,42,0,0,1,1,0,5,4,4,4,3,14.5,0.0,25.0,65.7
7317,0,0,3,1,0,2,61.7,5,1,0,0,1,0,0,0,0,66.7,5,3,3,4,0,0,1,0,34,0,0,1,0,0,28,0,0,1,0,0,3,4,5,4,2,25.7,4.9,42.2,55.4
7318,0,2,1,0,0,3,65.0,1,0,0,0,0,0,1,0,0,33.3,1,1,3,4,0,1,1,0,56,1,0,0,0,0,0,0,1,0,0,46,2,2,5,5,2,77.5,50.6,91.0,21.6
7319,2,1,0,3,0,0,60.0,2,0,1,0,0,1,1,0,0,100.0,2,4,2,1,0,1,0,0,22,0,0,1,0,0,28,1,1,0,0,76,3,3,5,2,2,69.4,46.0,49.1,55.0
7320,2,0,0,3,0,1,73.3,2,0,0,0,0,0,0,0,1,33.3,2,3,1,4,1,0,0,0,30,0,0,1,0,0,28,0,0,1,0,0,5,2,4,5,3,29.8,16.9,35.7,62.1
7321,3,1,2,0,0,0,40.0,3,1,0,0,0,0,0,0,0,33.3,5,3,3,1,0,1,0,1,0,0,1,0,0,1,0,0,1,1,0,18,5,2,1,2,1,51.2,17.4,57.7,32.2
7322,3,2,0,0,1,0,43.3,3,0,0,0,0,0,0,0,1,33.3,4,1,1,1,0,0,1,0,34,1,0,0,0,0,0,1,0,0,0,30,1,2,5,2,1,77.1,35.5,75.7,5.0
7323,0,3,2,1,0,0,63.3,4,0,0,0,1,0,0,0,0,33.3,1,4,3,2,0,1,1,0,56,0,1,0,0,0,42,1,0,0,0,30,2,3,5,5,2,49.6,39.8,49.9,56.5
7324,3,1,0,2,0,0,60.0,4,0,0,1,1,0,1,0,0,100.0,4,3,2,4,0,1,1,0,56,1,0,1,0,0,0,1,0,0,0,30,1,3,5,2,1,69.6,35.9,71.6,39.0
7325,1,2,0,0,0,3,63.3,3,0,0,1,1,0,0,0,0,66.7,4,3,4,3,1,0,0,1,6,0,0,1,0,0,28,1,1,0,0,76,1,1,1,5,2,56.4,47.6,59.0,43.4
7326,2,1,3,0,0,0,40.0,3,0,0,0,0,1,1,0,0,66.7,4,3,1,3,1,1,0,0,52,0,0,0,0,1,0,1,1,0,0,76,1,3,5,5,2,72.5,54.0,63.9,39.2
7327,1,3,0,0,0,2,63.3,3,0,1,0,0,0,0,0,0,33.3,2,2,3,4,1,0,0,1,6,0,1,1,0,0,70,1,1,0,0,76,1,1,1,4,3,55.0,52.3,50.8,46.1
7328,0,0,2,0,3,1,61.7,4,0,0,0,0,0,0,0,1,33.3,5,3,2,2,0,1,0,0,22,0,1,0,0,0,42,1,0,1,0,2,5,2,5,5,4,7.6,4.6,17.0,65.7
7329,0,1,2,0,0,3,65.0,4,0,0,0,1,0,0,0,0,33.3,4,3,3,4,1,1,0,0,52,0,1,0,0,0,42,0,1,0,1,18,2,4,4,1,4,37.3,17.3,45.1,40.6
7330,0,3,2,0,0,1,65.0,3,1,0,1,0,0,0,1,0,100.0,2,2,3,1,0,1,0,0,22,1,1,0,0,0,14,1,0,0,1,2,5,2,4,2,3,48.6,13.6,46.2,50.6
7331,0,1,0,0,3,2,61.7,2,0,0,0,1,1,0,0,0,66.7,4,3,4,3,0,0,1,0,34,1,0,0,0,1,0,1,0,0,0,30,3,2,5,1,1,71.8,35.7,83.2,30.8
7332,3,2,0,1,0,0,60.0,2,0,1,0,0,0,0,0,0,33.3,5,3,3,2,0,1,1,0,56,1,0,0,0,1,0,1,0,0,0,30,3,3,5,2,1,71.5,36.4,74.4,23.0
7333,3,0,1,2,0,0,63.3,2,0,0,0,1,0,0,0,0,33.3,1,1,4,4,1,1,0,0,52,0,1,1,0,0,70,0,1,0,1,18,3,3,5,2,3,43.9,29.1,51.5,34.7
7334,0,1,2,0,0,3,65.0,2,0,1,0,0,0,0,0,0,33.3,2,4,4,4,0,1,0,0,22,0,1,0,0,0,42,1,0,0,0,30,5,4,2,5,4,24.5,13.0,31.9,69.0
7335,0,0,0,1,2,3,55.0,2,1,0,0,0,0,0,0,0,33.3,5,4,1,4,0,1,1,0,56,0,1,1,0,0,70,0,0,1,0,0,1,3,2,4,3,18.9,10.2,17.1,61.1
7336,3,2,1,0,0,0,40.0,3,0,1,1,0,0,0,0,0,66.7,2,2,3,4,1,0,0,1,6,0,1,0,0,1,0,1,0,0,0,30,2,1,4,1,1,74.1,39.5,87.4,17.4
7337,3,0,2,0,0,1,65.0,3,0,1,0,0,0,1,1,0,100.0,2,3,1,3,1,0,0,1,6,1,0,0,1,0,0,0,0,0,1,0,3,2,2,4,1,47.3,20.2,51.2,53.7
7338,1,2,0,0,0,3,63.3,1,1,0,1,0,1,0,0,0,100.0,4,2,3,3,0,1,0,0,22,0,0,0,0,1,0,1,0,0,0,30,1,1,4,1,3,61.9,25.8,74.4,33.4
7339,2,0,0,3,0,1,73.3,5,0,0,0,1,1,0,0,1,100.0,5,4,3,3,0,1,0,0,22,0,1,0,0,0,42,0,0,1,0,0,3,3,1,5,3,7.6,10.0,21.7,80.5
7340,1,3,2,0,0,0,40.0,4,0,0,1,1,1,0,0,0,100.0,4,2,1,4,0,1,0,0,22,0,1,0,0,0,42,1,0,1,0,2,2,3,2,4,1,33.0,16.0,41.3,46.0
7341,3,0,1,0,0,2,65.0,3,1,1,0,0,0,0,1,0,100.0,4,3,4,3,1,0,1,0,64,0,1,0,0,0,42,1,0,0,0,30,3,3,4,2,4,35.3,24.4,44.1,67.5
7342,2,0,1,0,3,0,55.0,3,1,0,0,0,0,0,1,0,66.7,1,3,4,3,0,0,0,1,0,0,1,1,0,0,70,1,0,1,0,2,3,2,1,1,4,23.8,9.0,30.8,59.2
7343,1,0,0,2,0,3,73.3,1,0,0,0,1,1,0,0,1,100.0,4,2,1,4,1,1,0,0,52,0,0,1,0,0,28,1,0,0,1,2,5,4,2,5,2,31.2,5.6,33.0,61.4
7344,0,1,0,0,2,3,61.7,5,1,1,0,0,1,0,0,0,100.0,5,1,1,4,0,1,1,0,56,0,1,1,0,0,70,0,0,1,0,0,2,4,1,5,2,20.3,11.2,21.8,62.2
7345,0,2,3,0,0,1,65.0,3,0,1,0,0,0,1,0,0,66.7,4,3,3,3,0,1,1,0,56,0,0,1,0,0,28,0,0,1,0,0,3,2,5,4,3,36.2,13.3,43.1,56.9
7346,1,3,0,0,0,2,63.3,4,0,0,0,0,1,0,0,0,33.3,2,2,3,2,1,0,1,0,64,1,0,0,0,1,0,1,0,0,0,30,3,3,2,2,3,65.9,41.4,66.2,27.1
7347,2,1,3,0,0,0,40.0,3,0,1,0,0,0,0,1,1,100.0,2,1,4,2,0,1,0,0,22,1,0,0,0,0,0,0,0,0,1,0,2,2,1,2,2,58.6,24.7,68.8,28.6
7348,2,0,0,1,0,3,73.3,4,0,0,0,0,0,0,1,1,66.7,5,3,3,4,0,1,0,0,22,0,0,1,0,0,28,1,0,0,1,2,2,3,2,4,2,26.5,2.7,46.2,55.0
7349,0,3,1,2,0,0,63.3,5,0,0,0,0,1,0,0,0,33.3,4,4,3,3,0,1,0,0,22,0,1,0,0,0,42,0,1,1,0,18,5,4,5,1,3,30.5,9.7,31.5,54.0
7350,0,0,2,3,1,0,55.0,3,0,0,1,0,1,0,0,0,66.7,4,3,3,4,1,1,0,0,52,0,1,0,0,0,42,0,0,1,0,0,5,3,2,2,1,39.8,18.4,46.8,50.7
7351,0,3,0,0,1,2,61.7,5,0,0,0,0,1,0,0,0,33.3,5,3,1,3,0,1,0,0,22,0,1,1,0,0,70,1,1,0,0,76,1,3,4,5,4,28.2,37.3,22.9,57.3
7352,3,2,1,0,0,0,40.0,3,0,1,0,0,0,0,0,1,66.7,4,3,1,3,1,1,0,0,52,0,0,0,0,1,0,0,0,1,0,0,3,3,4,4,2,43.7,20.5,44.5,44.7
7353,1,0,3,0,0,2,65.0,4,0,1,0,0,0,0,0,0,33.3,5,4,2,4,1,1,0,0,52,0,0,1,0,0,28,1,1,0,0,76,1,2,4,5,2,65.6,57.4,61.1,49.2
7354,3,0,1,2,0,0,63.3,1,0,0,1,1,1,0,0,0,100.0,1,1,4,2,0,0,1,1,10,1,0,1,0,0,0,1,0,0,0,30,3,2,4,2,1,73.2,31.7,74.6,26.5
7355,1,3,0,0,2,0,43.3,1,0,1,0,1,0,0,0,0,66.7,4,1,3,2,0,1,0,1,0,0,0,0,0,1,0,0,0,1,0,0,2,2,1,2,3,43.4,0.0,57.9,25.0
7356,3,1,2,0,0,0,40.0,3,0,0,0,0,1,0,1,0,66.7,2,3,1,4,0,0,0,1,0,1,0,0,0,1,0,1,1,0,0,76,1,2,2,1,3,74.2,43.7,74.4,24.8
7357,0,3,2,1,0,0,63.3,3,0,0,0,0,1,0,0,0,33.3,5,4,2,4,0,1,0,0,22,0,0,1,0,0,28,1,1,0,0,76,5,3,4,5,2,46.6,46.0,53.2,54.1
7358,3,1,0,0,0,2,63.3,2,1,0,1,0,1,0,0,0,100.0,5,3,1,4,0,0,1,1,10,0,1,1,0,0,70,1,0,1,0,2,5,2,2,5,2,7.3,7.0,13.2,83.4
7359,2,3,0,0,0,1,63.3,3,0,1,0,0,0,0,1,1,100.0,4,4,3,2,0,1,0,0,22,1,0,1,0,0,0,1,0,0,0,30,1,2,5,2,1,56.8,28.3,64.0,42.2
7360,2,3,0,1,0,0,60.0,3,0,1,0,1,0,0,0,0,66.7,1,4,4,3,1,0,1,0,64,1,0,0,1,0,0,1,0,1,0,2,5,4,5,5,2,44.9,28.6,49.9,60.9
7361,3,1,0,2,0,0,60.0,2,1,0,0,0,0,0,0,0,33.3,1,1,3,2,1,1,0,0,52,0,0,1,0,1,0,1,0,0,0,30,3,2,5,2,2,78.1,46.7,76.4,18.4
7362,1,0,2,3,0,0,63.3,4,1,0,0,1,0,0,0,0,66.7,5,3,3,3,0,1,1,0,56,0,1,0,0,0,42,1,0,0,0,30,1,1,5,2,2,47.8,44.9,52.3,48.5
7363,3,0,2,0,1,0,55.0,5,0,0,0,0,1,1,1,0,100.0,2,1,2,3,0,1,0,0,22,1,0,0,0,0,0,1,0,0,0,30,5,2,4,2,1,75.8,41.0,75.6,26.9
7364,0,1,2,0,0,3,65.0,2,0,0,0,0,0,1,0,0,33.3,2,4,3,4,0,1,0,0,22,0,1,0,1,0,62,0,1,0,0,46,5,4,5,2,1,51.9,34.8,51.7,51.0
7365,3,0,1,0,2,0,55.0,1,0,0,1,0,0,0,0,0,33.3,2,2,1,4,1,1,0,0,52,1,0,0,0,0,0,1,1,0,0,76,3,2,2,1,1,100.0,62.1,91.2,10.7
7366,0,3,0,1,2,0,53.3,3,1,0,0,0,0,0,0,0,33.3,5,3,3,3,0,1,1,0,56,0,0,0,0,1,0,1,0,0,0,30,3,1,5,2,1,75.5,39.7,86.2,24.1
7367,2,0,1,3,0,0,63.3,3,0,0,0,0,1,1,0,0,66.7,4,1,3,3,1,0,1,0,64,0,1,0,1,0,62,1,0,0,1,2,3,3,5,2,1,42.0,22.8,46.8,39.0
7368,3,0,0,1,2,0,63.3,2,0,0,1,1,0,1,0,0,100.0,2,2,3,4,1,1,0,0,52,1,0,0,1,0,0,1,1,0,0,76,2,3,1,1,1,99.9,65.4,96.2,27.4
7369,0,1,3,0,0,2,65.0,5,0,1,0,0,1,0,0,0,66.7,1,3,4,4,0,0,1,0,34,0,1,0,0,1,0,0,0,1,1,0,1,1,1,5,3,51.3,30.2,73.1,47.1
7370,0,2,3,0,0,1,65.0,4,0,0,0,0,1,0,0,0,33.3,4,4,1,4,0,1,0,1,0,0,0,0,0,1,0,0,0,1,0,0,2,3,4,5,1,34.3,7.5,46.0,45.2
7371,2,3,0,1,0,0,60.0,3,0,1,0,0,1,0,0,1,100.0,4,3,3,3,1,1,0,0,52,0,0,0,0,1,0,1,0,0,1,2,3,4,2,4,2,42.6,13.7,50.2,52.1
7372,2,3,0,1,0,0,60.0,3,0,1,0,0,0,0,0,0,33.3,1,1,4,3,0,1,0,0,22,1,1,0,0,0,14,1,1,0,0,76,3,2,1,2,2,87.7,60.2,94.3,12.3
7373,0,2,1,0,3,0,48.3,4,0,0,0,1,1,0,0,0,66.7,4,1,1,3,0,1,0,0,22,1,0,0,0,1,0,1,0,0,0,30,5,1,1,2,1,70.6,37.4,73.2,25.4
7374,0,0,1,0,2,3,61.7,5,0,1,0,0,0,0,1,0,66.7,5,3,1,3,0,1,1,0,56,0,1,1,0,0,70,0,0,0,1,0,5,2,2,2,2,30.8,20.5,21.5,63.8
7375,3,0,1,0,0,2,65.0,4,1,0,0,0,0,0,0,0,33.3,5,3,4,4,0,0,1,1,10,0,1,1,0,0,70,0,0,1,1,0,5,4,5,1,2,17.3,0.0,34.0,56.1
7376,1,3,0,0,0,2,63.3,3,1,0,0,0,0,0,0,0,33.3,4,4,2,1,1,0,1,0,64,1,0,1,0,0,0,0,0,1,0,0,5,4,2,5,2,36.1,21.6,40.6,55.6
7377,3,0,1,2,0,0,63.3,4,0,1,0,0,1,0,0,0,66.7,2,4,3,3,1,0,0,1,6,0,1,1,0,0,70,1,1,0,0,76,2,4,2,4,2,42.2,44.5,32.3,70.3
7378,2,3,1,0,0,0,40.0,3,0,1,1,0,1,0,0,0,100.0,2,3,2,3,1,0,0,0,30,1,0,0,0,0,0,1,1,0,0,76,1,1,5,4,1,84.5,68.0,84.0,34.8
7379,0,2,3,0,0,1,65.0,5,0,0,0,0,0,1,0,0,33.3,5,3,3,4,0,1,0,0,22,0,1,1,0,0,70,0,0,1,0,0,5,4,4,5,3,3.8,2.3,16.2,68.4
7380,3,2,0,1,0,0,60.0,4,1,0,1,0,0,0,1,0,100.0,4,2,1,4,0,1,0,0,22,1,0,0,0,1,0,0,1,0,0,46,3,1,5,1,1,77.6,44.4,79.4,31.9
7381,0,0,3,0,1,2,61.7,4,1,1,1,0,0,0,0,0,100.0,5,3,1,1,0,1,1,0,56,0,1,1,0,0,70,0,0,1,0,0,1,4,4,4,3,14.5,9.3,3.2,75.4
7382,0,1,0,2,3,0,53.3,1,0,1,0,0,1,0,0,0,66.7,2,4,3,4,0,0,1,0,34,1,0,0,0,0,0,0,1,0,0,46,3,1,4,2,2,70.5,45.4,76.5,42.8
7383,3,2,1,0,0,0,40.0,4,0,1,0,1,0,0,1,0,100.0,1,3,1,1,0,0,1,0,34,1,0,0,0,0,0,1,0,0,1,2,3,2,4,5,1,57.5,30.1,51.8,50.7
7384,3,2,0,1,0,0,60.0,3,0,0,0,1,0,0,0,0,33.3,1,3,2,3,0,1,0,1,0,1,0,0,0,0,0,1,1,0,0,76,2,3,5,4,1,83.5,55.3,84.9,26.5
7385,3,2,0,0,1,0,43.3,3,0,1,0,1,0,0,0,1,100.0,4,2,2,3,0,1,0,0,22,1,0,0,1,0,0,1,0,0,1,2,5,3,2,1,3,41.3,4.8,52.1,39.5
7386,3,1,0,2,0,0,60.0,4,0,1,0,0,1,0,0,0,66.7,4,2,4,4,0,1,0,0,22,1,0,0,0,0,0,1,0,1,0,2,2,3,2,5,4,27.2,6.6,46.0,47.6
7387,2,0,1,3,0,0,63.3,5,1,0,0,0,1,0,0,0,66.7,4,3,1,4,0,1,0,0,22,1,0,0,0,0,0,0,0,1,0,0,2,3,4,4,3,34.0,4.7,48.4,42.5
7388,2,3,0,0,0,1,63.3,1,0,0,1,1,0,0,0,1,100.0,2,2,3,4,1,0,0,1,6,1,0,1,0,0,0,0,1,1,0,18,3,1,4,1,4,50.6,17.8,62.5,41.4
7389,3,0,0,1,2,0,63.3,1,1,0,0,0,1,0,0,0,66.7,2,2,4,3,1,0,1,0,64,1,0,0,1,0,0,1,1,0,0,76,5,2,4,1,1,100.0,69.6,100.0,21.1
7390,3,1,0,2,0,0,60.0,5,1,0,0,0,1,0,1,0,100.0,5,1,1,4,0,1,0,0,22,0,0,1,0,0,28,0,0,1,0,0,5,4,4,5,4,8.7,0.0,12.5,65.6
7391,3,0,0,0,2,1,71.7,2,0,0,0,1,0,0,0,0,33.3,5,2,3,4,0,1,0,1,0,1,0,0,1,0,0,1,0,0,0,30,3,1,2,2,1,59.9,28.8,77.7,20.9
7392,3,1,0,0,0,2,63.3,3,0,0,0,0,1,1,0,1,100.0,4,3,3,4,1,0,1,0,64,0,0,0,1,0,20,1,0,0,0,30,1,4,2,4,1,54.8,32.9,59.4,47.8
7393,2,0,0,1,0,3,73.3,2,0,0,1,0,0,0,0,0,33.3,2,1,3,1,0,1,1,0,56,1,0,0,0,0,0,1,0,0,1,2,3,3,1,2,1,71.4,25.4,74.4,18.1
7394,3,0,1,0,0,2,65.0,4,1,0,0,0,1,0,0,0,66.7,2,3,3,4,0,1,0,0,22,1,0,1,0,0,0,0,0,1,1,0,2,2,2,5,1,50.0,24.1,65.3,47.5
7395,2,3,0,1,0,0,60.0,3,0,1,0,0,1,0,0,1,100.0,2,3,1,1,1,1,0,0,52,1,0,0,0,0,0,1,1,0,0,76,5,1,4,1,2,91.4,71.4,74.4,35.4
7396,2,0,0,3,0,1,73.3,3,1,0,1,0,1,0,0,0,100.0,4,4,1,3,0,1,0,0,22,0,0,0,1,0,20,0,0,0,1,0,2,1,5,2,1,42.5,26.3,44.1,56.7
7397,0,2,0,1,0,3,70.0,5,0,1,0,0,0,1,0,0,66.7,4,1,3,2,0,0,1,0,34,0,1,0,0,0,42,1,0,1,0,2,2,4,5,4,3,20.8,4.8,29.5,48.5
7398,2,1,3,0,0,0,40.0,1,0,0,0,0,0,0,1,1,66.7,4,2,2,2,1,1,0,0,52,1,0,0,1,0,0,1,0,0,1,2,3,3,5,2,1,53.4,19.8,61.0,26.8
7399,2,0,0,0,3,1,71.7,3,0,1,0,1,0,0,0,0,66.7,5,4,4,4,1,1,0,0,52,1,0,1,0,0,0,1,1,0,0,76,2,3,5,4,4,51.7,41.0,59.9,53.8
7400,3,2,1,0,0,0,40.0,3,1,0,1,1,0,0,0,0,100.0,4,3,1,3,1,1,0,0,52,0,1,0,0,0,42,1,0,1,0,2,3,2,5,2,4,28.8,11.6,31.1,63.0
7401,2,1,3,0,0,0,40.0,4,1,0,0,0,0,0,0,0,33.3,4,3,2,3,1,1,0,0,52,1,0,0,0,0,0,0,1,0,0,46,3,2,1,2,1,77.5,50.8,84.8,22.6
7402,2,1,3,0,0,0,40.0,1,0,0,0,1,0,0,1,0,66.7,4,4,4,3,0,0,1,0,34,1,1,0,0,0,14,0,0,1,0,0,3,3,4,5,1,31.8,13.7,53.6,55.3
7403,1,2,0,0,0,3,63.3,4,1,0,0,0,0,0,0,0,33.3,5,3,1,3,0,1,0,0,22,0,1,1,0,0,70,0,1,0,1,18,5,4,5,5,4,0.0,3.1,4.0,73.4
7404,0,1,0,3,2,0,53.3,2,1,0,1,0,0,0,0,0,66.7,5,4,3,4,0,1,0,0,22,0,0,1,0,0,28,0,0,1,0,0,1,4,4,4,2,15.9,0.9,35.2,59.5
7405,0,3,0,2,1,0,53.3,5,0,0,1,0,0,0,0,1,66.7,4,4,1,3,1,0,0,0,30,0,1,0,0,1,0,1,0,1,0,2,2,4,4,4,3,28.4,8.1,37.6,52.2
7406,3,2,0,0,0,1,63.3,1,0,0,0,0,1,0,0,0,33.3,2,1,3,2,1,1,0,0,52,1,0,0,0,1,0,0,0,0,1,0,2,2,1,5,1,61.7,29.8,72.9,22.2
7407,1,3,0,2,0,0,60.0,3,0,0,0,1,0,0,0,0,33.3,2,1,3,3,0,1,1,0,56,0,0,0,0,1,0,1,1,0,0,76,3,3,4,2,4,84.5,55.4,82.8,18.9
7408,2,0,0,3,1,0,63.3,3,0,0,0,1,0,0,0,0,33.3,4,2,4,3,1,1,0,0,52,1,0,1,0,0,0,1,1,0,0,76,3,3,1,4,4,63.4,45.9,70.8,33.6
7409,3,0,1,2,0,0,63.3,4,0,1,0,0,0,0,0,0,33.3,4,3,1,3,0,1,0,0,22,0,0,1,0,1,0,1,0,0,1,2,5,2,1,1,1,56.7,17.3,61.6,27.1
7410,0,0,2,3,1,0,55.0,1,1,0,0,0,0,0,0,0,33.3,2,4,4,1,0,1,1,0,56,0,0,0,0,1,0,0,1,1,0,18,1,3,1,2,1,72.4,33.0,72.9,27.7
7411,0,3,2,0,1,0,48.3,4,0,0,0,0,1,0,0,0,33.3,5,3,1,3,0,1,0,1,0,0,1,0,0,0,42,1,0,1,0,2,5,3,4,5,3,13.3,0.0,19.2,57.1
7412,2,3,1,0,0,0,40.0,2,0,1,0,0,0,0,0,0,33.3,4,2,4,4,1,1,0,0,52,1,0,1,0,0,0,1,0,0,1,2,2,2,1,1,1,65.5,21.9,88.0,9.5
7413,2,3,1,0,0,0,40.0,3,0,0,0,0,0,1,0,0,33.3,1,3,2,3,0,1,0,0,22,1,0,1,0,0,0,0,1,1,0,18,3,4,2,4,3,46.9,13.5,53.6,37.3
7414,0,0,1,3,0,2,61.7,2,0,0,0,1,0,1,0,1,100.0,5,4,2,4,0,0,1,0,34,0,1,0,0,0,42,1,0,1,0,2,1,3,2,4,3,18.0,2.3,26.4,73.9
7415,3,2,0,0,0,1,63.3,3,0,0,0,1,0,0,1,0,66.7,2,1,4,3,0,1,0,0,22,1,0,0,0,0,0,0,1,1,0,18,3,3,1,2,4,49.0,15.6,63.5,32.0
7416,0,0,1,2,3,0,55.0,3,1,1,0,0,0,0,0,1,100.0,5,3,2,1,1,0,0,1,6,0,1,0,0,0,42,0,0,1,0,0,3,3,2,4,1,24.0,2.9,26.3,57.9
7417,1,3,2,0,0,0,40.0,1,0,0,0,1,0,0,0,1,66.7,2,1,2,4,0,1,0,0,22,1,0,0,1,0,0,1,0,0,0,30,5,2,5,1,3,69.8,29.2,74.5,23.5
7418,3,0,0,1,2,0,63.3,2,1,1,0,0,0,1,0,0,100.0,2,3,1,2,1,0,1,0,64,1,0,0,0,0,0,1,1,0,0,76,2,2,1,2,1,93.8,75.5,77.5,37.3
7419,0,3,1,2,0,0,63.3,3,0,0,0,1,1,0,0,0,66.7,2,3,3,2,1,1,0,0,52,0,0,0,0,1,0,1,0,0,0,30,2,1,5,4,1,68.1,51.0,72.9,39.3
7420,2,3,0,1,0,0,60.0,3,0,0,1,1,0,1,0,0,100.0,2,2,3,2,1,1,0,0,52,1,0,0,0,0,0,0,0,1,0,0,2,2,5,2,1,66.7,31.1,68.7,33.3
7421,3,0,0,1,2,0,63.3,1,0,1,0,1,0,0,0,1,100.0,5,2,1,2,0,1,0,0,22,1,1,0,0,0,14,1,1,0,0,76,2,1,5,4,4,46.7,43.0,46.5,50.8
7422,1,3,0,0,0,2,63.3,3,0,1,0,0,1,0,0,0,66.7,4,3,3,3,0,0,0,1,0,1,0,0,0,1,0,1,0,0,0,30,3,3,1,4,4,30.8,10.1,43.0,47.8
7423,3,0,0,2,0,1,73.3,3,0,1,0,0,1,0,0,0,66.7,4,3,4,4,0,1,0,0,22,1,1,0,0,0,14,0,0,1,0,0,1,4,4,5,3,21.4,2.6,41.5,57.3
7424,0,0,3,0,1,2,61.7,4,0,0,0,1,0,0,0,1,66.7,5,4,2,3,0,0,1,1,10,0,1,0,0,0,42,0,0,1,0,0,5,4,4,4,3,11.2,0.0,16.6,70.4
7425,1,2,3,0,0,0,40.0,3,0,1,1,0,0,0,0,1,100.0,2,1,3,4,1,0,0,1,6,0,0,1,0,0,28,0,1,0,0,46,5,4,5,4,2,49.9,29.7,54.5,45.2
7426,2,3,0,1,0,0,60.0,1,0,0,0,1,0,0,0,1,66.7,2,4,4,3,1,1,0,0,52,1,0,1,0,0,0,1,1,0,0,76,1,4,2,4,1,77.9,53.4,80.7,38.1
7427,0,0,3,2,0,1,61.7,5,0,0,1,0,0,0,0,0,33.3,5,3,1,1,1,1,0,0,52,0,1,0,0,0,42,1,0,1,0,2,1,3,2,1,1,47.4,22.4,43.2,33.0
7428,0,3,1,0,0,2,65.0,3,0,1,0,1,1,0,0,0,100.0,5,2,4,3,0,0,0,1,0,0,1,1,0,0,70,0,1,0,1,18,5,3,1,2,3,9.6,6.2,22.4,67.8
7429,3,1,2,0,0,0,40.0,1,0,0,1,0,0,0,1,0,66.7,4,4,3,2,0,0,1,1,10,1,0,0,0,1,0,1,1,0,0,76,3,1,1,4,2,67.2,52.8,66.0,43.1
7430,2,1,3,0,0,0,40.0,3,0,1,0,0,0,1,0,0,66.7,4,3,3,4,1,1,0,0,52,1,0,1,0,0,0,1,0,0,0,30,3,3,5,2,3,57.0,25.8,68.5,35.1
7431,1,0,0,0,2,3,71.7,3,0,0,0,0,1,1,0,0,66.7,4,4,2,3,1,0,0,0,30,0,1,0,0,0,42,1,0,0,0,30,5,3,1,5,3,23.5,22.0,23.2,78.9
7432,2,3,0,0,0,1,63.3,3,0,1,0,0,0,0,0,0,33.3,1,3,2,2,1,0,0,0,30,1,0,0,0,1,0,1,0,0,0,30,2,2,2,2,1,80.5,39.7,77.3,22.1
7433,3,1,2,0,0,0,40.0,3,0,0,0,0,1,1,0,0,66.7,5,1,3,2,0,1,0,0,22,1,0,0,0,0,0,0,1,0,0,46,2,2,1,4,3,56.6,29.6,68.2,28.4
7434,3,2,0,0,1,0,43.3,3,0,1,1,0,0,0,0,0,66.7,2,3,1,4,1,0,0,1,6,1,0,1,0,0,0,0,0,0,1,0,3,1,1,4,2,54.5,20.6,65.5,41.0
7435,0,1,2,0,0,3,65.0,5,0,1,1,0,0,0,1,0,100.0,5,4,1,1,1,1,0,0,52,1,1,0,0,0,14,0,0,1,1,0,5,3,2,4,2,30.5,18.2,31.5,73.2
7436,1,0,0,2,3,0,63.3,3,0,0,1,1,0,0,0,0,66.7,1,4,1,4,1,1,0,0,52,1,0,0,0,0,0,0,0,0,1,0,3,2,1,4,1,58.0,37.3,64.9,47.9
7437,3,1,0,0,0,2,63.3,4,0,1,0,1,0,1,0,0,100.0,4,1,4,4,1,1,0,0,52,0,1,1,0,0,70,1,1,0,0,76,1,2,5,2,4,51.7,54.5,50.9,52.2
7438,2,3,0,0,1,0,43.3,1,1,0,0,0,0,0,0,0,33.3,2,3,3,4,0,1,0,0,22,1,0,0,0,0,0,1,0,0,0,30,1,3,1,2,1,74.5,32.6,82.3,18.2
7439,0,2,1,3,0,0,63.3,1,0,0,0,1,0,1,1,0,100.0,4,3,4,2,0,1,1,0,56,0,0,0,0,1,0,0,0,0,1,0,3,2,2,1,4,41.7,12.7,50.2,50.5
7440,3,1,0,2,0,0,60.0,3,0,1,0,0,0,0,0,1,66.7,1,2,4,3,1,1,0,0,52,0,1,0,0,0,42,0,0,0,1,0,2,2,2,4,2,41.6,29.2,48.1,51.7
7441,3,0,1,0,2,0,55.0,3,1,1,0,0,0,1,0,0,100.0,4,4,4,2,0,1,0,0,22,1,0,1,0,0,0,1,0,1,0,2,5,4,4,1,4,31.8,0.0,45.2,54.5
7442,0,2,1,0,3,0,48.3,2,1,0,0,1,0,1,0,0,100.0,4,3,1,3,0,1,1,0,56,0,1,1,0,0,70,0,1,0,0,46,3,3,2,2,1,49.9,46.9,38.7,57.5
7443,1,3,2,0,0,0,40.0,2,0,0,0,0,0,0,1,0,33.3,4,4,1,3,0,1,0,0,22,0,1,0,1,0,62,1,0,1,0,2,5,3,5,1,2,28.8,3.4,25.5,54.8
7444,0,3,0,2,0,1,70.0,4,1,0,1,0,0,0,0,0,66.7,1,1,3,3,0,1,1,0,56,1,0,0,0,0,0,1,0,0,0,30,2,2,1,5,1,74.4,54.1,79.1,27.9
7445,0,2,1,0,0,3,65.0,3,0,0,0,0,0,0,0,1,33.3,2,2,3,4,0,1,0,0,22,0,1,0,0,0,42,0,0,1,0,0,5,4,4,4,2,32.5,11.8,44.8,47.4
7446,2,0,3,0,0,1,65.0,3,0,0,1,0,0,0,0,0,33.3,5,4,3,3,0,1,0,1,0,0,0,1,0,0,28,1,1,0,0,76,5,4,2,4,1,50.5,33.2,47.2,50.2
7447,2,3,0,0,0,1,63.3,1,1,1,0,0,1,0,0,0,100.0,4,3,4,1,0,1,0,1,0,1,0,0,0,0,0,1,0,0,1,2,1,1,1,1,1,55.6,19.7,70.4,31.5
7448,0,3,1,0,2,0,48.3,3,1,1,0,0,0,0,0,0,66.7,4,3,2,3,1,0,0,0,30,1,0,1,0,0,0,1,0,0,0,30,1,3,1,5,2,55.2,26.6,64.8,38.0
7449,1,2,3,0,0,0,40.0,3,0,1,0,1,0,0,0,0,66.7,4,4,2,4,0,1,1,0,56,1,0,0,0,0,0,1,1,0,0,76,1,1,4,5,3,69.5,67.0,68.3,50.9
7450,0,0,3,2,0,1,61.7,3,0,0,1,0,0,0,0,0,33.3,4,4,3,3,1,1,0,0,52,0,1,1,0,0,70,0,1,0,0,46,5,3,2,4,4,26.2,28.5,24.2,75.1
7451,3,0,1,0,0,2,65.0,2,0,0,0,1,1,0,0,0,66.7,2,3,3,3,0,1,0,1,0,0,1,1,0,0,70,0,0,1,1,0,5,4,5,5,4,0.7,0.0,5.7,82.7
7452,0,3,1,2,0,0,63.3,5,0,0,0,0,0,0,1,0,33.3,2,4,2,3,0,0,0,1,0,0,1,1,0,0,70,1,1,0,0,76,5,4,4,4,4,31.3,39.3,22.9,73.0
7453,2,1,3,0,0,0,40.0,3,0,0,1,0,0,0,0,0,33.3,5,2,4,1,0,1,0,0,22,0,0,0,1,0,20,1,0,0,0,30,5,3,4,4,1,45.5,25.5,58.5,30.6
7454,1,3,0,0,0,2,63.3,1,1,0,0,0,0,0,0,0,33.3,2,3,1,2,0,1,0,1,0,0,1,0,0,1,0,0,0,1,0,0,1,2,4,5,3,38.5,8.7,44.5,41.2
7455,0,0,1,0,3,2,61.7,4,0,0,0,0,0,1,1,1,100.0,4,1,4,3,1,0,0,1,6,0,0,0,0,1,0,1,0,0,1,2,5,2,5,5,3,27.4,7.0,50.8,48.8
7456,3,1,0,2,0,0,60.0,3,0,1,0,1,0,1,0,0,100.0,2,2,2,2,0,1,0,0,22,1,0,1,0,0,0,1,0,0,0,30,3,1,4,1,1,77.9,44.4,77.9,34.3
7457,3,1,2,0,0,0,40.0,3,1,1,0,1,0,0,0,0,100.0,4,3,1,4,0,1,0,1,0,1,1,0,0,0,14,0,0,1,0,0,1,1,2,5,3,24.2,8.4,39.5,55.2
7458,0,1,2,0,0,3,65.0,3,0,0,1,1,0,1,0,0,100.0,4,3,3,4,0,1,0,1,0,0,0,1,1,0,48,0,0,1,0,0,3,4,5,4,3,6.2,0.0,23.0,70.6
7459,2,0,3,0,1,0,55.0,3,0,0,0,1,0,1,0,0,66.7,2,2,4,2,1,0,0,0,30,1,0,0,0,1,0,1,0,0,0,30,5,1,4,5,1,66.1,41.0,75.2,37.8
7460,0,0,3,2,0,1,61.7,3,0,0,0,1,0,0,0,0,33.3,2,2,3,1,0,1,0,1,0,1,0,0,0,0,0,1,0,0,0,30,3,3,4,2,2,57.6,19.6,66.7,26.6
7461,2,0,0,0,1,3,71.7,2,0,1,0,1,0,0,1,0,100.0,4,4,4,4,0,1,0,0,22,1,0,0,0,0,0,1,0,1,0,2,2,3,5,4,4,27.8,0.0,43.4,68.3
7462,0,2,0,0,3,1,61.7,5,1,0,0,0,0,0,0,0,33.3,5,4,3,3,1,1,0,0,52,0,1,1,0,0,70,1,1,0,0,76,5,1,4,4,1,56.9,67.4,51.2,61.6
7463,0,3,1,0,0,2,65.0,5,0,1,0,0,0,0,0,0,33.3,4,3,4,4,0,0,0,1,0,0,1,0,0,0,42,0,0,1,0,0,5,4,5,4,3,14.4,0.0,38.2,57.3
7464,2,0,3,0,0,1,65.0,1,0,1,0,0,0,0,0,0,33.3,1,2,3,3,1,1,0,0,52,0,1,1,0,0,70,1,1,0,0,76,3,3,1,1,1,74.4,64.4,64.1,32.5
7465,0,3,1,0,0,2,65.0,3,0,0,1,0,0,0,0,0,33.3,4,3,1,4,0,0,1,0,34,0,1,0,0,0,42,0,1,0,1,18,5,4,4,4,1,41.6,22.1,43.8,46.2
7466,1,0,2,3,0,0,63.3,2,0,0,0,1,0,0,0,0,33.3,4,4,3,4,1,0,0,1,6,0,1,1,0,0,70,1,0,0,0,30,5,4,5,4,3,16.1,8.7,19.8,72.8
7467,1,3,0,0,0,2,63.3,4,0,0,1,1,0,0,0,0,66.7,5,3,1,4,0,1,0,1,0,1,0,0,0,0,0,0,0,0,1,0,2,3,1,2,4,24.3,0.0,43.3,42.6
7468,0,1,2,0,0,3,65.0,3,1,0,0,0,1,1,0,0,100.0,5,4,3,4,1,0,0,0,30,1,0,0,0,0,0,1,0,0,0,30,3,4,2,5,3,26.2,11.8,35.0,66.2
7469,1,2,3,0,0,0,40.0,3,0,0,1,0,0,1,0,0,66.7,2,2,3,1,1,1,0,0,52,1,0,0,0,1,0,1,0,0,1,2,5,1,2,4,1,60.1,38.3,64.3,40.8
7470,2,1,0,3,0,0,60.0,2,0,0,1,0,0,0,0,0,33.3,1,3,3,4,0,1,0,0,22,0,0,1,0,1,0,1,0,1,0,2,5,2,5,2,2,56.9,20.6,70.2,37.4
7471,0,2,3,1,0,0,63.3,3,0,1,0,0,0,0,1,0,66.7,2,1,4,3,0,1,0,0,22,0,1,0,0,0,42,1,1,0,0,76,3,3,5,2,2,62.8,50.1,65.0,38.5
7472,1,3,0,0,0,2,63.3,2,0,1,1,0,0,1,0,0,100.0,5,4,1,4,0,1,0,1,0,0,0,1,0,0,28,0,0,1,1,0,5,4,5,5,4,1.2,0.0,9.4,88.7
7473,3,2,0,0,1,0,43.3,3,0,1,0,1,0,0,0,0,66.7,2,4,2,3,0,1,0,1,0,1,0,0,0,1,0,0,1,0,1,18,3,4,2,2,2,51.8,10.0,56.4,38.2
7474,0,3,2,1,0,0,63.3,4,0,0,1,0,1,0,1,0,100.0,2,1,3,3,0,1,1,0,56,0,1,1,0,0,70,1,0,0,0,30,2,2,1,4,2,46.2,47.1,46.0,59.2
7475,2,3,0,1,0,0,60.0,3,0,0,0,0,0,0,1,0,33.3,5,1,1,3,1,0,0,1,6,0,1,1,0,0,70,1,1,0,0,76,3,2,4,2,1,55.7,46.2,52.3,24.9
7476,3,0,2,0,1,0,55.0,3,0,1,0,0,0,0,0,0,33.3,2,2,2,3,0,1,0,1,0,1,0,0,0,0,0,0,0,0,1,0,2,2,1,5,1,43.0,18.1,57.5,29.5
7477,0,3,0,1,2,0,53.3,3,0,1,1,0,0,1,0,0,100.0,2,2,4,3,0,1,0,0,22,0,0,0,0,1,0,1,1,0,0,76,3,4,4,2,1,82.3,54.2,84.9,28.4
7478,3,0,0,1,2,0,63.3,2,0,0,0,1,0,1,0,1,100.0,1,3,2,2,1,1,0,0,52,1,0,0,0,0,0,1,0,0,0,30,3,1,2,2,1,80.0,47.9,77.5,41.8
7479,0,1,0,3,0,2,70.0,5,0,0,1,0,1,0,0,0,66.7,5,2,3,1,0,1,0,1,0,1,1,0,0,0,14,0,0,1,1,0,5,4,1,5,3,15.1,0.0,27.8,58.3
7480,0,3,2,0,0,1,65.0,3,1,0,0,1,1,0,0,0,100.0,2,3,2,1,0,1,0,0,22,0,0,1,0,0,28,0,1,0,0,46,3,3,5,1,4,46.2,29.0,33.1,53.9
7481,2,1,0,0,3,0,43.3,4,0,0,1,0,0,0,0,0,33.3,2,2,4,3,0,1,0,1,0,0,1,0,0,0,42,0,0,1,0,0,1,3,4,5,1,34.7,13.3,46.2,39.3
7482,0,0,3,2,1,0,55.0,2,0,0,1,0,0,0,1,0,66.7,5,4,4,2,0,1,0,0,22,0,1,1,0,0,70,0,0,1,1,0,5,4,4,5,3,2.6,0.0,10.8,81.5
7483,2,0,1,0,0,3,65.0,4,0,1,1,0,0,0,1,0,100.0,5,2,1,3,1,0,0,1,6,0,1,1,0,0,70,0,0,1,0,0,5,4,5,5,3,0.0,0.0,0.0,81.9
7484,0,2,1,0,0,3,65.0,3,1,0,0,0,0,1,0,0,66.7,5,3,3,3,1,1,0,0,52,0,1,0,0,0,42,1,1,0,0,76,3,4,2,5,1,50.7,50.8,51.5,51.3
7485,1,2,0,3,0,0,60.0,3,0,0,0,0,1,0,0,0,33.3,4,2,3,2,1,0,0,0,30,1,0,0,1,0,0,0,1,0,0,46,3,3,5,4,4,49.3,27.0,53.5,30.0
7486,2,3,1,0,0,0,40.0,2,1,0,0,0,0,0,1,0,66.7,2,2,3,3,1,0,0,0,30,1,0,1,0,0,0,0,1,0,1,18,1,3,1,1,3,62.0,22.7,69.4,24.1
7487,0,3,2,0,0,1,65.0,3,1,0,0,0,0,0,0,0,33.3,4,3,4,1,0,1,1,0,56,0,0,1,0,0,28,1,1,0,0,76,2,3,5,4,3,61.2,51.3,57.0,42.8
7488,1,2,0,3,0,0,60.0,1,0,1,1,0,0,0,0,0,66.7,2,3,4,3,0,1,0,1,0,1,1,0,0,0,14,0,1,0,1,18,5,1,2,2,3,38.5,19.5,57.9,49.9
7489,0,3,1,2,0,0,63.3,1,0,0,0,1,0,1,0,0,66.7,4,4,1,4,0,0,0,1,0,0,1,0,0,0,42,0,0,1,1,0,5,1,4,2,2,28.2,9.8,33.9,62.6
7490,3,2,0,1,0,0,60.0,3,0,1,0,1,0,0,0,0,66.7,4,4,4,2,0,0,0,1,0,0,0,1,0,0,28,1,0,0,0,30,1,4,5,4,1,41.1,16.7,49.0,51.9
7491,3,0,0,1,0,2,73.3,3,1,0,1,0,0,0,0,0,66.7,2,4,4,2,0,0,0,1,0,0,1,1,0,0,70,1,0,0,0,30,3,2,4,2,1,38.6,31.0,40.1,64.3
7492,2,3,1,0,0,0,40.0,3,0,0,0,1,1,1,0,0,100.0,4,2,3,3,0,1,0,0,22,0,1,1,0,0,70,0,1,1,0,18,1,4,5,4,3,12.4,9.3,16.5,65.2
7493,3,1,0,0,0,2,63.3,4,1,0,0,1,0,0,0,0,66.7,5,2,3,2,1,1,0,0,52,0,1,0,0,0,42,0,0,1,0,0,1,4,5,4,2,30.1,9.7,34.8,48.2
7494,3,2,0,0,0,1,63.3,3,0,1,0,1,0,0,0,0,66.7,2,4,3,4,0,0,1,0,34,1,0,0,0,0,0,0,1,1,0,18,3,2,4,4,3,47.1,26.8,59.9,54.9
7495,0,0,0,2,1,3,55.0,4,0,0,0,1,0,0,0,0,33.3,4,2,1,4,1,0,0,1,6,0,1,1,0,0,70,0,0,1,0,0,5,3,5,5,3,7.9,2.8,9.2,59.4
7496,0,0,3,1,2,0,55.0,4,0,0,0,0,1,0,0,0,33.3,5,2,1,3,0,1,0,0,22,0,0,1,0,0,28,0,0,1,0,0,1,4,5,4,4,18.0,0.0,25.1,43.1
7497,3,0,2,0,0,1,65.0,4,0,1,0,0,0,0,0,0,33.3,2,2,4,1,0,1,0,0,22,1,0,0,0,1,0,1,0,0,0,30,2,1,2,4,4,53.1,31.8,60.9,35.5
7498,0,0,3,2,1,0,55.0,4,0,1,0,0,0,1,0,0,66.7,2,3,1,4,0,1,0,0,22,0,0,1,0,0,28,1,0,0,0,30,5,3,4,4,1,52.4,27.9,53.6,46.1
7499,0,1,3,2,0,0,63.3,3,0,0,1,0,0,1,0,0,66.7,4,3,3,4,1,0,0,0,30,0,1,0,0,0,42,1,0,0,0,30,1,3,5,2,1,54.8,26.7,57.2,44.0
7500,2,3,0,0,0,1,63.3,4,1,1,0,1,0,0,0,0,100.0,2,3,3,3,0,1,0,0,22,1,0,0,0,0,0,1,0,0,0,30,2,3,2,2,2,60.7,25.8,67.5,43.5
7501,0,2,3,0,1,0,48.3,2,0,1,1,0,0,0,0,1,100.0,2,2,4,1,1,1,0,0,52,1,0,1,0,0,0,1,1,0,0,76,1,1,1,5,1,89.0,79.5,88.5,35.9
7502,1,3,2,0,0,0,40.0,3,1,0,0,0,0,1,0,1,100.0,4,2,4,3,0,1,0,1,0,1,1,0,0,0,14,1,0,0,0,30,3,4,4,1,2,44.7,11.4,59.6,38.1
7503,2,1,3,0,0,0,40.0,2,0,0,1,1,0,0,0,0,66.7,4,3,1,4,0,1,0,0,22,1,0,0,1,0,0,0,1,0,0,46,2,2,4,2,4,50.8,25.3,57.8,37.4
7504,1,0,0,2,0,3,73.3,2,0,0,0,1,0,0,0,1,66.7,2,3,3,4,0,1,0,0,22,1,0,1,0,0,0,1,0,0,0,30,3,3,5,2,1,67.6,31.9,74.9,35.2
7505,0,2,3,0,1,0,48.3,3,0,0,0,0,0,1,0,0,33.3,2,3,3,2,0,1,0,1,0,1,1,0,0,0,14,0,0,1,0,0,2,3,1,2,4,38.3,2.4,41.9,38.6
7506,0,0,0,3,2,1,55.0,4,0,0,0,0,1,1,0,1,100.0,2,4,1,3,0,1,0,1,0,0,1,0,0,0,42,1,0,1,0,2,5,3,4,5,4,3.4,1.8,4.1,87.1
7507,0,1,0,3,2,0,53.3,3,1,0,0,0,0,1,1,0,100.0,2,2,2,1,0,1,0,0,22,1,0,1,0,0,0,1,0,0,0,30,3,3,2,2,2,59.2,30.1,60.1,34.5
7508,3,2,0,0,0,1,63.3,3,0,1,1,0,0,0,0,1,100.0,2,3,1,2,0,1,0,0,22,1,0,1,0,0,0,0,1,0,0,46,3,3,2,1,4,62.5,28.2,50.1,46.7
7509,2,1,0,3,0,0,60.0,1,0,0,0,0,0,1,0,0,33.3,2,2,3,4,1,0,1,0,64,0,0,0,1,1,0,1,1,0,0,76,3,1,4,2,1,100.0,76.4,100.0,19.5
7510,1,2,0,0,3,0,43.3,4,0,0,0,0,0,0,1,1,66.7,2,3,3,3,0,1,0,0,22,0,0,1,0,1,0,1,0,0,0,30,5,3,2,1,1,72.0,30.3,78.9,30.4
7511,2,0,0,3,1,0,63.3,1,1,0,0,0,0,0,0,0,33.3,4,4,1,4,1,1,0,0,52,1,0,0,0,0,0,1,0,0,0,30,1,1,1,2,1,74.1,41.3,79.3,24.5
7512,0,3,0,0,2,1,61.7,4,0,0,0,0,0,1,0,0,33.3,2,3,1,2,1,1,0,0,52,1,0,0,0,1,0,1,0,1,0,2,5,4,2,2,2,58.9,17.8,52.4,34.3
7513,3,0,1,0,0,2,65.0,2,0,0,0,0,1,0,0,0,33.3,2,3,1,2,1,0,0,0,30,0,1,0,0,0,42,1,0,0,0,30,5,4,4,5,2,40.4,26.3,32.3,56.3
7514,1,2,3,0,0,0,40.0,4,0,0,1,0,0,0,0,0,33.3,5,4,4,2,0,0,1,1,10,1,0,1,0,0,0,1,0,0,0,30,3,2,4,4,2,51.2,19.7,68.8,38.2
7515,0,0,0,1,3,2,55.0,4,1,1,0,0,0,0,0,0,66.7,5,3,3,4,0,1,1,0,56,0,1,0,0,0,42,0,1,1,0,18,2,4,5,2,2,41.7,20.7,44.1,50.2
7516,0,0,1,0,3,2,61.7,1,0,0,0,0,0,1,0,1,66.7,4,3,3,2,0,1,0,1,0,1,0,1,0,0,0,0,1,0,0,46,1,4,4,5,1,52.2,22.2,59.7,37.0
7517,1,0,2,3,0,0,63.3,1,0,1,0,0,0,0,0,1,66.7,4,3,4,4,0,1,0,0,22,1,1,0,0,0,14,1,1,0,0,76,3,3,5,2,1,71.8,50.3,82.1,32.7
7518,1,3,0,0,2,0,43.3,1,0,0,0,0,0,1,0,0,33.3,2,3,3,4,0,1,0,0,22,0,0,1,0,1,0,1,0,0,0,30,3,2,2,2,1,72.3,28.2,83.2,22.4
7519,2,0,1,0,0,3,65.0,2,0,1,0,0,0,0,0,0,33.3,5,2,1,3,0,1,0,0,22,0,0,1,0,0,28,0,0,1,0,0,5,4,4,4,4,14.8,0.0,21.9,49.0
7520,1,0,2,0,0,3,65.0,3,1,0,1,1,0,0,0,0,100.0,5,3,4,4,1,1,0,0,52,1,1,0,0,0,14,1,1,0,0,76,3,3,4,2,2,72.4,52.2,75.3,43.5
7521,3,2,0,0,1,0,43.3,2,0,1,0,0,1,1,0,0,100.0,2,1,3,3,0,1,0,1,0,0,0,0,0,1,0,0,1,0,1,18,2,3,4,5,1,50.6,21.5,61.8,33.0
7522,0,2,3,1,0,0,63.3,3,0,0,1,0,0,0,0,1,66.7,4,4,3,3,0,1,0,0,22,0,1,0,0,0,42,0,1,1,0,18,3,3,4,4,3,27.3,13.6,28.1,62.1
7523,0,2,3,0,1,0,48.3,3,0,0,0,1,0,1,0,0,66.7,5,2,4,1,1,1,0,0,52,1,0,0,0,0,0,0,1,1,0,18,2,3,1,1,1,65.1,23.5,72.2,22.9
7524,0,0,3,0,1,2,61.7,3,1,0,1,1,0,0,0,0,100.0,2,3,4,2,0,1,0,1,0,0,1,0,0,0,42,1,1,0,0,76,1,1,2,1,1,69.3,57.6,68.3,42.7
7525,0,0,0,1,2,3,55.0,1,1,0,0,0,1,0,0,0,66.7,2,1,2,1,0,1,0,0,22,0,1,0,1,0,62,0,1,1,0,18,5,3,4,5,4,14.3,10.0,8.4,64.4
7526,3,0,1,0,2,0,55.0,2,1,1,1,0,0,0,0,0,100.0,1,2,3,2,1,0,0,0,30,0,1,1,0,0,70,0,0,1,0,0,3,3,5,2,4,25.4,9.7,22.7,63.2
7527,3,1,2,0,0,0,40.0,3,0,0,0,0,0,0,0,1,33.3,4,2,4,2,0,1,1,0,56,1,0,0,0,1,0,1,1,0,0,76,2,4,1,2,3,73.5,50.2,77.9,17.6
7528,0,2,1,0,3,0,48.3,2,0,0,1,0,0,0,0,0,33.3,5,4,2,3,0,1,0,1,0,0,0,1,0,0,28,0,1,1,0,18,3,4,4,2,1,36.3,6.5,39.6,40.4
7529,3,0,1,0,0,2,65.0,5,0,0,0,0,1,0,0,0,33.3,4,3,4,3,0,1,0,0,22,0,1,0,1,0,62,1,0,0,0,30,5,4,5,2,4,24.9,9.9,31.6,55.2
7530,3,2,1,0,0,0,40.0,3,0,1,0,1,0,0,0,1,100.0,2,3,1,3,0,0,0,1,0,1,1,0,0,0,14,1,0,0,0,30,3,2,1,2,3,50.2,24.1,49.3,49.1
7531,3,0,0,2,0,1,73.3,3,0,0,0,0,0,0,1,0,33.3,2,3,2,2,0,0,0,1,0,1,0,1,0,0,0,1,0,0,1,2,2,3,1,1,1,60.5,12.2,60.3,25.6
7532,0,1,2,0,0,3,65.0,2,1,0,1,0,0,0,0,1,100.0,5,3,1,1,0,1,1,0,56,0,1,0,0,0,42,0,1,0,1,18,5,3,5,5,4,17.0,15.1,10.0,82.3
7533,0,0,1,3,0,2,61.7,3,1,0,0,0,1,0,0,0,66.7,5,4,1,3,0,1,0,0,22,0,1,1,0,0,70,0,0,1,1,0,5,1,4,2,2,19.3,16.1,22.3,70.2
7534,0,1,2,0,3,0,48.3,1,0,0,0,0,0,0,1,0,33.3,4,4,1,4,0,1,0,0,22,0,1,0,0,0,42,0,0,1,0,0,2,1,4,4,3,20.6,9.2,40.1,52.9
7535,2,0,3,0,1,0,55.0,4,0,0,0,0,0,0,0,1,33.3,1,3,3,1,0,1,0,0,22,1,0,0,0,0,0,1,0,0,1,2,2,2,4,4,1,61.9,30.4,67.2,29.3
7536,3,1,0,0,2,0,43.3,1,0,0,1,1,0,0,0,0,66.7,2,2,3,3,0,1,1,0,56,0,0,0,1,1,0,0,1,0,0,46,5,3,4,2,1,84.6,49.5,86.4,26.4
7537,0,0,2,0,1,3,61.7,2,0,1,0,0,1,1,0,0,100.0,5,3,2,3,0,1,0,0,22,0,1,0,0,0,42,1,0,1,0,2,5,3,2,4,1,23.6,6.0,24.7,68.7
7538,2,3,0,1,0,0,60.0,3,0,1,0,1,0,0,0,0,66.7,4,2,3,4,1,0,1,0,64,0,1,0,0,0,42,0,1,1,0,18,1,2,5,2,1,55.7,32.3,60.9,38.8
7539,0,1,2,0,0,3,65.0,4,0,0,0,1,0,0,0,1,66.7,4,3,4,4,1,1,0,0,52,1,0,0,0,0,0,0,0,1,0,0,5,4,4,5,3,32.5,10.4,45.4,57.6
7540,1,2,3,0,0,0,40.0,3,1,0,0,0,0,0,0,0,33.3,2,3,3,4,0,1,0,0,22,0,0,0,0,1,0,1,1,0,0,76,3,2,4,1,3,78.2,50.7,82.4,22.8
7541,0,1,2,0,0,3,65.0,2,0,0,1,0,1,1,0,0,100.0,5,4,1,3,0,1,0,0,22,0,1,0,0,0,42,0,1,0,0,46,5,4,4,4,3,26.8,14.2,20.4,70.0
7542,0,1,0,2,3,0,53.3,5,0,0,0,1,0,1,0,1,100.0,1,2,2,4,1,0,0,1,6,1,0,0,1,0,0,0,1,0,0,46,2,4,2,2,1,67.9,39.4,72.9,32.6
7543,3,1,0,0,2,0,43.3,5,0,0,1,1,0,1,0,0,100.0,2,1,4,4,1,0,0,0,30,0,0,1,0,0,28,1,1,0,0,76,3,2,4,2,1,83.1,61.1,85.2,29.9
7544,1,2,3,0,0,0,40.0,2,0,0,0,1,1,1,0,0,100.0,2,1,2,2,0,1,0,0,22,1,0,0,0,0,0,1,0,0,0,30,3,3,4,2,1,75.0,32.6,72.1,23.3
7545,0,2,3,0,0,1,65.0,2,1,0,0,0,0,0,0,0,33.3,4,2,4,4,1,0,0,0,30,1,0,0,0,0,0,1,1,0,0,76,3,2,4,4,4,60.7,49.0,72.6,32.8
7546,1,0,2,0,3,0,55.0,3,0,0,0,0,0,1,0,1,66.7,1,4,4,2,0,1,0,0,22,0,1,1,0,0,70,1,0,0,0,30,5,3,1,2,1,43.4,34.5,36.8,67.9
7547,3,0,2,0,0,1,65.0,4,0,1,1,0,0,1,0,0,100.0,5,3,1,2,0,1,1,0,56,1,1,0,0,0,14,1,0,1,0,2,3,4,1,4,4,21.5,5.7,23.4,63.8
7548,3,2,0,0,0,1,63.3,3,0,0,0,0,0,1,1,0,66.7,4,4,3,3,0,1,0,0,22,1,0,0,0,0,0,0,0,1,1,0,3,2,2,2,3,38.3,7.5,53.7,46.9
7549,2,3,1,0,0,0,40.0,1,1,0,1,1,0,0,0,0,100.0,2,2,2,2,1,0,1,0,64,1,0,0,0,0,0,1,0,0,0,30,3,2,4,2,1,80.0,45.4,76.5,32.5
7550,0,1,2,0,3,0,48.3,1,0,0,0,0,1,1,0,0,66.7,4,4,3,2,0,1,0,1,0,1,0,0,0,0,0,0,0,0,1,0,5,3,5,1,1,39.2,6.2,52.5,40.9
7551,2,1,3,0,0,0,40.0,3,0,0,1,0,0,1,0,0,66.7,4,2,3,1,1,0,1,0,64,1,0,1,0,0,0,0,1,0,0,46,1,3,1,1,2,77.2,42.2,75.9,19.1
7552,3,2,0,1,0,0,60.0,3,0,0,0,0,0,1,0,0,33.3,2,2,3,4,1,0,1,0,64,1,1,0,0,0,14,1,1,0,0,76,5,3,5,4,2,78.6,63.4,83.1,28.3
7553,0,3,1,0,2,0,48.3,2,0,1,0,0,0,1,0,0,66.7,5,2,3,4,0,0,1,1,10,0,1,0,0,0,42,0,1,1,0,18,5,3,5,4,3,26.5,3.4,35.3,57.4
7554,0,2,0,3,1,0,53.3,5,0,0,0,0,0,0,1,1,66.7,5,3,1,2,0,1,0,0,22,0,1,1,0,0,70,1,0,0,1,2,5,1,2,5,1,23.3,23.4,23.3,65.5
7555,3,0,1,0,0,2,65.0,1,1,0,0,1,0,0,0,0,66.7,2,3,2,4,1,0,0,0,30,0,0,1,0,0,28,1,0,1,0,2,3,3,5,2,3,38.6,8.4,43.3,48.8
7556,2,3,0,0,1,0,43.3,1,0,0,0,1,0,1,0,0,66.7,2,2,2,3,1,0,1,0,64,1,0,1,0,0,0,0,1,0,0,46,1,1,2,5,4,64.4,52.0,66.0,34.3
7557,0,0,0,2,1,3,55.0,4,0,1,0,0,0,0,0,1,66.7,5,4,3,4,1,0,0,1,6,0,1,1,0,0,70,0,0,1,0,0,1,3,1,4,1,16.9,4.3,31.5,62.4
7558,1,3,2,0,0,0,40.0,3,0,1,0,0,0,1,0,0,66.7,2,4,4,2,0,1,1,0,56,0,0,1,0,0,28,1,1,0,0,76,3,1,1,1,3,82.9,62.5,73.9,46.1
7559,2,0,3,0,0,1,65.0,3,0,0,0,0,0,1,1,0,66.7,4,4,2,1,0,1,1,0,56,0,0,1,0,1,0,1,0,0,1,2,3,3,5,2,1,59.3,24.2,59.0,41.4
7560,1,0,0,0,2,3,71.7,4,0,0,1,1,1,0,0,0,100.0,5,3,1,4,0,1,0,1,0,0,1,0,0,0,42,1,0,0,0,30,2,3,4,5,3,14.3,9.6,24.8,65.9
7561,2,1,0,3,0,0,60.0,2,0,0,0,1,0,1,0,0,66.7,2,4,3,3,0,1,0,1,0,1,1,0,0,0,14,1,1,0,0,76,3,2,5,4,1,66.7,47.5,69.4,49.9
7562,3,1,2,0,0,0,40.0,3,0,0,0,1,0,0,0,0,33.3,2,3,4,4,1,0,0,0,30,1,0,0,0,1,0,0,1,0,0,46,3,1,5,2,2,76.1,51.8,87.6,24.0
7563,2,0,1,0,0,3,65.0,3,0,0,0,1,1,0,0,0,66.7,5,4,4,3,1,0,0,1,6,0,1,1,0,0,70,1,0,0,0,30,3,3,1,4,1,22.6,19.5,32.2,72.0
7564,3,2,1,0,0,0,40.0,3,0,1,0,1,1,0,0,0,100.0,2,4,3,3,1,1,0,0,52,1,0,1,0,0,0,1,0,0,0,30,5,2,1,1,2,73.3,44.4,75.8,47.9
7565,0,2,0,0,3,1,61.7,1,1,0,0,0,0,0,0,0,33.3,5,1,3,3,0,1,0,0,22,0,1,0,0,0,42,1,0,1,0,2,1,4,5,5,1,30.1,8.2,41.8,33.8
7566,1,0,3,2,0,0,63.3,3,0,1,0,0,1,1,0,0,100.0,4,2,3,2,0,1,1,0,56,1,0,0,0,1,0,1,0,0,0,30,3,3,5,1,1,74.0,39.1,74.0,28.8
7567,2,1,0,3,0,0,60.0,4,1,0,0,0,1,0,0,0,66.7,2,2,3,3,0,0,1,0,34,0,0,1,0,0,28,1,1,0,0,76,5,1,4,1,3,81.0,63.6,74.4,33.6
7568,0,3,0,1,0,2,70.0,2,1,1,0,0,0,0,0,1,100.0,5,1,1,4,0,1,0,0,22,0,1,0,0,0,42,0,0,1,0,0,5,3,5,4,2,18.7,0.0,25.2,61.5
7569,0,0,2,3,0,1,61.7,4,0,0,0,1,0,0,0,0,33.3,4,2,3,4,0,1,0,1,0,1,0,0,1,0,0,0,0,1,0,0,2,4,4,5,1,35.9,0.0,56.9,28.3
7570,2,0,1,0,0,3,65.0,4,0,0,0,0,0,0,1,0,33.3,5,4,3,1,0,1,0,0,22,0,1,0,0,0,42,0,0,1,0,0,5,2,2,4,1,31.2,16.2,33.6,55.7
7571,0,0,1,0,2,3,61.7,5,0,0,0,0,1,0,0,0,33.3,5,2,1,3,0,0,0,1,0,0,0,0,0,1,0,0,0,1,0,0,2,3,2,5,2,34.2,2.9,49.2,33.5
7572,1,3,0,0,2,0,43.3,5,0,0,0,1,0,0,0,0,33.3,1,2,3,4,1,1,0,0,52,1,0,0,0,0,0,0,1,0,0,46,2,4,1,2,2,78.7,46.0,80.5,15.8
7573,0,0,2,0,3,1,61.7,3,0,1,0,0,0,0,1,0,66.7,4,4,1,4,1,1,0,0,52,0,1,0,0,0,42,0,0,1,0,0,5,4,4,4,2,24.3,7.2,25.2,62.7
7574,3,2,1,0,0,0,40.0,3,0,0,0,1,0,0,0,1,66.7,2,4,2,1,1,1,0,0,52,0,1,0,0,1,0,1,1,0,0,76,1,1,5,2,1,97.9,74.9,83.7,29.7
7575,2,3,0,1,0,0,60.0,3,0,0,1,0,0,0,0,0,33.3,5,2,3,4,0,0,0,1,0,1,0,0,0,0,0,1,0,0,0,30,2,4,1,2,2,48.3,8.3,67.0,23.6
7576,2,3,1,0,0,0,40.0,3,0,0,1,1,0,1,0,0,100.0,2,2,1,2,0,1,1,0,56,1,1,0,0,0,14,1,1,0,0,76,3,2,1,1,2,85.3,66.6,69.5,29.5
7577,3,0,1,0,2,0,55.0,3,0,0,0,1,0,0,1,0,66.7,4,4,1,4,1,1,0,0,52,0,0,1,0,1,0,0,1,0,1,18,5,1,5,5,2,49.7,33.6,55.3,58.5
7578,2,1,0,0,3,0,43.3,4,0,0,1,0,0,0,0,0,33.3,1,4,3,2,1,0,1,0,64,1,0,0,0,0,0,1,0,0,1,2,1,1,1,1,2,77.5,42.0,77.8,28.8
7579,0,0,3,2,0,1,61.7,4,0,1,0,1,0,1,0,0,100.0,4,2,4,3,0,1,0,1,0,0,0,0,0,1,0,0,0,0,1,0,2,2,4,2,2,38.9,1.1,60.1,40.9
7580,3,1,2,0,0,0,40.0,2,0,1,0,0,0,1,0,0,66.7,4,4,1,3,0,1,1,0,56,1,0,0,0,1,0,0,0,0,1,0,5,1,5,2,4,43.7,19.6,47.4,51.0
7581,1,0,0,0,3,2,71.7,1,1,0,0,0,0,1,0,1,100.0,1,2,3,3,1,0,0,1,6,0,0,1,0,0,28,0,0,0,1,0,2,2,4,1,3,37.8,4.7,46.9,52.3
7582,2,3,0,0,1,0,43.3,2,0,0,0,1,0,1,1,0,100.0,2,1,3,3,1,0,0,0,30,0,0,1,0,1,0,0,1,0,1,18,3,3,5,2,1,62.6,26.2,75.1,27.5
7583,0,3,1,2,0,0,63.3,1,0,0,0,1,0,0,1,0,66.7,5,1,3,3,0,1,0,1,0,1,0,0,0,1,0,1,0,0,1,2,3,3,1,2,2,40.2,0.0,54.3,28.5
7584,0,3,2,1,0,0,63.3,3,0,0,0,1,0,0,0,1,66.7,4,2,1,3,0,1,0,0,22,1,1,0,0,0,14,1,0,0,0,30,3,2,5,4,2,46.7,23.4,48.1,40.1
7585,3,1,2,0,0,0,40.0,5,0,0,0,0,0,0,0,1,33.3,2,1,3,1,0,1,1,0,56,0,0,1,1,0,48,1,1,0,0,76,2,4,5,2,2,73.1,57.5,56.2,23.0
7586,0,2,3,0,1,0,48.3,3,0,0,0,0,1,0,1,0,66.7,1,4,1,4,1,0,0,0,30,1,0,0,0,0,0,1,1,0,0,76,3,2,4,2,3,77.8,62.1,68.9,43.1
7587,2,3,0,0,1,0,43.3,4,0,0,1,0,0,0,0,0,33.3,5,4,3,1,0,0,0,1,0,0,1,0,0,1,0,0,0,0,1,0,3,2,1,1,1,48.6,7.6,60.4,28.5
7588,3,2,0,0,1,0,43.3,4,0,1,0,0,0,0,1,0,66.7,2,3,4,3,0,1,0,0,22,1,1,0,0,0,14,1,0,0,1,2,2,1,1,2,1,59.1,30.3,75.4,37.5
7589,3,0,0,2,1,0,63.3,4,0,0,0,0,0,1,0,1,66.7,5,3,4,4,0,1,0,1,0,1,1,0,0,0,14,0,0,1,1,0,5,4,5,4,3,12.5,0.0,39.4,55.5
7590,3,1,2,0,0,0,40.0,1,0,0,1,0,0,0,0,0,33.3,5,1,3,3,1,0,0,0,30,0,1,1,0,0,70,1,0,0,0,30,3,3,4,2,1,44.4,25.8,49.0,29.7
7591,1,2,3,0,0,0,40.0,2,0,1,0,0,1,0,0,0,66.7,2,1,4,3,1,1,0,0,52,1,0,0,0,0,0,1,0,0,0,30,2,2,5,4,2,71.3,37.8,77.3,25.1
7592,0,2,1,0,0,3,65.0,2,0,0,0,1,0,0,1,0,66.7,5,3,3,4,0,1,0,0,22,0,1,0,0,0,42,0,1,1,0,18,5,4,2,5,1,27.4,13.3,37.3,59.4
7593,2,0,3,0,0,1,65.0,2,1,1,1,0,0,0,0,0,100.0,1,3,3,4,0,0,0,1,0,1,1,0,0,0,14,1,1,0,0,76,5,4,4,4,3,52.2,42.0,50.1,62.0
7594,3,0,0,0,1,2,71.7,2,0,0,1,0,1,1,0,0,100.0,1,3,4,4,0,1,0,1,0,0,1,0,0,0,42,1,0,0,0,30,1,2,4,1,1,57.4,32.9,70.1,49.2
7595,2,0,3,1,0,0,63.3,2,1,0,1,0,1,0,0,0,100.0,2,3,3,3,1,1,0,0,52,0,0,1,0,0,28,0,0,1,0,0,3,3,4,2,3,42.1,20.6,47.7,58.6
7596,2,3,0,0,0,1,63.3,3,0,0,0,0,1,0,0,0,33.3,4,3,4,2,0,1,0,1,0,1,0,1,0,0,0,1,0,1,0,2,1,3,5,1,2,48.4,3.9,64.8,22.0
7597,0,0,1,0,3,2,61.7,2,1,0,0,0,0,0,0,0,33.3,2,4,3,3,0,0,1,0,34,0,1,0,0,0,42,1,0,1,0,2,2,2,4,5,1,41.2,21.9,43.7,52.6
7598,1,3,0,0,0,2,63.3,4,0,0,0,0,1,0,0,0,33.3,2,3,1,4,0,1,0,0,22,0,0,1,0,1,0,1,1,0,0,76,2,4,5,5,1,74.9,52.0,74.2,26.5
7599,0,2,3,1,0,0,63.3,2,0,0,0,1,0,0,0,0,33.3,1,3,3,3,1,0,0,0,30,1,0,1,0,0,0,1,0,0,0,30,2,1,4,2,1,79.0,48.9,88.9,22.8
7600,3,2,0,0,1,0,43.3,5,0,0,1,0,0,0,0,0,33.3,4,4,3,3,0,1,0,0,22,0,0,0,0,1,0,1,0,0,1,2,2,2,4,1,1,57.0,25.7,70.7,24.0
7601,1,2,3,0,0,0,40.0,3,0,0,0,0,0,1,0,0,33.3,5,1,1,4,0,1,0,1,0,0,0,1,1,0,48,0,0,1,1,0,5,3,5,5,2,16.2,4.6,28.3,43.3
7602,1,2,3,0,0,0,40.0,3,0,0,0,1,1,0,0,0,66.7,2,3,3,3,0,1,1,0,56,0,1,1,0,0,70,1,1,0,0,76,1,2,2,4,1,72.8,72.3,66.2,49.4
7603,3,2,1,0,0,0,40.0,3,0,0,0,1,0,0,0,1,66.7,4,3,3,3,0,1,1,0,56,1,0,0,0,1,0,0,1,1,0,18,3,2,5,2,1,69.6,34.0,77.8,31.9
7604,0,0,2,3,1,0,55.0,4,1,1,1,0,0,0,0,0,100.0,1,2,4,4,0,1,0,0,22,0,0,1,0,0,28,1,1,0,0,76,3,3,4,5,2,62.4,55.3,68.4,52.2
7605,0,1,2,0,0,3,65.0,5,0,0,0,0,0,1,0,0,33.3,5,4,3,3,0,0,0,1,0,0,1,0,0,0,42,1,1,0,0,76,5,4,4,5,4,27.1,26.2,31.1,64.1
7606,0,1,0,3,0,2,70.0,2,1,1,0,0,0,0,0,0,66.7,4,2,1,4,0,1,0,0,22,0,1,0,0,0,42,0,0,1,0,0,1,4,4,5,4,9.3,0.0,17.6,60.2
7607,3,2,1,0,0,0,40.0,3,0,0,1,0,0,0,1,0,66.7,2,2,3,3,1,0,0,0,30,0,1,0,0,0,42,1,1,0,0,76,3,1,5,2,1,83.7,68.3,77.5,30.5
7608,0,3,1,0,0,2,65.0,3,0,0,1,0,0,0,0,0,33.3,4,4,3,4,0,1,0,0,22,0,1,0,0,0,42,0,0,1,0,0,2,4,4,2,3,25.4,0.0,39.6,52.0
7609,3,2,0,0,1,0,43.3,2,0,1,0,1,0,1,0,0,100.0,4,3,4,1,0,1,1,0,56,1,0,0,0,0,0,1,1,0,0,76,3,4,1,4,1,77.5,55.5,69.4,43.6
7610,0,2,3,1,0,0,63.3,5,0,0,0,0,1,1,0,1,100.0,2,1,2,2,0,0,1,0,34,1,0,0,0,1,0,1,0,0,0,30,2,2,1,2,1,73.7,37.1,75.3,22.4
7611,2,3,0,1,0,0,60.0,2,0,0,0,1,0,0,1,0,66.7,2,1,4,3,0,1,1,0,56,1,0,0,0,0,0,1,0,0,0,30,2,1,5,2,1,85.3,47.4,94.6,18.0
7612,0,1,2,3,0,0,63.3,1,0,0,1,0,1,0,0,1,100.0,4,3,1,3,0,1,0,0,22,0,1,0,0,0,42,0,0,1,1,0,5,1,1,4,3,20.5,13.8,24.1,71.1
7613,1,0,0,0,3,2,71.7,2,0,0,1,0,0,0,1,0,66.7,1,3,3,4,1,0,0,1,6,0,0,0,0,1,0,1,0,0,0,30,3,3,1,1,1,70.5,30.9,75.4,30.9
7614,0,3,0,2,1,0,53.3,2,1,0,0,0,0,1,0,0,66.7,4,2,2,4,1,0,1,0,64,0,0,1,0,1,0,1,1,0,0,76,3,3,2,4,1,84.7,59.9,83.6,25.0
7615,3,0,0,2,1,0,63.3,1,0,1,0,0,0,0,1,0,66.7,4,2,2,4,1,1,0,0,52,0,1,1,0,0,70,1,0,0,0,30,5,2,4,5,1,38.2,40.8,35.3,66.1
7616,2,0,3,0,1,0,55.0,1,1,1,0,0,0,1,0,0,100.0,4,3,2,1,1,0,0,0,30,0,1,0,0,0,42,1,0,1,0,2,1,3,5,2,2,36.4,10.2,31.9,49.9
7617,2,0,3,0,1,0,55.0,3,0,1,1,1,0,0,0,0,100.0,2,3,1,4,1,0,1,0,64,0,0,1,0,0,28,1,0,0,0,30,3,1,2,1,1,71.9,56.3,65.8,44.9
7618,0,0,0,3,1,2,55.0,3,1,1,0,0,0,1,0,0,100.0,2,4,1,2,0,1,1,0,56,1,0,0,0,0,0,1,0,0,0,30,3,2,5,4,2,61.1,42.7,49.0,62.6
7619,0,2,1,0,0,3,65.0,4,0,0,0,1,0,1,1,0,100.0,1,4,1,2,0,1,0,0,22,0,1,0,0,1,0,0,0,1,1,0,5,4,5,1,3,45.0,12.3,43.5,59.1
7620,0,3,1,0,2,0,48.3,2,0,1,0,0,0,0,0,1,66.7,2,2,3,4,0,1,1,0,56,1,0,1,0,0,0,1,0,0,0,30,3,1,1,4,3,68.4,42.1,75.6,34.7
7621,2,0,0,3,0,1,73.3,2,0,0,1,0,0,0,1,0,66.7,2,2,3,4,1,1,0,0,52,1,0,0,0,0,0,1,1,0,0,76,3,3,2,2,1,90.3,62.8,91.2,21.3
7622,0,1,0,2,0,3,70.0,3,1,0,0,0,0,0,1,1,100.0,4,4,3,4,0,1,0,0,22,1,1,0,0,0,14,0,1,1,0,18,1,3,4,5,4,25.0,7.6,37.8,71.6
7623,2,3,0,0,0,1,63.3,3,0,0,0,1,0,0,0,0,33.3,2,3,3,3,1,1,0,0,52,0,0,1,0,0,28,1,1,0,0,76,3,4,4,5,2,66.5,57.3,61.6,45.3
7624,0,3,2,1,0,0,63.3,3,1,0,0,0,0,0,0,0,33.3,4,1,4,2,0,1,0,0,22,1,0,0,0,0,0,1,0,1,0,2,3,4,5,1,3,43.6,0.6,62.0,17.9
7625,0,3,2,1,0,0,63.3,4,1,0,0,0,0,0,1,0,66.7,4,3,4,4,1,1,0,0,52,1,0,1,0,0,0,1,1,0,0,76,3,3,5,4,2,72.3,52.1,80.0,37.8
7626,3,2,1,0,0,0,40.0,3,0,0,0,0,1,0,0,0,33.3,2,4,1,4,1,0,1,0,64,0,0,1,0,0,28,1,1,0,0,76,2,4,5,2,3,68.0,56.7,53.3,39.7
7627,3,0,0,1,0,2,73.3,5,1,0,0,0,0,0,1,0,66.7,4,2,2,3,0,1,0,1,0,0,1,0,0,0,42,1,0,0,1,2,5,4,5,4,2,14.9,1.7,24.1,60.1
7628,0,0,3,0,2,1,61.7,5,0,0,0,1,1,1,0,0,100.0,1,2,3,1,0,1,1,0,56,0,1,0,0,0,42,1,1,0,0,76,3,4,4,5,1,67.7,63.7,50.2,55.2
7629,2,0,3,0,1,0,55.0,3,0,1,0,0,0,0,0,0,33.3,2,2,3,3,0,1,0,0,22,0,0,1,1,0,48,1,0,0,0,30,5,1,5,2,3,47.5,35.2,50.3,42.1
7630,1,2,3,0,0,0,40.0,5,0,0,1,0,1,0,0,1,100.0,5,3,1,4,1,1,0,0,52,0,1,0,0,0,42,0,0,1,0,0,5,2,5,5,4,16.8,10.3,19.1,77.9
7631,2,0,1,3,0,0,63.3,2,1,1,0,0,0,0,0,0,66.7,2,3,2,3,0,1,0,0,22,1,0,0,0,0,0,1,0,0,0,30,2,3,5,1,1,73.1,29.9,74.2,29.3
7632,2,0,1,0,3,0,55.0,2,1,1,0,1,0,0,0,0,100.0,2,2,1,2,0,1,0,0,22,1,0,0,0,0,0,1,0,0,0,30,1,2,2,2,4,51.8,26.8,53.0,38.9
7633,1,3,0,0,0,2,63.3,3,1,0,1,1,0,0,0,0,100.0,2,3,1,4,1,1,0,0,52,1,0,0,0,0,0,1,0,0,0,30,3,3,5,4,2,58.9,35.0,59.3,48.8
7634,2,3,0,0,0,1,63.3,3,1,0,1,0,1,0,0,0,100.0,5,3,3,1,0,1,0,0,22,0,0,1,0,0,28,1,0,0,0,30,3,4,2,5,1,35.2,24.5,33.8,58.8
7635,0,0,0,1,2,3,55.0,2,0,0,1,0,0,1,0,0,66.7,4,4,4,4,0,1,0,1,0,1,0,1,0,0,0,0,1,1,0,18,1,3,2,5,2,35.0,4.5,59.2,47.1
7636,0,0,3,0,1,2,61.7,3,1,0,0,0,0,0,0,0,33.3,4,4,2,4,0,1,1,0,56,1,0,1,0,0,0,0,0,1,1,0,5,4,1,4,2,43.3,10.4,53.3,49.0
7637,2,3,0,1,0,0,60.0,3,0,1,0,1,0,0,0,1,100.0,2,2,4,1,1,0,0,1,6,0,1,0,0,0,42,1,0,0,1,2,1,4,1,1,2,34.0,6.1,39.8,43.4
7638,0,0,3,2,0,1,61.7,2,0,0,1,0,0,0,0,0,33.3,2,4,3,4,0,0,0,1,0,0,1,0,0,0,42,0,0,1,0,0,5,4,5,5,4,6.6,0.0,18.5,70.4
7639,0,0,3,2,0,1,61.7,5,0,0,0,0,1,0,0,0,33.3,2,3,3,3,1,1,0,0,52,0,1,0,0,0,42,0,0,1,0,0,1,3,5,4,2,39.7,27.0,42.8,48.4
7640,0,1,0,0,3,2,61.7,5,0,0,0,1,0,0,0,0,33.3,1,4,3,2,0,0,1,0,34,0,1,0,0,1,0,0,1,0,0,46,1,2,2,4,1,77.8,44.4,78.7,33.1
7641,1,0,0,2,0,3,73.3,3,0,0,1,0,1,0,0,0,66.7,5,3,3,1,0,0,1,0,34,1,0,1,0,0,0,1,0,0,0,30,3,2,5,2,1,59.9,32.7,64.1,33.6
7642,2,3,1,0,0,0,40.0,5,0,0,0,1,0,1,0,0,66.7,5,2,3,2,0,0,0,1,0,1,0,0,0,1,0,1,0,0,0,30,5,2,1,1,1,59.9,20.9,72.5,19.1
7643,2,3,1,0,0,0,40.0,3,0,1,0,1,0,0,1,0,100.0,4,3,3,2,1,0,0,0,30,1,0,0,0,0,0,0,1,0,0,46,3,4,2,2,1,62.3,38.6,67.4,38.1
7644,0,2,0,3,1,0,53.3,1,1,0,0,0,0,1,0,0,66.7,4,3,1,4,0,1,0,0,22,0,0,1,1,0,48,0,1,0,1,18,5,4,5,4,1,32.6,16.5,30.0,58.6
7645,2,3,0,1,0,0,60.0,3,0,0,0,1,0,0,0,0,33.3,1,3,3,2,0,0,0,1,0,1,0,0,0,0,0,1,0,0,1,2,5,1,4,2,2,55.6,20.8,65.0,35.0
7646,3,0,1,2,0,0,63.3,3,0,0,0,0,0,1,0,0,33.3,4,2,1,4,1,0,0,1,6,1,0,0,0,0,0,1,0,1,0,2,3,4,2,4,2,39.9,6.9,51.2,31.0
7647,1,0,3,0,0,2,65.0,4,0,1,0,1,0,0,0,0,66.7,5,4,1,4,0,0,1,1,10,0,0,1,0,0,28,0,0,1,0,0,5,3,4,2,2,27.1,3.9,40.2,54.4
7648,0,0,1,0,3,2,61.7,4,0,1,0,1,0,0,0,1,100.0,5,4,1,3,0,1,0,0,22,0,1,0,0,0,42,0,0,1,0,0,1,4,4,5,3,7.5,0.0,12.6,75.5
7649,1,3,2,0,0,0,40.0,2,1,0,0,0,0,0,1,0,66.7,2,2,4,2,1,0,0,0,30,1,0,0,0,0,0,1,0,0,1,2,5,2,1,5,2,45.6,27.1,61.7,44.9
7650,0,2,0,1,0,3,70.0,4,0,0,0,1,1,0,0,0,66.7,4,3,1,4,1,0,0,0,30,0,0,1,0,0,28,0,1,1,0,18,5,1,4,4,2,40.9,31.3,45.6,60.6
7651,0,1,2,3,0,0,63.3,4,1,1,0,0,0,0,0,0,66.7,5,1,4,1,1,0,0,1,6,1,0,0,0,0,0,1,0,0,0,30,3,3,1,2,2,50.8,13.4,60.0,27.4
7652,3,1,2,0,0,0,40.0,2,0,0,0,0,1,0,0,1,66.7,2,2,3,3,1,1,0,0,52,1,0,1,0,0,0,1,1,0,0,76,3,4,5,5,2,78.6,53.4,74.0,31.7
7653,0,1,0,3,2,0,53.3,4,0,1,0,0,0,1,0,0,66.7,4,1,4,3,0,1,0,0,22,1,0,0,0,0,0,0,0,1,1,0,5,2,2,4,2,47.2,10.3,66.1,31.4
7654,2,1,3,0,0,0,40.0,2,0,0,0,0,1,0,0,0,33.3,2,3,3,2,1,1,0,0,52,1,0,0,0,1,0,1,0,0,0,30,3,3,4,2,1,79.9,43.9,78.0,17.6
7655,3,0,2,0,0,1,65.0,3,0,0,0,0,1,1,0,0,66.7,4,2,1,4,1,1,0,0,52,0,1,0,0,0,42,0,0,1,1,0,2,4,1,5,2,28.3,12.7,29.1,52.3
7656,3,0,2,0,1,0,55.0,5,1,0,1,0,0,1,0,0,100.0,5,4,1,3,0,1,1,0,56,0,0,1,1,0,48,1,0,0,1,2,5,4,5,4,3,13.7,4.0,10.7,77.7
7657,0,3,2,0,1,0,48.3,5,1,1,0,0,0,1,0,0,100.0,2,3,3,4,0,0,0,1,0,1,0,0,0,0,0,1,1,0,0,76,2,3,5,2,3,67.6,43.5,72.7,36.2
7658,0,0,2,0,3,1,61.7,3,0,0,0,0,1,0,0,1,66.7,4,2,1,3,0,1,0,0,22,1,0,0,0,0,0,1,0,1,0,2,2,2,2,1,2,51.8,12.3,55.0,25.8
7659,2,0,3,1,0,0,63.3,3,1,0,0,0,0,0,0,0,33.3,4,2,3,3,0,0,1,1,10,1,0,0,0,0,0,0,0,0,1,0,2,3,2,2,3,38.8,0.0,58.2,22.6
7660,1,2,0,0,0,3,63.3,1,1,0,0,1,0,1,0,0,100.0,4,3,3,4,1,1,0,0,52,1,0,0,1,0,0,1,0,0,1,2,3,2,4,2,1,58.6,23.1,71.1,44.2
7661,1,2,3,0,0,0,40.0,2,0,0,0,0,0,0,0,1,33.3,1,3,3,3,0,1,0,0,22,1,0,0,0,0,0,0,0,1,0,0,1,2,5,2,3,50.6,15.9,63.3,25.7
7662,2,3,1,0,0,0,40.0,3,0,0,1,0,0,1,1,0,100.0,2,4,3,4,0,1,1,0,56,1,0,0,0,0,0,1,0,0,0,30,3,4,4,1,2,69.8,37.6,71.7,46.1
7663,2,3,1,0,0,0,40.0,1,0,0,0,1,0,0,0,0,33.3,2,4,4,4,0,1,0,1,0,1,0,1,0,0,0,1,0,0,0,30,3,3,1,2,1,64.5,26.2,81.6,27.1
7664,2,3,0,0,1,0,43.3,3,0,0,0,0,1,0,0,0,33.3,5,4,2,2,1,1,0,0,52,0,0,0,1,1,0,0,1,0,0,46,3,2,5,4,1,68.5,47.4,66.5,36.0
7665,0,0,1,0,3,2,61.7,3,0,0,1,1,0,1,0,0,100.0,1,4,1,1,0,0,1,1,10,1,0,1,0,0,0,0,0,1,0,0,5,3,2,4,1,44.0,17.7,37.4,64.8
7666,0,1,2,3,0,0,63.3,3,1,0,0,1,0,0,0,0,66.7,5,3,3,1,0,1,0,1,0,1,0,1,0,0,0,0,1,0,0,46,3,2,5,2,1,57.4,31.2,65.9,37.8
7667,2,3,1,0,0,0,40.0,4,0,0,0,0,0,0,0,1,33.3,4,2,4,4,0,0,1,0,34,1,0,0,0,0,0,1,0,0,1,2,1,3,4,4,3,39.0,9.0,63.1,27.5
7668,3,0,2,0,1,0,55.0,3,1,1,0,1,0,0,0,0,100.0,5,4,1,4,1,1,0,0,52,0,0,1,0,0,28,0,0,1,0,0,2,4,5,4,2,27.7,14.6,30.5,65.6
7669,0,2,0,3,1,0,53.3,4,0,0,1,0,0,1,1,0,100.0,5,2,4,1,1,0,1,0,64,0,0,1,0,0,28,0,1,1,0,18,3,2,5,4,1,54.9,38.8,55.2,48.8
7670,1,2,0,0,3,0,43.3,2,0,1,1,0,0,0,0,0,66.7,4,4,4,1,0,0,0,1,0,0,0,1,1,0,48,0,1,0,0,46,2,2,5,2,1,50.6,31.1,57.0,43.8
7671,0,2,3,1,0,0,63.3,3,0,0,0,0,1,0,0,0,33.3,5,4,2,3,1,1,0,0,52,1,1,0,0,0,14,0,0,1,0,0,5,1,5,4,1,48.4,27.0,54.1,51.8
7672,0,3,1,0,0,2,65.0,1,0,1,0,1,0,1,0,0,100.0,2,2,1,3,1,1,0,0,52,0,0,1,0,0,28,1,0,0,0,30,1,2,1,1,1,71.5,46.3,63.1,36.6
7673,3,2,1,0,0,0,40.0,3,0,0,0,0,0,0,0,1,33.3,5,4,3,3,0,1,0,0,22,0,1,1,0,0,70,1,0,1,0,2,2,2,5,5,2,10.8,5.2,20.7,67.9
7674,0,0,3,0,1,2,61.7,5,1,0,0,1,0,0,0,1,100.0,5,3,4,2,0,0,1,0,34,0,1,0,1,0,62,0,0,1,0,0,5,3,2,4,3,14.3,9.5,20.8,81.2
7675,0,2,3,0,1,0,48.3,5,1,0,0,0,0,0,0,1,66.7,2,3,4,3,1,0,0,1,6,1,0,0,0,0,0,0,1,1,0,18,3,1,5,5,3,45.2,30.2,63.4,49.9
7676,0,1,3,0,0,2,65.0,4,0,0,0,1,0,0,0,0,33.3,4,2,1,4,0,1,0,0,22,0,0,1,0,0,28,0,0,1,0,0,2,4,2,4,3,24.7,0.0,36.2,40.5
7677,1,2,3,0,0,0,40.0,3,0,0,0,1,0,1,0,1,100.0,4,4,4,3,1,1,0,0,52,1,1,0,0,0,14,1,0,0,0,30,3,3,4,1,1,60.8,33.6,72.1,48.8
7678,0,0,1,2,0,3,61.7,4,0,0,0,0,1,0,0,0,33.3,2,2,3,4,1,1,0,0,52,0,1,0,0,0,42,1,0,0,1,2,1,3,1,2,2,54.1,24.3,59.1,34.1
7679,3,2,0,0,0,1,63.3,3,1,0,1,1,0,0,0,0,100.0,4,3,3,3,0,0,1,0,34,0,1,1,0,0,70,1,1,0,0,76,2,2,2,4,2,47.6,57.4,38.9,66.9
7680,3,2,1,0,0,0,40.0,2,0,1,0,1,0,0,0,1,100.0,4,1,3,4,0,1,0,0,22,1,0,0,0,0,0,1,1,0,0,76,3,1,5,4,1,82.3,58.3,91.0,27.4
7681,1,3,0,0,2,0,43.3,2,0,1,0,0,0,0,1,0,66.7,2,3,3,4,0,1,1,0,56,1,1,0,0,0,14,1,1,0,0,76,3,3,2,2,1,85.1,66.2,84.8,30.4
7682,1,2,0,0,3,0,43.3,4,0,0,1,0,1,1,0,0,100.0,2,4,4,3,0,1,0,0,22,1,0,0,0,1,0,1,0,0,0,30,2,2,5,1,2,66.1,35.1,75.3,42.9
7683,0,1,2,3,0,0,63.3,3,0,0,1,0,0,0,0,0,33.3,2,3,4,3,0,1,0,0,22,1,0,0,0,1,0,0,1,0,0,46,2,3,1,2,1,78.6,43.4,88.2,20.4
7684,3,2,1,0,0,0,40.0,3,0,1,1,0,1,0,0,0,100.0,2,2,3,3,0,0,1,1,10,1,0,0,0,1,0,1,0,0,1,2,3,2,1,1,2,52.7,14.6,67.1,32.3
7685,0,2,3,0,1,0,48.3,1,0,0,0,1,0,0,1,0,66.7,4,4,1,3,1,1,0,0,52,0,1,1,0,0,70,0,0,1,0,0,5,1,4,5,1,27.1,24.0,25.7,70.5
7686,0,0,3,1,0,2,61.7,3,0,1,0,0,0,1,0,0,66.7,2,1,3,3,0,0,1,0,34,1,0,1,0,0,0,1,0,0,1,2,2,3,5,2,1,62.8,22.9,71.7,22.9
7687,3,1,0,2,0,0,60.0,1,0,0,0,0,0,1,1,0,66.7,2,1,4,4,1,0,0,0,30,0,0,1,0,0,28,1,1,0,0,76,3,3,4,1,1,86.4,56.0,84.5,19.8
7688,2,3,1,0,0,0,40.0,1,0,0,0,0,1,0,0,0,33.3,4,4,1,2,1,0,0,1,6,0,0,1,0,1,0,1,0,0,0,30,3,3,2,2,2,56.5,16.1,54.8,33.0
7689,1,0,3,0,0,2,65.0,4,0,0,0,0,0,1,1,0,66.7,4,2,2,4,0,0,0,1,0,0,1,0,0,0,42,1,0,1,0,2,5,3,4,5,3,15.6,0.0,27.9,60.4
7690,0,0,2,1,0,3,61.7,4,0,1,1,0,0,0,1,0,100.0,4,2,2,1,0,1,0,0,22,0,1,0,0,0,42,0,1,0,0,46,5,4,4,5,4,20.5,19.8,14.5,71.1
7691,1,0,2,0,3,0,55.0,3,1,0,0,0,0,0,0,0,33.3,2,3,3,3,0,1,0,0,22,0,0,0,0,1,0,1,0,0,0,30,5,3,1,5,1,62.6,31.8,74.2,37.3
7692,1,2,0,0,3,0,43.3,3,1,1,0,0,0,0,0,1,100.0,4,1,3,3,1,0,0,0,30,1,0,1,0,0,0,0,1,0,0,46,5,2,1,1,1,72.8,41.8,78.3,27.8
7693,3,0,2,1,0,0,63.3,3,0,0,0,0,0,1,0,0,33.3,5,4,1,3,1,1,0,0,52,0,0,1,0,0,28,0,0,1,1,0,2,1,4,5,3,28.4,15.2,36.2,61.2
7694,3,0,0,1,0,2,73.3,1,1,0,0,1,0,0,0,0,66.7,5,3,3,3,1,0,0,0,30,0,0,1,0,1,0,1,0,0,0,30,5,2,4,2,2,56.5,21.8,68.6,39.6
7695,2,3,0,1,0,0,60.0,1,0,0,0,1,0,0,0,1,66.7,1,3,3,1,0,1,0,0,22,0,0,1,0,1,0,0,0,1,0,0,3,1,4,4,1,53.3,25.6,60.7,43.8
7696,1,0,0,2,0,3,73.3,3,0,0,0,0,0,0,0,1,33.3,2,3,1,3,0,0,0,1,0,1,0,1,0,0,0,1,0,1,0,2,3,2,4,1,1,63.5,12.2,67.2,28.9
7697,0,3,0,1,0,2,70.0,4,0,0,0,0,0,1,0,0,33.3,5,4,2,1,1,0,0,1,6,0,1,0,0,0,42,1,0,0,0,30,2,3,5,2,3,29.4,15.3,28.6,50.0
7698,0,0,1,0,2,3,61.7,3,1,0,1,0,0,1,0,0,100.0,5,3,3,3,0,1,1,0,56,0,1,0,0,0,42,0,1,1,0,18,3,3,5,4,3,28.2,21.4,32.6,68.7
7699,1,3,2,0,0,0,40.0,3,0,0,0,0,0,0,0,1,33.3,2,2,4,4,0,1,0,0,22,1,0,1,0,0,0,1,1,0,0,76,2,3,1,4,1,87.3,58.1,99.0,13.5
7700,0,2,3,0,1,0,48.3,4,0,0,0,0,0,1,0,0,33.3,2,4,4,3,1,0,0,0,30,1,0,0,0,1,0,0,0,1,1,0,5,1,2,2,1,63.0,26.4,78.7,37.6
7701,3,0,2,0,0,1,65.0,5,0,0,0,1,0,1,1,0,100.0,4,2,3,1,0,1,0,0,22,0,1,0,0,0,42,0,0,1,0,0,5,2,4,4,3,15.4,12.3,22.9,66.2
7702,2,1,3,0,0,0,40.0,2,0,0,0,0,0,0,0,1,33.3,2,3,3,3,0,1,0,0,22,0,1,1,0,0,70,0,0,0,1,0,5,4,5,5,4,13.2,1.1,15.7,66.2
7703,1,2,3,0,0,0,40.0,5,0,0,0,1,0,1,0,0,66.7,2,2,3,1,0,0,1,1,10,0,0,0,1,1,0,1,0,0,0,30,3,4,5,2,3,50.6,19.6,52.8,32.2
7704,3,2,1,0,0,0,40.0,3,0,0,0,0,1,0,0,0,33.3,2,4,1,1,1,0,0,1,6,0,1,0,0,0,42,0,1,1,0,18,3,4,4,4,1,40.2,15.7,31.5,47.6
7705,3,2,1,0,0,0,40.0,2,0,0,1,0,0,0,0,1,66.7,1,1,3,2,0,1,0,0,22,1,0,0,0,1,0,1,0,0,0,30,1,1,2,1,3,77.3,38.2,80.7,17.5
7706,2,1,3,0,0,0,40.0,2,0,1,0,0,0,0,0,1,66.7,5,4,4,1,0,1,1,0,56,0,1,1,0,0,70,1,0,0,0,30,3,3,5,5,3,28.0,27.3,24.7,69.2
7707,0,3,2,0,0,1,65.0,3,0,0,0,1,1,0,0,0,66.7,5,3,3,4,0,1,0,0,22,0,1,1,0,0,70,1,1,0,0,76,5,4,4,5,2,31.4,39.5,35.3,70.8
7708,2,1,0,0,0,3,63.3,4,0,0,0,0,0,1,0,1,66.7,1,4,4,1,0,1,0,0,22,1,0,0,0,0,0,0,1,0,1,18,1,2,2,2,2,64.5,33.0,68.0,38.8
7709,3,2,1,0,0,0,40.0,1,0,0,0,0,1,0,0,0,33.3,2,2,4,3,1,0,1,0,64,1,0,0,0,0,0,1,0,1,0,2,3,3,5,5,1,65.0,24.3,73.6,28.8
7710,0,3,2,0,1,0,48.3,2,0,0,0,0,0,1,0,0,33.3,2,3,3,4,0,0,0,1,0,0,1,0,0,0,42,1,0,1,0,2,2,2,4,5,1,36.9,16.0,49.6,47.3
7711,2,0,1,3,0,0,63.3,1,0,0,0,1,1,0,1,0,100.0,2,3,3,1,0,0,0,1,0,1,1,0,0,0,14,1,0,0,0,30,5,2,4,4,3,39.9,20.1,38.6,63.1
7712,0,2,0,1,3,0,53.3,3,1,0,0,0,0,1,1,0,100.0,2,2,3,4,1,1,0,0,52,0,0,0,1,1,0,1,0,0,0,30,2,1,5,1,1,84.1,48.4,92.4,26.6
7713,2,3,0,0,0,1,63.3,3,1,0,0,0,0,0,0,0,33.3,4,4,2,2,1,0,0,0,30,0,0,0,0,1,0,1,0,1,0,2,5,1,5,2,2,55.0,23.1,63.7,40.3
7714,2,3,0,1,0,0,60.0,3,0,0,0,0,0,0,0,1,33.3,2,3,3,2,0,1,0,0,22,0,1,0,0,1,0,1,0,0,1,2,5,1,5,1,1,67.7,29.5,76.4,26.8
7715,0,2,1,0,0,3,65.0,4,0,0,0,0,0,1,0,0,33.3,2,3,3,4,1,0,1,0,64,1,0,0,1,0,0,1,1,0,0,76,5,2,5,1,1,100.0,73.3,100.0,23.4
7716,3,0,1,0,2,0,55.0,5,0,0,0,1,0,0,0,1,66.7,5,2,3,3,1,0,0,1,6,0,1,1,0,0,70,0,1,0,0,46,2,2,4,5,1,37.9,34.3,44.4,51.8
7717,2,3,0,1,0,0,60.0,5,0,0,1,1,0,0,0,0,66.7,5,3,3,3,1,1,0,0,52,0,1,0,0,1,0,0,0,1,1,0,5,4,1,4,2,37.2,3.2,44.8,52.7
7718,3,0,2,0,1,0,55.0,3,0,1,1,0,0,0,0,0,66.7,2,3,3,3,0,1,0,0,22,1,0,0,0,1,0,1,0,0,1,2,5,2,2,2,3,50.3,14.1,59.1,44.4
7719,3,0,2,0,0,1,65.0,5,0,1,0,0,0,0,0,0,33.3,5,4,1,2,0,1,0,0,22,0,0,1,0,0,28,0,0,1,0,0,5,3,1,4,2,27.9,5.8,29.4,56.8
7720,3,2,0,0,0,1,63.3,2,0,0,1,1,0,0,0,0,66.7,2,2,2,1,0,1,1,0,56,1,0,0,0,0,0,1,0,0,0,30,1,1,5,1,1,86.6,49.7,84.4,22.3
7721,2,1,3,0,0,0,40.0,3,0,1,0,0,0,0,0,1,66.7,4,4,1,3,1,1,0,0,52,1,1,0,0,0,14,1,0,0,0,30,3,4,5,2,2,55.1,26.6,42.3,45.3
7722,0,2,1,0,0,3,65.0,4,0,0,1,0,0,0,0,0,33.3,5,2,3,4,1,0,1,0,64,0,1,0,0,0,42,0,0,1,0,0,5,4,4,5,3,23.3,4.8,35.7,54.0
7723,0,2,3,0,0,1,65.0,2,0,0,1,0,0,0,0,0,33.3,4,3,1,3,0,1,0,1,0,0,0,0,0,1,0,1,0,1,0,2,5,4,4,4,2,34.6,0.0,42.3,44.0
7724,1,3,2,0,0,0,40.0,3,1,0,0,1,0,0,0,0,66.7,5,2,2,4,1,0,0,0,30,1,0,0,0,1,0,1,1,0,0,76,3,2,4,4,2,67.8,51.1,73.3,30.7
7725,3,2,0,0,1,0,43.3,3,0,0,0,1,0,0,1,0,66.7,5,3,3,4,0,1,0,0,22,1,0,0,0,0,0,1,0,1,0,2,1,2,5,2,1,50.6,13.4,73.2,30.3
7726,3,2,0,1,0,0,60.0,1,1,0,0,0,0,0,0,1,66.7,2,3,4,3,0,1,0,0,22,1,0,0,0,1,0,1,0,1,0,2,5,1,2,1,1,62.8,27.1,75.3,41.2
7727,3,2,1,0,0,0,40.0,3,0,0,1,0,0,0,1,0,66.7,4,1,3,3,1,0,0,0,30,0,0,1,0,0,28,1,0,0,0,30,3,3,4,4,2,49.8,28.2,62.9,36.9
7728,2,1,0,3,0,0,60.0,3,1,0,0,1,0,0,0,1,100.0,4,2,3,4,1,1,0,0,52,1,0,0,0,0,0,0,1,0,0,46,2,4,4,2,2,62.8,34.2,71.9,35.4
7729,0,1,2,0,3,0,48.3,5,1,0,0,0,0,0,1,0,66.7,4,3,4,4,0,1,0,1,0,0,1,0,0,0,42,0,0,1,0,0,5,2,2,2,4,22.9,3.7,39.2,59.3
7730,0,1,2,0,3,0,48.3,4,1,0,0,1,0,1,0,0,100.0,2,2,1,3,0,1,0,0,22,0,0,1,0,0,28,0,0,1,1,0,1,3,2,5,4,24.2,7.6,28.5,58.4
7731,0,1,0,2,3,0,53.3,1,1,0,0,0,0,1,0,1,100.0,5,2,1,4,0,1,1,0,56,0,1,1,0,0,70,0,0,1,0,0,5,4,4,5,4,0.0,0.0,2.9,78.3
7732,1,3,0,0,2,0,43.3,3,0,1,1,0,0,0,0,0,66.7,1,2,2,4,0,1,0,0,22,1,1,0,0,0,14,1,0,0,1,2,2,2,1,1,4,45.1,12.7,58.4,33.8
7733,0,2,3,0,0,1,65.0,4,0,0,0,0,1,0,1,0,66.7,5,4,1,3,0,1,0,1,0,0,0,0,1,0,20,0,0,1,1,0,2,4,5,5,4,8.6,0.0,18.5,64.1
7734,1,0,3,2,0,0,63.3,2,1,0,0,0,0,0,0,0,33.3,2,4,1,3,0,0,1,1,10,0,0,1,0,0,28,0,0,1,0,0,5,3,5,1,1,48.9,8.9,47.9,46.0
7735,1,3,2,0,0,0,40.0,2,0,0,1,1,0,0,0,0,66.7,2,3,4,4,1,1,0,0,52,0,1,0,0,1,0,1,0,0,0,30,1,2,5,2,3,67.2,33.4,76.4,35.1
7736,0,3,0,0,1,2,61.7,1,1,0,0,1,0,0,0,0,66.7,2,4,3,4,1,0,1,0,64,0,1,0,0,0,42,0,0,1,0,0,5,3,4,4,3,33.2,22.0,34.7,68.9
7737,2,0,0,3,1,0,63.3,1,0,1,1,0,0,0,0,0,66.7,2,4,4,4,0,1,1,0,56,0,0,1,0,1,0,1,1,0,0,76,2,4,5,4,2,74.3,59.9,79.6,44.8
7738,0,2,3,0,1,0,48.3,1,0,0,0,0,0,0,0,1,33.3,4,2,4,4,1,1,0,0,52,1,0,0,0,0,0,1,0,0,0,30,5,1,2,2,3,63.7,34.3,82.1,27.0
7739,0,3,0,2,0,1,70.0,3,0,0,0,0,0,0,0,1,33.3,2,2,3,3,1,1,0,0,52,1,0,0,0,0,0,1,0,0,0,30,3,4,2,1,3,69.8,33.3,73.8,18.6
7740,0,2,3,0,1,0,48.3,4,0,1,0,0,0,0,1,0,66.7,5,4,1,3,0,0,1,0,34,0,1,0,0,0,42,1,0,1,0,2,1,4,2,5,3,20.8,4.8,17.2,65.1
7741,3,1,2,0,0,0,40.0,3,0,0,0,0,0,0,0,1,33.3,5,3,3,4,0,1,1,0,56,0,0,0,1,0,20,1,1,0,0,76,3,3,5,1,1,79.6,54.8,80.8,21.9
7742,3,2,1,0,0,0,40.0,5,1,0,0,0,0,0,0,0,33.3,5,4,3,4,0,1,0,0,22,0,1,0,1,0,62,0,1,0,0,46,5,3,5,5,3,21.7,31.1,29.8,66.7
7743,0,3,2,0,0,1,65.0,5,1,0,0,1,0,0,0,0,66.7,2,4,3,4,0,1,0,1,0,1,1,0,0,0,14,0,1,0,0,46,2,3,4,4,3,50.2,25.9,54.3,53.5
7744,0,2,3,0,1,0,48.3,3,0,1,0,0,0,0,0,0,33.3,2,2,3,1,1,0,0,1,6,0,0,1,0,0,28,0,1,0,1,18,2,1,2,5,2,46.5,23.5,50.8,44.3
7745,2,3,0,0,0,1,63.3,1,0,0,0,0,0,1,0,0,33.3,5,1,4,1,1,0,0,0,30,1,0,0,0,0,0,1,0,0,0,30,1,3,1,1,1,69.4,27.9,81.7,4.4
7746,2,1,3,0,0,0,40.0,1,0,0,0,0,1,1,0,0,66.7,1,2,3,4,1,1,0,0,52,0,0,0,0,1,0,1,1,0,0,76,2,3,5,2,1,99.2,62.7,97.0,20.1
7747,0,2,0,1,3,0,53.3,2,0,0,0,1,0,0,0,0,33.3,4,2,3,3,0,1,0,0,22,1,1,0,0,0,14,0,1,0,1,18,3,1,4,1,1,62.4,29.2,73.6,17.6
7748,3,0,0,0,2,1,71.7,3,0,0,1,0,0,0,1,0,66.7,5,3,3,3,0,1,1,0,56,0,0,1,0,0,28,0,1,1,0,18,3,2,1,2,4,40.2,23.0,43.0,51.6
7749,2,3,0,0,0,1,63.3,2,1,0,0,0,0,0,0,1,66.7,1,4,3,3,1,0,0,0,30,1,1,0,0,0,14,1,1,0,0,76,1,2,2,5,1,71.6,60.6,67.6,52.5
7750,0,0,0,1,3,2,55.0,2,0,0,0,1,0,0,0,0,33.3,2,4,1,4,0,0,1,0,34,1,1,0,0,0,14,1,1,0,0,76,1,3,4,4,4,57.5,48.9,53.7,45.4
7751,3,1,2,0,0,0,40.0,3,0,0,0,1,0,0,0,0,33.3,4,2,1,2,0,1,0,1,0,1,0,0,0,0,0,1,0,0,0,30,3,3,2,2,3,45.8,11.6,54.0,22.2
7752,3,0,2,0,1,0,55.0,2,0,1,0,1,0,0,1,0,100.0,4,4,3,4,1,0,1,0,64,0,1,0,0,0,42,0,1,0,0,46,1,4,1,4,1,49.5,38.1,50.0,62.4
7753,0,1,3,0,2,0,48.3,3,0,0,0,1,0,0,0,0,33.3,2,3,3,4,1,1,0,0,52,1,0,0,0,0,0,1,1,0,0,76,1,2,1,2,1,97.8,71.2,99.9,15.3
7754,0,2,0,3,0,1,70.0,5,0,0,1,0,1,0,1,0,100.0,4,4,3,4,1,1,0,0,52,1,0,0,0,0,0,0,0,1,0,0,5,4,4,4,3,24.8,8.0,39.9,65.9
7755,2,1,0,0,3,0,43.3,4,0,0,0,1,0,1,0,1,100.0,2,3,1,2,0,1,0,1,0,1,0,1,0,0,0,1,0,0,0,30,3,2,1,1,1,65.1,30.0,61.0,40.2
7756,2,1,3,0,0,0,40.0,2,0,0,0,0,0,0,0,1,33.3,4,2,3,4,0,1,1,0,56,1,0,1,0,0,0,0,1,1,0,18,3,4,1,2,1,69.4,28.6,77.7,16.8
7757,3,0,2,1,0,0,63.3,1,0,0,1,0,0,0,1,0,66.7,2,2,3,2,1,1,0,0,52,1,0,0,1,0,0,0,1,0,0,46,3,2,4,5,3,63.0,43.3,67.5,46.8
7758,3,1,2,0,0,0,40.0,3,0,0,0,0,1,0,0,0,33.3,5,4,3,3,1,0,0,0,30,1,1,0,0,0,14,0,1,0,0,46,5,1,5,1,2,61.6,36.6,65.9,37.2
7759,2,1,3,0,0,0,40.0,3,0,0,0,1,1,0,0,0,66.7,4,4,3,4,1,0,1,0,64,0,0,1,0,0,28,1,0,0,0,30,2,3,5,2,2,52.6,32.8,59.7,46.6
7760,3,2,0,0,1,0,43.3,3,0,0,0,0,0,0,0,1,33.3,5,2,4,1,1,0,1,0,64,0,1,0,0,0,42,1,0,0,1,2,2,4,4,1,1,49.9,15.2,54.9,25.2
7761,0,2,1,0,3,0,48.3,1,0,0,0,0,1,1,0,0,66.7,4,3,4,3,0,1,0,1,0,1,0,0,0,0,0,0,1,0,1,18,5,1,5,5,2,38.9,16.5,64.1,52.3
7762,2,3,0,1,0,0,60.0,4,0,0,1,1,0,1,0,0,100.0,2,4,3,4,0,0,1,0,34,0,0,1,0,0,28,1,1,0,0,76,1,1,4,5,4,53.9,56.7,55.9,65.7
7763,3,2,1,0,0,0,40.0,3,0,1,0,0,0,1,0,0,66.7,2,4,2,4,1,1,0,0,52,1,0,0,0,0,0,1,0,0,0,30,2,2,1,2,4,62.5,34.6,63.0,44.1
7764,0,3,1,0,0,2,65.0,5,0,0,0,0,0,1,0,0,33.3,2,2,1,3,0,1,1,0,56,0,0,1,0,1,0,1,1,0,0,76,1,1,5,4,1,100.0,78.0,96.2,11.9
7765,1,2,0,0,0,3,63.3,3,0,0,0,0,1,0,0,0,33.3,5,3,3,2,1,0,0,0,30,0,1,0,0,0,42,0,0,1,0,0,5,2,5,2,4,18.1,2.3,29.2,53.4
7766,1,0,2,3,0,0,63.3,1,1,0,0,1,0,0,0,1,100.0,4,2,4,1,0,0,0,1,0,1,1,0,0,0,14,1,1,0,0,76,3,3,1,2,3,52.0,35.8,51.3,42.4
7767,0,3,2,1,0,0,63.3,4,0,1,0,0,0,0,0,0,33.3,5,3,3,1,0,1,0,1,0,1,0,0,0,1,0,1,0,0,0,30,2,2,5,2,1,58.3,24.6,69.0,22.1
7768,3,1,2,0,0,0,40.0,1,1,0,0,0,0,0,0,1,66.7,5,1,2,4,0,1,0,0,22,1,0,0,0,0,0,1,1,0,0,76,3,1,2,4,1,77.0,52.2,87.0,16.6
7769,3,1,0,2,0,0,60.0,2,0,0,0,1,0,0,0,0,33.3,2,3,3,3,0,1,0,0,22,0,0,1,0,1,0,1,0,0,0,30,5,2,4,2,3,52.6,24.5,64.2,35.8
7770,0,3,2,1,0,0,63.3,2,0,0,1,0,0,0,0,0,33.3,5,1,3,4,1,0,0,0,30,0,1,0,0,0,42,1,0,0,0,30,3,4,5,4,3,28.7,12.7,45.0,41.2
7771,0,2,3,0,1,0,48.3,3,1,0,0,0,0,0,0,1,66.7,1,3,1,3,0,1,0,0,22,0,0,1,0,0,28,0,0,0,1,0,2,3,4,5,2,33.4,15.6,40.6,56.0
7772,2,0,0,0,3,1,71.7,5,0,1,1,0,0,0,0,0,66.7,4,4,1,2,0,1,0,0,22,0,1,1,0,0,70,0,0,0,1,0,5,1,2,5,2,12.6,23.3,6.6,81.2
7773,2,3,1,0,0,0,40.0,3,0,0,0,0,0,1,0,0,33.3,2,1,1,4,1,1,0,0,52,1,0,1,0,0,0,1,1,0,0,76,2,1,1,1,2,97.3,64.0,90.7,2.8
7774,3,2,0,0,1,0,43.3,3,1,0,1,0,0,1,0,0,100.0,1,3,2,3,1,0,1,0,64,1,0,0,0,0,0,1,0,0,0,30,3,1,4,1,2,79.0,52.5,73.4,40.2
7775,1,2,3,0,0,0,40.0,4,0,0,1,0,1,0,0,0,66.7,5,3,3,3,1,0,0,0,30,1,0,1,0,0,0,1,1,0,0,76,3,3,5,2,1,80.7,52.3,83.9,27.2
7776,1,0,3,0,2,0,55.0,5,0,0,1,1,0,0,0,1,100.0,2,4,4,1,0,1,0,0,22,1,1,0,0,0,14,1,1,0,0,76,1,1,5,4,4,62.2,53.5,62.6,58.1
7777,1,2,0,0,0,3,63.3,3,0,1,1,0,0,0,0,1,100.0,5,2,2,3,0,0,1,0,34,0,0,0,0,1,0,0,1,0,1,18,3,3,5,2,1,60.4,25.9,61.8,34.7
7778,3,0,0,1,2,0,63.3,5,0,0,0,1,0,0,0,1,66.7,2,4,3,4,1,0,0,1,6,0,1,1,0,0,70,1,0,0,1,2,3,3,4,4,1,27.5,20.0,33.5,70.7
7779,1,3,2,0,0,0,40.0,4,1,0,0,1,0,0,0,1,100.0,2,3,1,1,0,1,0,1,0,1,0,0,0,1,0,1,0,0,0,30,5,2,4,4,3,42.6,28.4,41.6,56.6
7780,2,0,0,3,0,1,73.3,4,0,0,0,1,0,0,0,1,66.7,5,2,3,3,0,1,0,0,22,0,1,0,0,0,42,1,0,0,1,2,5,3,4,4,2,24.9,2.8,32.9,53.2
7781,0,3,1,0,2,0,48.3,1,0,0,1,0,0,1,0,0,66.7,1,2,1,1,1,0,0,0,30,1,0,0,0,0,0,1,1,0,0,76,3,1,1,1,1,100.0,70.2,88.5,16.8
7782,2,3,1,0,0,0,40.0,4,0,0,1,1,0,1,0,0,100.0,5,2,3,1,0,0,0,1,0,0,1,0,0,0,42,0,1,0,1,18,5,2,4,1,2,37.6,12.8,40.8,48.7
7783,0,1,3,0,0,2,65.0,2,0,0,0,1,0,0,0,1,66.7,5,3,1,4,0,1,0,1,0,0,1,1,0,0,70,1,0,1,0,2,1,4,1,4,2,10.3,0.0,10.4,64.8
7784,3,1,2,0,0,0,40.0,3,0,1,0,1,0,0,0,0,66.7,4,1,3,1,0,1,1,0,56,0,0,1,0,0,28,0,1,0,0,46,2,3,2,5,1,61.1,42.3,54.4,36.6
7785,0,3,0,0,2,1,61.7,3,0,0,1,0,0,0,0,0,33.3,5,4,3,4,0,1,0,0,22,1,1,0,0,0,14,0,0,0,1,0,1,3,5,4,4,24.5,0.0,38.5,45.6
7786,3,2,0,0,0,1,63.3,4,1,0,0,1,0,0,0,0,66.7,2,3,2,1,0,1,0,0,22,1,1,0,0,0,14,1,1,0,0,76,2,3,2,4,1,75.6,60.0,65.9,38.6
7787,3,0,1,0,0,2,65.0,4,0,0,0,0,0,1,1,0,66.7,2,3,4,4,0,0,1,0,34,1,1,0,0,0,14,1,0,0,0,30,5,4,4,5,2,52.7,29.3,62.1,54.3
7788,2,1,0,0,3,0,43.3,3,0,0,0,1,0,0,0,0,33.3,4,3,2,4,1,1,0,0,52,1,0,0,1,0,0,1,1,0,0,76,3,3,4,2,3,77.0,52.4,77.7,25.6
7789,1,2,0,3,0,0,60.0,3,1,0,0,0,0,0,0,0,33.3,2,3,4,3,1,1,0,0,52,0,1,0,0,1,0,1,0,0,0,30,2,3,4,2,3,68.3,35.6,76.1,25.6
7790,3,0,1,0,2,0,55.0,3,0,0,1,0,0,0,0,0,33.3,5,3,1,4,0,1,0,1,0,1,0,1,0,0,0,1,0,0,1,2,2,3,4,4,1,41.0,2.8,58.6,32.9
7791,2,1,0,0,0,3,63.3,3,0,0,1,1,0,0,0,0,66.7,2,4,2,1,1,1,0,0,52,0,1,0,1,0,62,0,0,0,1,0,2,2,1,2,4,29.5,20.1,22.4,70.6
7792,2,0,1,3,0,0,63.3,3,0,0,1,1,0,0,1,0,100.0,1,1,2,3,1,1,0,0,52,1,1,0,0,0,14,0,1,1,0,18,3,1,2,1,1,79.1,45.8,76.2,34.1
7793,1,3,0,2,0,0,60.0,1,0,0,1,1,0,0,0,0,66.7,2,2,2,1,1,0,0,0,30,1,0,1,0,0,0,1,0,0,0,30,3,2,4,2,2,67.7,33.4,67.0,25.4
7794,0,0,3,1,0,2,61.7,5,1,0,0,0,0,0,0,0,33.3,5,3,1,4,0,0,1,1,10,0,1,1,0,0,70,0,0,1,1,0,5,2,4,2,1,21.0,10.2,23.1,55.6
7795,2,3,1,0,0,0,40.0,3,0,0,1,1,0,0,0,0,66.7,4,3,4,2,1,1,0,0,52,1,0,1,0,0,0,1,0,0,0,30,5,3,5,4,1,65.5,39.1,74.3,43.6
7796,0,0,3,2,0,1,61.7,4,0,0,0,0,1,0,0,0,33.3,4,3,3,4,1,0,1,0,64,0,1,0,0,0,42,1,0,1,0,2,2,3,5,4,4,27.6,15.9,37.0,54.7
7797,0,1,2,0,3,0,48.3,5,0,0,0,0,0,1,0,0,33.3,5,4,4,4,0,1,0,1,0,0,1,0,0,0,42,0,0,1,0,0,3,4,5,4,3,13.0,0.0,37.0,56.3
7798,0,1,0,2,0,3,70.0,3,0,0,0,0,0,1,0,0,33.3,4,2,1,4,0,1,1,0,56,1,0,0,0,1,0,0,0,1,0,0,1,4,4,4,4,32.9,6.3,46.9,33.6
7799,0,2,0,0,3,1,61.7,3,0,1,0,0,0,0,0,0,33.3,2,1,4,3,0,0,0,1,0,1,1,0,0,0,14,1,1,0,0,76,2,2,4,2,2,77.8,50.6,87.1,16.7
7800,3,0,1,2,0,0,63.3,1,0,0,0,0,0,1,0,0,33.3,2,2,2,4,0,1,0,0,22,0,0,0,0,1,0,1,0,0,0,30,3,3,4,1,4,55.5,19.5,64.8,28.6
7801,1,2,0,0,3,0,43.3,3,0,1,0,1,0,1,0,0,100.0,2,2,3,2,0,1,0,1,0,1,0,0,0,0,0,0,0,0,1,0,2,1,2,5,1,46.0,17.2,60.8,45.0
7802,0,3,0,2,1,0,53.3,5,1,0,0,0,0,0,0,0,33.3,2,2,4,1,1,0,0,0,30,0,1,0,0,1,0,1,0,0,0,30,3,2,5,1,3,64.8,38.6,71.5,23.2
7803,0,1,2,0,3,0,48.3,2,0,0,0,0,0,0,1,0,33.3,4,2,1,4,0,1,0,0,22,0,1,1,0,0,70,0,0,1,1,0,2,2,4,5,2,17.8,10.0,25.0,49.6
7804,0,2,1,0,3,0,48.3,2,0,1,1,0,0,0,0,0,66.7,5,4,1,3,1,0,0,1,6,1,0,1,0,0,0,0,0,1,0,0,2,4,2,1,2,35.2,0.0,42.2,37.9
7805,1,0,3,0,2,0,55.0,5,0,0,1,0,0,1,0,0,66.7,5,4,4,3,0,1,0,0,22,0,0,0,0,1,0,0,0,1,0,0,1,1,2,4,3,34.8,15.8,56.7,55.1
7806,0,0,1,0,2,3,61.7,1,1,0,0,0,0,0,0,1,66.7,5,2,4,3,0,1,1,0,56,0,1,0,0,0,42,1,0,1,0,2,5,2,4,5,2,31.6,24.2,41.6,60.9
7807,2,0,1,0,0,3,65.0,3,0,0,1,1,0,0,0,0,66.7,4,2,3,3,0,1,1,0,56,0,1,1,0,0,70,1,0,0,0,30,2,1,5,1,4,38.2,30.3,38.3,52.2
7808,2,3,0,0,0,1,63.3,3,0,1,1,1,0,0,0,0,100.0,2,4,3,1,0,1,0,0,22,1,0,0,0,0,0,0,1,0,1,18,2,2,2,5,2,51.7,25.0,51.3,60.1
7809,2,3,1,0,0,0,40.0,3,1,0,1,0,0,0,0,1,100.0,4,2,4,4,0,1,1,0,56,1,0,0,1,0,0,1,0,0,1,2,1,3,1,1,4,45.4,14.2,68.0,32.5
7810,0,2,1,0,3,0,48.3,1,1,0,0,0,0,0,1,0,66.7,2,2,1,3,0,1,0,0,22,1,1,0,0,0,14,0,0,1,1,0,1,4,4,4,2,40.3,8.1,45.0,39.2
7811,3,2,1,0,0,0,40.0,3,0,1,1,0,0,1,0,0,100.0,2,2,1,3,0,1,0,1,0,1,0,0,0,0,0,0,1,0,1,18,3,4,4,2,2,60.0,12.2,55.0,33.9
7812,2,1,3,0,0,0,40.0,3,1,0,0,0,0,0,1,0,66.7,2,3,3,3,0,1,1,0,56,1,0,1,0,0,0,0,1,0,0,46,3,3,5,5,1,75.1,52.1,76.2,36.8
7813,1,0,3,2,0,0,63.3,5,0,0,1,0,0,0,0,0,33.3,2,2,1,4,0,1,0,0,22,0,1,1,0,0,70,0,0,1,0,0,1,4,2,1,3,24.3,4.8,24.2,41.9
7814,2,1,0,0,0,3,63.3,1,0,0,0,0,0,0,1,0,33.3,5,3,1,4,0,1,0,0,22,0,1,0,0,0,42,1,0,1,0,2,3,3,4,5,2,20.8,3.5,32.6,57.6
7815,0,3,2,0,1,0,48.3,3,0,1,0,1,0,0,0,1,100.0,5,3,3,3,0,1,0,1,0,1,0,0,0,0,0,1,0,0,0,30,2,1,5,5,1,45.1,26.2,64.2,46.7
7816,0,2,1,3,0,0,63.3,4,0,1,0,0,0,1,0,0,66.7,5,4,2,4,0,1,0,1,0,0,1,0,0,0,42,0,1,1,0,18,3,4,2,5,2,18.7,2.8,29.5,63.8
7817,3,2,0,0,1,0,43.3,1,0,0,1,0,0,0,0,1,66.7,4,2,4,2,0,1,0,0,22,1,0,1,0,0,0,0,0,1,1,0,5,2,4,1,1,60.3,14.2,71.6,24.5
7818,1,0,3,0,0,2,65.0,2,0,0,1,0,1,0,0,1,100.0,4,3,4,3,1,1,0,0,52,0,0,1,0,0,28,1,1,0,0,76,5,3,1,2,1,72.3,55.1,72.1,47.7
7819,1,0,3,0,0,2,65.0,3,0,0,0,0,0,0,0,1,33.3,5,3,1,2,0,1,0,0,22,0,0,1,0,0,28,0,1,1,0,18,1,4,2,4,2,37.8,10.9,37.1,42.2
7820,2,3,0,0,0,1,63.3,3,0,0,0,1,0,0,0,0,33.3,5,3,2,1,0,1,0,0,22,1,0,0,0,0,0,1,0,0,0,30,3,3,2,5,1,49.4,27.1,57.9,33.6
7821,3,2,0,0,1,0,43.3,1,0,0,0,0,0,0,1,0,33.3,2,4,4,1,0,1,1,0,56,1,1,0,0,0,14,0,0,0,1,0,3,3,2,2,3,49.5,19.2,54.1,42.6
7822,3,0,2,0,0,1,65.0,4,0,0,0,0,0,1,0,0,33.3,5,3,2,3,0,0,1,1,10,0,1,0,0,0,42,0,0,1,1,0,2,3,4,5,3,15.3,0.0,26.8,52.4
7823,3,0,0,2,0,1,73.3,2,1,0,0,0,0,1,0,0,66.7,4,4,4,3,1,0,1,0,64,1,0,0,0,0,0,0,1,0,0,46,3,3,4,2,1,78.6,46.8,84.9,32.6
7824,0,2,1,0,3,0,48.3,3,1,0,0,0,1,0,0,0,66.7,2,2,1,2,0,0,0,1,0,1,0,0,0,0,0,1,0,1,0,2,3,4,1,2,1,53.5,9.3,54.5,27.6
7825,0,0,3,1,0,2,61.7,3,0,0,1,0,1,1,0,0,100.0,5,2,3,4,0,1,0,1,0,0,1,0,0,0,42,0,0,1,0,0,2,2,2,4,1,24.2,9.2,44.8,55.4
7826,0,0,2,3,1,0,55.0,3,0,0,1,0,0,0,0,1,66.7,5,4,3,1,0,1,0,1,0,1,0,0,0,1,0,1,0,0,0,30,3,2,2,2,3,46.5,16.6,46.3,45.4
7827,3,2,0,0,1,0,43.3,2,0,0,1,0,0,0,0,0,33.3,2,4,3,3,0,1,0,0,22,1,0,0,0,1,0,1,0,0,0,30,3,1,4,2,1,73.9,44.7,76.9,31.6
7828,0,2,1,0,3,0,48.3,3,1,1,0,0,0,1,0,0,100.0,2,4,4,4,1,0,1,0,64,1,0,0,0,0,0,1,0,0,0,30,3,3,5,2,2,64.1,39.6,71.6,50.3
7829,1,3,2,0,0,0,40.0,1,0,1,1,0,1,0,0,0,100.0,2,3,2,2,1,1,0,0,52,0,0,0,1,0,20,1,0,1,0,2,3,1,5,2,3,49.0,25.4,49.1,53.7
7830,2,3,1,0,0,0,40.0,3,0,0,0,0,1,1,1,0,100.0,5,2,3,4,1,0,0,0,30,1,0,0,0,0,0,0,1,0,1,18,1,2,1,2,2,55.6,16.3,69.2,31.1
7831,0,0,2,3,0,1,61.7,4,0,0,0,1,0,0,0,0,33.3,5,4,1,4,0,1,0,1,0,1,1,0,0,0,14,0,1,0,0,46,2,3,4,5,4,27.2,14.9,33.8,53.9
7832,1,3,2,0,0,0,40.0,1,0,1,1,0,0,0,0,0,66.7,1,4,4,3,0,1,0,0,22,1,0,1,0,0,0,0,0,1,0,0,2,2,1,1,1,63.8,23.9,72.2,34.9
7833,2,0,3,0,1,0,55.0,5,0,1,0,1,0,0,0,1,100.0,2,2,3,1,0,1,1,0,56,1,1,0,0,0,14,1,0,1,0,2,3,2,2,4,1,62.3,34.2,60.7,48.8
7834,3,2,0,0,0,1,63.3,4,0,1,0,0,0,0,1,0,66.7,5,3,1,4,0,1,0,0,22,0,1,0,0,0,42,0,0,1,1,0,2,4,4,4,4,10.2,0.0,13.8,63.4
7835,2,0,0,1,0,3,73.3,2,0,0,0,1,1,0,0,0,66.7,5,3,1,1,0,1,0,1,0,0,1,0,0,0,42,0,1,1,0,18,5,3,5,5,2,15.8,0.0,13.8,65.3
7836,0,2,0,3,0,1,70.0,1,0,1,0,0,0,1,0,1,100.0,2,3,3,4,1,1,0,0,52,1,0,1,0,0,0,1,0,1,0,2,1,2,2,1,1,69.3,31.9,78.7,35.3
7837,1,3,2,0,0,0,40.0,3,0,0,1,0,0,1,0,1,100.0,5,3,2,2,0,1,1,0,56,1,1,0,0,0,14,0,1,0,1,18,2,4,5,2,2,47.3,18.7,48.3,43.7
7838,3,0,1,0,0,2,65.0,1,0,1,0,1,0,0,0,1,100.0,5,3,3,4,0,0,0,1,0,1,0,1,0,0,0,0,1,1,0,18,1,4,2,5,2,31.3,5.1,48.0,60.3
7839,3,1,0,0,0,2,63.3,5,1,0,0,0,0,0,0,0,33.3,2,2,4,3,1,1,0,0,52,0,1,0,0,0,42,1,0,0,0,30,3,4,4,5,2,45.6,34.1,50.4,45.1
7840,0,2,1,0,0,3,65.0,4,0,0,1,0,0,0,0,0,33.3,5,1,3,4,0,1,1,0,56,0,1,0,0,0,42,0,1,0,1,18,5,4,5,1,3,44.5,17.1,55.4,29.0
7841,2,3,1,0,0,0,40.0,1,1,0,1,0,0,0,0,0,66.7,4,2,4,2,0,1,0,0,22,1,1,0,0,0,14,1,0,0,0,30,1,2,2,1,2,54.4,21.3,67.3,25.2
7842,0,3,2,0,0,1,65.0,1,0,1,0,0,0,0,0,0,33.3,1,1,3,1,0,1,1,0,56,0,0,0,0,1,0,1,0,0,0,30,2,2,1,4,2,77.1,43.9,79.3,20.2
7843,0,1,2,0,3,0,48.3,4,0,0,0,1,0,0,0,0,33.3,1,3,2,4,1,0,0,0,30,1,0,0,0,0,0,1,0,1,0,2,5,4,5,4,3,42.6,12.0,54.1,42.7
7844,1,2,0,3,0,0,60.0,4,1,0,0,1,0,0,1,0,100.0,5,3,1,2,0,1,0,0,22,0,1,0,0,0,42,1,0,1,0,2,2,4,4,5,3,11.3,2.6,8.7,71.3
7845,3,1,2,0,0,0,40.0,3,0,0,1,0,0,1,0,1,100.0,4,2,2,4,0,1,0,1,0,0,0,1,0,1,0,1,0,0,0,30,5,1,1,1,2,55.0,26.0,72.0,32.0
7846,2,3,1,0,0,0,40.0,3,0,0,0,0,0,1,0,0,33.3,5,3,3,3,1,1,0,0,52,0,0,0,1,0,20,0,1,1,0,18,3,2,5,2,3,48.5,26.0,62.2,38.1
7847,1,3,0,0,2,0,43.3,3,0,1,0,0,0,0,0,0,33.3,4,3,1,2,1,1,0,0,52,1,0,0,0,0,0,1,1,0,0,76,3,1,2,4,1,82.3,70.0,72.7,26.1
7848,0,0,3,1,0,2,61.7,4,0,0,0,1,0,0,1,1,100.0,5,2,1,4,0,1,0,0,22,1,0,1,0,0,0,1,0,1,0,2,5,4,2,4,1,36.8,10.3,49.2,46.0
7849,0,3,0,2,1,0,53.3,1,0,0,0,1,1,0,0,0,66.7,5,4,1,3,0,1,0,0,22,0,1,0,0,0,42,0,0,0,1,0,5,1,4,5,1,22.5,13.6,31.4,67.1
7850,1,2,0,0,3,0,43.3,2,0,0,1,0,0,0,1,0,66.7,4,4,1,4,0,0,1,1,10,0,1,1,0,0,70,0,0,1,1,0,2,3,4,2,2,18.1,3.4,22.8,60.1
7851,1,3,0,0,0,2,63.3,3,0,1,0,0,0,0,0,0,33.3,1,2,3,1,0,1,0,0,22,0,0,0,0,1,0,1,0,0,0,30,5,3,5,1,2,68.7,27.7,64.9,23.5
7852,2,0,0,3,0,1,73.3,4,0,0,1,1,1,0,0,0,100.0,4,4,1,3,0,0,1,0,34,0,0,0,1,0,20,0,1,0,1,18,5,1,4,5,3,29.7,22.8,31.5,76.7
7853,0,1,2,0,0,3,65.0,1,1,1,0,1,0,0,0,0,100.0,4,4,3,4,0,1,1,0,56,0,1,0,0,0,42,0,0,1,1,0,1,4,1,2,3,24.2,2.3,31.4,65.9
7854,0,2,1,0,0,3,65.0,5,1,0,0,0,0,0,0,1,66.7,2,3,3,4,0,1,0,0,22,1,1,0,0,0,14,0,0,1,0,0,5,4,4,4,2,34.0,11.5,48.1,57.0
7855,2,1,0,3,0,0,60.0,2,0,1,1,0,0,0,0,0,66.7,2,2,3,3,1,1,0,0,52,1,0,0,1,0,0,1,1,0,0,76,5,4,1,4,4,64.0,49.2,61.6,44.8
7856,3,0,2,0,0,1,65.0,5,0,0,0,0,0,0,1,0,33.3,4,2,3,2,1,1,0,0,52,0,0,1,0,1,0,1,0,0,0,30,3,2,5,2,3,64.4,37.5,69.0,29.8
7857,3,0,1,0,2,0,55.0,3,0,0,1,0,0,1,0,0,66.7,5,2,2,4,0,1,1,0,56,0,1,1,0,0,70,0,1,0,0,46,3,2,4,2,1,56.8,48.2,53.5,48.8
7858,1,3,0,0,0,2,63.3,3,0,1,0,0,0,0,0,0,33.3,4,2,2,3,1,0,1,0,64,1,0,0,1,0,0,1,0,0,0,30,2,4,4,5,2,58.7,31.5,59.2,31.0
7859,1,0,0,0,3,2,71.7,3,0,1,0,0,0,1,0,1,100.0,4,4,1,4,0,1,0,0,22,0,1,0,0,0,42,1,0,0,1,2,3,4,5,5,3,13.8,0.0,11.9,79.5
7860,2,3,1,0,0,0,40.0,5,1,0,1,1,0,0,0,0,100.0,2,2,4,1,1,1,0,0,52,1,0,1,0,0,0,1,1,0,0,76,3,2,2,2,1,92.4,71.9,88.3,32.7
7861,0,0,0,3,2,1,55.0,3,0,0,1,0,0,0,0,0,33.3,5,4,2,4,0,0,1,0,34,0,0,1,0,0,28,0,1,1,0,18,1,2,5,2,2,50.1,17.9,57.6,39.1
7862,0,2,0,1,3,0,53.3,1,0,1,0,0,0,0,0,0,33.3,4,4,1,3,0,1,0,0,22,1,0,0,1,0,0,0,0,1,0,0,5,1,2,4,2,43.6,17.8,50.8,49.2
7863,3,0,1,2,0,0,63.3,3,0,0,0,1,1,1,0,0,100.0,4,4,4,4,0,1,1,0,56,0,0,1,0,0,28,0,1,0,0,46,3,3,5,5,2,43.2,40.3,46.6,71.8
7864,2,3,1,0,0,0,40.0,3,0,1,0,0,0,0,0,0,33.3,5,3,1,2,0,0,1,0,34,0,0,1,0,0,28,1,0,0,0,30,3,2,4,2,4,40.8,22.3,42.6,35.5
7865,1,3,0,0,0,2,63.3,3,0,1,0,0,0,0,1,0,66.7,4,2,1,3,0,1,1,0,56,1,0,1,0,0,0,1,1,0,0,76,1,4,5,4,3,67.5,46.9,63.5,32.9
7866,3,2,0,0,1,0,43.3,3,1,0,0,1,0,0,0,0,66.7,4,2,4,3,0,0,0,1,0,1,0,0,0,0,0,1,0,0,0,30,5,1,1,4,1,56.4,32.7,73.4,35.3
7867,0,1,0,2,0,3,70.0,5,0,0,0,0,0,0,0,1,33.3,5,4,1,4,1,0,0,0,30,0,1,0,0,0,42,0,0,1,0,0,5,4,1,1,4,15.5,0.0,19.6,58.1
7868,0,1,0,0,3,2,61.7,3,0,0,0,1,0,0,0,1,66.7,1,2,4,3,1,0,0,0,30,1,0,0,0,1,0,1,0,1,0,2,3,1,5,1,2,64.2,30.1,77.8,27.7
7869,0,1,0,0,3,2,61.7,4,1,1,0,0,0,0,0,1,100.0,4,4,1,3,0,1,1,0,56,0,1,0,0,0,42,1,1,0,0,76,1,4,4,4,1,60.9,53.8,49.2,58.1
7870,0,3,2,1,0,0,63.3,2,1,0,0,0,1,0,1,0,100.0,5,2,1,2,0,0,0,1,0,1,0,0,0,1,0,1,0,0,0,30,3,2,2,2,2,48.7,18.2,52.6,36.1
7871,0,2,3,1,0,0,63.3,5,1,1,0,0,0,1,0,0,100.0,2,3,1,3,0,1,0,0,22,0,0,1,0,0,28,0,0,1,0,0,5,4,5,4,3,29.8,8.3,23.9,68.2
7872,3,0,0,0,2,1,71.7,4,0,0,1,0,0,0,0,0,33.3,5,3,1,4,0,1,0,1,0,0,1,0,0,0,42,1,0,0,0,30,2,4,2,5,2,26.4,12.0,33.0,52.1
7873,2,1,0,0,3,0,43.3,1,0,1,0,0,0,1,1,0,100.0,5,3,4,4,0,1,1,0,56,0,0,1,0,0,28,1,1,0,0,76,5,3,4,2,3,56.5,47.9,60.7,52.0
7874,2,0,1,0,0,3,65.0,4,1,0,0,0,0,1,0,0,66.7,2,2,4,1,0,1,1,0,56,0,1,1,0,0,70,0,0,1,0,0,5,4,1,5,2,25.1,20.0,26.3,66.2
7875,1,0,3,0,2,0,55.0,1,1,1,0,1,0,0,0,0,100.0,4,2,3,2,0,0,0,1,0,1,0,0,0,0,0,1,0,0,1,2,3,1,5,2,3,36.3,6.7,52.8,40.0
7876,3,2,1,0,0,0,40.0,3,0,0,0,1,1,0,1,0,100.0,2,3,3,1,1,1,0,0,52,1,0,0,0,0,0,1,0,0,0,30,2,1,5,1,4,61.2,41.0,59.9,43.0
7877,3,0,0,2,0,1,73.3,4,0,1,0,0,0,0,0,0,33.3,2,3,1,4,0,1,0,1,0,0,0,1,0,0,28,1,0,0,0,30,2,4,2,5,3,30.4,12.8,33.7,50.2
7878,1,0,3,0,0,2,65.0,2,0,0,1,0,0,0,1,0,66.7,4,2,3,3,0,1,0,0,22,0,1,0,0,1,0,0,0,1,1,0,1,3,4,4,3,33.7,0.3,50.7,39.3
7879,1,3,2,0,0,0,40.0,3,0,1,0,0,1,0,1,0,100.0,2,3,1,4,0,1,0,0,22,1,0,1,0,0,0,1,0,0,0,30,1,2,1,2,1,68.1,37.8,67.8,37.3
7880,2,3,1,0,0,0,40.0,4,1,0,0,0,0,0,0,1,66.7,1,3,4,3,1,0,0,1,6,0,1,0,0,0,42,0,0,1,1,0,3,2,5,4,4,20.9,8.5,35.5,57.8
7881,0,2,3,0,0,1,65.0,1,1,0,0,1,1,0,0,0,100.0,2,4,3,2,0,1,0,0,22,1,1,0,0,0,14,1,0,0,1,2,3,3,5,4,3,29.8,7.8,33.0,70.1
7882,2,1,0,0,0,3,63.3,1,1,1,0,0,1,0,0,0,100.0,5,2,3,3,0,1,0,0,22,1,0,0,0,0,0,0,0,1,0,0,3,2,1,5,1,39.6,12.5,60.9,47.8
7883,3,0,0,2,0,1,73.3,5,0,0,0,0,1,0,0,0,33.3,4,4,2,4,0,1,0,0,22,0,1,0,0,0,42,0,0,1,0,0,5,3,5,5,3,14.2,7.3,25.8,74.5
7884,2,3,0,1,0,0,60.0,5,0,1,0,0,1,1,0,0,100.0,4,1,3,4,1,0,0,0,30,1,0,1,0,0,0,0,1,0,0,46,3,3,5,4,1,64.2,36.6,74.2,31.0
7885,1,3,0,0,0,2,63.3,5,1,0,1,0,0,0,0,0,66.7,2,3,2,3,0,1,0,0,22,0,1,0,0,0,42,1,0,0,0,30,2,4,4,1,4,38.1,21.0,34.7,45.5
7886,0,3,0,1,0,2,70.0,4,0,0,0,0,0,1,0,0,33.3,4,2,4,2,1,1,0,0,52,1,0,0,0,0,0,0,0,1,1,0,1,3,5,2,2,56.2,19.9,73.6,16.9
7887,2,0,3,1,0,0,63.3,3,0,0,0,1,0,0,0,0,33.3,2,2,1,3,0,1,0,0,22,0,0,1,0,0,28,0,1,0,0,46,3,1,4,2,1,69.1,52.5,67.9,26.5
7888,2,3,0,1,0,0,60.0,1,0,0,0,0,0,0,0,1,33.3,4,2,4,4,0,1,0,1,0,1,0,1,0,0,0,1,0,1,0,2,5,4,4,5,4,22.2,0.0,51.3,46.0
7889,3,2,1,0,0,0,40.0,2,0,0,0,0,0,1,0,0,33.3,1,3,1,1,1,0,1,0,64,0,0,1,0,0,28,1,0,1,0,2,3,4,5,4,3,49.7,20.8,30.7,50.7
7890,0,2,0,0,3,1,61.7,4,0,0,0,1,0,0,0,0,33.3,5,3,1,4,0,1,0,0,22,0,0,1,0,0,28,1,0,1,0,2,5,3,4,5,3,19.7,6.5,30.6,54.0
7891,1,0,2,0,3,0,55.0,4,0,0,0,1,0,1,1,0,100.0,2,3,4,3,1,0,1,0,64,0,1,1,0,0,70,0,0,1,0,0,1,2,5,5,1,40.1,34.5,42.1,69.3
7892,1,2,3,0,0,0,40.0,4,0,1,0,0,0,0,0,0,33.3,4,4,4,4,0,1,0,0,22,1,1,0,0,0,14,1,0,0,0,30,3,3,1,2,1,55.6,28.1,73.9,33.8
7893,2,0,3,0,0,1,65.0,2,0,0,0,1,0,0,0,0,33.3,1,2,2,2,1,1,0,0,52,1,0,1,0,0,0,1,0,0,0,30,3,2,5,4,1,74.5,45.0,70.0,26.4
7894,0,1,0,0,3,2,61.7,3,0,0,1,0,0,0,1,0,66.7,5,2,4,3,0,1,0,0,22,1,1,0,0,0,14,1,0,0,0,30,2,1,4,4,2,47.1,32.0,72.4,38.2
7895,2,0,0,0,3,1,71.7,1,0,0,0,1,0,1,1,0,100.0,2,3,3,3,1,1,0,0,52,1,0,0,0,0,0,0,0,0,1,0,1,1,4,2,1,67.8,35.0,74.9,41.8
7896,0,2,1,0,0,3,65.0,1,0,0,0,0,1,0,0,1,66.7,2,4,1,4,0,1,0,1,0,1,0,0,1,0,0,0,1,1,0,18,5,4,4,4,1,45.2,14.7,46.3,56.5
7897,3,2,0,0,0,1,63.3,2,1,0,1,1,0,0,0,0,100.0,4,1,3,4,1,0,1,0,64,0,1,1,0,0,70,1,1,0,0,76,1,4,5,2,1,66.6,58.3,54.8,43.0
7898,3,1,2,0,0,0,40.0,4,0,1,0,0,1,0,0,1,100.0,4,3,1,2,0,1,0,0,22,0,1,0,0,0,42,1,0,1,0,2,5,4,2,5,2,17.9,5.0,14.4,67.3
7899,1,2,0,3,0,0,60.0,3,0,0,0,1,0,0,0,0,33.3,2,2,4,1,0,1,0,0,22,1,1,0,0,0,14,1,0,0,0,30,3,3,1,2,2,64.8,23.3,63.0,26.0
7900,0,1,0,0,2,3,61.7,4,0,0,0,1,0,0,0,0,33.3,5,4,1,4,0,1,0,0,22,0,1,1,0,0,70,0,0,1,0,0,2,1,2,5,1,24.5,21.2,34.0,61.1
7901,1,2,3,0,0,0,40.0,1,0,1,0,1,0,1,0,0,100.0,4,4,1,2,0,0,0,1,0,1,0,0,0,0,0,1,0,0,0,30,5,1,1,5,1,50.3,28.7,50.4,54.4
7902,0,0,2,0,1,3,61.7,5,1,0,1,0,0,0,0,0,66.7,4,4,1,3,0,1,0,1,0,0,1,1,0,0,70,1,0,1,0,2,1,4,2,4,2,6.4,2.1,8.1,67.2
7903,0,0,3,1,0,2,61.7,3,1,0,0,0,0,1,1,0,100.0,4,4,3,4,1,1,0,0,52,0,1,0,0,0,42,0,1,1,0,18,3,4,5,4,3,31.1,15.0,34.7,76.1
7904,2,0,0,0,1,3,71.7,4,1,0,0,0,0,1,0,0,66.7,2,3,1,1,0,0,0,1,0,0,1,0,0,0,42,1,0,0,1,2,1,3,2,4,1,31.8,15.7,29.1,53.1
7905,0,2,3,0,1,0,48.3,1,0,0,0,0,0,0,1,0,33.3,5,1,1,3,0,1,0,0,22,1,0,0,0,0,0,1,0,0,1,2,3,2,2,1,2,55.7,12.2,69.2,10.0
7906,2,0,3,1,0,0,63.3,2,0,0,1,1,0,0,0,1,100.0,4,3,3,4,0,1,1,0,56,0,1,0,0,0,42,0,0,1,0,0,1,3,4,5,3,21.4,17.4,33.2,70.7
7907,1,0,0,3,0,2,73.3,4,0,1,0,0,0,0,0,0,33.3,5,3,3,4,0,0,1,1,10,0,1,0,0,0,42,0,0,1,1,0,1,3,4,4,4,9.6,1.9,23.7,54.2
7908,1,0,0,3,2,0,63.3,3,0,0,1,0,0,0,0,0,33.3,2,2,4,4,0,1,0,0,22,1,0,0,0,0,0,1,1,0,0,76,2,2,4,2,4,78.5,45.0,85.8,22.3
7909,0,2,1,0,3,0,48.3,3,0,0,0,0,0,0,1,0,33.3,2,3,4,4,0,1,1,0,56,0,0,1,0,1,0,0,1,0,1,18,3,2,4,5,3,55.1,34.9,70.5,44.6
7910,0,2,0,3,1,0,53.3,4,0,0,0,1,0,0,0,0,33.3,1,4,4,4,1,0,1,0,64,1,0,0,0,0,0,0,1,1,0,18,3,1,4,2,1,80.0,54.8,88.5,35.0
7911,2,0,3,0,0,1,65.0,2,0,0,1,0,0,0,0,0,33.3,4,4,2,4,0,1,0,0,22,0,1,0,0,0,42,1,0,1,0,2,1,4,4,4,2,27.2,5.1,34.2,56.5
7912,0,2,3,1,0,0,63.3,2,0,0,0,0,1,0,0,0,33.3,2,2,2,2,0,0,0,1,0,1,0,0,0,0,0,1,0,0,0,30,2,2,1,1,1,68.9,28.6,76.3,15.0
7913,1,2,0,0,3,0,43.3,3,0,0,0,0,0,1,0,0,33.3,1,3,4,2,1,0,0,1,6,1,0,0,0,1,0,1,0,0,1,2,3,3,5,1,2,59.0,19.8,69.9,22.5
7914,2,0,3,0,0,1,65.0,1,0,0,0,1,0,1,0,1,100.0,2,4,2,3,1,1,0,0,52,0,0,1,0,0,28,1,1,0,0,76,3,4,2,2,1,75.4,56.2,58.7,52.2
7915,2,1,3,0,0,0,40.0,1,0,0,0,0,1,0,0,0,33.3,2,4,4,2,1,1,0,0,52,1,0,0,0,0,0,0,1,0,1,18,5,2,5,2,1,74.1,37.8,73.8,32.0
7916,0,1,3,2,0,0,63.3,2,0,1,0,1,1,0,0,0,100.0,5,3,2,4,0,1,1,0,56,0,1,0,1,0,62,0,0,1,0,0,5,4,4,4,4,2.0,1.1,5.8,83.0
7917,3,2,0,0,0,1,63.3,2,1,0,0,0,0,1,0,1,100.0,1,3,4,3,1,1,0,0,52,0,1,1,0,0,70,1,0,1,0,2,3,3,4,4,3,23.7,20.0,25.4,79.0
7918,1,2,3,0,0,0,40.0,4,0,1,0,0,0,0,0,1,66.7,2,2,2,3,0,1,0,0,22,0,1,0,0,0,42,1,0,0,0,30,3,1,2,1,3,50.8,38.9,55.1,41.0
7919,0,3,0,0,2,1,61.7,2,0,0,1,1,0,0,0,1,100.0,5,3,1,3,0,1,0,1,0,0,1,0,0,0,42,0,0,1,0,0,2,3,2,5,2,6.6,0.0,17.1,66.6
7920,2,0,1,3,0,0,63.3,3,0,0,0,0,1,0,0,0,33.3,2,2,1,3,1,1,0,0,52,0,1,0,0,0,42,0,1,0,0,46,3,4,2,5,2,53.2,38.4,48.5,40.9
7921,0,1,3,0,0,2,65.0,3,0,0,0,0,0,0,1,0,33.3,2,2,3,4,0,0,1,0,34,0,1,1,0,0,70,0,0,1,0,0,3,3,4,4,1,33.8,25.8,37.3,52.6
7922,1,2,3,0,0,0,40.0,3,0,0,0,0,0,0,0,1,33.3,4,3,1,2,0,1,0,0,22,0,1,1,0,0,70,1,0,0,0,30,2,1,5,1,1,53.2,32.7,45.7,39.1
7923,1,0,3,2,0,0,63.3,3,1,1,1,0,0,0,0,0,100.0,4,2,1,4,0,0,1,1,10,1,0,0,0,0,0,1,1,0,0,76,2,3,5,1,2,69.3,40.2,68.9,27.1
7924,3,0,2,1,0,0,63.3,3,1,0,0,0,0,0,0,0,33.3,4,4,2,4,0,0,0,1,0,1,0,0,0,1,0,1,0,0,0,30,5,2,2,1,2,56.1,22.0,67.5,37.1
7925,1,2,0,3,0,0,60.0,1,0,1,0,0,0,0,0,1,66.7,2,2,3,4,0,1,0,0,22,1,0,0,0,1,0,1,1,0,0,76,2,2,5,2,1,86.6,56.5,96.7,15.1
7926,3,0,0,2,0,1,73.3,3,0,1,0,1,0,1,0,0,100.0,4,3,4,2,0,1,0,0,22,0,0,1,0,0,28,1,1,0,0,76,3,3,2,1,1,68.1,46.4,67.9,43.6
7927,3,0,0,1,2,0,63.3,2,0,0,0,0,0,1,0,0,33.3,4,2,1,4,0,1,0,0,22,1,0,1,0,0,0,0,1,0,0,46,2,2,2,2,1,75.8,36.6,80.1,13.4
7928,0,1,2,0,0,3,65.0,3,1,0,1,0,0,0,1,0,100.0,2,2,4,1,0,1,0,0,22,1,0,0,0,0,0,1,0,0,0,30,3,2,4,1,3,59.1,29.3,64.6,37.6
7929,2,3,1,0,0,0,40.0,4,1,0,0,0,0,0,1,1,100.0,2,4,2,2,0,1,0,0,22,1,0,1,0,0,0,1,0,0,0,30,1,2,2,1,2,66.8,35.2,62.9,38.7
7930,2,0,1,3,0,0,63.3,2,0,0,1,1,0,0,1,0,100.0,5,3,2,1,0,0,0,1,0,0,1,0,0,0,42,0,0,1,0,0,2,3,1,5,3,4.6,0.0,4.2,73.2
7931,1,2,0,3,0,0,60.0,3,0,0,1,1,0,0,0,1,100.0,5,3,3,3,1,0,0,0,30,1,1,0,0,0,14,1,0,0,1,2,2,2,5,1,1,51.3,23.2,61.1,43.7
7932,0,3,0,1,0,2,70.0,3,0,0,0,0,0,0,1,0,33.3,2,2,2,1,0,1,1,0,56,1,0,1,0,0,0,1,1,0,0,76,2,1,5,2,2,90.8,70.2,80.8,16.7
7933,3,2,0,0,0,1,63.3,2,0,0,0,0,1,0,0,0,33.3,1,4,4,2,0,1,0,0,22,0,1,0,1,0,62,1,0,0,0,30,1,1,1,4,4,28.1,31.0,36.5,67.1
7934,3,0,1,0,2,0,55.0,1,0,0,0,1,0,0,0,0,33.3,4,2,4,2,0,1,0,0,22,1,1,0,0,0,14,0,1,0,0,46,1,3,2,4,2,52.8,27.6,59.9,31.4
7935,3,2,1,0,0,0,40.0,4,0,0,0,0,0,1,0,0,33.3,4,2,4,3,0,0,1,0,34,0,0,1,0,1,0,1,0,0,1,2,2,3,1,5,1,47.6,15.0,71.4,21.6
7936,0,1,0,0,2,3,61.7,3,0,0,1,1,1,0,0,0,100.0,4,3,2,3,0,0,1,0,34,1,0,0,1,0,0,1,0,0,0,30,3,3,4,2,2,55.5,27.0,54.8,45.3
7937,0,0,0,1,3,2,55.0,4,0,0,0,0,0,0,1,1,66.7,2,3,3,3,1,0,0,1,6,1,0,0,0,1,0,0,0,0,1,0,2,1,1,1,2,54.5,18.3,71.2,28.6
7938,1,3,0,2,0,0,60.0,2,0,0,0,1,1,0,1,0,100.0,4,3,4,3,1,0,0,0,30,0,0,1,0,1,0,1,1,0,0,76,3,3,5,5,1,65.4,51.6,71.7,51.5
7939,0,2,3,0,0,1,65.0,1,1,0,0,1,0,0,0,1,100.0,2,3,4,2,1,0,0,0,30,1,0,0,0,1,0,1,1,0,0,76,5,2,4,2,1,83.2,57.4,78.5,44.9
7940,1,0,2,3,0,0,63.3,3,0,0,1,1,0,0,0,0,66.7,4,2,3,4,1,1,0,0,52,0,1,0,0,0,42,0,1,0,1,18,2,1,5,2,4,39.0,28.3,49.7,46.2
7941,0,2,3,1,0,0,63.3,2,0,1,0,0,0,1,0,0,66.7,4,3,1,4,0,1,0,0,22,0,1,0,1,0,62,0,1,1,0,18,1,3,2,5,4,10.0,13.2,15.6,70.6
7942,0,2,0,1,0,3,70.0,2,1,0,0,0,1,0,1,0,100.0,4,4,2,4,0,0,0,1,0,0,0,1,1,0,48,1,0,1,0,2,5,3,1,5,1,11.8,12.2,20.9,80.2
7943,3,0,2,0,1,0,55.0,1,0,0,0,1,1,0,0,0,66.7,2,2,4,3,0,1,0,0,22,1,0,0,0,0,0,0,1,0,0,46,3,3,1,4,3,51.4,28.6,63.9,39.8
7944,2,0,1,3,0,0,63.3,4,1,0,0,0,0,0,0,0,33.3,4,2,3,1,0,1,0,0,22,1,0,1,0,0,0,1,1,0,0,76,3,2,4,1,1,86.1,51.6,85.5,12.1
7945,0,3,1,0,0,2,65.0,3,1,1,0,0,0,0,0,0,66.7,2,3,4,4,0,1,0,0,22,0,1,0,0,0,42,0,1,1,0,18,5,4,2,5,4,20.9,10.4,36.7,68.9
7946,0,2,3,0,0,1,65.0,2,1,1,0,0,0,0,0,0,66.7,2,3,3,2,0,1,0,1,0,1,0,0,0,0,0,1,1,0,0,76,2,1,4,2,1,83.9,57.3,81.8,33.2
7947,2,1,0,3,0,0,60.0,1,0,0,0,0,0,0,1,1,66.7,4,2,1,3,0,1,0,0,22,1,0,0,1,0,0,1,1,0,0,76,2,3,4,2,1,84.4,48.3,76.4,18.6
7948,0,3,0,1,0,2,70.0,1,0,0,1,0,0,0,0,0,33.3,4,3,1,4,0,0,1,0,34,0,1,1,0,0,70,1,0,0,1,2,5,2,2,5,2,22.3,15.1,21.7,66.4
7949,0,1,2,0,0,3,65.0,1,0,0,0,0,1,1,1,0,100.0,5,3,2,2,0,0,1,1,10,0,1,0,0,0,42,1,0,0,0,30,1,4,4,4,4,14.0,0.5,14.4,63.6
7950,1,0,3,0,0,2,65.0,3,0,1,0,0,1,1,0,0,100.0,5,1,1,3,0,1,0,0,22,0,1,0,0,0,42,1,0,0,0,30,5,4,4,5,2,23.5,13.2,21.3,61.0
7951,2,0,0,1,0,3,73.3,2,0,0,0,1,0,0,0,0,33.3,2,3,3,4,0,1,0,0,22,1,0,0,0,0,0,1,1,0,0,76,3,1,5,2,1,83.8,63.0,95.3,18.9
7952,1,3,0,2,0,0,60.0,1,0,0,0,0,1,0,1,1,100.0,4,3,1,4,0,1,1,0,56,1,0,1,0,0,0,1,0,0,0,30,5,2,2,2,2,61.6,41.3,63.1,49.0
7953,2,0,0,3,0,1,73.3,4,1,0,0,0,0,0,0,0,33.3,2,3,1,4,0,1,0,0,22,0,1,0,0,0,42,0,0,1,0,0,5,4,4,4,2,30.2,9.5,29.1,56.8
7954,3,1,2,0,0,0,40.0,1,0,0,0,1,0,0,0,1,66.7,2,3,3,1,0,1,0,1,0,1,0,0,0,0,0,1,0,0,0,30,3,2,5,2,2,62.8,25.2,61.3,33.8
7955,1,0,0,3,2,0,63.3,1,0,0,0,0,0,1,0,0,33.3,2,3,2,2,0,1,1,0,56,0,0,0,0,1,0,0,0,0,1,0,2,2,4,5,2,49.1,25.7,53.2,44.4
7956,0,3,0,1,2,0,53.3,1,0,0,1,0,0,0,0,0,33.3,2,2,3,1,0,1,0,0,22,1,0,0,0,1,0,1,0,0,0,30,2,1,1,2,1,77.0,39.2,82.4,17.4
7957,0,0,3,0,1,2,61.7,4,0,0,0,0,1,0,0,0,33.3,1,4,1,3,1,0,0,1,6,0,1,0,0,0,42,0,0,1,0,0,3,3,5,4,2,33.2,14.6,31.6,55.7
7958,0,0,3,0,1,2,61.7,4,0,1,1,0,0,0,0,0,66.7,4,3,1,2,1,0,1,0,64,1,0,0,0,0,0,1,0,0,0,30,1,3,5,1,1,70.4,39.3,63.1,25.3
7959,2,3,1,0,0,0,40.0,2,0,0,1,0,0,0,1,1,100.0,4,4,2,4,0,1,0,0,22,1,0,0,0,0,0,1,0,1,0,2,2,4,1,5,3,23.9,0.0,39.2,65.0
7960,1,0,3,0,0,2,65.0,1,1,0,0,1,1,0,0,0,100.0,4,3,3,4,1,1,0,0,52,0,0,1,0,0,28,0,1,1,0,18,2,3,5,4,2,38.6,22.5,49.2,60.8
7961,1,2,0,3,0,0,60.0,3,1,0,0,0,0,0,1,0,66.7,2,2,2,1,1,1,0,0,52,0,1,0,0,0,42,1,0,0,0,30,3,2,1,4,1,60.6,45.7,49.9,42.4
7962,2,3,0,0,1,0,43.3,3,0,1,1,0,0,0,1,0,100.0,4,2,1,4,0,1,0,0,22,1,1,0,0,0,14,0,1,0,1,18,1,3,4,5,2,39.1,15.9,47.1,48.4
7963,0,3,2,0,1,0,48.3,4,1,0,0,0,1,0,0,0,66.7,1,3,3,4,0,0,1,1,10,0,1,0,0,0,42,0,0,1,0,0,5,2,4,4,3,29.9,13.8,42.5,62.4
7964,1,2,0,3,0,0,60.0,2,0,0,0,0,0,0,0,1,33.3,4,4,3,4,1,1,0,0,52,0,1,1,0,0,70,1,0,1,0,2,2,1,1,2,3,27.8,20.5,36.9,61.3
7965,0,0,2,0,1,3,61.7,3,1,0,0,1,1,0,0,0,100.0,4,1,2,4,0,1,0,0,22,1,0,1,0,0,0,0,0,1,1,0,3,3,4,4,2,38.3,5.6,52.6,43.4
7966,3,0,2,1,0,0,63.3,3,0,0,0,0,0,1,0,0,33.3,2,3,1,3,0,1,0,0,22,1,0,0,1,0,0,1,0,0,0,30,3,3,1,4,4,43.5,26.3,46.8,39.7
7967,3,0,1,0,2,0,55.0,3,0,1,0,0,0,1,0,1,100.0,2,3,4,1,1,0,1,0,64,0,0,0,0,1,0,1,1,0,0,76,3,2,1,2,1,95.3,75.8,89.1,37.4
7968,0,0,1,0,3,2,61.7,5,0,1,0,0,0,1,1,0,100.0,5,1,2,3,0,1,0,0,22,0,1,0,1,0,62,1,0,0,0,30,3,4,4,4,4,16.9,13.6,18.6,57.6
7969,0,2,1,0,3,0,48.3,3,0,1,0,0,0,1,1,0,100.0,2,3,4,3,0,1,0,0,22,1,0,0,0,1,0,1,1,0,0,76,2,4,2,1,2,76.4,48.5,80.2,30.1
7970,0,0,2,3,0,1,61.7,4,0,0,0,0,0,0,0,1,33.3,2,4,1,1,0,1,0,0,22,1,0,0,0,0,0,1,0,1,0,2,3,3,1,2,3,50.3,9.6,43.7,40.0
7971,3,0,1,0,0,2,65.0,4,0,0,0,0,1,0,0,1,66.7,4,4,1,4,0,1,0,0,22,0,1,0,0,0,42,1,0,1,0,2,1,4,4,4,2,26.6,7.7,28.0,61.2
7972,2,1,3,0,0,0,40.0,4,0,1,0,0,0,0,0,0,33.3,1,2,1,4,0,1,1,0,56,1,0,1,0,0,0,1,0,0,0,30,1,2,5,4,2,73.1,46.7,78.4,21.5
7973,0,1,0,3,0,2,70.0,3,0,0,0,1,0,0,0,0,33.3,2,2,2,4,0,0,0,1,0,0,0,1,0,0,28,0,1,0,1,18,3,2,2,5,1,42.3,24.0,56.0,39.3
7974,2,3,0,0,0,1,63.3,3,1,0,0,1,0,0,0,0,66.7,4,2,1,1,0,1,1,0,56,0,0,1,0,0,28,1,1,0,0,76,1,2,4,2,4,62.3,51.3,45.4,32.0
7975,1,2,0,0,3,0,43.3,3,0,0,0,0,0,1,0,0,33.3,2,3,4,4,1,1,0,0,52,0,0,1,0,1,0,1,0,1,0,2,3,2,5,4,1,65.4,31.6,83.6,29.4
7976,0,2,3,0,1,0,48.3,5,1,0,0,0,0,0,0,1,66.7,4,4,3,4,0,1,1,0,56,0,0,1,0,0,28,0,0,1,0,0,1,4,2,4,2,37.4,16.8,48.6,58.5
7977,0,2,0,3,1,0,53.3,5,1,1,0,1,0,0,0,0,100.0,5,3,4,4,0,1,0,1,0,0,0,1,0,0,28,1,1,0,0,76,3,4,4,1,1,53.8,39.8,66.8,42.6
7978,0,2,3,1,0,0,63.3,2,0,0,0,0,1,0,0,0,33.3,4,3,1,4,0,1,0,0,22,0,1,0,0,0,42,0,0,1,1,0,5,3,4,5,3,18.3,5.5,24.2,62.9
7979,1,3,0,2,0,0,60.0,5,0,0,0,0,1,1,0,0,66.7,5,1,1,4,0,0,1,0,34,1,0,0,0,0,0,1,0,0,0,30,2,4,4,5,4,37.6,16.1,46.6,39.8
7980,3,0,0,2,0,1,73.3,3,0,1,0,1,0,0,0,0,66.7,2,2,3,3,0,1,0,0,22,0,0,0,0,1,0,1,0,0,1,2,2,3,5,1,2,54.0,13.2,64.7,31.3
7981,0,3,1,0,2,0,48.3,3,0,0,0,0,0,0,1,0,33.3,5,3,3,1,0,1,0,0,22,0,1,0,0,0,42,0,0,1,0,0,5,4,5,4,3,13.6,0.0,19.8,53.4
7982,0,3,0,2,1,0,53.3,5,0,1,1,0,0,0,0,0,66.7,5,4,1,3,0,1,0,0,22,0,0,1,0,0,28,0,0,1,0,0,1,2,2,4,4,16.7,5.1,21.4,60.2
7983,1,3,2,0,0,0,40.0,3,0,1,0,1,1,0,0,0,100.0,4,2,3,4,1,0,0,0,30,0,1,0,0,0,42,0,0,1,0,0,3,3,4,5,2,23.1,12.1,34.2,63.9
7984,2,0,0,3,1,0,63.3,2,1,0,0,0,0,1,0,0,66.7,5,2,1,4,1,0,0,0,30,1,1,0,0,0,14,0,1,0,0,46,2,2,4,2,1,61.6,36.5,69.1,30.4
7985,0,1,3,0,2,0,48.3,3,0,0,0,0,0,1,0,0,33.3,2,3,4,2,1,0,0,1,6,1,0,0,0,0,0,0,1,0,0,46,2,3,2,1,1,78.4,43.0,86.0,16.4
7986,3,2,1,0,0,0,40.0,1,1,0,1,0,0,0,0,0,66.7,4,1,2,3,0,1,0,0,22,0,1,1,0,0,70,0,1,0,0,46,3,3,5,1,2,42.6,25.9,40.6,36.7
7987,3,1,2,0,0,0,40.0,3,0,0,0,1,0,0,0,0,33.3,4,4,3,4,1,0,0,0,30,0,0,0,1,1,0,1,1,0,0,76,3,2,5,2,1,83.3,52.6,88.6,26.2
7988,0,1,3,0,0,2,65.0,1,0,0,0,0,0,1,1,0,66.7,2,4,1,4,0,1,0,0,22,1,0,0,0,0,0,1,1,0,0,76,1,3,5,4,4,57.9,38.9,54.3,51.6
7989,0,0,1,0,2,3,61.7,3,0,1,1,1,0,0,0,0,100.0,4,4,1,4,0,1,1,0,56,0,0,1,1,0,48,1,1,0,0,76,3,4,2,2,2,61.1,52.4,48.7,61.1
7990,3,2,1,0,0,0,40.0,4,0,1,0,0,0,0,1,0,66.7,2,3,4,3,0,1,0,0,22,0,0,1,0,0,28,1,0,0,0,30,2,1,5,4,1,57.1,39.7,66.6,45.8
7991,1,0,0,0,2,3,71.7,5,0,0,0,0,0,0,0,1,33.3,5,3,3,4,0,1,0,0,22,0,0,1,0,0,28,1,0,1,0,2,5,3,2,4,3,19.2,6.6,40.6,54.7
7992,1,2,0,0,3,0,43.3,1,0,0,0,1,0,1,0,1,100.0,5,1,3,4,1,1,0,0,52,0,0,1,0,0,28,1,1,0,0,76,2,2,4,2,3,65.6,48.0,72.1,34.8
7993,0,1,2,3,0,0,63.3,2,0,0,1,0,0,0,0,0,33.3,2,3,1,3,0,1,0,1,0,0,0,1,0,0,28,1,0,1,0,2,5,2,5,5,3,27.2,8.0,35.6,55.5
7994,0,2,1,0,0,3,65.0,5,0,0,0,0,1,1,0,0,66.7,4,4,1,4,0,1,0,1,0,0,1,0,0,1,0,1,0,1,0,2,3,2,4,5,1,39.6,16.5,47.4,52.3
7995,3,2,1,0,0,0,40.0,4,1,0,0,0,0,1,0,0,66.7,5,3,1,1,0,1,0,0,22,1,1,0,0,0,14,0,0,1,0,0,2,3,5,1,4,27.7,0.0,25.2,46.3
7996,3,1,0,0,0,2,63.3,5,0,0,1,0,1,0,0,0,66.7,2,2,3,4,0,1,1,0,56,0,0,1,0,0,28,1,1,0,0,76,2,4,4,4,1,72.9,64.4,74.0,37.8
7997,3,2,0,1,0,0,60.0,3,0,1,0,0,0,1,0,0,66.7,2,2,2,1,0,0,1,0,34,0,1,0,0,1,0,1,0,0,0,30,2,3,5,2,3,61.0,30.6,56.7,33.8
7998,2,0,0,3,1,0,63.3,2,0,1,0,1,0,0,0,0,66.7,4,3,1,3,1,0,0,1,6,1,0,0,0,1,0,1,0,0,0,30,2,4,5,1,1,57.1,14.0,58.1,29.6
7999,2,1,0,0,3,0,43.3,3,1,0,0,0,0,0,0,0,33.3,4,1,1,4,0,1,0,0,22,0,0,0,0,1,0,0,0,0,1,0,3,1,1,2,2,53.3,16.4,69.0,16.2
8000,2,0,3,1,0,0,63.3,4,0,0,0,1,1,0,0,1,100.0,4,1,3,3,0,0,0,1,0,0,1,0,0,0,42,0,0,1,0,0,2,4,4,5,3,15.3,0.0,26.4,55.1
